solid OpenSCAD_Model
  facet normal -0.9807851047158478 -0.19509120525416715 0
    outer loop
      vertex 3.309037208557129 5.87177848815918 3
      vertex 3.2273759841918945 6.282315254211426 7.399999618530273
      vertex 3.2273759841918945 6.282315254211426 3
    endloop
  endfacet
  facet normal -0.9807851047158478 -0.19509120525416715 0
    outer loop
      vertex 3.2273759841918945 6.282315254211426 7.399999618530273
      vertex 3.309037208557129 5.87177848815918 3
      vertex 3.309037208557129 5.87177848815918 7.399999618530273
    endloop
  endfacet
  facet normal -0.946930114979577 0.3214395080645268 0
    outer loop
      vertex 3.309037208557129 7.528220176696777 3
      vertex 3.4435853958129883 7.924586296081543 7.399999618530273
      vertex 3.4435853958129883 7.924586296081543 3
    endloop
  endfacet
  facet normal -0.946930114979577 0.3214395080645268 0
    outer loop
      vertex 3.4435853958129883 7.924586296081543 7.399999618530273
      vertex 3.309037208557129 7.528220176696777 3
      vertex 3.309037208557129 7.528220176696777 7.399999618530273
    endloop
  endfacet
  facet normal 0.3214402015534949 -0.9469298795714751 0
    outer loop
      vertex 7.2282209396362305 3.609036445617676 3
      vertex 7.62458610534668 3.743584632873535 7.399999618530273
      vertex 7.2282209396362305 3.609036445617676 7.399999618530273
    endloop
  endfacet
  facet normal 0.3214402015534949 -0.9469298795714751 0
    outer loop
      vertex 7.62458610534668 3.743584632873535 7.399999618530273
      vertex 7.2282209396362305 3.609036445617676 3
      vertex 7.62458610534668 3.743584632873535 3
    endloop
  endfacet
  facet normal -0.89687292573181 0.44228831669993657 0
    outer loop
      vertex 3.4435853958129883 7.924586296081543 3
      vertex 3.628718376159668 8.299999237060547 7.399999618530273
      vertex 3.628718376159668 8.299999237060547 3
    endloop
  endfacet
  facet normal -0.89687292573181 0.44228831669993657 0
    outer loop
      vertex 3.628718376159668 8.299999237060547 7.399999618530273
      vertex 3.4435853958129883 7.924586296081543 3
      vertex 3.4435853958129883 7.924586296081543 7.399999618530273
    endloop
  endfacet
  facet normal 0.7518400525387551 -0.6593455356628434 0
    outer loop
      vertex 8.662741661071777 4.437257766723633 7.399999618530273
      vertex 8.938730239868164 4.751962661743164 3
      vertex 8.938730239868164 4.751962661743164 7.399999618530273
    endloop
  endfacet
  facet normal 0.7518400525387551 -0.6593455356628434 0
    outer loop
      vertex 8.938730239868164 4.751962661743164 3
      vertex 8.662741661071777 4.437257766723633 7.399999618530273
      vertex 8.662741661071777 4.437257766723633 3
    endloop
  endfacet
  facet normal -0.6593456941018302 0.7518399135915674 0
    outer loop
      vertex 4.451963424682617 9.238730430603027 3
      vertex 4.1372575759887695 8.962740898132324 7.399999618530273
      vertex 4.451963424682617 9.238730430603027 7.399999618530273
    endloop
  endfacet
  facet normal -0.6593456941018302 0.7518399135915674 0
    outer loop
      vertex 4.1372575759887695 8.962740898132324 7.399999618530273
      vertex 4.451963424682617 9.238730430603027 3
      vertex 4.1372575759887695 8.962740898132324 3
    endloop
  endfacet
  facet normal 0.9978589726908591 -0.06540237473015248 0
    outer loop
      vertex 9.572623252868652 6.282315254211426 7.399999618530273
      vertex 9.59999942779541 6.699999809265137 3
      vertex 9.59999942779541 6.699999809265137 7.399999618530273
    endloop
  endfacet
  facet normal 0.9978589726908591 -0.06540237473015248 0
    outer loop
      vertex 9.59999942779541 6.699999809265137 3
      vertex 9.572623252868652 6.282315254211426 7.399999618530273
      vertex 9.572623252868652 6.282315254211426 3
    endloop
  endfacet
  facet normal 0.9978589629452418 0.06540252342109242 0
    outer loop
      vertex 9.59999942779541 6.699999809265137 7.399999618530273
      vertex 9.572623252868652 7.117683410644531 3
      vertex 9.572623252868652 7.117683410644531 7.399999618530273
    endloop
  endfacet
  facet normal 0.9978589629452418 0.06540252342109242 0
    outer loop
      vertex 9.572623252868652 7.117683410644531 3
      vertex 9.59999942779541 6.699999809265137 7.399999618530273
      vertex 9.59999942779541 6.699999809265137 3
    endloop
  endfacet
  facet normal 0.89687292573181 0.44228831669993657 0
    outer loop
      vertex 9.356413841247559 7.924586296081543 7.399999618530273
      vertex 9.171280860900879 8.299999237060547 3
      vertex 9.171280860900879 8.299999237060547 7.399999618530273
    endloop
  endfacet
  facet normal 0.89687292573181 0.44228831669993657 0
    outer loop
      vertex 9.171280860900879 8.299999237060547 3
      vertex 9.356413841247559 7.924586296081543 7.399999618530273
      vertex 9.356413841247559 7.924586296081543 3
    endloop
  endfacet
  facet normal -0.8314697350809236 -0.5555700492687295 0
    outer loop
      vertex 3.861268997192383 4.751962661743164 3
      vertex 3.628718376159668 5.09999942779541 7.399999618530273
      vertex 3.628718376159668 5.09999942779541 3
    endloop
  endfacet
  facet normal -0.8314697350809236 -0.5555700492687295 0
    outer loop
      vertex 3.628718376159668 5.09999942779541 7.399999618530273
      vertex 3.861268997192383 4.751962661743164 3
      vertex 3.861268997192383 4.751962661743164 7.399999618530273
    endloop
  endfacet
  facet normal 0.7518400525387551 0.6593455356628434 0
    outer loop
      vertex 8.938730239868164 8.648036003112793 7.399999618530273
      vertex 8.662741661071777 8.962740898132324 3
      vertex 8.662741661071777 8.962740898132324 7.399999618530273
    endloop
  endfacet
  facet normal 0.7518400525387551 0.6593455356628434 0
    outer loop
      vertex 8.662741661071777 8.962740898132324 3
      vertex 8.938730239868164 8.648036003112793 7.399999618530273
      vertex 8.938730239868164 8.648036003112793 3
    endloop
  endfacet
  facet normal 0.8314697350809236 -0.5555700492687295 0
    outer loop
      vertex 8.938730239868164 4.751962661743164 7.399999618530273
      vertex 9.171280860900879 5.09999942779541 3
      vertex 9.171280860900879 5.09999942779541 7.399999618530273
    endloop
  endfacet
  facet normal 0.8314697350809236 -0.5555700492687295 0
    outer loop
      vertex 9.171280860900879 5.09999942779541 3
      vertex 8.938730239868164 4.751962661743164 7.399999618530273
      vertex 8.938730239868164 4.751962661743164 3
    endloop
  endfacet
  facet normal -0.5555711017328951 0.8314690318462241 0
    outer loop
      vertex 4.799999237060547 9.471281051635742 3
      vertex 4.451963424682617 9.238730430603027 7.399999618530273
      vertex 4.799999237060547 9.471281051635742 7.399999618530273
    endloop
  endfacet
  facet normal -0.5555711017328951 0.8314690318462241 0
    outer loop
      vertex 4.451963424682617 9.238730430603027 7.399999618530273
      vertex 4.799999237060547 9.471281051635742 3
      vertex 4.451963424682617 9.238730430603027 3
    endloop
  endfacet
  facet normal -0.6593444062307695 -0.7518410430218571 0
    outer loop
      vertex 4.1372575759887695 4.437257766723633 3
      vertex 4.451963424682617 4.161269187927246 7.399999618530273
      vertex 4.1372575759887695 4.437257766723633 7.399999618530273
    endloop
  endfacet
  facet normal -0.6593444062307695 -0.7518410430218571 0
    outer loop
      vertex 4.451963424682617 4.161269187927246 7.399999618530273
      vertex 4.1372575759887695 4.437257766723633 3
      vertex 4.451963424682617 4.161269187927246 3
    endloop
  endfacet
  facet normal 0.89687292573181 -0.44228831669993657 0
    outer loop
      vertex 9.171280860900879 5.09999942779541 7.399999618530273
      vertex 9.356413841247559 5.475412368774414 3
      vertex 9.356413841247559 5.475412368774414 7.399999618530273
    endloop
  endfacet
  facet normal 0.89687292573181 -0.44228831669993657 0
    outer loop
      vertex 9.356413841247559 5.475412368774414 3
      vertex 9.171280860900879 5.09999942779541 7.399999618530273
      vertex 9.171280860900879 5.09999942779541 3
    endloop
  endfacet
  facet normal 0.19509076930837166 0.9807851914311654 0
    outer loop
      vertex 7.2282209396362305 9.790962219238281 3
      vertex 6.817683219909668 9.872623443603516 7.399999618530273
      vertex 7.2282209396362305 9.790962219238281 7.399999618530273
    endloop
  endfacet
  facet normal 0.19509076930837166 0.9807851914311654 0
    outer loop
      vertex 6.817683219909668 9.872623443603516 7.399999618530273
      vertex 7.2282209396362305 9.790962219238281 3
      vertex 6.817683219909668 9.872623443603516 3
    endloop
  endfacet
  facet normal 0 0 1
    outer loop
      vertex 8.049999237060547 6.699999809265137 7.399999618530273
      vertex 9.59999942779541 6.699999809265137 7.399999618530273
      vertex 9.572623252868652 7.117683410644531 7.399999618530273
    endloop
  endfacet
  facet normal 0 0 1
    outer loop
      vertex 8.035883903503418 6.91536808013916 7.399999618530273
      vertex 9.572623252868652 7.117683410644531 7.399999618530273
      vertex 9.490962028503418 7.528220176696777 7.399999618530273
    endloop
  endfacet
  facet normal 0 0 1
    outer loop
      vertex 9.59999942779541 6.699999809265137 7.399999618530273
      vertex 8.049999237060547 6.699999809265137 7.399999618530273
      vertex 9.572623252868652 6.282315254211426 7.399999618530273
    endloop
  endfacet
  facet normal 0 0 1
    outer loop
      vertex 7.993777275085449 7.12705135345459 7.399999618530273
      vertex 9.490962028503418 7.528220176696777 7.399999618530273
      vertex 9.356413841247559 7.924586296081543 7.399999618530273
    endloop
  endfacet
  facet normal 0 0 1
    outer loop
      vertex 8.035883903503418 6.484631538391113 7.399999618530273
      vertex 9.572623252868652 6.282315254211426 7.399999618530273
      vertex 8.049999237060547 6.699999809265137 7.399999618530273
    endloop
  endfacet
  facet normal 0 0 1
    outer loop
      vertex 7.924400329589844 7.331427574157715 7.399999618530273
      vertex 9.356413841247559 7.924586296081543 7.399999618530273
      vertex 9.171280860900879 8.299999237060547 7.399999618530273
    endloop
  endfacet
  facet normal 0 0 1
    outer loop
      vertex 9.572623252868652 6.282315254211426 7.399999618530273
      vertex 8.035883903503418 6.484631538391113 7.399999618530273
      vertex 9.490962028503418 5.87177848815918 7.399999618530273
    endloop
  endfacet
  facet normal 0 0 1
    outer loop
      vertex 7.828941345214844 7.524999618530273 7.399999618530273
      vertex 9.171280860900879 8.299999237060547 7.399999618530273
      vertex 8.938730239868164 8.648036003112793 7.399999618530273
    endloop
  endfacet
  facet normal 0 0 1
    outer loop
      vertex 7.993777275085449 6.272948265075684 7.399999618530273
      vertex 9.490962028503418 5.87177848815918 7.399999618530273
      vertex 8.035883903503418 6.484631538391113 7.399999618530273
    endloop
  endfacet
  facet normal 0 0 1
    outer loop
      vertex 7.70903205871582 7.704456329345703 7.399999618530273
      vertex 8.938730239868164 8.648036003112793 7.399999618530273
      vertex 8.662741661071777 8.962740898132324 7.399999618530273
    endloop
  endfacet
  facet normal 0 0 1
    outer loop
      vertex 9.490962028503418 5.87177848815918 7.399999618530273
      vertex 7.993777275085449 6.272948265075684 7.399999618530273
      vertex 9.356413841247559 5.475412368774414 7.399999618530273
    endloop
  endfacet
  facet normal 0 0 1
    outer loop
      vertex 7.566725730895996 7.866725921630859 7.399999618530273
      vertex 8.662741661071777 8.962740898132324 7.399999618530273
      vertex 8.34803581237793 9.238730430603027 7.399999618530273
    endloop
  endfacet
  facet normal 0 0 1
    outer loop
      vertex 7.924400329589844 6.068572044372559 7.399999618530273
      vertex 9.356413841247559 5.475412368774414 7.399999618530273
      vertex 7.993777275085449 6.272948265075684 7.399999618530273
    endloop
  endfacet
  facet normal 0 0 1
    outer loop
      vertex 9.356413841247559 5.475412368774414 7.399999618530273
      vertex 7.924400329589844 6.068572044372559 7.399999618530273
      vertex 9.171280860900879 5.09999942779541 7.399999618530273
    endloop
  endfacet
  facet normal 0 0 1
    outer loop
      vertex 9.572623252868652 7.117683410644531 7.399999618530273
      vertex 8.035883903503418 6.91536808013916 7.399999618530273
      vertex 8.049999237060547 6.699999809265137 7.399999618530273
    endloop
  endfacet
  facet normal 0 0 1
    outer loop
      vertex 7.40445613861084 8.009032249450684 7.399999618530273
      vertex 8.34803581237793 9.238730430603027 7.399999618530273
      vertex 8 9.471281051635742 7.399999618530273
    endloop
  endfacet
  facet normal 0 0 1
    outer loop
      vertex 9.490962028503418 7.528220176696777 7.399999618530273
      vertex 7.993777275085449 7.12705135345459 7.399999618530273
      vertex 8.035883903503418 6.91536808013916 7.399999618530273
    endloop
  endfacet
  facet normal 0 0 1
    outer loop
      vertex 9.356413841247559 7.924586296081543 7.399999618530273
      vertex 7.924400329589844 7.331427574157715 7.399999618530273
      vertex 7.993777275085449 7.12705135345459 7.399999618530273
    endloop
  endfacet
  facet normal 0 0 1
    outer loop
      vertex 9.171280860900879 8.299999237060547 7.399999618530273
      vertex 7.828941345214844 7.524999618530273 7.399999618530273
      vertex 7.924400329589844 7.331427574157715 7.399999618530273
    endloop
  endfacet
  facet normal 0 0 1
    outer loop
      vertex 8.938730239868164 8.648036003112793 7.399999618530273
      vertex 7.70903205871582 7.704456329345703 7.399999618530273
      vertex 7.828941345214844 7.524999618530273 7.399999618530273
    endloop
  endfacet
  facet normal 0 0 1
    outer loop
      vertex 7.22499942779541 8.128941535949707 7.399999618530273
      vertex 8 9.471281051635742 7.399999618530273
      vertex 7.62458610534668 9.656414031982422 7.399999618530273
    endloop
  endfacet
  facet normal 0 0 1
    outer loop
      vertex 8.662741661071777 8.962740898132324 7.399999618530273
      vertex 7.566725730895996 7.866725921630859 7.399999618530273
      vertex 7.70903205871582 7.704456329345703 7.399999618530273
    endloop
  endfacet
  facet normal 0 0 1
    outer loop
      vertex 8.34803581237793 9.238730430603027 7.399999618530273
      vertex 7.40445613861084 8.009032249450684 7.399999618530273
      vertex 7.566725730895996 7.866725921630859 7.399999618530273
    endloop
  endfacet
  facet normal 0 0 1
    outer loop
      vertex 7.031427383422852 8.224400520324707 7.399999618530273
      vertex 7.62458610534668 9.656414031982422 7.399999618530273
      vertex 7.2282209396362305 9.790962219238281 7.399999618530273
    endloop
  endfacet
  facet normal 0 0 1
    outer loop
      vertex 8 9.471281051635742 7.399999618530273
      vertex 7.22499942779541 8.128941535949707 7.399999618530273
      vertex 7.40445613861084 8.009032249450684 7.399999618530273
    endloop
  endfacet
  facet normal 0 0 1
    outer loop
      vertex 7.62458610534668 9.656414031982422 7.399999618530273
      vertex 7.031427383422852 8.224400520324707 7.399999618530273
      vertex 7.22499942779541 8.128941535949707 7.399999618530273
    endloop
  endfacet
  facet normal 0 0 1
    outer loop
      vertex 7.2282209396362305 9.790962219238281 7.399999618530273
      vertex 6.827051162719727 8.293777465820312 7.399999618530273
      vertex 7.031427383422852 8.224400520324707 7.399999618530273
    endloop
  endfacet
  facet normal 0 0 1
    outer loop
      vertex 6.817683219909668 9.872623443603516 7.399999618530273
      vertex 6.827051162719727 8.293777465820312 7.399999618530273
      vertex 7.2282209396362305 9.790962219238281 7.399999618530273
    endloop
  endfacet
  facet normal 0 0 1
    outer loop
      vertex 6.817683219909668 9.872623443603516 7.399999618530273
      vertex 6.615367889404297 8.335883140563965 7.399999618530273
      vertex 6.827051162719727 8.293777465820312 7.399999618530273
    endloop
  endfacet
  facet normal 0 0 1
    outer loop
      vertex 6.399999618530273 9.899999618530273 7.399999618530273
      vertex 6.615367889404297 8.335883140563965 7.399999618530273
      vertex 6.817683219909668 9.872623443603516 7.399999618530273
    endloop
  endfacet
  facet normal 0 0 1
    outer loop
      vertex 6.399999618530273 9.899999618530273 7.399999618530273
      vertex 6.399999618530273 8.34999942779541 7.399999618530273
      vertex 6.615367889404297 8.335883140563965 7.399999618530273
    endloop
  endfacet
  facet normal 0 0 1
    outer loop
      vertex 6.399999618530273 9.899999618530273 7.399999618530273
      vertex 6.18463134765625 8.335883140563965 7.399999618530273
      vertex 6.399999618530273 8.34999942779541 7.399999618530273
    endloop
  endfacet
  facet normal 0 0 1
    outer loop
      vertex 5.982316017150879 9.872623443603516 7.399999618530273
      vertex 6.18463134765625 8.335883140563965 7.399999618530273
      vertex 6.399999618530273 9.899999618530273 7.399999618530273
    endloop
  endfacet
  facet normal 0 0 1
    outer loop
      vertex 5.982316017150879 9.872623443603516 7.399999618530273
      vertex 5.97294807434082 8.293777465820312 7.399999618530273
      vertex 6.18463134765625 8.335883140563965 7.399999618530273
    endloop
  endfacet
  facet normal 0 0 1
    outer loop
      vertex 5.571778297424316 9.790962219238281 7.399999618530273
      vertex 5.97294807434082 8.293777465820312 7.399999618530273
      vertex 5.982316017150879 9.872623443603516 7.399999618530273
    endloop
  endfacet
  facet normal 0 0 1
    outer loop
      vertex 5.97294807434082 8.293777465820312 7.399999618530273
      vertex 5.571778297424316 9.790962219238281 7.399999618530273
      vertex 5.768571853637695 8.224400520324707 7.399999618530273
    endloop
  endfacet
  facet normal 0 0 1
    outer loop
      vertex 5.175412178039551 9.656414031982422 7.399999618530273
      vertex 5.768571853637695 8.224400520324707 7.399999618530273
      vertex 5.571778297424316 9.790962219238281 7.399999618530273
    endloop
  endfacet
  facet normal 0 0 1
    outer loop
      vertex 5.768571853637695 8.224400520324707 7.399999618530273
      vertex 5.175412178039551 9.656414031982422 7.399999618530273
      vertex 5.574999809265137 8.128941535949707 7.399999618530273
    endloop
  endfacet
  facet normal 0 0 1
    outer loop
      vertex 4.799999237060547 9.471281051635742 7.399999618530273
      vertex 5.574999809265137 8.128941535949707 7.399999618530273
      vertex 5.175412178039551 9.656414031982422 7.399999618530273
    endloop
  endfacet
  facet normal 0 0 1
    outer loop
      vertex 5.574999809265137 8.128941535949707 7.399999618530273
      vertex 4.799999237060547 9.471281051635742 7.399999618530273
      vertex 5.395543098449707 8.009032249450684 7.399999618530273
    endloop
  endfacet
  facet normal 0 0 1
    outer loop
      vertex 4.451963424682617 9.238730430603027 7.399999618530273
      vertex 5.395543098449707 8.009032249450684 7.399999618530273
      vertex 4.799999237060547 9.471281051635742 7.399999618530273
    endloop
  endfacet
  facet normal 0 0 1
    outer loop
      vertex 5.395543098449707 8.009032249450684 7.399999618530273
      vertex 4.451963424682617 9.238730430603027 7.399999618530273
      vertex 5.233273506164551 7.866725921630859 7.399999618530273
    endloop
  endfacet
  facet normal 0 0 1
    outer loop
      vertex 4.1372575759887695 8.962740898132324 7.399999618530273
      vertex 5.233273506164551 7.866725921630859 7.399999618530273
      vertex 4.451963424682617 9.238730430603027 7.399999618530273
    endloop
  endfacet
  facet normal 0 0 1
    outer loop
      vertex 5.233273506164551 7.866725921630859 7.399999618530273
      vertex 4.1372575759887695 8.962740898132324 7.399999618530273
      vertex 5.09096622467041 7.704456329345703 7.399999618530273
    endloop
  endfacet
  facet normal 0 0 1
    outer loop
      vertex 3.861268997192383 8.648036003112793 7.399999618530273
      vertex 5.09096622467041 7.704456329345703 7.399999618530273
      vertex 4.1372575759887695 8.962740898132324 7.399999618530273
    endloop
  endfacet
  facet normal 0 0 1
    outer loop
      vertex 5.09096622467041 7.704456329345703 7.399999618530273
      vertex 3.861268997192383 8.648036003112793 7.399999618530273
      vertex 4.971057891845703 7.524999618530273 7.399999618530273
    endloop
  endfacet
  facet normal 0 0 1
    outer loop
      vertex 3.628718376159668 8.299999237060547 7.399999618530273
      vertex 4.971057891845703 7.524999618530273 7.399999618530273
      vertex 3.861268997192383 8.648036003112793 7.399999618530273
    endloop
  endfacet
  facet normal 0 0 1
    outer loop
      vertex 4.971057891845703 7.524999618530273 7.399999618530273
      vertex 3.628718376159668 8.299999237060547 7.399999618530273
      vertex 4.875597953796387 7.331427574157715 7.399999618530273
    endloop
  endfacet
  facet normal 0 0 1
    outer loop
      vertex 7.828941345214844 5.874999046325684 7.399999618530273
      vertex 9.171280860900879 5.09999942779541 7.399999618530273
      vertex 7.924400329589844 6.068572044372559 7.399999618530273
    endloop
  endfacet
  facet normal 0 0 1
    outer loop
      vertex 9.171280860900879 5.09999942779541 7.399999618530273
      vertex 7.828941345214844 5.874999046325684 7.399999618530273
      vertex 8.938730239868164 4.751962661743164 7.399999618530273
    endloop
  endfacet
  facet normal 0 0 1
    outer loop
      vertex 7.70903205871582 5.69554328918457 7.399999618530273
      vertex 8.938730239868164 4.751962661743164 7.399999618530273
      vertex 7.828941345214844 5.874999046325684 7.399999618530273
    endloop
  endfacet
  facet normal 0 0 1
    outer loop
      vertex 8.938730239868164 4.751962661743164 7.399999618530273
      vertex 7.70903205871582 5.69554328918457 7.399999618530273
      vertex 8.662741661071777 4.437257766723633 7.399999618530273
    endloop
  endfacet
  facet normal 0 0 1
    outer loop
      vertex 7.566725730895996 5.533273696899414 7.399999618530273
      vertex 8.662741661071777 4.437257766723633 7.399999618530273
      vertex 7.70903205871582 5.69554328918457 7.399999618530273
    endloop
  endfacet
  facet normal 0 0 1
    outer loop
      vertex 8.662741661071777 4.437257766723633 7.399999618530273
      vertex 7.566725730895996 5.533273696899414 7.399999618530273
      vertex 8.34803581237793 4.161269187927246 7.399999618530273
    endloop
  endfacet
  facet normal 0 0 1
    outer loop
      vertex 7.40445613861084 5.390966415405273 7.399999618530273
      vertex 8.34803581237793 4.161269187927246 7.399999618530273
      vertex 7.566725730895996 5.533273696899414 7.399999618530273
    endloop
  endfacet
  facet normal 0 0 1
    outer loop
      vertex 8.34803581237793 4.161269187927246 7.399999618530273
      vertex 7.40445613861084 5.390966415405273 7.399999618530273
      vertex 8 3.9287185668945312 7.399999618530273
    endloop
  endfacet
  facet normal 0 0 1
    outer loop
      vertex 7.22499942779541 5.271058082580566 7.399999618530273
      vertex 8 3.9287185668945312 7.399999618530273
      vertex 7.40445613861084 5.390966415405273 7.399999618530273
    endloop
  endfacet
  facet normal 0 0 1
    outer loop
      vertex 8 3.9287185668945312 7.399999618530273
      vertex 7.22499942779541 5.271058082580566 7.399999618530273
      vertex 7.62458610534668 3.743584632873535 7.399999618530273
    endloop
  endfacet
  facet normal 0 0 1
    outer loop
      vertex 7.031427383422852 5.17559814453125 7.399999618530273
      vertex 7.62458610534668 3.743584632873535 7.399999618530273
      vertex 7.22499942779541 5.271058082580566 7.399999618530273
    endloop
  endfacet
  facet normal 0 0 1
    outer loop
      vertex 7.62458610534668 3.743584632873535 7.399999618530273
      vertex 7.031427383422852 5.17559814453125 7.399999618530273
      vertex 7.2282209396362305 3.609036445617676 7.399999618530273
    endloop
  endfacet
  facet normal 0 0 1
    outer loop
      vertex 6.827051162719727 5.106222152709961 7.399999618530273
      vertex 7.2282209396362305 3.609036445617676 7.399999618530273
      vertex 7.031427383422852 5.17559814453125 7.399999618530273
    endloop
  endfacet
  facet normal 0 0 1
    outer loop
      vertex 6.827051162719727 5.106222152709961 7.399999618530273
      vertex 6.817683219909668 3.527376174926758 7.399999618530273
      vertex 7.2282209396362305 3.609036445617676 7.399999618530273
    endloop
  endfacet
  facet normal 0 0 1
    outer loop
      vertex 6.615367889404297 5.064115524291992 7.399999618530273
      vertex 6.817683219909668 3.527376174926758 7.399999618530273
      vertex 6.827051162719727 5.106222152709961 7.399999618530273
    endloop
  endfacet
  facet normal 0 0 1
    outer loop
      vertex 6.399999618530273 5.049999237060547 7.399999618530273
      vertex 6.817683219909668 3.527376174926758 7.399999618530273
      vertex 6.615367889404297 5.064115524291992 7.399999618530273
    endloop
  endfacet
  facet normal 0 0 1
    outer loop
      vertex 6.399999618530273 5.049999237060547 7.399999618530273
      vertex 6.399999618530273 3.4999990463256836 7.399999618530273
      vertex 6.817683219909668 3.527376174926758 7.399999618530273
    endloop
  endfacet
  facet normal 0 0 1
    outer loop
      vertex 6.18463134765625 5.064115524291992 7.399999618530273
      vertex 6.399999618530273 3.4999990463256836 7.399999618530273
      vertex 6.399999618530273 5.049999237060547 7.399999618530273
    endloop
  endfacet
  facet normal 0 0 1
    outer loop
      vertex 6.18463134765625 5.064115524291992 7.399999618530273
      vertex 5.982316017150879 3.527376174926758 7.399999618530273
      vertex 6.399999618530273 3.4999990463256836 7.399999618530273
    endloop
  endfacet
  facet normal 0 0 1
    outer loop
      vertex 5.97294807434082 5.106222152709961 7.399999618530273
      vertex 5.982316017150879 3.527376174926758 7.399999618530273
      vertex 6.18463134765625 5.064115524291992 7.399999618530273
    endloop
  endfacet
  facet normal 0 0 1
    outer loop
      vertex 5.571778297424316 3.609036445617676 7.399999618530273
      vertex 5.97294807434082 5.106222152709961 7.399999618530273
      vertex 5.768571853637695 5.17559814453125 7.399999618530273
    endloop
  endfacet
  facet normal 0 0 1
    outer loop
      vertex 5.175412178039551 3.743584632873535 7.399999618530273
      vertex 5.768571853637695 5.17559814453125 7.399999618530273
      vertex 5.574999809265137 5.271058082580566 7.399999618530273
    endloop
  endfacet
  facet normal 0 0 1
    outer loop
      vertex 5.97294807434082 5.106222152709961 7.399999618530273
      vertex 5.571778297424316 3.609036445617676 7.399999618530273
      vertex 5.982316017150879 3.527376174926758 7.399999618530273
    endloop
  endfacet
  facet normal 0 0 1
    outer loop
      vertex 4.799999237060547 3.9287185668945312 7.399999618530273
      vertex 5.574999809265137 5.271058082580566 7.399999618530273
      vertex 5.395543098449707 5.390966415405273 7.399999618530273
    endloop
  endfacet
  facet normal 0 0 1
    outer loop
      vertex 4.451963424682617 4.161269187927246 7.399999618530273
      vertex 5.395543098449707 5.390966415405273 7.399999618530273
      vertex 5.233273506164551 5.533273696899414 7.399999618530273
    endloop
  endfacet
  facet normal 0 0 1
    outer loop
      vertex 5.768571853637695 5.17559814453125 7.399999618530273
      vertex 5.175412178039551 3.743584632873535 7.399999618530273
      vertex 5.571778297424316 3.609036445617676 7.399999618530273
    endloop
  endfacet
  facet normal 0 0 1
    outer loop
      vertex 4.1372575759887695 4.437257766723633 7.399999618530273
      vertex 5.233273506164551 5.533273696899414 7.399999618530273
      vertex 5.09096622467041 5.69554328918457 7.399999618530273
    endloop
  endfacet
  facet normal 0 0 1
    outer loop
      vertex 3.861268997192383 4.751962661743164 7.399999618530273
      vertex 5.09096622467041 5.69554328918457 7.399999618530273
      vertex 4.971057891845703 5.874999046325684 7.399999618530273
    endloop
  endfacet
  facet normal 0 0 1
    outer loop
      vertex 3.628718376159668 5.09999942779541 7.399999618530273
      vertex 4.971057891845703 5.874999046325684 7.399999618530273
      vertex 4.875597953796387 6.068572044372559 7.399999618530273
    endloop
  endfacet
  facet normal 0 0 1
    outer loop
      vertex 3.4435853958129883 5.475412368774414 7.399999618530273
      vertex 4.875597953796387 6.068572044372559 7.399999618530273
      vertex 4.806221961975098 6.272948265075684 7.399999618530273
    endloop
  endfacet
  facet normal 0 0 1
    outer loop
      vertex 5.574999809265137 5.271058082580566 7.399999618530273
      vertex 4.799999237060547 3.9287185668945312 7.399999618530273
      vertex 5.175412178039551 3.743584632873535 7.399999618530273
    endloop
  endfacet
  facet normal 0 0 1
    outer loop
      vertex 3.309037208557129 5.87177848815918 7.399999618530273
      vertex 4.806221961975098 6.272948265075684 7.399999618530273
      vertex 4.764115333557129 6.484631538391113 7.399999618530273
    endloop
  endfacet
  facet normal 0 0 1
    outer loop
      vertex 3.2273759841918945 6.282315254211426 7.399999618530273
      vertex 4.764115333557129 6.484631538391113 7.399999618530273
      vertex 4.75 6.699999809265137 7.399999618530273
    endloop
  endfacet
  facet normal 0 0 1
    outer loop
      vertex 3.4435853958129883 7.924586296081543 7.399999618530273
      vertex 4.875597953796387 7.331427574157715 7.399999618530273
      vertex 3.628718376159668 8.299999237060547 7.399999618530273
    endloop
  endfacet
  facet normal 0 0 1
    outer loop
      vertex 5.395543098449707 5.390966415405273 7.399999618530273
      vertex 4.451963424682617 4.161269187927246 7.399999618530273
      vertex 4.799999237060547 3.9287185668945312 7.399999618530273
    endloop
  endfacet
  facet normal 0 0 1
    outer loop
      vertex 4.875597953796387 7.331427574157715 7.399999618530273
      vertex 3.4435853958129883 7.924586296081543 7.399999618530273
      vertex 4.806221961975098 7.12705135345459 7.399999618530273
    endloop
  endfacet
  facet normal 0 0 1
    outer loop
      vertex 5.233273506164551 5.533273696899414 7.399999618530273
      vertex 4.1372575759887695 4.437257766723633 7.399999618530273
      vertex 4.451963424682617 4.161269187927246 7.399999618530273
    endloop
  endfacet
  facet normal 0 0 1
    outer loop
      vertex 3.309037208557129 7.528220176696777 7.399999618530273
      vertex 4.806221961975098 7.12705135345459 7.399999618530273
      vertex 3.4435853958129883 7.924586296081543 7.399999618530273
    endloop
  endfacet
  facet normal 0 0 1
    outer loop
      vertex 5.09096622467041 5.69554328918457 7.399999618530273
      vertex 3.861268997192383 4.751962661743164 7.399999618530273
      vertex 4.1372575759887695 4.437257766723633 7.399999618530273
    endloop
  endfacet
  facet normal 0 0 1
    outer loop
      vertex 4.806221961975098 7.12705135345459 7.399999618530273
      vertex 3.309037208557129 7.528220176696777 7.399999618530273
      vertex 4.764115333557129 6.91536808013916 7.399999618530273
    endloop
  endfacet
  facet normal 0 0 1
    outer loop
      vertex 4.971057891845703 5.874999046325684 7.399999618530273
      vertex 3.628718376159668 5.09999942779541 7.399999618530273
      vertex 3.861268997192383 4.751962661743164 7.399999618530273
    endloop
  endfacet
  facet normal 0 0 1
    outer loop
      vertex 3.2273759841918945 7.117683410644531 7.399999618530273
      vertex 4.764115333557129 6.91536808013916 7.399999618530273
      vertex 3.309037208557129 7.528220176696777 7.399999618530273
    endloop
  endfacet
  facet normal 0 0 1
    outer loop
      vertex 4.875597953796387 6.068572044372559 7.399999618530273
      vertex 3.4435853958129883 5.475412368774414 7.399999618530273
      vertex 3.628718376159668 5.09999942779541 7.399999618530273
    endloop
  endfacet
  facet normal 0 0 1
    outer loop
      vertex 4.764115333557129 6.91536808013916 7.399999618530273
      vertex 3.2273759841918945 7.117683410644531 7.399999618530273
      vertex 4.75 6.699999809265137 7.399999618530273
    endloop
  endfacet
  facet normal 0 0 1
    outer loop
      vertex 4.806221961975098 6.272948265075684 7.399999618530273
      vertex 3.309037208557129 5.87177848815918 7.399999618530273
      vertex 3.4435853958129883 5.475412368774414 7.399999618530273
    endloop
  endfacet
  facet normal 0 0 1
    outer loop
      vertex 3.1999998092651367 6.699999809265137 7.399999618530273
      vertex 4.75 6.699999809265137 7.399999618530273
      vertex 3.2273759841918945 7.117683410644531 7.399999618530273
    endloop
  endfacet
  facet normal 0 0 1
    outer loop
      vertex 4.764115333557129 6.484631538391113 7.399999618530273
      vertex 3.2273759841918945 6.282315254211426 7.399999618530273
      vertex 3.309037208557129 5.87177848815918 7.399999618530273
    endloop
  endfacet
  facet normal 0 0 1
    outer loop
      vertex 4.75 6.699999809265137 7.399999618530273
      vertex 3.1999998092651367 6.699999809265137 7.399999618530273
      vertex 3.2273759841918945 6.282315254211426 7.399999618530273
    endloop
  endfacet
  facet normal 0.946930114979577 -0.3214395080645268 0
    outer loop
      vertex 9.356413841247559 5.475412368774414 7.399999618530273
      vertex 9.490962028503418 5.87177848815918 3
      vertex 9.490962028503418 5.87177848815918 7.399999618530273
    endloop
  endfacet
  facet normal 0.946930114979577 -0.3214395080645268 0
    outer loop
      vertex 9.490962028503418 5.87177848815918 3
      vertex 9.356413841247559 5.475412368774414 7.399999618530273
      vertex 9.356413841247559 5.475412368774414 3
    endloop
  endfacet
  facet normal -0.5555711017328951 -0.8314690318462241 0
    outer loop
      vertex 4.451963424682617 4.161269187927246 3
      vertex 4.799999237060547 3.9287185668945312 7.399999618530273
      vertex 4.451963424682617 4.161269187927246 7.399999618530273
    endloop
  endfacet
  facet normal -0.5555711017328951 -0.8314690318462241 0
    outer loop
      vertex 4.799999237060547 3.9287185668945312 7.399999618530273
      vertex 4.451963424682617 4.161269187927246 3
      vertex 4.799999237060547 3.9287185668945312 3
    endloop
  endfacet
  facet normal 0.5555711017328951 -0.8314690318462241 0
    outer loop
      vertex 8 3.9287185668945312 3
      vertex 8.34803581237793 4.161269187927246 7.399999618530273
      vertex 8 3.9287185668945312 7.399999618530273
    endloop
  endfacet
  facet normal 0.5555711017328951 -0.8314690318462241 0
    outer loop
      vertex 8.34803581237793 4.161269187927246 7.399999618530273
      vertex 8 3.9287185668945312 3
      vertex 8.34803581237793 4.161269187927246 3
    endloop
  endfacet
  facet normal -0.89687292573181 -0.44228831669993657 0
    outer loop
      vertex 3.628718376159668 5.09999942779541 3
      vertex 3.4435853958129883 5.475412368774414 7.399999618530273
      vertex 3.4435853958129883 5.475412368774414 3
    endloop
  endfacet
  facet normal -0.89687292573181 -0.44228831669993657 0
    outer loop
      vertex 3.4435853958129883 5.475412368774414 7.399999618530273
      vertex 3.628718376159668 5.09999942779541 3
      vertex 3.628718376159668 5.09999942779541 7.399999618530273
    endloop
  endfacet
  facet normal -0.06540252342109242 0.9978589629452418 0
    outer loop
      vertex 6.399999618530273 9.899999618530273 3
      vertex 5.982316017150879 9.872623443603516 7.399999618530273
      vertex 6.399999618530273 9.899999618530273 7.399999618530273
    endloop
  endfacet
  facet normal -0.06540252342109242 0.9978589629452418 0
    outer loop
      vertex 5.982316017150879 9.872623443603516 7.399999618530273
      vertex 6.399999618530273 9.899999618530273 3
      vertex 5.982316017150879 9.872623443603516 3
    endloop
  endfacet
  facet normal 0.06540479203219186 -0.9978588142514079 0
    outer loop
      vertex 6.399999618530273 3.4999990463256836 3
      vertex 6.817683219909668 3.527376174926758 7.399999618530273
      vertex 6.399999618530273 3.4999990463256836 7.399999618530273
    endloop
  endfacet
  facet normal 0.06540479203219186 -0.9978588142514079 0
    outer loop
      vertex 6.817683219909668 3.527376174926758 7.399999618530273
      vertex 6.399999618530273 3.4999990463256836 3
      vertex 6.817683219909668 3.527376174926758 3
    endloop
  endfacet
  facet normal -0.8314697350809236 0.5555700492687295 0
    outer loop
      vertex 3.628718376159668 8.299999237060547 3
      vertex 3.861268997192383 8.648036003112793 7.399999618530273
      vertex 3.861268997192383 8.648036003112793 3
    endloop
  endfacet
  facet normal -0.8314697350809236 0.5555700492687295 0
    outer loop
      vertex 3.861268997192383 8.648036003112793 7.399999618530273
      vertex 3.628718376159668 8.299999237060547 3
      vertex 3.628718376159668 8.299999237060547 7.399999618530273
    endloop
  endfacet
  facet normal -0.44228831669993657 0.89687292573181 0
    outer loop
      vertex 5.175412178039551 9.656414031982422 3
      vertex 4.799999237060547 9.471281051635742 7.399999618530273
      vertex 5.175412178039551 9.656414031982422 7.399999618530273
    endloop
  endfacet
  facet normal -0.44228831669993657 0.89687292573181 0
    outer loop
      vertex 4.799999237060547 9.471281051635742 7.399999618530273
      vertex 5.175412178039551 9.656414031982422 3
      vertex 4.799999237060547 9.471281051635742 3
    endloop
  endfacet
  facet normal -0.19509076930837166 0.9807851914311654 0
    outer loop
      vertex 5.982316017150879 9.872623443603516 3
      vertex 5.571778297424316 9.790962219238281 7.399999618530273
      vertex 5.982316017150879 9.872623443603516 7.399999618530273
    endloop
  endfacet
  facet normal -0.19509076930837166 0.9807851914311654 0
    outer loop
      vertex 5.571778297424316 9.790962219238281 7.399999618530273
      vertex 5.982316017150879 9.872623443603516 3
      vertex 5.571778297424316 9.790962219238281 3
    endloop
  endfacet
  facet normal 0.9807851047158478 0.19509120525416715 0
    outer loop
      vertex 9.572623252868652 7.117683410644531 7.399999618530273
      vertex 9.490962028503418 7.528220176696777 3
      vertex 9.490962028503418 7.528220176696777 7.399999618530273
    endloop
  endfacet
  facet normal 0.9807851047158478 0.19509120525416715 0
    outer loop
      vertex 9.490962028503418 7.528220176696777 3
      vertex 9.572623252868652 7.117683410644531 7.399999618530273
      vertex 9.572623252868652 7.117683410644531 3
    endloop
  endfacet
  facet normal -0.7518400525387551 0.6593455356628434 0
    outer loop
      vertex 3.861268997192383 8.648036003112793 3
      vertex 4.1372575759887695 8.962740898132324 7.399999618530273
      vertex 4.1372575759887695 8.962740898132324 3
    endloop
  endfacet
  facet normal -0.7518400525387551 0.6593455356628434 0
    outer loop
      vertex 4.1372575759887695 8.962740898132324 7.399999618530273
      vertex 3.861268997192383 8.648036003112793 3
      vertex 3.861268997192383 8.648036003112793 7.399999618530273
    endloop
  endfacet
  facet normal 0.9807851047158478 -0.19509120525416715 0
    outer loop
      vertex 9.490962028503418 5.87177848815918 7.399999618530273
      vertex 9.572623252868652 6.282315254211426 3
      vertex 9.572623252868652 6.282315254211426 7.399999618530273
    endloop
  endfacet
  facet normal 0.9807851047158478 -0.19509120525416715 0
    outer loop
      vertex 9.572623252868652 6.282315254211426 3
      vertex 9.490962028503418 5.87177848815918 7.399999618530273
      vertex 9.490962028503418 5.87177848815918 3
    endloop
  endfacet
  facet normal -0.3214395080645268 0.946930114979577 0
    outer loop
      vertex 5.571778297424316 9.790962219238281 3
      vertex 5.175412178039551 9.656414031982422 7.399999618530273
      vertex 5.571778297424316 9.790962219238281 7.399999618530273
    endloop
  endfacet
  facet normal -0.3214395080645268 0.946930114979577 0
    outer loop
      vertex 5.175412178039551 9.656414031982422 7.399999618530273
      vertex 5.571778297424316 9.790962219238281 3
      vertex 5.175412178039551 9.656414031982422 3
    endloop
  endfacet
  facet normal 0.06540252342109242 0.9978589629452418 0
    outer loop
      vertex 6.817683219909668 9.872623443603516 3
      vertex 6.399999618530273 9.899999618530273 7.399999618530273
      vertex 6.817683219909668 9.872623443603516 7.399999618530273
    endloop
  endfacet
  facet normal 0.06540252342109242 0.9978589629452418 0
    outer loop
      vertex 6.399999618530273 9.899999618530273 7.399999618530273
      vertex 6.817683219909668 9.872623443603516 3
      vertex 6.399999618530273 9.899999618530273 3
    endloop
  endfacet
  facet normal -0.7518400525387551 -0.6593455356628434 0
    outer loop
      vertex 4.1372575759887695 4.437257766723633 3
      vertex 3.861268997192383 4.751962661743164 7.399999618530273
      vertex 3.861268997192383 4.751962661743164 3
    endloop
  endfacet
  facet normal -0.7518400525387551 -0.6593455356628434 0
    outer loop
      vertex 3.861268997192383 4.751962661743164 7.399999618530273
      vertex 4.1372575759887695 4.437257766723633 3
      vertex 4.1372575759887695 4.437257766723633 7.399999618530273
    endloop
  endfacet
  facet normal 0.442289245593529 -0.8968724676520664 0
    outer loop
      vertex 7.62458610534668 3.743584632873535 3
      vertex 8 3.9287185668945312 7.399999618530273
      vertex 7.62458610534668 3.743584632873535 7.399999618530273
    endloop
  endfacet
  facet normal 0.442289245593529 -0.8968724676520664 0
    outer loop
      vertex 8 3.9287185668945312 7.399999618530273
      vertex 7.62458610534668 3.743584632873535 3
      vertex 8 3.9287185668945312 3
    endloop
  endfacet
  facet normal -0.9978589726908591 -0.06540237473015248 0
    outer loop
      vertex 3.2273759841918945 6.282315254211426 3
      vertex 3.1999998092651367 6.699999809265137 7.399999618530273
      vertex 3.1999998092651367 6.699999809265137 3
    endloop
  endfacet
  facet normal -0.9978589726908591 -0.06540237473015248 0
    outer loop
      vertex 3.1999998092651367 6.699999809265137 7.399999618530273
      vertex 3.2273759841918945 6.282315254211426 3
      vertex 3.2273759841918945 6.282315254211426 7.399999618530273
    endloop
  endfacet
  facet normal 0.19508857766942062 -0.9807856273737511 0
    outer loop
      vertex 6.817683219909668 3.527376174926758 3
      vertex 7.2282209396362305 3.609036445617676 7.399999618530273
      vertex 6.817683219909668 3.527376174926758 7.399999618530273
    endloop
  endfacet
  facet normal 0.19508857766942062 -0.9807856273737511 0
    outer loop
      vertex 7.2282209396362305 3.609036445617676 7.399999618530273
      vertex 6.817683219909668 3.527376174926758 3
      vertex 7.2282209396362305 3.609036445617676 3
    endloop
  endfacet
  facet normal 0.4422874129310974 0.8968733714202451 0
    outer loop
      vertex 8 9.471281051635742 3
      vertex 7.62458610534668 9.656414031982422 7.399999618530273
      vertex 8 9.471281051635742 7.399999618530273
    endloop
  endfacet
  facet normal 0.4422874129310974 0.8968733714202451 0
    outer loop
      vertex 7.62458610534668 9.656414031982422 7.399999618530273
      vertex 8 9.471281051635742 3
      vertex 7.62458610534668 9.656414031982422 3
    endloop
  endfacet
  facet normal 0.5555711017328951 0.8314690318462241 0
    outer loop
      vertex 8.34803581237793 9.238730430603027 3
      vertex 8 9.471281051635742 7.399999618530273
      vertex 8.34803581237793 9.238730430603027 7.399999618530273
    endloop
  endfacet
  facet normal 0.5555711017328951 0.8314690318462241 0
    outer loop
      vertex 8 9.471281051635742 7.399999618530273
      vertex 8.34803581237793 9.238730430603027 3
      vertex 8 9.471281051635742 3
    endloop
  endfacet
  facet normal 0.6593456941018302 0.7518399135915674 0
    outer loop
      vertex 8.662741661071777 8.962740898132324 3
      vertex 8.34803581237793 9.238730430603027 7.399999618530273
      vertex 8.662741661071777 8.962740898132324 7.399999618530273
    endloop
  endfacet
  facet normal 0.6593456941018302 0.7518399135915674 0
    outer loop
      vertex 8.34803581237793 9.238730430603027 7.399999618530273
      vertex 8.662741661071777 8.962740898132324 3
      vertex 8.34803581237793 9.238730430603027 3
    endloop
  endfacet
  facet normal 0.3214402015534949 0.9469298795714751 0
    outer loop
      vertex 7.62458610534668 9.656414031982422 3
      vertex 7.2282209396362305 9.790962219238281 7.399999618530273
      vertex 7.62458610534668 9.656414031982422 7.399999618530273
    endloop
  endfacet
  facet normal 0.3214402015534949 0.9469298795714751 0
    outer loop
      vertex 7.2282209396362305 9.790962219238281 7.399999618530273
      vertex 7.62458610534668 9.656414031982422 3
      vertex 7.2282209396362305 9.790962219238281 3
    endloop
  endfacet
  facet normal -0.3214395080645268 -0.946930114979577 0
    outer loop
      vertex 5.175412178039551 3.743584632873535 3
      vertex 5.571778297424316 3.609036445617676 7.399999618530273
      vertex 5.175412178039551 3.743584632873535 7.399999618530273
    endloop
  endfacet
  facet normal -0.3214395080645268 -0.946930114979577 0
    outer loop
      vertex 5.571778297424316 3.609036445617676 7.399999618530273
      vertex 5.175412178039551 3.743584632873535 3
      vertex 5.571778297424316 3.609036445617676 3
    endloop
  endfacet
  facet normal -0.9978589629452418 0.06540252342109242 0
    outer loop
      vertex 3.1999998092651367 6.699999809265137 3
      vertex 3.2273759841918945 7.117683410644531 7.399999618530273
      vertex 3.2273759841918945 7.117683410644531 3
    endloop
  endfacet
  facet normal -0.9978589629452418 0.06540252342109242 0
    outer loop
      vertex 3.2273759841918945 7.117683410644531 7.399999618530273
      vertex 3.1999998092651367 6.699999809265137 3
      vertex 3.1999998092651367 6.699999809265137 7.399999618530273
    endloop
  endfacet
  facet normal -0.4422901493642916 -0.8968720219603868 0
    outer loop
      vertex 4.799999237060547 3.9287185668945312 3
      vertex 5.175412178039551 3.743584632873535 7.399999618530273
      vertex 4.799999237060547 3.9287185668945312 7.399999618530273
    endloop
  endfacet
  facet normal -0.4422901493642916 -0.8968720219603868 0
    outer loop
      vertex 5.175412178039551 3.743584632873535 7.399999618530273
      vertex 4.799999237060547 3.9287185668945312 3
      vertex 5.175412178039551 3.743584632873535 3
    endloop
  endfacet
  facet normal -0.9807851047158478 0.19509120525416715 0
    outer loop
      vertex 3.2273759841918945 7.117683410644531 3
      vertex 3.309037208557129 7.528220176696777 7.399999618530273
      vertex 3.309037208557129 7.528220176696777 3
    endloop
  endfacet
  facet normal -0.9807851047158478 0.19509120525416715 0
    outer loop
      vertex 3.309037208557129 7.528220176696777 7.399999618530273
      vertex 3.2273759841918945 7.117683410644531 3
      vertex 3.2273759841918945 7.117683410644531 7.399999618530273
    endloop
  endfacet
  facet normal 0.946930114979577 0.3214395080645268 0
    outer loop
      vertex 9.490962028503418 7.528220176696777 7.399999618530273
      vertex 9.356413841247559 7.924586296081543 3
      vertex 9.356413841247559 7.924586296081543 7.399999618530273
    endloop
  endfacet
  facet normal 0.946930114979577 0.3214395080645268 0
    outer loop
      vertex 9.356413841247559 7.924586296081543 3
      vertex 9.490962028503418 7.528220176696777 7.399999618530273
      vertex 9.490962028503418 7.528220176696777 3
    endloop
  endfacet
  facet normal 0.8314697350809236 0.5555700492687295 0
    outer loop
      vertex 9.171280860900879 8.299999237060547 7.399999618530273
      vertex 8.938730239868164 8.648036003112793 3
      vertex 8.938730239868164 8.648036003112793 7.399999618530273
    endloop
  endfacet
  facet normal 0.8314697350809236 0.5555700492687295 0
    outer loop
      vertex 8.938730239868164 8.648036003112793 3
      vertex 9.171280860900879 8.299999237060547 7.399999618530273
      vertex 9.171280860900879 8.299999237060547 3
    endloop
  endfacet
  facet normal -0.19508857766942062 -0.9807856273737511 0
    outer loop
      vertex 5.571778297424316 3.609036445617676 3
      vertex 5.982316017150879 3.527376174926758 7.399999618530273
      vertex 5.571778297424316 3.609036445617676 7.399999618530273
    endloop
  endfacet
  facet normal -0.19508857766942062 -0.9807856273737511 0
    outer loop
      vertex 5.982316017150879 3.527376174926758 7.399999618530273
      vertex 5.571778297424316 3.609036445617676 3
      vertex 5.982316017150879 3.527376174926758 3
    endloop
  endfacet
  facet normal 0.6593444062307695 -0.7518410430218571 0
    outer loop
      vertex 8.34803581237793 4.161269187927246 3
      vertex 8.662741661071777 4.437257766723633 7.399999618530273
      vertex 8.34803581237793 4.161269187927246 7.399999618530273
    endloop
  endfacet
  facet normal 0.6593444062307695 -0.7518410430218571 0
    outer loop
      vertex 8.662741661071777 4.437257766723633 7.399999618530273
      vertex 8.34803581237793 4.161269187927246 3
      vertex 8.662741661071777 4.437257766723633 3
    endloop
  endfacet
  facet normal -0.946930114979577 -0.3214395080645268 0
    outer loop
      vertex 3.4435853958129883 5.475412368774414 3
      vertex 3.309037208557129 5.87177848815918 7.399999618530273
      vertex 3.309037208557129 5.87177848815918 3
    endloop
  endfacet
  facet normal -0.946930114979577 -0.3214395080645268 0
    outer loop
      vertex 3.309037208557129 5.87177848815918 7.399999618530273
      vertex 3.4435853958129883 5.475412368774414 3
      vertex 3.4435853958129883 5.475412368774414 7.399999618530273
    endloop
  endfacet
  facet normal -0.06540479203219186 -0.9978588142514079 0
    outer loop
      vertex 5.982316017150879 3.527376174926758 3
      vertex 6.399999618530273 3.4999990463256836 7.399999618530273
      vertex 5.982316017150879 3.527376174926758 7.399999618530273
    endloop
  endfacet
  facet normal -0.06540479203219186 -0.9978588142514079 0
    outer loop
      vertex 6.399999618530273 3.4999990463256836 7.399999618530273
      vertex 5.982316017150879 3.527376174926758 3
      vertex 6.399999618530273 3.4999990463256836 3
    endloop
  endfacet
  facet normal -0.3214422820373189 -0.946929173338028 0
    outer loop
      vertex 99.6754150390625 3.743584632873535 3
      vertex 100.07177734375 3.609036445617676 7.399999618530273
      vertex 99.6754150390625 3.743584632873535 7.399999618530273
    endloop
  endfacet
  facet normal -0.3214422820373189 -0.946929173338028 0
    outer loop
      vertex 100.07177734375 3.609036445617676 7.399999618530273
      vertex 99.6754150390625 3.743584632873535 3
      vertex 100.07177734375 3.609036445617676 3
    endloop
  endfacet
  facet normal 0.6593468235327169 0.751838923106084 0
    outer loop
      vertex 103.1627426147461 8.962740898132324 3
      vertex 102.84803771972656 9.238730430603027 7.399999618530273
      vertex 103.1627426147461 8.962740898132324 7.399999618530273
    endloop
  endfacet
  facet normal 0.6593468235327169 0.751838923106084 0
    outer loop
      vertex 102.84803771972656 9.238730430603027 7.399999618530273
      vertex 103.1627426147461 8.962740898132324 3
      vertex 102.84803771972656 9.238730430603027 3
    endloop
  endfacet
  facet normal 0 0 1
    outer loop
      vertex 102.55000305175781 6.699999809265137 7.399999618530273
      vertex 104.0999984741211 6.699999809265137 7.399999618530273
      vertex 104.07262420654297 7.117683410644531 7.399999618530273
    endloop
  endfacet
  facet normal 0 0 1
    outer loop
      vertex 102.53588104248047 6.91536808013916 7.399999618530273
      vertex 104.07262420654297 7.117683410644531 7.399999618530273
      vertex 103.99095916748047 7.528220176696777 7.399999618530273
    endloop
  endfacet
  facet normal 0 0 1
    outer loop
      vertex 104.0999984741211 6.699999809265137 7.399999618530273
      vertex 102.55000305175781 6.699999809265137 7.399999618530273
      vertex 104.07262420654297 6.282315254211426 7.399999618530273
    endloop
  endfacet
  facet normal 0 0 1
    outer loop
      vertex 102.4937744140625 7.12705135345459 7.399999618530273
      vertex 103.99095916748047 7.528220176696777 7.399999618530273
      vertex 103.85641479492188 7.924586296081543 7.399999618530273
    endloop
  endfacet
  facet normal 0 0 1
    outer loop
      vertex 102.53588104248047 6.484631538391113 7.399999618530273
      vertex 104.07262420654297 6.282315254211426 7.399999618530273
      vertex 102.55000305175781 6.699999809265137 7.399999618530273
    endloop
  endfacet
  facet normal 0 0 1
    outer loop
      vertex 102.42440032958984 7.331427574157715 7.399999618530273
      vertex 103.85641479492188 7.924586296081543 7.399999618530273
      vertex 103.67127990722656 8.299999237060547 7.399999618530273
    endloop
  endfacet
  facet normal 0 0 1
    outer loop
      vertex 104.07262420654297 6.282315254211426 7.399999618530273
      vertex 102.53588104248047 6.484631538391113 7.399999618530273
      vertex 103.99095916748047 5.87177848815918 7.399999618530273
    endloop
  endfacet
  facet normal 0 0 1
    outer loop
      vertex 102.32894134521484 7.524999618530273 7.399999618530273
      vertex 103.67127990722656 8.299999237060547 7.399999618530273
      vertex 103.43872833251953 8.648036003112793 7.399999618530273
    endloop
  endfacet
  facet normal 0 0 1
    outer loop
      vertex 102.4937744140625 6.272948265075684 7.399999618530273
      vertex 103.99095916748047 5.87177848815918 7.399999618530273
      vertex 102.53588104248047 6.484631538391113 7.399999618530273
    endloop
  endfacet
  facet normal 0 0 1
    outer loop
      vertex 102.20903015136719 7.704456329345703 7.399999618530273
      vertex 103.43872833251953 8.648036003112793 7.399999618530273
      vertex 103.1627426147461 8.962740898132324 7.399999618530273
    endloop
  endfacet
  facet normal 0 0 1
    outer loop
      vertex 103.99095916748047 5.87177848815918 7.399999618530273
      vertex 102.4937744140625 6.272948265075684 7.399999618530273
      vertex 103.85641479492188 5.475412368774414 7.399999618530273
    endloop
  endfacet
  facet normal 0 0 1
    outer loop
      vertex 102.06672668457031 7.866725921630859 7.399999618530273
      vertex 103.1627426147461 8.962740898132324 7.399999618530273
      vertex 102.84803771972656 9.238730430603027 7.399999618530273
    endloop
  endfacet
  facet normal 0 0 1
    outer loop
      vertex 102.42440032958984 6.068572044372559 7.399999618530273
      vertex 103.85641479492188 5.475412368774414 7.399999618530273
      vertex 102.4937744140625 6.272948265075684 7.399999618530273
    endloop
  endfacet
  facet normal 0 0 1
    outer loop
      vertex 103.85641479492188 5.475412368774414 7.399999618530273
      vertex 102.42440032958984 6.068572044372559 7.399999618530273
      vertex 103.67127990722656 5.09999942779541 7.399999618530273
    endloop
  endfacet
  facet normal 0 0 1
    outer loop
      vertex 104.07262420654297 7.117683410644531 7.399999618530273
      vertex 102.53588104248047 6.91536808013916 7.399999618530273
      vertex 102.55000305175781 6.699999809265137 7.399999618530273
    endloop
  endfacet
  facet normal 0 0 1
    outer loop
      vertex 101.90445709228516 8.009032249450684 7.399999618530273
      vertex 102.84803771972656 9.238730430603027 7.399999618530273
      vertex 102.5 9.471281051635742 7.399999618530273
    endloop
  endfacet
  facet normal 0 0 1
    outer loop
      vertex 103.99095916748047 7.528220176696777 7.399999618530273
      vertex 102.4937744140625 7.12705135345459 7.399999618530273
      vertex 102.53588104248047 6.91536808013916 7.399999618530273
    endloop
  endfacet
  facet normal 0 0 1
    outer loop
      vertex 103.85641479492188 7.924586296081543 7.399999618530273
      vertex 102.42440032958984 7.331427574157715 7.399999618530273
      vertex 102.4937744140625 7.12705135345459 7.399999618530273
    endloop
  endfacet
  facet normal 0 0 1
    outer loop
      vertex 103.67127990722656 8.299999237060547 7.399999618530273
      vertex 102.32894134521484 7.524999618530273 7.399999618530273
      vertex 102.42440032958984 7.331427574157715 7.399999618530273
    endloop
  endfacet
  facet normal 0 0 1
    outer loop
      vertex 103.43872833251953 8.648036003112793 7.399999618530273
      vertex 102.20903015136719 7.704456329345703 7.399999618530273
      vertex 102.32894134521484 7.524999618530273 7.399999618530273
    endloop
  endfacet
  facet normal 0 0 1
    outer loop
      vertex 101.7249984741211 8.128941535949707 7.399999618530273
      vertex 102.5 9.471281051635742 7.399999618530273
      vertex 102.12458801269531 9.656414031982422 7.399999618530273
    endloop
  endfacet
  facet normal 0 0 1
    outer loop
      vertex 103.1627426147461 8.962740898132324 7.399999618530273
      vertex 102.06672668457031 7.866725921630859 7.399999618530273
      vertex 102.20903015136719 7.704456329345703 7.399999618530273
    endloop
  endfacet
  facet normal 0 0 1
    outer loop
      vertex 102.84803771972656 9.238730430603027 7.399999618530273
      vertex 101.90445709228516 8.009032249450684 7.399999618530273
      vertex 102.06672668457031 7.866725921630859 7.399999618530273
    endloop
  endfacet
  facet normal 0 0 1
    outer loop
      vertex 101.53142547607422 8.224400520324707 7.399999618530273
      vertex 102.12458801269531 9.656414031982422 7.399999618530273
      vertex 101.72821807861328 9.790962219238281 7.399999618530273
    endloop
  endfacet
  facet normal 0 0 1
    outer loop
      vertex 102.5 9.471281051635742 7.399999618530273
      vertex 101.7249984741211 8.128941535949707 7.399999618530273
      vertex 101.90445709228516 8.009032249450684 7.399999618530273
    endloop
  endfacet
  facet normal 0 0 1
    outer loop
      vertex 102.12458801269531 9.656414031982422 7.399999618530273
      vertex 101.53142547607422 8.224400520324707 7.399999618530273
      vertex 101.7249984741211 8.128941535949707 7.399999618530273
    endloop
  endfacet
  facet normal 0 0 1
    outer loop
      vertex 101.72821807861328 9.790962219238281 7.399999618530273
      vertex 101.3270492553711 8.293777465820312 7.399999618530273
      vertex 101.53142547607422 8.224400520324707 7.399999618530273
    endloop
  endfacet
  facet normal 0 0 1
    outer loop
      vertex 101.31768035888672 9.872623443603516 7.399999618530273
      vertex 101.3270492553711 8.293777465820312 7.399999618530273
      vertex 101.72821807861328 9.790962219238281 7.399999618530273
    endloop
  endfacet
  facet normal 0 0 1
    outer loop
      vertex 101.31768035888672 9.872623443603516 7.399999618530273
      vertex 101.11537170410156 8.335883140563965 7.399999618530273
      vertex 101.3270492553711 8.293777465820312 7.399999618530273
    endloop
  endfacet
  facet normal 0 0 1
    outer loop
      vertex 100.9000015258789 9.899999618530273 7.399999618530273
      vertex 101.11537170410156 8.335883140563965 7.399999618530273
      vertex 101.31768035888672 9.872623443603516 7.399999618530273
    endloop
  endfacet
  facet normal 0 0 1
    outer loop
      vertex 100.9000015258789 9.899999618530273 7.399999618530273
      vertex 100.9000015258789 8.34999942779541 7.399999618530273
      vertex 101.11537170410156 8.335883140563965 7.399999618530273
    endloop
  endfacet
  facet normal 0 0 1
    outer loop
      vertex 100.9000015258789 9.899999618530273 7.399999618530273
      vertex 100.68463134765625 8.335883140563965 7.399999618530273
      vertex 100.9000015258789 8.34999942779541 7.399999618530273
    endloop
  endfacet
  facet normal 0 0 1
    outer loop
      vertex 100.48231506347656 9.872623443603516 7.399999618530273
      vertex 100.68463134765625 8.335883140563965 7.399999618530273
      vertex 100.9000015258789 9.899999618530273 7.399999618530273
    endloop
  endfacet
  facet normal 0 0 1
    outer loop
      vertex 100.48231506347656 9.872623443603516 7.399999618530273
      vertex 100.47294616699219 8.293777465820312 7.399999618530273
      vertex 100.68463134765625 8.335883140563965 7.399999618530273
    endloop
  endfacet
  facet normal 0 0 1
    outer loop
      vertex 100.07177734375 9.790962219238281 7.399999618530273
      vertex 100.47294616699219 8.293777465820312 7.399999618530273
      vertex 100.48231506347656 9.872623443603516 7.399999618530273
    endloop
  endfacet
  facet normal 0 0 1
    outer loop
      vertex 100.47294616699219 8.293777465820312 7.399999618530273
      vertex 100.07177734375 9.790962219238281 7.399999618530273
      vertex 100.26856994628906 8.224400520324707 7.399999618530273
    endloop
  endfacet
  facet normal 0 0 1
    outer loop
      vertex 99.6754150390625 9.656414031982422 7.399999618530273
      vertex 100.26856994628906 8.224400520324707 7.399999618530273
      vertex 100.07177734375 9.790962219238281 7.399999618530273
    endloop
  endfacet
  facet normal 0 0 1
    outer loop
      vertex 100.26856994628906 8.224400520324707 7.399999618530273
      vertex 99.6754150390625 9.656414031982422 7.399999618530273
      vertex 100.07499694824219 8.128941535949707 7.399999618530273
    endloop
  endfacet
  facet normal 0 0 1
    outer loop
      vertex 99.30000305175781 9.471281051635742 7.399999618530273
      vertex 100.07499694824219 8.128941535949707 7.399999618530273
      vertex 99.6754150390625 9.656414031982422 7.399999618530273
    endloop
  endfacet
  facet normal 0 0 1
    outer loop
      vertex 100.07499694824219 8.128941535949707 7.399999618530273
      vertex 99.30000305175781 9.471281051635742 7.399999618530273
      vertex 99.89554595947266 8.009032249450684 7.399999618530273
    endloop
  endfacet
  facet normal 0 0 1
    outer loop
      vertex 98.95196533203125 9.238730430603027 7.399999618530273
      vertex 99.89554595947266 8.009032249450684 7.399999618530273
      vertex 99.30000305175781 9.471281051635742 7.399999618530273
    endloop
  endfacet
  facet normal 0 0 1
    outer loop
      vertex 99.89554595947266 8.009032249450684 7.399999618530273
      vertex 98.95196533203125 9.238730430603027 7.399999618530273
      vertex 99.7332763671875 7.866725921630859 7.399999618530273
    endloop
  endfacet
  facet normal 0 0 1
    outer loop
      vertex 98.63726043701172 8.962740898132324 7.399999618530273
      vertex 99.7332763671875 7.866725921630859 7.399999618530273
      vertex 98.95196533203125 9.238730430603027 7.399999618530273
    endloop
  endfacet
  facet normal 0 0 1
    outer loop
      vertex 99.7332763671875 7.866725921630859 7.399999618530273
      vertex 98.63726043701172 8.962740898132324 7.399999618530273
      vertex 99.5909652709961 7.704456329345703 7.399999618530273
    endloop
  endfacet
  facet normal 0 0 1
    outer loop
      vertex 98.36126708984375 8.648036003112793 7.399999618530273
      vertex 99.5909652709961 7.704456329345703 7.399999618530273
      vertex 98.63726043701172 8.962740898132324 7.399999618530273
    endloop
  endfacet
  facet normal 0 0 1
    outer loop
      vertex 99.5909652709961 7.704456329345703 7.399999618530273
      vertex 98.36126708984375 8.648036003112793 7.399999618530273
      vertex 99.47105407714844 7.524999618530273 7.399999618530273
    endloop
  endfacet
  facet normal 0 0 1
    outer loop
      vertex 98.12871551513672 8.299999237060547 7.399999618530273
      vertex 99.47105407714844 7.524999618530273 7.399999618530273
      vertex 98.36126708984375 8.648036003112793 7.399999618530273
    endloop
  endfacet
  facet normal 0 0 1
    outer loop
      vertex 99.47105407714844 7.524999618530273 7.399999618530273
      vertex 98.12871551513672 8.299999237060547 7.399999618530273
      vertex 99.37559509277344 7.331427574157715 7.399999618530273
    endloop
  endfacet
  facet normal 0 0 1
    outer loop
      vertex 102.32894134521484 5.874999046325684 7.399999618530273
      vertex 103.67127990722656 5.09999942779541 7.399999618530273
      vertex 102.42440032958984 6.068572044372559 7.399999618530273
    endloop
  endfacet
  facet normal 0 0 1
    outer loop
      vertex 103.67127990722656 5.09999942779541 7.399999618530273
      vertex 102.32894134521484 5.874999046325684 7.399999618530273
      vertex 103.43872833251953 4.751962661743164 7.399999618530273
    endloop
  endfacet
  facet normal 0 0 1
    outer loop
      vertex 102.20903015136719 5.69554328918457 7.399999618530273
      vertex 103.43872833251953 4.751962661743164 7.399999618530273
      vertex 102.32894134521484 5.874999046325684 7.399999618530273
    endloop
  endfacet
  facet normal 0 0 1
    outer loop
      vertex 103.43872833251953 4.751962661743164 7.399999618530273
      vertex 102.20903015136719 5.69554328918457 7.399999618530273
      vertex 103.1627426147461 4.437257766723633 7.399999618530273
    endloop
  endfacet
  facet normal 0 0 1
    outer loop
      vertex 102.06672668457031 5.533273696899414 7.399999618530273
      vertex 103.1627426147461 4.437257766723633 7.399999618530273
      vertex 102.20903015136719 5.69554328918457 7.399999618530273
    endloop
  endfacet
  facet normal 0 0 1
    outer loop
      vertex 103.1627426147461 4.437257766723633 7.399999618530273
      vertex 102.06672668457031 5.533273696899414 7.399999618530273
      vertex 102.84803771972656 4.161269187927246 7.399999618530273
    endloop
  endfacet
  facet normal 0 0 1
    outer loop
      vertex 101.90445709228516 5.390966415405273 7.399999618530273
      vertex 102.84803771972656 4.161269187927246 7.399999618530273
      vertex 102.06672668457031 5.533273696899414 7.399999618530273
    endloop
  endfacet
  facet normal 0 0 1
    outer loop
      vertex 102.84803771972656 4.161269187927246 7.399999618530273
      vertex 101.90445709228516 5.390966415405273 7.399999618530273
      vertex 102.5 3.9287185668945312 7.399999618530273
    endloop
  endfacet
  facet normal 0 0 1
    outer loop
      vertex 101.7249984741211 5.271058082580566 7.399999618530273
      vertex 102.5 3.9287185668945312 7.399999618530273
      vertex 101.90445709228516 5.390966415405273 7.399999618530273
    endloop
  endfacet
  facet normal 0 0 1
    outer loop
      vertex 102.5 3.9287185668945312 7.399999618530273
      vertex 101.7249984741211 5.271058082580566 7.399999618530273
      vertex 102.12458801269531 3.743584632873535 7.399999618530273
    endloop
  endfacet
  facet normal 0 0 1
    outer loop
      vertex 101.53142547607422 5.17559814453125 7.399999618530273
      vertex 102.12458801269531 3.743584632873535 7.399999618530273
      vertex 101.7249984741211 5.271058082580566 7.399999618530273
    endloop
  endfacet
  facet normal 0 0 1
    outer loop
      vertex 102.12458801269531 3.743584632873535 7.399999618530273
      vertex 101.53142547607422 5.17559814453125 7.399999618530273
      vertex 101.72821807861328 3.609036445617676 7.399999618530273
    endloop
  endfacet
  facet normal 0 0 1
    outer loop
      vertex 101.3270492553711 5.106222152709961 7.399999618530273
      vertex 101.72821807861328 3.609036445617676 7.399999618530273
      vertex 101.53142547607422 5.17559814453125 7.399999618530273
    endloop
  endfacet
  facet normal 0 0 1
    outer loop
      vertex 101.3270492553711 5.106222152709961 7.399999618530273
      vertex 101.31768035888672 3.527376174926758 7.399999618530273
      vertex 101.72821807861328 3.609036445617676 7.399999618530273
    endloop
  endfacet
  facet normal 0 0 1
    outer loop
      vertex 101.11537170410156 5.064115524291992 7.399999618530273
      vertex 101.31768035888672 3.527376174926758 7.399999618530273
      vertex 101.3270492553711 5.106222152709961 7.399999618530273
    endloop
  endfacet
  facet normal 0 0 1
    outer loop
      vertex 100.9000015258789 5.049999237060547 7.399999618530273
      vertex 101.31768035888672 3.527376174926758 7.399999618530273
      vertex 101.11537170410156 5.064115524291992 7.399999618530273
    endloop
  endfacet
  facet normal 0 0 1
    outer loop
      vertex 100.9000015258789 5.049999237060547 7.399999618530273
      vertex 100.9000015258789 3.4999990463256836 7.399999618530273
      vertex 101.31768035888672 3.527376174926758 7.399999618530273
    endloop
  endfacet
  facet normal 0 0 1
    outer loop
      vertex 100.68463134765625 5.064115524291992 7.399999618530273
      vertex 100.9000015258789 3.4999990463256836 7.399999618530273
      vertex 100.9000015258789 5.049999237060547 7.399999618530273
    endloop
  endfacet
  facet normal 0 0 1
    outer loop
      vertex 100.68463134765625 5.064115524291992 7.399999618530273
      vertex 100.48231506347656 3.527376174926758 7.399999618530273
      vertex 100.9000015258789 3.4999990463256836 7.399999618530273
    endloop
  endfacet
  facet normal 0 0 1
    outer loop
      vertex 100.47294616699219 5.106222152709961 7.399999618530273
      vertex 100.48231506347656 3.527376174926758 7.399999618530273
      vertex 100.68463134765625 5.064115524291992 7.399999618530273
    endloop
  endfacet
  facet normal 0 0 1
    outer loop
      vertex 100.07177734375 3.609036445617676 7.399999618530273
      vertex 100.47294616699219 5.106222152709961 7.399999618530273
      vertex 100.26856994628906 5.17559814453125 7.399999618530273
    endloop
  endfacet
  facet normal 0 0 1
    outer loop
      vertex 99.6754150390625 3.743584632873535 7.399999618530273
      vertex 100.26856994628906 5.17559814453125 7.399999618530273
      vertex 100.07499694824219 5.271058082580566 7.399999618530273
    endloop
  endfacet
  facet normal 0 0 1
    outer loop
      vertex 100.47294616699219 5.106222152709961 7.399999618530273
      vertex 100.07177734375 3.609036445617676 7.399999618530273
      vertex 100.48231506347656 3.527376174926758 7.399999618530273
    endloop
  endfacet
  facet normal 0 0 1
    outer loop
      vertex 99.30000305175781 3.9287185668945312 7.399999618530273
      vertex 100.07499694824219 5.271058082580566 7.399999618530273
      vertex 99.89554595947266 5.390966415405273 7.399999618530273
    endloop
  endfacet
  facet normal 0 0 1
    outer loop
      vertex 98.95196533203125 4.161269187927246 7.399999618530273
      vertex 99.89554595947266 5.390966415405273 7.399999618530273
      vertex 99.7332763671875 5.533273696899414 7.399999618530273
    endloop
  endfacet
  facet normal 0 0 1
    outer loop
      vertex 100.26856994628906 5.17559814453125 7.399999618530273
      vertex 99.6754150390625 3.743584632873535 7.399999618530273
      vertex 100.07177734375 3.609036445617676 7.399999618530273
    endloop
  endfacet
  facet normal 0 0 1
    outer loop
      vertex 98.63726043701172 4.437257766723633 7.399999618530273
      vertex 99.7332763671875 5.533273696899414 7.399999618530273
      vertex 99.5909652709961 5.69554328918457 7.399999618530273
    endloop
  endfacet
  facet normal 0 0 1
    outer loop
      vertex 98.36126708984375 4.751962661743164 7.399999618530273
      vertex 99.5909652709961 5.69554328918457 7.399999618530273
      vertex 99.47105407714844 5.874999046325684 7.399999618530273
    endloop
  endfacet
  facet normal 0 0 1
    outer loop
      vertex 98.12871551513672 5.09999942779541 7.399999618530273
      vertex 99.47105407714844 5.874999046325684 7.399999618530273
      vertex 99.37559509277344 6.068572044372559 7.399999618530273
    endloop
  endfacet
  facet normal 0 0 1
    outer loop
      vertex 97.94358825683594 5.475412368774414 7.399999618530273
      vertex 99.37559509277344 6.068572044372559 7.399999618530273
      vertex 99.30622100830078 6.272948265075684 7.399999618530273
    endloop
  endfacet
  facet normal 0 0 1
    outer loop
      vertex 100.07499694824219 5.271058082580566 7.399999618530273
      vertex 99.30000305175781 3.9287185668945312 7.399999618530273
      vertex 99.6754150390625 3.743584632873535 7.399999618530273
    endloop
  endfacet
  facet normal 0 0 1
    outer loop
      vertex 97.80903625488281 5.87177848815918 7.399999618530273
      vertex 99.30622100830078 6.272948265075684 7.399999618530273
      vertex 99.26411437988281 6.484631538391113 7.399999618530273
    endloop
  endfacet
  facet normal 0 0 1
    outer loop
      vertex 97.72737884521484 6.282315254211426 7.399999618530273
      vertex 99.26411437988281 6.484631538391113 7.399999618530273
      vertex 99.25 6.699999809265137 7.399999618530273
    endloop
  endfacet
  facet normal 0 0 1
    outer loop
      vertex 97.94358825683594 7.924586296081543 7.399999618530273
      vertex 99.37559509277344 7.331427574157715 7.399999618530273
      vertex 98.12871551513672 8.299999237060547 7.399999618530273
    endloop
  endfacet
  facet normal 0 0 1
    outer loop
      vertex 99.89554595947266 5.390966415405273 7.399999618530273
      vertex 98.95196533203125 4.161269187927246 7.399999618530273
      vertex 99.30000305175781 3.9287185668945312 7.399999618530273
    endloop
  endfacet
  facet normal 0 0 1
    outer loop
      vertex 99.37559509277344 7.331427574157715 7.399999618530273
      vertex 97.94358825683594 7.924586296081543 7.399999618530273
      vertex 99.30622100830078 7.12705135345459 7.399999618530273
    endloop
  endfacet
  facet normal 0 0 1
    outer loop
      vertex 99.7332763671875 5.533273696899414 7.399999618530273
      vertex 98.63726043701172 4.437257766723633 7.399999618530273
      vertex 98.95196533203125 4.161269187927246 7.399999618530273
    endloop
  endfacet
  facet normal 0 0 1
    outer loop
      vertex 97.80903625488281 7.528220176696777 7.399999618530273
      vertex 99.30622100830078 7.12705135345459 7.399999618530273
      vertex 97.94358825683594 7.924586296081543 7.399999618530273
    endloop
  endfacet
  facet normal 0 0 1
    outer loop
      vertex 99.5909652709961 5.69554328918457 7.399999618530273
      vertex 98.36126708984375 4.751962661743164 7.399999618530273
      vertex 98.63726043701172 4.437257766723633 7.399999618530273
    endloop
  endfacet
  facet normal 0 0 1
    outer loop
      vertex 99.30622100830078 7.12705135345459 7.399999618530273
      vertex 97.80903625488281 7.528220176696777 7.399999618530273
      vertex 99.26411437988281 6.91536808013916 7.399999618530273
    endloop
  endfacet
  facet normal 0 0 1
    outer loop
      vertex 99.47105407714844 5.874999046325684 7.399999618530273
      vertex 98.12871551513672 5.09999942779541 7.399999618530273
      vertex 98.36126708984375 4.751962661743164 7.399999618530273
    endloop
  endfacet
  facet normal 0 0 1
    outer loop
      vertex 97.72737884521484 7.117683410644531 7.399999618530273
      vertex 99.26411437988281 6.91536808013916 7.399999618530273
      vertex 97.80903625488281 7.528220176696777 7.399999618530273
    endloop
  endfacet
  facet normal 0 0 1
    outer loop
      vertex 99.37559509277344 6.068572044372559 7.399999618530273
      vertex 97.94358825683594 5.475412368774414 7.399999618530273
      vertex 98.12871551513672 5.09999942779541 7.399999618530273
    endloop
  endfacet
  facet normal 0 0 1
    outer loop
      vertex 99.26411437988281 6.91536808013916 7.399999618530273
      vertex 97.72737884521484 7.117683410644531 7.399999618530273
      vertex 99.25 6.699999809265137 7.399999618530273
    endloop
  endfacet
  facet normal 0 0 1
    outer loop
      vertex 99.30622100830078 6.272948265075684 7.399999618530273
      vertex 97.80903625488281 5.87177848815918 7.399999618530273
      vertex 97.94358825683594 5.475412368774414 7.399999618530273
    endloop
  endfacet
  facet normal 0 0 1
    outer loop
      vertex 97.69999694824219 6.699999809265137 7.399999618530273
      vertex 99.25 6.699999809265137 7.399999618530273
      vertex 97.72737884521484 7.117683410644531 7.399999618530273
    endloop
  endfacet
  facet normal 0 0 1
    outer loop
      vertex 99.26411437988281 6.484631538391113 7.399999618530273
      vertex 97.72737884521484 6.282315254211426 7.399999618530273
      vertex 97.80903625488281 5.87177848815918 7.399999618530273
    endloop
  endfacet
  facet normal 0 0 1
    outer loop
      vertex 99.25 6.699999809265137 7.399999618530273
      vertex 97.69999694824219 6.699999809265137 7.399999618530273
      vertex 97.72737884521484 6.282315254211426 7.399999618530273
    endloop
  endfacet
  facet normal 0.8314686826181471 -0.5555716243881098 0
    outer loop
      vertex 103.43872833251953 4.751962661743164 7.399999618530273
      vertex 103.67127990722656 5.09999942779541 3
      vertex 103.67127990722656 5.09999942779541 7.399999618530273
    endloop
  endfacet
  facet normal 0.8314686826181471 -0.5555716243881098 0
    outer loop
      vertex 103.67127990722656 5.09999942779541 3
      vertex 103.43872833251953 4.751962661743164 7.399999618530273
      vertex 103.43872833251953 4.751962661743164 3
    endloop
  endfacet
  facet normal 0.7518434408438915 0.6593416720183988 0
    outer loop
      vertex 103.43872833251953 8.648036003112793 7.399999618530273
      vertex 103.1627426147461 8.962740898132324 3
      vertex 103.1627426147461 8.962740898132324 7.399999618530273
    endloop
  endfacet
  facet normal 0.7518434408438915 0.6593416720183988 0
    outer loop
      vertex 103.1627426147461 8.962740898132324 3
      vertex 103.43872833251953 8.648036003112793 7.399999618530273
      vertex 103.43872833251953 8.648036003112793 3
    endloop
  endfacet
  facet normal 0.9807833608927676 0.19509997179878574 0
    outer loop
      vertex 104.07262420654297 7.117683410644531 7.399999618530273
      vertex 103.99095916748047 7.528220176696777 3
      vertex 103.99095916748047 7.528220176696777 7.399999618530273
    endloop
  endfacet
  facet normal 0.9807833608927676 0.19509997179878574 0
    outer loop
      vertex 103.99095916748047 7.528220176696777 3
      vertex 104.07262420654297 7.117683410644531 7.399999618530273
      vertex 104.07262420654297 7.117683410644531 3
    endloop
  endfacet
  facet normal -0.44229105313829853 -0.896871576265975 0
    outer loop
      vertex 99.30000305175781 3.9287185668945312 3
      vertex 99.6754150390625 3.743584632873535 7.399999618530273
      vertex 99.30000305175781 3.9287185668945312 7.399999618530273
    endloop
  endfacet
  facet normal -0.44229105313829853 -0.896871576265975 0
    outer loop
      vertex 99.6754150390625 3.743584632873535 7.399999618530273
      vertex 99.30000305175781 3.9287185668945312 3
      vertex 99.6754150390625 3.743584632873535 3
    endloop
  endfacet
  facet normal 0.5555689968076615 -0.8314704383116267 0
    outer loop
      vertex 102.5 3.9287185668945312 3
      vertex 102.84803771972656 4.161269187927246 7.399999618530273
      vertex 102.5 3.9287185668945312 7.399999618530273
    endloop
  endfacet
  facet normal 0.5555689968076615 -0.8314704383116267 0
    outer loop
      vertex 102.84803771972656 4.161269187927246 7.399999618530273
      vertex 102.5 3.9287185668945312 3
      vertex 102.84803771972656 4.161269187927246 3
    endloop
  endfacet
  facet normal 0.9978592700618377 -0.06539783751513786 0
    outer loop
      vertex 104.07262420654297 6.282315254211426 7.399999618530273
      vertex 104.0999984741211 6.699999809265137 3
      vertex 104.0999984741211 6.699999809265137 7.399999618530273
    endloop
  endfacet
  facet normal 0.9978592700618377 -0.06539783751513786 0
    outer loop
      vertex 104.0999984741211 6.699999809265137 3
      vertex 104.07262420654297 6.282315254211426 7.399999618530273
      vertex 104.07262420654297 6.282315254211426 3
    endloop
  endfacet
  facet normal 0.06540553552257819 -0.9978587655189509 0
    outer loop
      vertex 100.9000015258789 3.4999990463256836 3
      vertex 101.31768035888672 3.527376174926758 7.399999618530273
      vertex 100.9000015258789 3.4999990463256836 7.399999618530273
    endloop
  endfacet
  facet normal 0.06540553552257819 -0.9978587655189509 0
    outer loop
      vertex 101.31768035888672 3.527376174926758 7.399999618530273
      vertex 100.9000015258789 3.4999990463256836 3
      vertex 101.31768035888672 3.527376174926758 3
    endloop
  endfacet
  facet normal 0.44229105313829853 -0.896871576265975 0
    outer loop
      vertex 102.12458801269531 3.743584632873535 3
      vertex 102.5 3.9287185668945312 7.399999618530273
      vertex 102.12458801269531 3.743584632873535 7.399999618530273
    endloop
  endfacet
  facet normal 0.44229105313829853 -0.896871576265975 0
    outer loop
      vertex 102.5 3.9287185668945312 7.399999618530273
      vertex 102.12458801269531 3.743584632873535 3
      vertex 102.5 3.9287185668945312 3
    endloop
  endfacet
  facet normal 0.9978592603175697 0.06539798619585116 0
    outer loop
      vertex 104.0999984741211 6.699999809265137 7.399999618530273
      vertex 104.07262420654297 7.117683410644531 3
      vertex 104.07262420654297 7.117683410644531 7.399999618530273
    endloop
  endfacet
  facet normal 0.9978592603175697 0.06539798619585116 0
    outer loop
      vertex 104.07262420654297 7.117683410644531 3
      vertex 104.0999984741211 6.699999809265137 7.399999618530273
      vertex 104.0999984741211 6.699999809265137 3
    endloop
  endfacet
  facet normal -0.751834405387273 -0.659351974954171 0
    outer loop
      vertex 98.63726043701172 4.437257766723633 3
      vertex 98.36126708984375 4.751962661743164 7.399999618530273
      vertex 98.36126708984375 4.751962661743164 3
    endloop
  endfacet
  facet normal -0.751834405387273 -0.659351974954171 0
    outer loop
      vertex 98.36126708984375 4.751962661743164 7.399999618530273
      vertex 98.63726043701172 4.437257766723633 3
      vertex 98.63726043701172 4.437257766723633 7.399999618530273
    endloop
  endfacet
  facet normal 0.19509076930837166 0.9807851914311654 0
    outer loop
      vertex 101.72821807861328 9.790962219238281 3
      vertex 101.31768035888672 9.872623443603516 7.399999618530273
      vertex 101.72821807861328 9.790962219238281 7.399999618530273
    endloop
  endfacet
  facet normal 0.19509076930837166 0.9807851914311654 0
    outer loop
      vertex 101.31768035888672 9.872623443603516 7.399999618530273
      vertex 101.72821807861328 9.790962219238281 3
      vertex 101.31768035888672 9.872623443603516 3
    endloop
  endfacet
  facet normal -0.8314686826181471 -0.5555716243881098 0
    outer loop
      vertex 98.36126708984375 4.751962661743164 3
      vertex 98.12871551513672 5.09999942779541 7.399999618530273
      vertex 98.12871551513672 5.09999942779541 3
    endloop
  endfacet
  facet normal -0.8314686826181471 -0.5555716243881098 0
    outer loop
      vertex 98.12871551513672 5.09999942779541 7.399999618530273
      vertex 98.36126708984375 4.751962661743164 3
      vertex 98.36126708984375 4.751962661743164 7.399999618530273
    endloop
  endfacet
  facet normal 0.8968711181870404 0.4422919820231063 0
    outer loop
      vertex 103.85641479492188 7.924586296081543 7.399999618530273
      vertex 103.67127990722656 8.299999237060547 3
      vertex 103.67127990722656 8.299999237060547 7.399999618530273
    endloop
  endfacet
  facet normal 0.8968711181870404 0.4422919820231063 0
    outer loop
      vertex 103.67127990722656 8.299999237060547 3
      vertex 103.85641479492188 7.924586296081543 7.399999618530273
      vertex 103.85641479492188 7.924586296081543 3
    endloop
  endfacet
  facet normal 0.44228922047202013 0.8968724800406426 0
    outer loop
      vertex 102.5 9.471281051635742 3
      vertex 102.12458801269531 9.656414031982422 7.399999618530273
      vertex 102.5 9.471281051635742 7.399999618530273
    endloop
  endfacet
  facet normal 0.44228922047202013 0.8968724800406426 0
    outer loop
      vertex 102.12458801269531 9.656414031982422 7.399999618530273
      vertex 102.5 9.471281051635742 3
      vertex 102.12458801269531 9.656414031982422 3
    endloop
  endfacet
  facet normal 0.9469328889026749 -0.3214313362359592 0
    outer loop
      vertex 103.85641479492188 5.475412368774414 7.399999618530273
      vertex 103.99095916748047 5.87177848815918 3
      vertex 103.99095916748047 5.87177848815918 7.399999618530273
    endloop
  endfacet
  facet normal 0.9469328889026749 -0.3214313362359592 0
    outer loop
      vertex 103.99095916748047 5.87177848815918 3
      vertex 103.85641479492188 5.475412368774414 7.399999618530273
      vertex 103.85641479492188 5.475412368774414 3
    endloop
  endfacet
  facet normal -0.8968783483199554 -0.4422773205974605 0
    outer loop
      vertex 98.12871551513672 5.09999942779541 3
      vertex 97.94358825683594 5.475412368774414 7.399999618530273
      vertex 97.94358825683594 5.475412368774414 3
    endloop
  endfacet
  facet normal -0.8968783483199554 -0.4422773205974605 0
    outer loop
      vertex 97.94358825683594 5.475412368774414 7.399999618530273
      vertex 98.12871551513672 5.09999942779541 3
      vertex 98.12871551513672 5.09999942779541 7.399999618530273
    endloop
  endfacet
  facet normal 0.06540326688591185 0.9978589142161582 0
    outer loop
      vertex 101.31768035888672 9.872623443603516 3
      vertex 100.9000015258789 9.899999618530273 7.399999618530273
      vertex 101.31768035888672 9.872623443603516 7.399999618530273
    endloop
  endfacet
  facet normal 0.06540326688591185 0.9978589142161582 0
    outer loop
      vertex 100.9000015258789 9.899999618530273 7.399999618530273
      vertex 101.31768035888672 9.872623443603516 3
      vertex 100.9000015258789 9.899999618530273 3
    endloop
  endfacet
  facet normal -0.9978580804552041 -0.06541598635085603 0
    outer loop
      vertex 97.72737884521484 6.282315254211426 3
      vertex 97.69999694824219 6.699999809265137 7.399999618530273
      vertex 97.69999694824219 6.699999809265137 3
    endloop
  endfacet
  facet normal -0.9978580804552041 -0.06541598635085603 0
    outer loop
      vertex 97.69999694824219 6.699999809265137 7.399999618530273
      vertex 97.72737884521484 6.282315254211426 3
      vertex 97.72737884521484 6.282315254211426 7.399999618530273
    endloop
  endfacet
  facet normal -0.5555689968076615 0.8314704383116267 0
    outer loop
      vertex 99.30000305175781 9.471281051635742 3
      vertex 98.95196533203125 9.238730430603027 7.399999618530273
      vertex 99.30000305175781 9.471281051635742 7.399999618530273
    endloop
  endfacet
  facet normal -0.5555689968076615 0.8314704383116267 0
    outer loop
      vertex 98.95196533203125 9.238730430603027 7.399999618530273
      vertex 99.30000305175781 9.471281051635742 3
      vertex 98.95196533203125 9.238730430603027 3
    endloop
  endfacet
  facet normal -0.8968783483199554 0.4422773205974605 0
    outer loop
      vertex 97.94358825683594 7.924586296081543 3
      vertex 98.12871551513672 8.299999237060547 7.399999618530273
      vertex 98.12871551513672 8.299999237060547 3
    endloop
  endfacet
  facet normal -0.8968783483199554 0.4422773205974605 0
    outer loop
      vertex 98.12871551513672 8.299999237060547 7.399999618530273
      vertex 97.94358825683594 7.924586296081543 3
      vertex 97.94358825683594 7.924586296081543 7.399999618530273
    endloop
  endfacet
  facet normal -0.19509076930837166 0.9807851914311654 0
    outer loop
      vertex 100.48231506347656 9.872623443603516 3
      vertex 100.07177734375 9.790962219238281 7.399999618530273
      vertex 100.48231506347656 9.872623443603516 7.399999618530273
    endloop
  endfacet
  facet normal -0.19509076930837166 0.9807851914311654 0
    outer loop
      vertex 100.07177734375 9.790962219238281 7.399999618530273
      vertex 100.48231506347656 9.872623443603516 3
      vertex 100.07177734375 9.790962219238281 3
    endloop
  endfacet
  facet normal 0.9807833608927676 -0.19509997179878574 0
    outer loop
      vertex 103.99095916748047 5.87177848815918 7.399999618530273
      vertex 104.07262420654297 6.282315254211426 3
      vertex 104.07262420654297 6.282315254211426 7.399999618530273
    endloop
  endfacet
  facet normal 0.9807833608927676 -0.19509997179878574 0
    outer loop
      vertex 104.07262420654297 6.282315254211426 3
      vertex 103.99095916748047 5.87177848815918 7.399999618530273
      vertex 103.99095916748047 5.87177848815918 3
    endloop
  endfacet
  facet normal 0.32143673413685353 0.946931056596748 0
    outer loop
      vertex 102.12458801269531 9.656414031982422 3
      vertex 101.72821807861328 9.790962219238281 7.399999618530273
      vertex 102.12458801269531 9.656414031982422 7.399999618530273
    endloop
  endfacet
  facet normal 0.32143673413685353 0.946931056596748 0
    outer loop
      vertex 101.72821807861328 9.790962219238281 7.399999618530273
      vertex 102.12458801269531 9.656414031982422 3
      vertex 101.72821807861328 9.790962219238281 3
    endloop
  endfacet
  facet normal -0.9807868484667702 0.19508243866278896 0
    outer loop
      vertex 97.72737884521484 7.117683410644531 3
      vertex 97.80903625488281 7.528220176696777 7.399999618530273
      vertex 97.80903625488281 7.528220176696777 3
    endloop
  endfacet
  facet normal -0.9807868484667702 0.19508243866278896 0
    outer loop
      vertex 97.80903625488281 7.528220176696777 7.399999618530273
      vertex 97.72737884521484 7.117683410644531 3
      vertex 97.72737884521484 7.117683410644531 7.399999618530273
    endloop
  endfacet
  facet normal -0.9978580707055386 0.06541613507247575 0
    outer loop
      vertex 97.69999694824219 6.699999809265137 3
      vertex 97.72737884521484 7.117683410644531 7.399999618530273
      vertex 97.72737884521484 7.117683410644531 3
    endloop
  endfacet
  facet normal -0.9978580707055386 0.06541613507247575 0
    outer loop
      vertex 97.72737884521484 7.117683410644531 7.399999618530273
      vertex 97.69999694824219 6.699999809265137 3
      vertex 97.69999694824219 6.699999809265137 7.399999618530273
    endloop
  endfacet
  facet normal 0.7518434408438915 -0.6593416720183988 0
    outer loop
      vertex 103.1627426147461 4.437257766723633 7.399999618530273
      vertex 103.43872833251953 4.751962661743164 3
      vertex 103.43872833251953 4.751962661743164 7.399999618530273
    endloop
  endfacet
  facet normal 0.7518434408438915 -0.6593416720183988 0
    outer loop
      vertex 103.43872833251953 4.751962661743164 3
      vertex 103.1627426147461 4.437257766723633 7.399999618530273
      vertex 103.1627426147461 4.437257766723633 3
    endloop
  endfacet
  facet normal 0.5555689968076615 0.8314704383116267 0
    outer loop
      vertex 102.84803771972656 9.238730430603027 3
      vertex 102.5 9.471281051635742 7.399999618530273
      vertex 102.84803771972656 9.238730430603027 7.399999618530273
    endloop
  endfacet
  facet normal 0.5555689968076615 0.8314704383116267 0
    outer loop
      vertex 102.5 9.471281051635742 7.399999618530273
      vertex 102.84803771972656 9.238730430603027 3
      vertex 102.5 9.471281051635742 3
    endloop
  endfacet
  facet normal 0.19508857766942062 -0.9807856273737511 0
    outer loop
      vertex 101.31768035888672 3.527376174926758 3
      vertex 101.72821807861328 3.609036445617676 7.399999618530273
      vertex 101.31768035888672 3.527376174926758 7.399999618530273
    endloop
  endfacet
  facet normal 0.19508857766942062 -0.9807856273737511 0
    outer loop
      vertex 101.72821807861328 3.609036445617676 7.399999618530273
      vertex 101.31768035888672 3.527376174926758 3
      vertex 101.72821807861328 3.609036445617676 3
    endloop
  endfacet
  facet normal 0.8968711181870404 -0.4422919820231063 0
    outer loop
      vertex 103.67127990722656 5.09999942779541 7.399999618530273
      vertex 103.85641479492188 5.475412368774414 3
      vertex 103.85641479492188 5.475412368774414 7.399999618530273
    endloop
  endfacet
  facet normal 0.8968711181870404 -0.4422919820231063 0
    outer loop
      vertex 103.85641479492188 5.475412368774414 3
      vertex 103.67127990722656 5.09999942779541 7.399999618530273
      vertex 103.67127990722656 5.09999942779541 3
    endloop
  endfacet
  facet normal 0.9469328889026749 0.3214313362359592 0
    outer loop
      vertex 103.99095916748047 7.528220176696777 7.399999618530273
      vertex 103.85641479492188 7.924586296081543 3
      vertex 103.85641479492188 7.924586296081543 7.399999618530273
    endloop
  endfacet
  facet normal 0.9469328889026749 0.3214313362359592 0
    outer loop
      vertex 103.85641479492188 7.924586296081543 3
      vertex 103.99095916748047 7.528220176696777 7.399999618530273
      vertex 103.99095916748047 7.528220176696777 3
    endloop
  endfacet
  facet normal -0.6593468235327169 0.751838923106084 0
    outer loop
      vertex 98.95196533203125 9.238730430603027 3
      vertex 98.63726043701172 8.962740898132324 7.399999618530273
      vertex 98.95196533203125 9.238730430603027 7.399999618530273
    endloop
  endfacet
  facet normal -0.6593468235327169 0.751838923106084 0
    outer loop
      vertex 98.63726043701172 8.962740898132324 7.399999618530273
      vertex 98.95196533203125 9.238730430603027 3
      vertex 98.63726043701172 8.962740898132324 3
    endloop
  endfacet
  facet normal -0.8314686826181471 0.5555716243881098 0
    outer loop
      vertex 98.12871551513672 8.299999237060547 3
      vertex 98.36126708984375 8.648036003112793 7.399999618530273
      vertex 98.36126708984375 8.648036003112793 3
    endloop
  endfacet
  facet normal -0.8314686826181471 0.5555716243881098 0
    outer loop
      vertex 98.36126708984375 8.648036003112793 7.399999618530273
      vertex 98.12871551513672 8.299999237060547 3
      vertex 98.12871551513672 8.299999237060547 7.399999618530273
    endloop
  endfacet
  facet normal -0.0654020773502965 0.9978589921818943 0
    outer loop
      vertex 100.9000015258789 9.899999618530273 3
      vertex 100.48231506347656 9.872623443603516 7.399999618530273
      vertex 100.9000015258789 9.899999618530273 7.399999618530273
    endloop
  endfacet
  facet normal -0.0654020773502965 0.9978589921818943 0
    outer loop
      vertex 100.48231506347656 9.872623443603516 7.399999618530273
      vertex 100.9000015258789 9.899999618530273 3
      vertex 100.48231506347656 9.872623443603516 3
    endloop
  endfacet
  facet normal -0.9469273410022105 -0.32144767982127875 0
    outer loop
      vertex 97.94358825683594 5.475412368774414 3
      vertex 97.80903625488281 5.87177848815918 7.399999618530273
      vertex 97.80903625488281 5.87177848815918 3
    endloop
  endfacet
  facet normal -0.9469273410022105 -0.32144767982127875 0
    outer loop
      vertex 97.80903625488281 5.87177848815918 7.399999618530273
      vertex 97.94358825683594 5.475412368774414 3
      vertex 97.94358825683594 5.475412368774414 7.399999618530273
    endloop
  endfacet
  facet normal -0.5555689968076615 -0.8314704383116267 0
    outer loop
      vertex 98.95196533203125 4.161269187927246 3
      vertex 99.30000305175781 3.9287185668945312 7.399999618530273
      vertex 98.95196533203125 4.161269187927246 7.399999618530273
    endloop
  endfacet
  facet normal -0.5555689968076615 -0.8314704383116267 0
    outer loop
      vertex 99.30000305175781 3.9287185668945312 7.399999618530273
      vertex 98.95196533203125 4.161269187927246 3
      vertex 99.30000305175781 3.9287185668945312 3
    endloop
  endfacet
  facet normal -0.3214422820373189 0.946929173338028 0
    outer loop
      vertex 100.07177734375 9.790962219238281 3
      vertex 99.6754150390625 9.656414031982422 7.399999618530273
      vertex 100.07177734375 9.790962219238281 7.399999618530273
    endloop
  endfacet
  facet normal -0.3214422820373189 0.946929173338028 0
    outer loop
      vertex 99.6754150390625 9.656414031982422 7.399999618530273
      vertex 100.07177734375 9.790962219238281 3
      vertex 99.6754150390625 9.656414031982422 3
    endloop
  endfacet
  facet normal -0.44228922047202013 0.8968724800406426 0
    outer loop
      vertex 99.6754150390625 9.656414031982422 3
      vertex 99.30000305175781 9.471281051635742 7.399999618530273
      vertex 99.6754150390625 9.656414031982422 7.399999618530273
    endloop
  endfacet
  facet normal -0.44228922047202013 0.8968724800406426 0
    outer loop
      vertex 99.30000305175781 9.471281051635742 7.399999618530273
      vertex 99.6754150390625 9.656414031982422 3
      vertex 99.30000305175781 9.471281051635742 3
    endloop
  endfacet
  facet normal -0.751834405387273 0.659351974954171 0
    outer loop
      vertex 98.36126708984375 8.648036003112793 3
      vertex 98.63726043701172 8.962740898132324 7.399999618530273
      vertex 98.63726043701172 8.962740898132324 3
    endloop
  endfacet
  facet normal -0.751834405387273 0.659351974954171 0
    outer loop
      vertex 98.63726043701172 8.962740898132324 7.399999618530273
      vertex 98.36126708984375 8.648036003112793 3
      vertex 98.36126708984375 8.648036003112793 7.399999618530273
    endloop
  endfacet
  facet normal 0.6593455356628434 -0.7518400525387551 0
    outer loop
      vertex 102.84803771972656 4.161269187927246 3
      vertex 103.1627426147461 4.437257766723633 7.399999618530273
      vertex 102.84803771972656 4.161269187927246 7.399999618530273
    endloop
  endfacet
  facet normal 0.6593455356628434 -0.7518400525387551 0
    outer loop
      vertex 103.1627426147461 4.437257766723633 7.399999618530273
      vertex 102.84803771972656 4.161269187927246 3
      vertex 103.1627426147461 4.437257766723633 3
    endloop
  endfacet
  facet normal 0.8314686826181471 0.5555716243881098 0
    outer loop
      vertex 103.67127990722656 8.299999237060547 7.399999618530273
      vertex 103.43872833251953 8.648036003112793 3
      vertex 103.43872833251953 8.648036003112793 7.399999618530273
    endloop
  endfacet
  facet normal 0.8314686826181471 0.5555716243881098 0
    outer loop
      vertex 103.43872833251953 8.648036003112793 3
      vertex 103.67127990722656 8.299999237060547 7.399999618530273
      vertex 103.67127990722656 8.299999237060547 3
    endloop
  endfacet
  facet normal 0.32143673413685353 -0.946931056596748 0
    outer loop
      vertex 101.72821807861328 3.609036445617676 3
      vertex 102.12458801269531 3.743584632873535 7.399999618530273
      vertex 101.72821807861328 3.609036445617676 7.399999618530273
    endloop
  endfacet
  facet normal 0.32143673413685353 -0.946931056596748 0
    outer loop
      vertex 102.12458801269531 3.743584632873535 7.399999618530273
      vertex 101.72821807861328 3.609036445617676 3
      vertex 102.12458801269531 3.743584632873535 3
    endloop
  endfacet
  facet normal -0.9807868484667702 -0.19508243866278896 0
    outer loop
      vertex 97.80903625488281 5.87177848815918 3
      vertex 97.72737884521484 6.282315254211426 7.399999618530273
      vertex 97.72737884521484 6.282315254211426 3
    endloop
  endfacet
  facet normal -0.9807868484667702 -0.19508243866278896 0
    outer loop
      vertex 97.72737884521484 6.282315254211426 7.399999618530273
      vertex 97.80903625488281 5.87177848815918 3
      vertex 97.80903625488281 5.87177848815918 7.399999618530273
    endloop
  endfacet
  facet normal -0.9469273410022105 0.32144767982127875 0
    outer loop
      vertex 97.80903625488281 7.528220176696777 3
      vertex 97.94358825683594 7.924586296081543 7.399999618530273
      vertex 97.94358825683594 7.924586296081543 3
    endloop
  endfacet
  facet normal -0.9469273410022105 0.32144767982127875 0
    outer loop
      vertex 97.94358825683594 7.924586296081543 7.399999618530273
      vertex 97.80903625488281 7.528220176696777 3
      vertex 97.80903625488281 7.528220176696777 7.399999618530273
    endloop
  endfacet
  facet normal -0.06540434594605606 -0.9978588434900842 0
    outer loop
      vertex 100.48231506347656 3.527376174926758 3
      vertex 100.9000015258789 3.4999990463256836 7.399999618530273
      vertex 100.48231506347656 3.527376174926758 7.399999618530273
    endloop
  endfacet
  facet normal -0.06540434594605606 -0.9978588434900842 0
    outer loop
      vertex 100.9000015258789 3.4999990463256836 7.399999618530273
      vertex 100.48231506347656 3.527376174926758 3
      vertex 100.9000015258789 3.4999990463256836 3
    endloop
  endfacet
  facet normal -0.19508857766942062 -0.9807856273737511 0
    outer loop
      vertex 100.07177734375 3.609036445617676 3
      vertex 100.48231506347656 3.527376174926758 7.399999618530273
      vertex 100.07177734375 3.609036445617676 7.399999618530273
    endloop
  endfacet
  facet normal -0.19508857766942062 -0.9807856273737511 0
    outer loop
      vertex 100.48231506347656 3.527376174926758 7.399999618530273
      vertex 100.07177734375 3.609036445617676 3
      vertex 100.48231506347656 3.527376174926758 3
    endloop
  endfacet
  facet normal -0.6593455356628434 -0.7518400525387551 0
    outer loop
      vertex 98.63726043701172 4.437257766723633 3
      vertex 98.95196533203125 4.161269187927246 7.399999618530273
      vertex 98.63726043701172 4.437257766723633 7.399999618530273
    endloop
  endfacet
  facet normal -0.6593455356628434 -0.7518400525387551 0
    outer loop
      vertex 98.95196533203125 4.161269187927246 7.399999618530273
      vertex 98.63726043701172 4.437257766723633 3
      vertex 98.95196533203125 4.161269187927246 3
    endloop
  endfacet
  facet normal 0.5555663763379082 -0.8314721892419288 0
    outer loop
      vertex 8 51.82872009277344 3
      vertex 8.34803581237793 52.0612678527832 7.399999618530273
      vertex 8 51.82872009277344 7.399999618530273
    endloop
  endfacet
  facet normal 0.5555663763379082 -0.8314721892419288 0
    outer loop
      vertex 8.34803581237793 52.0612678527832 7.399999618530273
      vertex 8 51.82872009277344 3
      vertex 8.34803581237793 52.0612678527832 3
    endloop
  endfacet
  facet normal 0.4422837475896135 0.8968751789508321 0
    outer loop
      vertex 8 57.371280670166016 3
      vertex 7.62458610534668 57.55641174316406 7.399999618530273
      vertex 8 57.371280670166016 7.399999618530273
    endloop
  endfacet
  facet normal 0.4422837475896135 0.8968751789508321 0
    outer loop
      vertex 7.62458610534668 57.55641174316406 7.399999618530273
      vertex 8 57.371280670166016 3
      vertex 7.62458610534668 57.55641174316406 3
    endloop
  endfacet
  facet normal -0.06539798619585116 -0.9978592603175697 0
    outer loop
      vertex 5.982316017150879 51.42737579345703 3
      vertex 6.399999618530273 51.400001525878906 7.399999618530273
      vertex 5.982316017150879 51.42737579345703 7.399999618530273
    endloop
  endfacet
  facet normal -0.06539798619585116 -0.9978592603175697 0
    outer loop
      vertex 6.399999618530273 51.400001525878906 7.399999618530273
      vertex 5.982316017150879 51.42737579345703 3
      vertex 6.399999618530273 51.400001525878906 3
    endloop
  endfacet
  facet normal 0.946930114979577 -0.3214395080645268 0
    outer loop
      vertex 9.356413841247559 53.37541198730469 7.399999618530273
      vertex 9.490962028503418 53.77177810668945 3
      vertex 9.490962028503418 53.77177810668945 7.399999618530273
    endloop
  endfacet
  facet normal 0.946930114979577 -0.3214395080645268 0
    outer loop
      vertex 9.490962028503418 53.77177810668945 3
      vertex 9.356413841247559 53.37541198730469 7.399999618530273
      vertex 9.356413841247559 53.37541198730469 3
    endloop
  endfacet
  facet normal -0.9807851914311654 0.19509076930837166 0
    outer loop
      vertex 3.2273759841918945 55.01768493652344 3
      vertex 3.309037208557129 55.42822265625 7.399999618530273
      vertex 3.309037208557129 55.42822265625 3
    endloop
  endfacet
  facet normal -0.9807851914311654 0.19509076930837166 0
    outer loop
      vertex 3.309037208557129 55.42822265625 7.399999618530273
      vertex 3.2273759841918945 55.01768493652344 3
      vertex 3.2273759841918945 55.01768493652344 7.399999618530273
    endloop
  endfacet
  facet normal 0.5555726768525947 0.8314679793803501 0
    outer loop
      vertex 8.34803581237793 57.138729095458984 3
      vertex 8 57.371280670166016 7.399999618530273
      vertex 8.34803581237793 57.138729095458984 7.399999618530273
    endloop
  endfacet
  facet normal 0.5555726768525947 0.8314679793803501 0
    outer loop
      vertex 8 57.371280670166016 7.399999618530273
      vertex 8.34803581237793 57.138729095458984 3
      vertex 8 57.371280670166016 3
    endloop
  endfacet
  facet normal 0.6593456941018302 0.7518399135915674 0
    outer loop
      vertex 8.662741661071777 56.86273956298828 3
      vertex 8.34803581237793 57.138729095458984 7.399999618530273
      vertex 8.662741661071777 56.86273956298828 7.399999618530273
    endloop
  endfacet
  facet normal 0.6593456941018302 0.7518399135915674 0
    outer loop
      vertex 8.34803581237793 57.138729095458984 7.399999618530273
      vertex 8.662741661071777 56.86273956298828 3
      vertex 8.34803581237793 57.138729095458984 3
    endloop
  endfacet
  facet normal -0.8314676253648351 0.5555732066705182 0
    outer loop
      vertex 3.628718376159668 56.20000076293945 3
      vertex 3.861268997192383 56.54803466796875 7.399999618530273
      vertex 3.861268997192383 56.54803466796875 3
    endloop
  endfacet
  facet normal -0.8314676253648351 0.5555732066705182 0
    outer loop
      vertex 3.861268997192383 56.54803466796875 7.399999618530273
      vertex 3.628718376159668 56.20000076293945 3
      vertex 3.628718376159668 56.20000076293945 7.399999618530273
    endloop
  endfacet
  facet normal 0.3214483733238138 0.9469271055828289 0
    outer loop
      vertex 7.62458610534668 57.55641174316406 3
      vertex 7.2282209396362305 57.69096374511719 7.399999618530273
      vertex 7.62458610534668 57.55641174316406 7.399999618530273
    endloop
  endfacet
  facet normal 0.3214483733238138 0.9469271055828289 0
    outer loop
      vertex 7.2282209396362305 57.69096374511719 7.399999618530273
      vertex 7.62458610534668 57.55641174316406 3
      vertex 7.2282209396362305 57.69096374511719 3
    endloop
  endfacet
  facet normal 0.8968742627889191 0.4422856054031523 0
    outer loop
      vertex 9.356413841247559 55.8245849609375 7.399999618530273
      vertex 9.171280860900879 56.20000076293945 3
      vertex 9.171280860900879 56.20000076293945 7.399999618530273
    endloop
  endfacet
  facet normal 0.8968742627889191 0.4422856054031523 0
    outer loop
      vertex 9.171280860900879 56.20000076293945 3
      vertex 9.356413841247559 55.8245849609375 7.399999618530273
      vertex 9.356413841247559 55.8245849609375 3
    endloop
  endfacet
  facet normal 0.7518400525387551 -0.6593455356628434 0
    outer loop
      vertex 8.662741661071777 52.337257385253906 7.399999618530273
      vertex 8.938730239868164 52.65196228027344 3
      vertex 8.938730239868164 52.65196228027344 7.399999618530273
    endloop
  endfacet
  facet normal 0.7518400525387551 -0.6593455356628434 0
    outer loop
      vertex 8.938730239868164 52.65196228027344 3
      vertex 8.662741661071777 52.337257385253906 7.399999618530273
      vertex 8.662741661071777 52.337257385253906 3
    endloop
  endfacet
  facet normal 0.9807851914311654 0.19509076930837166 0
    outer loop
      vertex 9.572623252868652 55.01768493652344 7.399999618530273
      vertex 9.490962028503418 55.42822265625 3
      vertex 9.490962028503418 55.42822265625 7.399999618530273
    endloop
  endfacet
  facet normal 0.9807851914311654 0.19509076930837166 0
    outer loop
      vertex 9.490962028503418 55.42822265625 3
      vertex 9.572623252868652 55.01768493652344 7.399999618530273
      vertex 9.572623252868652 55.01768493652344 3
    endloop
  endfacet
  facet normal -0.06540706064227712 0.9978586655524606 0
    outer loop
      vertex 6.399999618530273 57.79999923706055 3
      vertex 5.982316017150879 57.772621154785156 7.399999618530273
      vertex 6.399999618530273 57.79999923706055 7.399999618530273
    endloop
  endfacet
  facet normal -0.06540706064227712 0.9978586655524606 0
    outer loop
      vertex 5.982316017150879 57.772621154785156 7.399999618530273
      vertex 6.399999618530273 57.79999923706055 3
      vertex 5.982316017150879 57.772621154785156 3
    endloop
  endfacet
  facet normal 0.6593456941018302 -0.7518399135915674 0
    outer loop
      vertex 8.34803581237793 52.0612678527832 3
      vertex 8.662741661071777 52.337257385253906 7.399999618530273
      vertex 8.34803581237793 52.0612678527832 7.399999618530273
    endloop
  endfacet
  facet normal 0.6593456941018302 -0.7518399135915674 0
    outer loop
      vertex 8.662741661071777 52.337257385253906 7.399999618530273
      vertex 8.34803581237793 52.0612678527832 3
      vertex 8.662741661071777 52.337257385253906 3
    endloop
  endfacet
  facet normal 0.9978589531995581 -0.065402672112707 0
    outer loop
      vertex 9.572623252868652 54.182315826416016 7.399999618530273
      vertex 9.59999942779541 54.599998474121094 3
      vertex 9.59999942779541 54.599998474121094 7.399999618530273
    endloop
  endfacet
  facet normal 0.9978589531995581 -0.065402672112707 0
    outer loop
      vertex 9.59999942779541 54.599998474121094 3
      vertex 9.572623252868652 54.182315826416016 7.399999618530273
      vertex 9.572623252868652 54.182315826416016 3
    endloop
  endfacet
  facet normal 0 0 1
    outer loop
      vertex 8.049999237060547 54.599998474121094 7.399999618530273
      vertex 9.59999942779541 54.599998474121094 7.399999618530273
      vertex 9.572623252868652 55.01768493652344 7.399999618530273
    endloop
  endfacet
  facet normal 0 0 1
    outer loop
      vertex 8.035883903503418 54.81536865234375 7.399999618530273
      vertex 9.572623252868652 55.01768493652344 7.399999618530273
      vertex 9.490962028503418 55.42822265625 7.399999618530273
    endloop
  endfacet
  facet normal 0 0 1
    outer loop
      vertex 9.59999942779541 54.599998474121094 7.399999618530273
      vertex 8.049999237060547 54.599998474121094 7.399999618530273
      vertex 9.572623252868652 54.182315826416016 7.399999618530273
    endloop
  endfacet
  facet normal 0 0 1
    outer loop
      vertex 7.993777275085449 55.02705001831055 7.399999618530273
      vertex 9.490962028503418 55.42822265625 7.399999618530273
      vertex 9.356413841247559 55.8245849609375 7.399999618530273
    endloop
  endfacet
  facet normal 0 0 1
    outer loop
      vertex 8.035883903503418 54.3846321105957 7.399999618530273
      vertex 9.572623252868652 54.182315826416016 7.399999618530273
      vertex 8.049999237060547 54.599998474121094 7.399999618530273
    endloop
  endfacet
  facet normal 0 0 1
    outer loop
      vertex 7.924400329589844 55.23142623901367 7.399999618530273
      vertex 9.356413841247559 55.8245849609375 7.399999618530273
      vertex 9.171280860900879 56.20000076293945 7.399999618530273
    endloop
  endfacet
  facet normal 0 0 1
    outer loop
      vertex 9.572623252868652 54.182315826416016 7.399999618530273
      vertex 8.035883903503418 54.3846321105957 7.399999618530273
      vertex 9.490962028503418 53.77177810668945 7.399999618530273
    endloop
  endfacet
  facet normal 0 0 1
    outer loop
      vertex 7.828941345214844 55.42499923706055 7.399999618530273
      vertex 9.171280860900879 56.20000076293945 7.399999618530273
      vertex 8.938730239868164 56.54803466796875 7.399999618530273
    endloop
  endfacet
  facet normal 0 0 1
    outer loop
      vertex 7.993777275085449 54.17294692993164 7.399999618530273
      vertex 9.490962028503418 53.77177810668945 7.399999618530273
      vertex 8.035883903503418 54.3846321105957 7.399999618530273
    endloop
  endfacet
  facet normal 0 0 1
    outer loop
      vertex 7.70903205871582 55.604454040527344 7.399999618530273
      vertex 8.938730239868164 56.54803466796875 7.399999618530273
      vertex 8.662741661071777 56.86273956298828 7.399999618530273
    endloop
  endfacet
  facet normal 0 0 1
    outer loop
      vertex 9.490962028503418 53.77177810668945 7.399999618530273
      vertex 7.993777275085449 54.17294692993164 7.399999618530273
      vertex 9.356413841247559 53.37541198730469 7.399999618530273
    endloop
  endfacet
  facet normal 0 0 1
    outer loop
      vertex 7.566725730895996 55.7667236328125 7.399999618530273
      vertex 8.662741661071777 56.86273956298828 7.399999618530273
      vertex 8.34803581237793 57.138729095458984 7.399999618530273
    endloop
  endfacet
  facet normal 0 0 1
    outer loop
      vertex 7.924400329589844 53.968570709228516 7.399999618530273
      vertex 9.356413841247559 53.37541198730469 7.399999618530273
      vertex 7.993777275085449 54.17294692993164 7.399999618530273
    endloop
  endfacet
  facet normal 0 0 1
    outer loop
      vertex 9.356413841247559 53.37541198730469 7.399999618530273
      vertex 7.924400329589844 53.968570709228516 7.399999618530273
      vertex 9.171280860900879 53 7.399999618530273
    endloop
  endfacet
  facet normal 0 0 1
    outer loop
      vertex 9.572623252868652 55.01768493652344 7.399999618530273
      vertex 8.035883903503418 54.81536865234375 7.399999618530273
      vertex 8.049999237060547 54.599998474121094 7.399999618530273
    endloop
  endfacet
  facet normal 0 0 1
    outer loop
      vertex 7.40445613861084 55.909034729003906 7.399999618530273
      vertex 8.34803581237793 57.138729095458984 7.399999618530273
      vertex 8 57.371280670166016 7.399999618530273
    endloop
  endfacet
  facet normal 0 0 1
    outer loop
      vertex 9.490962028503418 55.42822265625 7.399999618530273
      vertex 7.993777275085449 55.02705001831055 7.399999618530273
      vertex 8.035883903503418 54.81536865234375 7.399999618530273
    endloop
  endfacet
  facet normal 0 0 1
    outer loop
      vertex 9.356413841247559 55.8245849609375 7.399999618530273
      vertex 7.924400329589844 55.23142623901367 7.399999618530273
      vertex 7.993777275085449 55.02705001831055 7.399999618530273
    endloop
  endfacet
  facet normal 0 0 1
    outer loop
      vertex 9.171280860900879 56.20000076293945 7.399999618530273
      vertex 7.828941345214844 55.42499923706055 7.399999618530273
      vertex 7.924400329589844 55.23142623901367 7.399999618530273
    endloop
  endfacet
  facet normal 0 0 1
    outer loop
      vertex 8.938730239868164 56.54803466796875 7.399999618530273
      vertex 7.70903205871582 55.604454040527344 7.399999618530273
      vertex 7.828941345214844 55.42499923706055 7.399999618530273
    endloop
  endfacet
  facet normal 0 0 1
    outer loop
      vertex 7.22499942779541 56.0289421081543 7.399999618530273
      vertex 8 57.371280670166016 7.399999618530273
      vertex 7.62458610534668 57.55641174316406 7.399999618530273
    endloop
  endfacet
  facet normal 0 0 1
    outer loop
      vertex 8.662741661071777 56.86273956298828 7.399999618530273
      vertex 7.566725730895996 55.7667236328125 7.399999618530273
      vertex 7.70903205871582 55.604454040527344 7.399999618530273
    endloop
  endfacet
  facet normal 0 0 1
    outer loop
      vertex 8.34803581237793 57.138729095458984 7.399999618530273
      vertex 7.40445613861084 55.909034729003906 7.399999618530273
      vertex 7.566725730895996 55.7667236328125 7.399999618530273
    endloop
  endfacet
  facet normal 0 0 1
    outer loop
      vertex 7.031427383422852 56.1244010925293 7.399999618530273
      vertex 7.62458610534668 57.55641174316406 7.399999618530273
      vertex 7.2282209396362305 57.69096374511719 7.399999618530273
    endloop
  endfacet
  facet normal 0 0 1
    outer loop
      vertex 8 57.371280670166016 7.399999618530273
      vertex 7.22499942779541 56.0289421081543 7.399999618530273
      vertex 7.40445613861084 55.909034729003906 7.399999618530273
    endloop
  endfacet
  facet normal 0 0 1
    outer loop
      vertex 7.62458610534668 57.55641174316406 7.399999618530273
      vertex 7.031427383422852 56.1244010925293 7.399999618530273
      vertex 7.22499942779541 56.0289421081543 7.399999618530273
    endloop
  endfacet
  facet normal 0 0 1
    outer loop
      vertex 7.2282209396362305 57.69096374511719 7.399999618530273
      vertex 6.827051162719727 56.19377899169922 7.399999618530273
      vertex 7.031427383422852 56.1244010925293 7.399999618530273
    endloop
  endfacet
  facet normal 0 0 1
    outer loop
      vertex 6.817683219909668 57.772621154785156 7.399999618530273
      vertex 6.827051162719727 56.19377899169922 7.399999618530273
      vertex 7.2282209396362305 57.69096374511719 7.399999618530273
    endloop
  endfacet
  facet normal 0 0 1
    outer loop
      vertex 6.817683219909668 57.772621154785156 7.399999618530273
      vertex 6.615367889404297 56.23588562011719 7.399999618530273
      vertex 6.827051162719727 56.19377899169922 7.399999618530273
    endloop
  endfacet
  facet normal 0 0 1
    outer loop
      vertex 6.399999618530273 57.79999923706055 7.399999618530273
      vertex 6.615367889404297 56.23588562011719 7.399999618530273
      vertex 6.817683219909668 57.772621154785156 7.399999618530273
    endloop
  endfacet
  facet normal 0 0 1
    outer loop
      vertex 6.399999618530273 57.79999923706055 7.399999618530273
      vertex 6.399999618530273 56.25 7.399999618530273
      vertex 6.615367889404297 56.23588562011719 7.399999618530273
    endloop
  endfacet
  facet normal 0 0 1
    outer loop
      vertex 6.399999618530273 57.79999923706055 7.399999618530273
      vertex 6.18463134765625 56.23588562011719 7.399999618530273
      vertex 6.399999618530273 56.25 7.399999618530273
    endloop
  endfacet
  facet normal 0 0 1
    outer loop
      vertex 5.982316017150879 57.772621154785156 7.399999618530273
      vertex 6.18463134765625 56.23588562011719 7.399999618530273
      vertex 6.399999618530273 57.79999923706055 7.399999618530273
    endloop
  endfacet
  facet normal 0 0 1
    outer loop
      vertex 5.982316017150879 57.772621154785156 7.399999618530273
      vertex 5.97294807434082 56.19377899169922 7.399999618530273
      vertex 6.18463134765625 56.23588562011719 7.399999618530273
    endloop
  endfacet
  facet normal 0 0 1
    outer loop
      vertex 5.571778297424316 57.69096374511719 7.399999618530273
      vertex 5.97294807434082 56.19377899169922 7.399999618530273
      vertex 5.982316017150879 57.772621154785156 7.399999618530273
    endloop
  endfacet
  facet normal 0 0 1
    outer loop
      vertex 5.97294807434082 56.19377899169922 7.399999618530273
      vertex 5.571778297424316 57.69096374511719 7.399999618530273
      vertex 5.768571853637695 56.1244010925293 7.399999618530273
    endloop
  endfacet
  facet normal 0 0 1
    outer loop
      vertex 5.175412178039551 57.55641174316406 7.399999618530273
      vertex 5.768571853637695 56.1244010925293 7.399999618530273
      vertex 5.571778297424316 57.69096374511719 7.399999618530273
    endloop
  endfacet
  facet normal 0 0 1
    outer loop
      vertex 5.768571853637695 56.1244010925293 7.399999618530273
      vertex 5.175412178039551 57.55641174316406 7.399999618530273
      vertex 5.574999809265137 56.0289421081543 7.399999618530273
    endloop
  endfacet
  facet normal 0 0 1
    outer loop
      vertex 4.799999237060547 57.371280670166016 7.399999618530273
      vertex 5.574999809265137 56.0289421081543 7.399999618530273
      vertex 5.175412178039551 57.55641174316406 7.399999618530273
    endloop
  endfacet
  facet normal 0 0 1
    outer loop
      vertex 5.574999809265137 56.0289421081543 7.399999618530273
      vertex 4.799999237060547 57.371280670166016 7.399999618530273
      vertex 5.395543098449707 55.909034729003906 7.399999618530273
    endloop
  endfacet
  facet normal 0 0 1
    outer loop
      vertex 4.451963424682617 57.138729095458984 7.399999618530273
      vertex 5.395543098449707 55.909034729003906 7.399999618530273
      vertex 4.799999237060547 57.371280670166016 7.399999618530273
    endloop
  endfacet
  facet normal 0 0 1
    outer loop
      vertex 5.395543098449707 55.909034729003906 7.399999618530273
      vertex 4.451963424682617 57.138729095458984 7.399999618530273
      vertex 5.233273506164551 55.7667236328125 7.399999618530273
    endloop
  endfacet
  facet normal 0 0 1
    outer loop
      vertex 4.1372575759887695 56.86273956298828 7.399999618530273
      vertex 5.233273506164551 55.7667236328125 7.399999618530273
      vertex 4.451963424682617 57.138729095458984 7.399999618530273
    endloop
  endfacet
  facet normal 0 0 1
    outer loop
      vertex 5.233273506164551 55.7667236328125 7.399999618530273
      vertex 4.1372575759887695 56.86273956298828 7.399999618530273
      vertex 5.09096622467041 55.604454040527344 7.399999618530273
    endloop
  endfacet
  facet normal 0 0 1
    outer loop
      vertex 3.861268997192383 56.54803466796875 7.399999618530273
      vertex 5.09096622467041 55.604454040527344 7.399999618530273
      vertex 4.1372575759887695 56.86273956298828 7.399999618530273
    endloop
  endfacet
  facet normal 0 0 1
    outer loop
      vertex 5.09096622467041 55.604454040527344 7.399999618530273
      vertex 3.861268997192383 56.54803466796875 7.399999618530273
      vertex 4.971057891845703 55.42499923706055 7.399999618530273
    endloop
  endfacet
  facet normal 0 0 1
    outer loop
      vertex 3.628718376159668 56.20000076293945 7.399999618530273
      vertex 4.971057891845703 55.42499923706055 7.399999618530273
      vertex 3.861268997192383 56.54803466796875 7.399999618530273
    endloop
  endfacet
  facet normal 0 0 1
    outer loop
      vertex 4.971057891845703 55.42499923706055 7.399999618530273
      vertex 3.628718376159668 56.20000076293945 7.399999618530273
      vertex 4.875597953796387 55.23142623901367 7.399999618530273
    endloop
  endfacet
  facet normal 0 0 1
    outer loop
      vertex 7.828941345214844 53.775001525878906 7.399999618530273
      vertex 9.171280860900879 53 7.399999618530273
      vertex 7.924400329589844 53.968570709228516 7.399999618530273
    endloop
  endfacet
  facet normal 0 0 1
    outer loop
      vertex 9.171280860900879 53 7.399999618530273
      vertex 7.828941345214844 53.775001525878906 7.399999618530273
      vertex 8.938730239868164 52.65196228027344 7.399999618530273
    endloop
  endfacet
  facet normal 0 0 1
    outer loop
      vertex 7.70903205871582 53.595542907714844 7.399999618530273
      vertex 8.938730239868164 52.65196228027344 7.399999618530273
      vertex 7.828941345214844 53.775001525878906 7.399999618530273
    endloop
  endfacet
  facet normal 0 0 1
    outer loop
      vertex 8.938730239868164 52.65196228027344 7.399999618530273
      vertex 7.70903205871582 53.595542907714844 7.399999618530273
      vertex 8.662741661071777 52.337257385253906 7.399999618530273
    endloop
  endfacet
  facet normal 0 0 1
    outer loop
      vertex 7.566725730895996 53.43327331542969 7.399999618530273
      vertex 8.662741661071777 52.337257385253906 7.399999618530273
      vertex 7.70903205871582 53.595542907714844 7.399999618530273
    endloop
  endfacet
  facet normal 0 0 1
    outer loop
      vertex 8.662741661071777 52.337257385253906 7.399999618530273
      vertex 7.566725730895996 53.43327331542969 7.399999618530273
      vertex 8.34803581237793 52.0612678527832 7.399999618530273
    endloop
  endfacet
  facet normal 0 0 1
    outer loop
      vertex 7.40445613861084 53.29096603393555 7.399999618530273
      vertex 8.34803581237793 52.0612678527832 7.399999618530273
      vertex 7.566725730895996 53.43327331542969 7.399999618530273
    endloop
  endfacet
  facet normal 0 0 1
    outer loop
      vertex 8.34803581237793 52.0612678527832 7.399999618530273
      vertex 7.40445613861084 53.29096603393555 7.399999618530273
      vertex 8 51.82872009277344 7.399999618530273
    endloop
  endfacet
  facet normal 0 0 1
    outer loop
      vertex 7.22499942779541 53.171058654785156 7.399999618530273
      vertex 8 51.82872009277344 7.399999618530273
      vertex 7.40445613861084 53.29096603393555 7.399999618530273
    endloop
  endfacet
  facet normal 0 0 1
    outer loop
      vertex 8 51.82872009277344 7.399999618530273
      vertex 7.22499942779541 53.171058654785156 7.399999618530273
      vertex 7.62458610534668 51.643585205078125 7.399999618530273
    endloop
  endfacet
  facet normal 0 0 1
    outer loop
      vertex 7.031427383422852 53.075599670410156 7.399999618530273
      vertex 7.62458610534668 51.643585205078125 7.399999618530273
      vertex 7.22499942779541 53.171058654785156 7.399999618530273
    endloop
  endfacet
  facet normal 0 0 1
    outer loop
      vertex 7.62458610534668 51.643585205078125 7.399999618530273
      vertex 7.031427383422852 53.075599670410156 7.399999618530273
      vertex 7.2282209396362305 51.509037017822266 7.399999618530273
    endloop
  endfacet
  facet normal 0 0 1
    outer loop
      vertex 6.827051162719727 53.006221771240234 7.399999618530273
      vertex 7.2282209396362305 51.509037017822266 7.399999618530273
      vertex 7.031427383422852 53.075599670410156 7.399999618530273
    endloop
  endfacet
  facet normal 0 0 1
    outer loop
      vertex 6.827051162719727 53.006221771240234 7.399999618530273
      vertex 6.817683219909668 51.42737579345703 7.399999618530273
      vertex 7.2282209396362305 51.509037017822266 7.399999618530273
    endloop
  endfacet
  facet normal 0 0 1
    outer loop
      vertex 6.615367889404297 52.964115142822266 7.399999618530273
      vertex 6.817683219909668 51.42737579345703 7.399999618530273
      vertex 6.827051162719727 53.006221771240234 7.399999618530273
    endloop
  endfacet
  facet normal 0 0 1
    outer loop
      vertex 6.399999618530273 52.95000076293945 7.399999618530273
      vertex 6.817683219909668 51.42737579345703 7.399999618530273
      vertex 6.615367889404297 52.964115142822266 7.399999618530273
    endloop
  endfacet
  facet normal 0 0 1
    outer loop
      vertex 6.399999618530273 52.95000076293945 7.399999618530273
      vertex 6.399999618530273 51.400001525878906 7.399999618530273
      vertex 6.817683219909668 51.42737579345703 7.399999618530273
    endloop
  endfacet
  facet normal 0 0 1
    outer loop
      vertex 6.18463134765625 52.964115142822266 7.399999618530273
      vertex 6.399999618530273 51.400001525878906 7.399999618530273
      vertex 6.399999618530273 52.95000076293945 7.399999618530273
    endloop
  endfacet
  facet normal 0 0 1
    outer loop
      vertex 6.18463134765625 52.964115142822266 7.399999618530273
      vertex 5.982316017150879 51.42737579345703 7.399999618530273
      vertex 6.399999618530273 51.400001525878906 7.399999618530273
    endloop
  endfacet
  facet normal 0 0 1
    outer loop
      vertex 5.97294807434082 53.006221771240234 7.399999618530273
      vertex 5.982316017150879 51.42737579345703 7.399999618530273
      vertex 6.18463134765625 52.964115142822266 7.399999618530273
    endloop
  endfacet
  facet normal 0 0 1
    outer loop
      vertex 5.571778297424316 51.509037017822266 7.399999618530273
      vertex 5.97294807434082 53.006221771240234 7.399999618530273
      vertex 5.768571853637695 53.075599670410156 7.399999618530273
    endloop
  endfacet
  facet normal 0 0 1
    outer loop
      vertex 5.175412178039551 51.643585205078125 7.399999618530273
      vertex 5.768571853637695 53.075599670410156 7.399999618530273
      vertex 5.574999809265137 53.171058654785156 7.399999618530273
    endloop
  endfacet
  facet normal 0 0 1
    outer loop
      vertex 5.97294807434082 53.006221771240234 7.399999618530273
      vertex 5.571778297424316 51.509037017822266 7.399999618530273
      vertex 5.982316017150879 51.42737579345703 7.399999618530273
    endloop
  endfacet
  facet normal 0 0 1
    outer loop
      vertex 4.799999237060547 51.82872009277344 7.399999618530273
      vertex 5.574999809265137 53.171058654785156 7.399999618530273
      vertex 5.395543098449707 53.29096603393555 7.399999618530273
    endloop
  endfacet
  facet normal 0 0 1
    outer loop
      vertex 4.451963424682617 52.0612678527832 7.399999618530273
      vertex 5.395543098449707 53.29096603393555 7.399999618530273
      vertex 5.233273506164551 53.43327331542969 7.399999618530273
    endloop
  endfacet
  facet normal 0 0 1
    outer loop
      vertex 5.768571853637695 53.075599670410156 7.399999618530273
      vertex 5.175412178039551 51.643585205078125 7.399999618530273
      vertex 5.571778297424316 51.509037017822266 7.399999618530273
    endloop
  endfacet
  facet normal 0 0 1
    outer loop
      vertex 4.1372575759887695 52.337257385253906 7.399999618530273
      vertex 5.233273506164551 53.43327331542969 7.399999618530273
      vertex 5.09096622467041 53.595542907714844 7.399999618530273
    endloop
  endfacet
  facet normal 0 0 1
    outer loop
      vertex 3.861268997192383 52.65196228027344 7.399999618530273
      vertex 5.09096622467041 53.595542907714844 7.399999618530273
      vertex 4.971057891845703 53.775001525878906 7.399999618530273
    endloop
  endfacet
  facet normal 0 0 1
    outer loop
      vertex 3.628718376159668 53 7.399999618530273
      vertex 4.971057891845703 53.775001525878906 7.399999618530273
      vertex 4.875597953796387 53.968570709228516 7.399999618530273
    endloop
  endfacet
  facet normal 0 0 1
    outer loop
      vertex 3.4435853958129883 53.37541198730469 7.399999618530273
      vertex 4.875597953796387 53.968570709228516 7.399999618530273
      vertex 4.806221961975098 54.17294692993164 7.399999618530273
    endloop
  endfacet
  facet normal 0 0 1
    outer loop
      vertex 5.574999809265137 53.171058654785156 7.399999618530273
      vertex 4.799999237060547 51.82872009277344 7.399999618530273
      vertex 5.175412178039551 51.643585205078125 7.399999618530273
    endloop
  endfacet
  facet normal 0 0 1
    outer loop
      vertex 3.309037208557129 53.77177810668945 7.399999618530273
      vertex 4.806221961975098 54.17294692993164 7.399999618530273
      vertex 4.764115333557129 54.3846321105957 7.399999618530273
    endloop
  endfacet
  facet normal 0 0 1
    outer loop
      vertex 3.2273759841918945 54.182315826416016 7.399999618530273
      vertex 4.764115333557129 54.3846321105957 7.399999618530273
      vertex 4.75 54.599998474121094 7.399999618530273
    endloop
  endfacet
  facet normal 0 0 1
    outer loop
      vertex 3.4435853958129883 55.8245849609375 7.399999618530273
      vertex 4.875597953796387 55.23142623901367 7.399999618530273
      vertex 3.628718376159668 56.20000076293945 7.399999618530273
    endloop
  endfacet
  facet normal 0 0 1
    outer loop
      vertex 5.395543098449707 53.29096603393555 7.399999618530273
      vertex 4.451963424682617 52.0612678527832 7.399999618530273
      vertex 4.799999237060547 51.82872009277344 7.399999618530273
    endloop
  endfacet
  facet normal 0 0 1
    outer loop
      vertex 4.875597953796387 55.23142623901367 7.399999618530273
      vertex 3.4435853958129883 55.8245849609375 7.399999618530273
      vertex 4.806221961975098 55.02705001831055 7.399999618530273
    endloop
  endfacet
  facet normal 0 0 1
    outer loop
      vertex 5.233273506164551 53.43327331542969 7.399999618530273
      vertex 4.1372575759887695 52.337257385253906 7.399999618530273
      vertex 4.451963424682617 52.0612678527832 7.399999618530273
    endloop
  endfacet
  facet normal 0 0 1
    outer loop
      vertex 3.309037208557129 55.42822265625 7.399999618530273
      vertex 4.806221961975098 55.02705001831055 7.399999618530273
      vertex 3.4435853958129883 55.8245849609375 7.399999618530273
    endloop
  endfacet
  facet normal 0 0 1
    outer loop
      vertex 5.09096622467041 53.595542907714844 7.399999618530273
      vertex 3.861268997192383 52.65196228027344 7.399999618530273
      vertex 4.1372575759887695 52.337257385253906 7.399999618530273
    endloop
  endfacet
  facet normal 0 0 1
    outer loop
      vertex 4.806221961975098 55.02705001831055 7.399999618530273
      vertex 3.309037208557129 55.42822265625 7.399999618530273
      vertex 4.764115333557129 54.81536865234375 7.399999618530273
    endloop
  endfacet
  facet normal 0 0 1
    outer loop
      vertex 4.971057891845703 53.775001525878906 7.399999618530273
      vertex 3.628718376159668 53 7.399999618530273
      vertex 3.861268997192383 52.65196228027344 7.399999618530273
    endloop
  endfacet
  facet normal 0 0 1
    outer loop
      vertex 3.2273759841918945 55.01768493652344 7.399999618530273
      vertex 4.764115333557129 54.81536865234375 7.399999618530273
      vertex 3.309037208557129 55.42822265625 7.399999618530273
    endloop
  endfacet
  facet normal 0 0 1
    outer loop
      vertex 4.875597953796387 53.968570709228516 7.399999618530273
      vertex 3.4435853958129883 53.37541198730469 7.399999618530273
      vertex 3.628718376159668 53 7.399999618530273
    endloop
  endfacet
  facet normal 0 0 1
    outer loop
      vertex 4.764115333557129 54.81536865234375 7.399999618530273
      vertex 3.2273759841918945 55.01768493652344 7.399999618530273
      vertex 4.75 54.599998474121094 7.399999618530273
    endloop
  endfacet
  facet normal 0 0 1
    outer loop
      vertex 4.806221961975098 54.17294692993164 7.399999618530273
      vertex 3.309037208557129 53.77177810668945 7.399999618530273
      vertex 3.4435853958129883 53.37541198730469 7.399999618530273
    endloop
  endfacet
  facet normal 0 0 1
    outer loop
      vertex 3.1999998092651367 54.599998474121094 7.399999618530273
      vertex 4.75 54.599998474121094 7.399999618530273
      vertex 3.2273759841918945 55.01768493652344 7.399999618530273
    endloop
  endfacet
  facet normal 0 0 1
    outer loop
      vertex 4.764115333557129 54.3846321105957 7.399999618530273
      vertex 3.2273759841918945 54.182315826416016 7.399999618530273
      vertex 3.309037208557129 53.77177810668945 7.399999618530273
    endloop
  endfacet
  facet normal 0 0 1
    outer loop
      vertex 4.75 54.599998474121094 7.399999618530273
      vertex 3.1999998092651367 54.599998474121094 7.399999618530273
      vertex 3.2273759841918945 54.182315826416016 7.399999618530273
    endloop
  endfacet
  facet normal 0.8314704383116267 -0.5555689968076615 0
    outer loop
      vertex 8.938730239868164 52.65196228027344 7.399999618530273
      vertex 9.171280860900879 53 3
      vertex 9.171280860900879 53 7.399999618530273
    endloop
  endfacet
  facet normal 0.8314704383116267 -0.5555689968076615 0
    outer loop
      vertex 9.171280860900879 53 3
      vertex 8.938730239868164 52.65196228027344 7.399999618530273
      vertex 8.938730239868164 52.65196228027344 3
    endloop
  endfacet
  facet normal 0.9978589921818943 0.0654020773502965 0
    outer loop
      vertex 9.59999942779541 54.599998474121094 7.399999618530273
      vertex 9.572623252868652 55.01768493652344 3
      vertex 9.572623252868652 55.01768493652344 7.399999618530273
    endloop
  endfacet
  facet normal 0.9978589921818943 0.0654020773502965 0
    outer loop
      vertex 9.572623252868652 55.01768493652344 3
      vertex 9.59999942779541 54.599998474121094 7.399999618530273
      vertex 9.59999942779541 54.599998474121094 3
    endloop
  endfacet
  facet normal -0.32144767982127875 0.9469273410022105 0
    outer loop
      vertex 5.571778297424316 57.69096374511719 3
      vertex 5.175412178039551 57.55641174316406 7.399999618530273
      vertex 5.571778297424316 57.69096374511719 7.399999618530273
    endloop
  endfacet
  facet normal -0.32144767982127875 0.9469273410022105 0
    outer loop
      vertex 5.175412178039551 57.55641174316406 7.399999618530273
      vertex 5.571778297424316 57.69096374511719 3
      vertex 5.175412178039551 57.55641174316406 3
    endloop
  endfacet
  facet normal 0.4422910782504204 -0.8968715638819644 0
    outer loop
      vertex 7.62458610534668 51.643585205078125 3
      vertex 8 51.82872009277344 7.399999618530273
      vertex 7.62458610534668 51.643585205078125 7.399999618530273
    endloop
  endfacet
  facet normal 0.4422910782504204 -0.8968715638819644 0
    outer loop
      vertex 8 51.82872009277344 7.399999618530273
      vertex 7.62458610534668 51.643585205078125 3
      vertex 8 51.82872009277344 3
    endloop
  endfacet
  facet normal -0.6593456941018302 0.7518399135915674 0
    outer loop
      vertex 4.451963424682617 57.138729095458984 3
      vertex 4.1372575759887695 56.86273956298828 7.399999618530273
      vertex 4.451963424682617 57.138729095458984 7.399999618530273
    endloop
  endfacet
  facet normal -0.6593456941018302 0.7518399135915674 0
    outer loop
      vertex 4.1372575759887695 56.86273956298828 7.399999618530273
      vertex 4.451963424682617 57.138729095458984 3
      vertex 4.1372575759887695 56.86273956298828 3
    endloop
  endfacet
  facet normal -0.8968724800406426 -0.44228922047202013 0
    outer loop
      vertex 3.628718376159668 53 3
      vertex 3.4435853958129883 53.37541198730469 7.399999618530273
      vertex 3.4435853958129883 53.37541198730469 3
    endloop
  endfacet
  facet normal -0.8968724800406426 -0.44228922047202013 0
    outer loop
      vertex 3.4435853958129883 53.37541198730469 7.399999618530273
      vertex 3.628718376159668 53 3
      vertex 3.628718376159668 53 7.399999618530273
    endloop
  endfacet
  facet normal -0.3214395080645268 -0.946930114979577 0
    outer loop
      vertex 5.175412178039551 51.643585205078125 3
      vertex 5.571778297424316 51.509037017822266 7.399999618530273
      vertex 5.175412178039551 51.643585205078125 7.399999618530273
    endloop
  endfacet
  facet normal -0.3214395080645268 -0.946930114979577 0
    outer loop
      vertex 5.571778297424316 51.509037017822266 7.399999618530273
      vertex 5.175412178039551 51.643585205078125 3
      vertex 5.571778297424316 51.509037017822266 3
    endloop
  endfacet
  facet normal -0.195082002735033 0.9807869351744489 0
    outer loop
      vertex 5.982316017150879 57.772621154785156 3
      vertex 5.571778297424316 57.69096374511719 7.399999618530273
      vertex 5.982316017150879 57.772621154785156 7.399999618530273
    endloop
  endfacet
  facet normal -0.195082002735033 0.9807869351744489 0
    outer loop
      vertex 5.571778297424316 57.69096374511719 7.399999618530273
      vertex 5.982316017150879 57.772621154785156 3
      vertex 5.571778297424316 57.69096374511719 3
    endloop
  endfacet
  facet normal 0.06539798619585116 -0.9978592603175697 0
    outer loop
      vertex 6.399999618530273 51.400001525878906 3
      vertex 6.817683219909668 51.42737579345703 7.399999618530273
      vertex 6.399999618530273 51.400001525878906 7.399999618530273
    endloop
  endfacet
  facet normal 0.06539798619585116 -0.9978592603175697 0
    outer loop
      vertex 6.817683219909668 51.42737579345703 7.399999618530273
      vertex 6.399999618530273 51.400001525878906 3
      vertex 6.817683219909668 51.42737579345703 3
    endloop
  endfacet
  facet normal -0.4422846513546057 0.8968747332688858 0
    outer loop
      vertex 5.175412178039551 57.55641174316406 3
      vertex 4.799999237060547 57.371280670166016 7.399999618530273
      vertex 5.175412178039551 57.55641174316406 7.399999618530273
    endloop
  endfacet
  facet normal -0.4422846513546057 0.8968747332688858 0
    outer loop
      vertex 4.799999237060547 57.371280670166016 7.399999618530273
      vertex 5.175412178039551 57.55641174316406 3
      vertex 4.799999237060547 57.371280670166016 3
    endloop
  endfacet
  facet normal -0.4422919820231063 -0.8968711181870404 0
    outer loop
      vertex 4.799999237060547 51.82872009277344 3
      vertex 5.175412178039551 51.643585205078125 7.399999618530273
      vertex 4.799999237060547 51.82872009277344 7.399999618530273
    endloop
  endfacet
  facet normal -0.4422919820231063 -0.8968711181870404 0
    outer loop
      vertex 5.175412178039551 51.643585205078125 7.399999618530273
      vertex 4.799999237060547 51.82872009277344 3
      vertex 5.175412178039551 51.643585205078125 3
    endloop
  endfacet
  facet normal -0.9978589531995581 -0.065402672112707 0
    outer loop
      vertex 3.2273759841918945 54.182315826416016 3
      vertex 3.1999998092651367 54.599998474121094 7.399999618530273
      vertex 3.1999998092651367 54.599998474121094 3
    endloop
  endfacet
  facet normal -0.9978589531995581 -0.065402672112707 0
    outer loop
      vertex 3.1999998092651367 54.599998474121094 7.399999618530273
      vertex 3.2273759841918945 54.182315826416016 3
      vertex 3.2273759841918945 54.182315826416016 7.399999618530273
    endloop
  endfacet
  facet normal 0.9807851914311654 -0.19509076930837166 0
    outer loop
      vertex 9.490962028503418 53.77177810668945 7.399999618530273
      vertex 9.572623252868652 54.182315826416016 3
      vertex 9.572623252868652 54.182315826416016 7.399999618530273
    endloop
  endfacet
  facet normal 0.9807851914311654 -0.19509076930837166 0
    outer loop
      vertex 9.572623252868652 54.182315826416016 3
      vertex 9.490962028503418 53.77177810668945 7.399999618530273
      vertex 9.490962028503418 53.77177810668945 3
    endloop
  endfacet
  facet normal 0.06540706064227712 0.9978586655524606 0
    outer loop
      vertex 6.817683219909668 57.772621154785156 3
      vertex 6.399999618530273 57.79999923706055 7.399999618530273
      vertex 6.817683219909668 57.772621154785156 7.399999618530273
    endloop
  endfacet
  facet normal 0.06540706064227712 0.9978586655524606 0
    outer loop
      vertex 6.399999618530273 57.79999923706055 7.399999618530273
      vertex 6.817683219909668 57.772621154785156 3
      vertex 6.399999618530273 57.79999923706055 3
    endloop
  endfacet
  facet normal -0.5555726768525947 0.8314679793803501 0
    outer loop
      vertex 4.799999237060547 57.371280670166016 3
      vertex 4.451963424682617 57.138729095458984 7.399999618530273
      vertex 4.799999237060547 57.371280670166016 7.399999618530273
    endloop
  endfacet
  facet normal -0.5555726768525947 0.8314679793803501 0
    outer loop
      vertex 4.451963424682617 57.138729095458984 7.399999618530273
      vertex 4.799999237060547 57.371280670166016 3
      vertex 4.451963424682617 57.138729095458984 3
    endloop
  endfacet
  facet normal -0.946930114979577 -0.3214395080645268 0
    outer loop
      vertex 3.4435853958129883 53.37541198730469 3
      vertex 3.309037208557129 53.77177810668945 7.399999618530273
      vertex 3.309037208557129 53.77177810668945 3
    endloop
  endfacet
  facet normal -0.946930114979577 -0.3214395080645268 0
    outer loop
      vertex 3.309037208557129 53.77177810668945 7.399999618530273
      vertex 3.4435853958129883 53.37541198730469 3
      vertex 3.4435853958129883 53.37541198730469 7.399999618530273
    endloop
  endfacet
  facet normal -0.9978589921818943 0.0654020773502965 0
    outer loop
      vertex 3.1999998092651367 54.599998474121094 3
      vertex 3.2273759841918945 55.01768493652344 7.399999618530273
      vertex 3.2273759841918945 55.01768493652344 3
    endloop
  endfacet
  facet normal -0.9978589921818943 0.0654020773502965 0
    outer loop
      vertex 3.2273759841918945 55.01768493652344 7.399999618530273
      vertex 3.1999998092651367 54.599998474121094 3
      vertex 3.1999998092651367 54.599998474121094 7.399999618530273
    endloop
  endfacet
  facet normal 0.7518400525387551 0.6593455356628434 0
    outer loop
      vertex 8.938730239868164 56.54803466796875 7.399999618530273
      vertex 8.662741661071777 56.86273956298828 3
      vertex 8.662741661071777 56.86273956298828 7.399999618530273
    endloop
  endfacet
  facet normal 0.7518400525387551 0.6593455356628434 0
    outer loop
      vertex 8.662741661071777 56.86273956298828 3
      vertex 8.938730239868164 56.54803466796875 7.399999618530273
      vertex 8.938730239868164 56.54803466796875 3
    endloop
  endfacet
  facet normal 0.8314676253648351 0.5555732066705182 0
    outer loop
      vertex 9.171280860900879 56.20000076293945 7.399999618530273
      vertex 8.938730239868164 56.54803466796875 3
      vertex 8.938730239868164 56.54803466796875 7.399999618530273
    endloop
  endfacet
  facet normal 0.8314676253648351 0.5555732066705182 0
    outer loop
      vertex 8.938730239868164 56.54803466796875 3
      vertex 9.171280860900879 56.20000076293945 7.399999618530273
      vertex 9.171280860900879 56.20000076293945 3
    endloop
  endfacet
  facet normal -0.9807851914311654 -0.19509076930837166 0
    outer loop
      vertex 3.309037208557129 53.77177810668945 3
      vertex 3.2273759841918945 54.182315826416016 7.399999618530273
      vertex 3.2273759841918945 54.182315826416016 3
    endloop
  endfacet
  facet normal -0.9807851914311654 -0.19509076930837166 0
    outer loop
      vertex 3.2273759841918945 54.182315826416016 7.399999618530273
      vertex 3.309037208557129 53.77177810668945 3
      vertex 3.309037208557129 53.77177810668945 7.399999618530273
    endloop
  endfacet
  facet normal 0.946929173338028 0.3214422820373189 0
    outer loop
      vertex 9.490962028503418 55.42822265625 7.399999618530273
      vertex 9.356413841247559 55.8245849609375 3
      vertex 9.356413841247559 55.8245849609375 7.399999618530273
    endloop
  endfacet
  facet normal 0.946929173338028 0.3214422820373189 0
    outer loop
      vertex 9.356413841247559 55.8245849609375 3
      vertex 9.490962028503418 55.42822265625 7.399999618530273
      vertex 9.490962028503418 55.42822265625 3
    endloop
  endfacet
  facet normal 0.3214402015534949 -0.9469298795714751 0
    outer loop
      vertex 7.2282209396362305 51.509037017822266 3
      vertex 7.62458610534668 51.643585205078125 7.399999618530273
      vertex 7.2282209396362305 51.509037017822266 7.399999618530273
    endloop
  endfacet
  facet normal 0.3214402015534949 -0.9469298795714751 0
    outer loop
      vertex 7.62458610534668 51.643585205078125 7.399999618530273
      vertex 7.2282209396362305 51.509037017822266 3
      vertex 7.62458610534668 51.643585205078125 3
    endloop
  endfacet
  facet normal 0.195082002735033 0.9807869351744489 0
    outer loop
      vertex 7.2282209396362305 57.69096374511719 3
      vertex 6.817683219909668 57.772621154785156 7.399999618530273
      vertex 7.2282209396362305 57.69096374511719 7.399999618530273
    endloop
  endfacet
  facet normal 0.195082002735033 0.9807869351744489 0
    outer loop
      vertex 6.817683219909668 57.772621154785156 7.399999618530273
      vertex 7.2282209396362305 57.69096374511719 3
      vertex 6.817683219909668 57.772621154785156 3
    endloop
  endfacet
  facet normal -0.946929173338028 0.3214422820373189 0
    outer loop
      vertex 3.309037208557129 55.42822265625 3
      vertex 3.4435853958129883 55.8245849609375 7.399999618530273
      vertex 3.4435853958129883 55.8245849609375 3
    endloop
  endfacet
  facet normal -0.946929173338028 0.3214422820373189 0
    outer loop
      vertex 3.4435853958129883 55.8245849609375 7.399999618530273
      vertex 3.309037208557129 55.42822265625 3
      vertex 3.309037208557129 55.42822265625 7.399999618530273
    endloop
  endfacet
  facet normal -0.19509076930837166 -0.9807851914311654 0
    outer loop
      vertex 5.571778297424316 51.509037017822266 3
      vertex 5.982316017150879 51.42737579345703 7.399999618530273
      vertex 5.571778297424316 51.509037017822266 7.399999618530273
    endloop
  endfacet
  facet normal -0.19509076930837166 -0.9807851914311654 0
    outer loop
      vertex 5.982316017150879 51.42737579345703 7.399999618530273
      vertex 5.571778297424316 51.509037017822266 3
      vertex 5.982316017150879 51.42737579345703 3
    endloop
  endfacet
  facet normal -0.8968742627889191 0.4422856054031523 0
    outer loop
      vertex 3.4435853958129883 55.8245849609375 3
      vertex 3.628718376159668 56.20000076293945 7.399999618530273
      vertex 3.628718376159668 56.20000076293945 3
    endloop
  endfacet
  facet normal -0.8968742627889191 0.4422856054031523 0
    outer loop
      vertex 3.628718376159668 56.20000076293945 7.399999618530273
      vertex 3.4435853958129883 55.8245849609375 3
      vertex 3.4435853958129883 55.8245849609375 7.399999618530273
    endloop
  endfacet
  facet normal 0.8968724800406426 -0.44228922047202013 0
    outer loop
      vertex 9.171280860900879 53 7.399999618530273
      vertex 9.356413841247559 53.37541198730469 3
      vertex 9.356413841247559 53.37541198730469 7.399999618530273
    endloop
  endfacet
  facet normal 0.8968724800406426 -0.44228922047202013 0
    outer loop
      vertex 9.356413841247559 53.37541198730469 3
      vertex 9.171280860900879 53 7.399999618530273
      vertex 9.171280860900879 53 3
    endloop
  endfacet
  facet normal -0.7518400525387551 -0.6593455356628434 0
    outer loop
      vertex 4.1372575759887695 52.337257385253906 3
      vertex 3.861268997192383 52.65196228027344 7.399999618530273
      vertex 3.861268997192383 52.65196228027344 3
    endloop
  endfacet
  facet normal -0.7518400525387551 -0.6593455356628434 0
    outer loop
      vertex 3.861268997192383 52.65196228027344 7.399999618530273
      vertex 4.1372575759887695 52.337257385253906 3
      vertex 4.1372575759887695 52.337257385253906 7.399999618530273
    endloop
  endfacet
  facet normal -0.7518400525387551 0.6593455356628434 0
    outer loop
      vertex 3.861268997192383 56.54803466796875 3
      vertex 4.1372575759887695 56.86273956298828 7.399999618530273
      vertex 4.1372575759887695 56.86273956298828 3
    endloop
  endfacet
  facet normal -0.7518400525387551 0.6593455356628434 0
    outer loop
      vertex 4.1372575759887695 56.86273956298828 7.399999618530273
      vertex 3.861268997192383 56.54803466796875 3
      vertex 3.861268997192383 56.54803466796875 7.399999618530273
    endloop
  endfacet
  facet normal -0.6593456941018302 -0.7518399135915674 0
    outer loop
      vertex 4.1372575759887695 52.337257385253906 3
      vertex 4.451963424682617 52.0612678527832 7.399999618530273
      vertex 4.1372575759887695 52.337257385253906 7.399999618530273
    endloop
  endfacet
  facet normal -0.6593456941018302 -0.7518399135915674 0
    outer loop
      vertex 4.451963424682617 52.0612678527832 7.399999618530273
      vertex 4.1372575759887695 52.337257385253906 3
      vertex 4.451963424682617 52.0612678527832 3
    endloop
  endfacet
  facet normal 0.19509076930837166 -0.9807851914311654 0
    outer loop
      vertex 6.817683219909668 51.42737579345703 3
      vertex 7.2282209396362305 51.509037017822266 7.399999618530273
      vertex 6.817683219909668 51.42737579345703 7.399999618530273
    endloop
  endfacet
  facet normal 0.19509076930837166 -0.9807851914311654 0
    outer loop
      vertex 7.2282209396362305 51.509037017822266 7.399999618530273
      vertex 6.817683219909668 51.42737579345703 3
      vertex 7.2282209396362305 51.509037017822266 3
    endloop
  endfacet
  facet normal -0.8314704383116267 -0.5555689968076615 0
    outer loop
      vertex 3.861268997192383 52.65196228027344 3
      vertex 3.628718376159668 53 7.399999618530273
      vertex 3.628718376159668 53 3
    endloop
  endfacet
  facet normal -0.8314704383116267 -0.5555689968076615 0
    outer loop
      vertex 3.628718376159668 53 7.399999618530273
      vertex 3.861268997192383 52.65196228027344 3
      vertex 3.861268997192383 52.65196228027344 7.399999618530273
    endloop
  endfacet
  facet normal -0.5555663763379082 -0.8314721892419288 0
    outer loop
      vertex 4.451963424682617 52.0612678527832 3
      vertex 4.799999237060547 51.82872009277344 7.399999618530273
      vertex 4.451963424682617 52.0612678527832 7.399999618530273
    endloop
  endfacet
  facet normal -0.5555663763379082 -0.8314721892419288 0
    outer loop
      vertex 4.799999237060547 51.82872009277344 7.399999618530273
      vertex 4.451963424682617 52.0612678527832 3
      vertex 4.799999237060547 51.82872009277344 3
    endloop
  endfacet
  facet normal 0.44228555512284234 0.8968742875842072 0
    outer loop
      vertex 102.5 57.371280670166016 3
      vertex 102.12458801269531 57.55641174316406 7.399999618530273
      vertex 102.5 57.371280670166016 7.399999618530273
    endloop
  endfacet
  facet normal 0.44228555512284234 0.8968742875842072 0
    outer loop
      vertex 102.12458801269531 57.55641174316406 7.399999618530273
      vertex 102.5 57.371280670166016 3
      vertex 102.12458801269531 57.55641174316406 3
    endloop
  endfacet
  facet normal 0.9807834476157246 -0.19509953583495104 0
    outer loop
      vertex 103.99095916748047 53.77177810668945 7.399999618530273
      vertex 104.07262420654297 54.182315826416016 3
      vertex 104.07262420654297 54.182315826416016 7.399999618530273
    endloop
  endfacet
  facet normal 0.9807834476157246 -0.19509953583495104 0
    outer loop
      vertex 104.07262420654297 54.182315826416016 3
      vertex 103.99095916748047 53.77177810668945 7.399999618530273
      vertex 103.99095916748047 53.77177810668945 3
    endloop
  endfacet
  facet normal -0.8314693858519476 -0.5555705719267222 0
    outer loop
      vertex 98.36126708984375 52.65196228027344 3
      vertex 98.12871551513672 53 7.399999618530273
      vertex 98.12871551513672 53 3
    endloop
  endfacet
  facet normal -0.8314693858519476 -0.5555705719267222 0
    outer loop
      vertex 98.12871551513672 53 7.399999618530273
      vertex 98.36126708984375 52.65196228027344 3
      vertex 98.36126708984375 52.65196228027344 7.399999618530273
    endloop
  endfacet
  facet normal 0.6593468235327169 0.751838923106084 0
    outer loop
      vertex 103.1627426147461 56.86273956298828 3
      vertex 102.84803771972656 57.138729095458984 7.399999618530273
      vertex 103.1627426147461 56.86273956298828 7.399999618530273
    endloop
  endfacet
  facet normal 0.6593468235327169 0.751838923106084 0
    outer loop
      vertex 102.84803771972656 57.138729095458984 7.399999618530273
      vertex 103.1627426147461 56.86273956298828 3
      vertex 102.84803771972656 57.138729095458984 3
    endloop
  endfacet
  facet normal 0.9469328889026749 -0.3214313362359592 0
    outer loop
      vertex 103.85641479492188 53.37541198730469 7.399999618530273
      vertex 103.99095916748047 53.77177810668945 3
      vertex 103.99095916748047 53.77177810668945 7.399999618530273
    endloop
  endfacet
  facet normal 0.9469328889026749 -0.3214313362359592 0
    outer loop
      vertex 103.99095916748047 53.77177810668945 3
      vertex 103.85641479492188 53.37541198730469 7.399999618530273
      vertex 103.85641479492188 53.37541198730469 3
    endloop
  endfacet
  facet normal 0.5555705719267222 0.8314693858519476 0
    outer loop
      vertex 102.84803771972656 57.138729095458984 3
      vertex 102.5 57.371280670166016 7.399999618530273
      vertex 102.84803771972656 57.138729095458984 7.399999618530273
    endloop
  endfacet
  facet normal 0.5555705719267222 0.8314693858519476 0
    outer loop
      vertex 102.5 57.371280670166016 7.399999618530273
      vertex 102.84803771972656 57.138729095458984 3
      vertex 102.5 57.371280670166016 3
    endloop
  endfacet
  facet normal 0.9807834476157246 0.19509953583495104 0
    outer loop
      vertex 104.07262420654297 55.01768493652344 7.399999618530273
      vertex 103.99095916748047 55.42822265625 3
      vertex 103.99095916748047 55.42822265625 7.399999618530273
    endloop
  endfacet
  facet normal 0.9807834476157246 0.19509953583495104 0
    outer loop
      vertex 103.99095916748047 55.42822265625 3
      vertex 104.07262420654297 55.01768493652344 7.399999618530273
      vertex 104.07262420654297 55.01768493652344 3
    endloop
  endfacet
  facet normal 0.9978592505732351 -0.06539813487723906 0
    outer loop
      vertex 104.07262420654297 54.182315826416016 7.399999618530273
      vertex 104.0999984741211 54.599998474121094 3
      vertex 104.0999984741211 54.599998474121094 7.399999618530273
    endloop
  endfacet
  facet normal 0.9978592505732351 -0.06539813487723906 0
    outer loop
      vertex 104.0999984741211 54.599998474121094 3
      vertex 104.07262420654297 54.182315826416016 7.399999618530273
      vertex 104.07262420654297 54.182315826416016 3
    endloop
  endfacet
  facet normal 0.9978592895501746 0.06539754015573504 0
    outer loop
      vertex 104.0999984741211 54.599998474121094 7.399999618530273
      vertex 104.07262420654297 55.01768493652344 3
      vertex 104.07262420654297 55.01768493652344 7.399999618530273
    endloop
  endfacet
  facet normal 0.9978592895501746 0.06539754015573504 0
    outer loop
      vertex 104.07262420654297 55.01768493652344 3
      vertex 104.0999984741211 54.599998474121094 7.399999618530273
      vertex 104.0999984741211 54.599998474121094 3
    endloop
  endfacet
  facet normal -0.06539754015573504 -0.9978592895501746 0
    outer loop
      vertex 100.48231506347656 51.42737579345703 3
      vertex 100.9000015258789 51.400001525878906 7.399999618530273
      vertex 100.48231506347656 51.42737579345703 7.399999618530273
    endloop
  endfacet
  facet normal -0.06539754015573504 -0.9978592895501746 0
    outer loop
      vertex 100.9000015258789 51.400001525878906 7.399999618530273
      vertex 100.48231506347656 51.42737579345703 3
      vertex 100.9000015258789 51.400001525878906 3
    endloop
  endfacet
  facet normal 0.32143673413685353 -0.946931056596748 0
    outer loop
      vertex 101.72821807861328 51.509037017822266 3
      vertex 102.12458801269531 51.643585205078125 7.399999618530273
      vertex 101.72821807861328 51.509037017822266 7.399999618530273
    endloop
  endfacet
  facet normal 0.32143673413685353 -0.946931056596748 0
    outer loop
      vertex 102.12458801269531 51.643585205078125 7.399999618530273
      vertex 101.72821807861328 51.509037017822266 3
      vertex 102.12458801269531 51.643585205078125 3
    endloop
  endfacet
  facet normal -0.751834405387273 -0.659351974954171 0
    outer loop
      vertex 98.63726043701172 52.337257385253906 3
      vertex 98.36126708984375 52.65196228027344 7.399999618530273
      vertex 98.36126708984375 52.65196228027344 3
    endloop
  endfacet
  facet normal -0.751834405387273 -0.659351974954171 0
    outer loop
      vertex 98.36126708984375 52.65196228027344 7.399999618530273
      vertex 98.63726043701172 52.337257385253906 3
      vertex 98.63726043701172 52.337257385253906 7.399999618530273
    endloop
  endfacet
  facet normal -0.8968779026482546 -0.44227822435800307 0
    outer loop
      vertex 98.12871551513672 53 3
      vertex 97.94358825683594 53.37541198730469 7.399999618530273
      vertex 97.94358825683594 53.37541198730469 3
    endloop
  endfacet
  facet normal -0.8968779026482546 -0.44227822435800307 0
    outer loop
      vertex 97.94358825683594 53.37541198730469 7.399999618530273
      vertex 98.12871551513672 53 3
      vertex 98.12871551513672 53 7.399999618530273
    endloop
  endfacet
  facet normal -0.8968796853186654 0.4422746093352995 0
    outer loop
      vertex 97.94358825683594 55.8245849609375 3
      vertex 98.12871551513672 56.20000076293945 7.399999618530273
      vertex 98.12871551513672 56.20000076293945 3
    endloop
  endfacet
  facet normal -0.8968796853186654 0.4422746093352995 0
    outer loop
      vertex 98.12871551513672 56.20000076293945 7.399999618530273
      vertex 97.94358825683594 55.8245849609375 3
      vertex 97.94358825683594 55.8245849609375 7.399999618530273
    endloop
  endfacet
  facet normal 0.8314665728927663 0.5555747817908567 0
    outer loop
      vertex 103.67127990722656 56.20000076293945 7.399999618530273
      vertex 103.43872833251953 56.54803466796875 3
      vertex 103.43872833251953 56.54803466796875 7.399999618530273
    endloop
  endfacet
  facet normal 0.8314665728927663 0.5555747817908567 0
    outer loop
      vertex 103.43872833251953 56.54803466796875 3
      vertex 103.67127990722656 56.20000076293945 7.399999618530273
      vertex 103.67127990722656 56.20000076293945 3
    endloop
  endfacet
  facet normal -0.9978580609558065 -0.06541628379477026 0
    outer loop
      vertex 97.72737884521484 54.182315826416016 3
      vertex 97.69999694824219 54.599998474121094 7.399999618530273
      vertex 97.69999694824219 54.599998474121094 3
    endloop
  endfacet
  facet normal -0.9978580609558065 -0.06541628379477026 0
    outer loop
      vertex 97.69999694824219 54.599998474121094 7.399999618530273
      vertex 97.72737884521484 54.182315826416016 3
      vertex 97.72737884521484 54.182315826416016 7.399999618530273
    endloop
  endfacet
  facet normal -0.751834405387273 0.659351974954171 0
    outer loop
      vertex 98.36126708984375 56.54803466796875 3
      vertex 98.63726043701172 56.86273956298828 7.399999618530273
      vertex 98.63726043701172 56.86273956298828 3
    endloop
  endfacet
  facet normal -0.751834405387273 0.659351974954171 0
    outer loop
      vertex 98.63726043701172 56.86273956298828 7.399999618530273
      vertex 98.36126708984375 56.54803466796875 3
      vertex 98.36126708984375 56.54803466796875 7.399999618530273
    endloop
  endfacet
  facet normal -0.4422928857990367 -0.8968706724893842 0
    outer loop
      vertex 99.30000305175781 51.82872009277344 3
      vertex 99.6754150390625 51.643585205078125 7.399999618530273
      vertex 99.30000305175781 51.82872009277344 7.399999618530273
    endloop
  endfacet
  facet normal -0.4422928857990367 -0.8968706724893842 0
    outer loop
      vertex 99.6754150390625 51.643585205078125 7.399999618530273
      vertex 99.30000305175781 51.82872009277344 3
      vertex 99.6754150390625 51.643585205078125 3
    endloop
  endfacet
  facet normal 0.06540780415823033 0.9978586168166302 0
    outer loop
      vertex 101.31768035888672 57.772621154785156 3
      vertex 100.9000015258789 57.79999923706055 7.399999618530273
      vertex 101.31768035888672 57.772621154785156 7.399999618530273
    endloop
  endfacet
  facet normal 0.06540780415823033 0.9978586168166302 0
    outer loop
      vertex 100.9000015258789 57.79999923706055 7.399999618530273
      vertex 101.31768035888672 57.772621154785156 3
      vertex 100.9000015258789 57.79999923706055 3
    endloop
  endfacet
  facet normal -0.195082002735033 0.9807869351744489 0
    outer loop
      vertex 100.48231506347656 57.772621154785156 3
      vertex 100.07177734375 57.69096374511719 7.399999618530273
      vertex 100.48231506347656 57.772621154785156 7.399999618530273
    endloop
  endfacet
  facet normal -0.195082002735033 0.9807869351744489 0
    outer loop
      vertex 100.07177734375 57.69096374511719 7.399999618530273
      vertex 100.48231506347656 57.772621154785156 3
      vertex 100.07177734375 57.69096374511719 3
    endloop
  endfacet
  facet normal -0.3214422820373189 -0.946929173338028 0
    outer loop
      vertex 99.6754150390625 51.643585205078125 3
      vertex 100.07177734375 51.509037017822266 7.399999618530273
      vertex 99.6754150390625 51.643585205078125 7.399999618530273
    endloop
  endfacet
  facet normal -0.3214422820373189 -0.946929173338028 0
    outer loop
      vertex 100.07177734375 51.509037017822266 7.399999618530273
      vertex 99.6754150390625 51.643585205078125 3
      vertex 100.07177734375 51.509037017822266 3
    endloop
  endfacet
  facet normal 0.9469319473062447 0.32143411015448153 0
    outer loop
      vertex 103.99095916748047 55.42822265625 7.399999618530273
      vertex 103.85641479492188 55.8245849609375 3
      vertex 103.85641479492188 55.8245849609375 7.399999618530273
    endloop
  endfacet
  facet normal 0.9469319473062447 0.32143411015448153 0
    outer loop
      vertex 103.85641479492188 55.8245849609375 3
      vertex 103.99095916748047 55.42822265625 7.399999618530273
      vertex 103.99095916748047 55.42822265625 3
    endloop
  endfacet
  facet normal 0.7518434408438915 0.6593416720183988 0
    outer loop
      vertex 103.43872833251953 56.54803466796875 7.399999618530273
      vertex 103.1627426147461 56.86273956298828 3
      vertex 103.1627426147461 56.86273956298828 7.399999618530273
    endloop
  endfacet
  facet normal 0.7518434408438915 0.6593416720183988 0
    outer loop
      vertex 103.1627426147461 56.86273956298828 3
      vertex 103.43872833251953 56.54803466796875 7.399999618530273
      vertex 103.43872833251953 56.54803466796875 3
    endloop
  endfacet
  facet normal -0.9469263993155419 0.3214504538483388 0
    outer loop
      vertex 97.80903625488281 55.42822265625 3
      vertex 97.94358825683594 55.8245849609375 7.399999618530273
      vertex 97.94358825683594 55.8245849609375 3
    endloop
  endfacet
  facet normal -0.9469263993155419 0.3214504538483388 0
    outer loop
      vertex 97.94358825683594 55.8245849609375 7.399999618530273
      vertex 97.80903625488281 55.42822265625 3
      vertex 97.80903625488281 55.42822265625 7.399999618530273
    endloop
  endfacet
  facet normal 0.19509076930837166 -0.9807851914311654 0
    outer loop
      vertex 101.31768035888672 51.42737579345703 3
      vertex 101.72821807861328 51.509037017822266 7.399999618530273
      vertex 101.31768035888672 51.42737579345703 7.399999618530273
    endloop
  endfacet
  facet normal 0.19509076930837166 -0.9807851914311654 0
    outer loop
      vertex 101.72821807861328 51.509037017822266 7.399999618530273
      vertex 101.31768035888672 51.42737579345703 3
      vertex 101.72821807861328 51.509037017822266 3
    endloop
  endfacet
  facet normal -0.9978580999543358 0.06541568890964092 0
    outer loop
      vertex 97.69999694824219 54.599998474121094 3
      vertex 97.72737884521484 55.01768493652344 7.399999618530273
      vertex 97.72737884521484 55.01768493652344 3
    endloop
  endfacet
  facet normal -0.9978580999543358 0.06541568890964092 0
    outer loop
      vertex 97.72737884521484 55.01768493652344 7.399999618530273
      vertex 97.69999694824219 54.599998474121094 3
      vertex 97.69999694824219 54.599998474121094 7.399999618530273
    endloop
  endfacet
  facet normal -0.6593468235327169 -0.751838923106084 0
    outer loop
      vertex 98.63726043701172 52.337257385253906 3
      vertex 98.95196533203125 52.0612678527832 7.399999618530273
      vertex 98.63726043701172 52.337257385253906 7.399999618530273
    endloop
  endfacet
  facet normal -0.6593468235327169 -0.751838923106084 0
    outer loop
      vertex 98.95196533203125 52.0612678527832 7.399999618530273
      vertex 98.63726043701172 52.337257385253906 3
      vertex 98.95196533203125 52.0612678527832 3
    endloop
  endfacet
  facet normal 0.06539872960953665 -0.9978592115952323 0
    outer loop
      vertex 100.9000015258789 51.400001525878906 3
      vertex 101.31768035888672 51.42737579345703 7.399999618530273
      vertex 100.9000015258789 51.400001525878906 7.399999618530273
    endloop
  endfacet
  facet normal 0.06539872960953665 -0.9978592115952323 0
    outer loop
      vertex 101.31768035888672 51.42737579345703 7.399999618530273
      vertex 100.9000015258789 51.400001525878906 3
      vertex 101.31768035888672 51.42737579345703 3
    endloop
  endfacet
  facet normal -0.5555705719267222 0.8314693858519476 0
    outer loop
      vertex 99.30000305175781 57.371280670166016 3
      vertex 98.95196533203125 57.138729095458984 7.399999618530273
      vertex 99.30000305175781 57.371280670166016 7.399999618530273
    endloop
  endfacet
  facet normal -0.5555705719267222 0.8314693858519476 0
    outer loop
      vertex 98.95196533203125 57.138729095458984 7.399999618530273
      vertex 99.30000305175781 57.371280670166016 3
      vertex 98.95196533203125 57.138729095458984 3
    endloop
  endfacet
  facet normal -0.9807869351744489 -0.195082002735033 0
    outer loop
      vertex 97.80903625488281 53.77177810668945 3
      vertex 97.72737884521484 54.182315826416016 7.399999618530273
      vertex 97.72737884521484 54.182315826416016 3
    endloop
  endfacet
  facet normal -0.9807869351744489 -0.195082002735033 0
    outer loop
      vertex 97.72737884521484 54.182315826416016 7.399999618530273
      vertex 97.80903625488281 53.77177810668945 3
      vertex 97.80903625488281 53.77177810668945 7.399999618530273
    endloop
  endfacet
  facet normal -0.6593468235327169 0.751838923106084 0
    outer loop
      vertex 98.95196533203125 57.138729095458984 3
      vertex 98.63726043701172 56.86273956298828 7.399999618530273
      vertex 98.95196533203125 57.138729095458984 7.399999618530273
    endloop
  endfacet
  facet normal -0.6593468235327169 0.751838923106084 0
    outer loop
      vertex 98.63726043701172 56.86273956298828 7.399999618530273
      vertex 98.95196533203125 57.138729095458984 3
      vertex 98.63726043701172 56.86273956298828 3
    endloop
  endfacet
  facet normal 0 0 1
    outer loop
      vertex 102.55000305175781 54.599998474121094 7.399999618530273
      vertex 104.0999984741211 54.599998474121094 7.399999618530273
      vertex 104.07262420654297 55.01768493652344 7.399999618530273
    endloop
  endfacet
  facet normal 0 0 1
    outer loop
      vertex 102.53588104248047 54.81536865234375 7.399999618530273
      vertex 104.07262420654297 55.01768493652344 7.399999618530273
      vertex 103.99095916748047 55.42822265625 7.399999618530273
    endloop
  endfacet
  facet normal 0 0 1
    outer loop
      vertex 104.0999984741211 54.599998474121094 7.399999618530273
      vertex 102.55000305175781 54.599998474121094 7.399999618530273
      vertex 104.07262420654297 54.182315826416016 7.399999618530273
    endloop
  endfacet
  facet normal 0 0 1
    outer loop
      vertex 102.4937744140625 55.02705001831055 7.399999618530273
      vertex 103.99095916748047 55.42822265625 7.399999618530273
      vertex 103.85641479492188 55.8245849609375 7.399999618530273
    endloop
  endfacet
  facet normal 0 0 1
    outer loop
      vertex 102.53588104248047 54.3846321105957 7.399999618530273
      vertex 104.07262420654297 54.182315826416016 7.399999618530273
      vertex 102.55000305175781 54.599998474121094 7.399999618530273
    endloop
  endfacet
  facet normal 0 0 1
    outer loop
      vertex 102.42440032958984 55.23142623901367 7.399999618530273
      vertex 103.85641479492188 55.8245849609375 7.399999618530273
      vertex 103.67127990722656 56.20000076293945 7.399999618530273
    endloop
  endfacet
  facet normal 0 0 1
    outer loop
      vertex 104.07262420654297 54.182315826416016 7.399999618530273
      vertex 102.53588104248047 54.3846321105957 7.399999618530273
      vertex 103.99095916748047 53.77177810668945 7.399999618530273
    endloop
  endfacet
  facet normal 0 0 1
    outer loop
      vertex 102.32894134521484 55.42499923706055 7.399999618530273
      vertex 103.67127990722656 56.20000076293945 7.399999618530273
      vertex 103.43872833251953 56.54803466796875 7.399999618530273
    endloop
  endfacet
  facet normal 0 0 1
    outer loop
      vertex 102.4937744140625 54.17294692993164 7.399999618530273
      vertex 103.99095916748047 53.77177810668945 7.399999618530273
      vertex 102.53588104248047 54.3846321105957 7.399999618530273
    endloop
  endfacet
  facet normal 0 0 1
    outer loop
      vertex 102.20903015136719 55.604454040527344 7.399999618530273
      vertex 103.43872833251953 56.54803466796875 7.399999618530273
      vertex 103.1627426147461 56.86273956298828 7.399999618530273
    endloop
  endfacet
  facet normal 0 0 1
    outer loop
      vertex 103.99095916748047 53.77177810668945 7.399999618530273
      vertex 102.4937744140625 54.17294692993164 7.399999618530273
      vertex 103.85641479492188 53.37541198730469 7.399999618530273
    endloop
  endfacet
  facet normal 0 0 1
    outer loop
      vertex 102.06672668457031 55.7667236328125 7.399999618530273
      vertex 103.1627426147461 56.86273956298828 7.399999618530273
      vertex 102.84803771972656 57.138729095458984 7.399999618530273
    endloop
  endfacet
  facet normal 0 0 1
    outer loop
      vertex 102.42440032958984 53.968570709228516 7.399999618530273
      vertex 103.85641479492188 53.37541198730469 7.399999618530273
      vertex 102.4937744140625 54.17294692993164 7.399999618530273
    endloop
  endfacet
  facet normal 0 0 1
    outer loop
      vertex 103.85641479492188 53.37541198730469 7.399999618530273
      vertex 102.42440032958984 53.968570709228516 7.399999618530273
      vertex 103.67127990722656 53 7.399999618530273
    endloop
  endfacet
  facet normal 0 0 1
    outer loop
      vertex 104.07262420654297 55.01768493652344 7.399999618530273
      vertex 102.53588104248047 54.81536865234375 7.399999618530273
      vertex 102.55000305175781 54.599998474121094 7.399999618530273
    endloop
  endfacet
  facet normal 0 0 1
    outer loop
      vertex 101.90445709228516 55.909034729003906 7.399999618530273
      vertex 102.84803771972656 57.138729095458984 7.399999618530273
      vertex 102.5 57.371280670166016 7.399999618530273
    endloop
  endfacet
  facet normal 0 0 1
    outer loop
      vertex 103.99095916748047 55.42822265625 7.399999618530273
      vertex 102.4937744140625 55.02705001831055 7.399999618530273
      vertex 102.53588104248047 54.81536865234375 7.399999618530273
    endloop
  endfacet
  facet normal 0 0 1
    outer loop
      vertex 103.85641479492188 55.8245849609375 7.399999618530273
      vertex 102.42440032958984 55.23142623901367 7.399999618530273
      vertex 102.4937744140625 55.02705001831055 7.399999618530273
    endloop
  endfacet
  facet normal 0 0 1
    outer loop
      vertex 103.67127990722656 56.20000076293945 7.399999618530273
      vertex 102.32894134521484 55.42499923706055 7.399999618530273
      vertex 102.42440032958984 55.23142623901367 7.399999618530273
    endloop
  endfacet
  facet normal 0 0 1
    outer loop
      vertex 103.43872833251953 56.54803466796875 7.399999618530273
      vertex 102.20903015136719 55.604454040527344 7.399999618530273
      vertex 102.32894134521484 55.42499923706055 7.399999618530273
    endloop
  endfacet
  facet normal 0 0 1
    outer loop
      vertex 101.7249984741211 56.0289421081543 7.399999618530273
      vertex 102.5 57.371280670166016 7.399999618530273
      vertex 102.12458801269531 57.55641174316406 7.399999618530273
    endloop
  endfacet
  facet normal 0 0 1
    outer loop
      vertex 103.1627426147461 56.86273956298828 7.399999618530273
      vertex 102.06672668457031 55.7667236328125 7.399999618530273
      vertex 102.20903015136719 55.604454040527344 7.399999618530273
    endloop
  endfacet
  facet normal 0 0 1
    outer loop
      vertex 102.84803771972656 57.138729095458984 7.399999618530273
      vertex 101.90445709228516 55.909034729003906 7.399999618530273
      vertex 102.06672668457031 55.7667236328125 7.399999618530273
    endloop
  endfacet
  facet normal 0 0 1
    outer loop
      vertex 101.53142547607422 56.1244010925293 7.399999618530273
      vertex 102.12458801269531 57.55641174316406 7.399999618530273
      vertex 101.72821807861328 57.69096374511719 7.399999618530273
    endloop
  endfacet
  facet normal 0 0 1
    outer loop
      vertex 102.5 57.371280670166016 7.399999618530273
      vertex 101.7249984741211 56.0289421081543 7.399999618530273
      vertex 101.90445709228516 55.909034729003906 7.399999618530273
    endloop
  endfacet
  facet normal 0 0 1
    outer loop
      vertex 102.12458801269531 57.55641174316406 7.399999618530273
      vertex 101.53142547607422 56.1244010925293 7.399999618530273
      vertex 101.7249984741211 56.0289421081543 7.399999618530273
    endloop
  endfacet
  facet normal 0 0 1
    outer loop
      vertex 101.72821807861328 57.69096374511719 7.399999618530273
      vertex 101.3270492553711 56.19377899169922 7.399999618530273
      vertex 101.53142547607422 56.1244010925293 7.399999618530273
    endloop
  endfacet
  facet normal 0 0 1
    outer loop
      vertex 101.31768035888672 57.772621154785156 7.399999618530273
      vertex 101.3270492553711 56.19377899169922 7.399999618530273
      vertex 101.72821807861328 57.69096374511719 7.399999618530273
    endloop
  endfacet
  facet normal 0 0 1
    outer loop
      vertex 101.31768035888672 57.772621154785156 7.399999618530273
      vertex 101.11537170410156 56.23588562011719 7.399999618530273
      vertex 101.3270492553711 56.19377899169922 7.399999618530273
    endloop
  endfacet
  facet normal 0 0 1
    outer loop
      vertex 100.9000015258789 57.79999923706055 7.399999618530273
      vertex 101.11537170410156 56.23588562011719 7.399999618530273
      vertex 101.31768035888672 57.772621154785156 7.399999618530273
    endloop
  endfacet
  facet normal 0 0 1
    outer loop
      vertex 100.9000015258789 57.79999923706055 7.399999618530273
      vertex 100.9000015258789 56.25 7.399999618530273
      vertex 101.11537170410156 56.23588562011719 7.399999618530273
    endloop
  endfacet
  facet normal 0 0 1
    outer loop
      vertex 100.9000015258789 57.79999923706055 7.399999618530273
      vertex 100.68463134765625 56.23588562011719 7.399999618530273
      vertex 100.9000015258789 56.25 7.399999618530273
    endloop
  endfacet
  facet normal 0 0 1
    outer loop
      vertex 100.48231506347656 57.772621154785156 7.399999618530273
      vertex 100.68463134765625 56.23588562011719 7.399999618530273
      vertex 100.9000015258789 57.79999923706055 7.399999618530273
    endloop
  endfacet
  facet normal 0 0 1
    outer loop
      vertex 100.48231506347656 57.772621154785156 7.399999618530273
      vertex 100.47294616699219 56.19377899169922 7.399999618530273
      vertex 100.68463134765625 56.23588562011719 7.399999618530273
    endloop
  endfacet
  facet normal 0 0 1
    outer loop
      vertex 100.07177734375 57.69096374511719 7.399999618530273
      vertex 100.47294616699219 56.19377899169922 7.399999618530273
      vertex 100.48231506347656 57.772621154785156 7.399999618530273
    endloop
  endfacet
  facet normal 0 0 1
    outer loop
      vertex 100.47294616699219 56.19377899169922 7.399999618530273
      vertex 100.07177734375 57.69096374511719 7.399999618530273
      vertex 100.26856994628906 56.1244010925293 7.399999618530273
    endloop
  endfacet
  facet normal 0 0 1
    outer loop
      vertex 99.6754150390625 57.55641174316406 7.399999618530273
      vertex 100.26856994628906 56.1244010925293 7.399999618530273
      vertex 100.07177734375 57.69096374511719 7.399999618530273
    endloop
  endfacet
  facet normal 0 0 1
    outer loop
      vertex 100.26856994628906 56.1244010925293 7.399999618530273
      vertex 99.6754150390625 57.55641174316406 7.399999618530273
      vertex 100.07499694824219 56.0289421081543 7.399999618530273
    endloop
  endfacet
  facet normal 0 0 1
    outer loop
      vertex 99.30000305175781 57.371280670166016 7.399999618530273
      vertex 100.07499694824219 56.0289421081543 7.399999618530273
      vertex 99.6754150390625 57.55641174316406 7.399999618530273
    endloop
  endfacet
  facet normal 0 0 1
    outer loop
      vertex 100.07499694824219 56.0289421081543 7.399999618530273
      vertex 99.30000305175781 57.371280670166016 7.399999618530273
      vertex 99.89554595947266 55.909034729003906 7.399999618530273
    endloop
  endfacet
  facet normal 0 0 1
    outer loop
      vertex 98.95196533203125 57.138729095458984 7.399999618530273
      vertex 99.89554595947266 55.909034729003906 7.399999618530273
      vertex 99.30000305175781 57.371280670166016 7.399999618530273
    endloop
  endfacet
  facet normal 0 0 1
    outer loop
      vertex 99.89554595947266 55.909034729003906 7.399999618530273
      vertex 98.95196533203125 57.138729095458984 7.399999618530273
      vertex 99.7332763671875 55.7667236328125 7.399999618530273
    endloop
  endfacet
  facet normal 0 0 1
    outer loop
      vertex 98.63726043701172 56.86273956298828 7.399999618530273
      vertex 99.7332763671875 55.7667236328125 7.399999618530273
      vertex 98.95196533203125 57.138729095458984 7.399999618530273
    endloop
  endfacet
  facet normal 0 0 1
    outer loop
      vertex 99.7332763671875 55.7667236328125 7.399999618530273
      vertex 98.63726043701172 56.86273956298828 7.399999618530273
      vertex 99.5909652709961 55.604454040527344 7.399999618530273
    endloop
  endfacet
  facet normal 0 0 1
    outer loop
      vertex 98.36126708984375 56.54803466796875 7.399999618530273
      vertex 99.5909652709961 55.604454040527344 7.399999618530273
      vertex 98.63726043701172 56.86273956298828 7.399999618530273
    endloop
  endfacet
  facet normal 0 0 1
    outer loop
      vertex 99.5909652709961 55.604454040527344 7.399999618530273
      vertex 98.36126708984375 56.54803466796875 7.399999618530273
      vertex 99.47105407714844 55.42499923706055 7.399999618530273
    endloop
  endfacet
  facet normal 0 0 1
    outer loop
      vertex 98.12871551513672 56.20000076293945 7.399999618530273
      vertex 99.47105407714844 55.42499923706055 7.399999618530273
      vertex 98.36126708984375 56.54803466796875 7.399999618530273
    endloop
  endfacet
  facet normal 0 0 1
    outer loop
      vertex 99.47105407714844 55.42499923706055 7.399999618530273
      vertex 98.12871551513672 56.20000076293945 7.399999618530273
      vertex 99.37559509277344 55.23142623901367 7.399999618530273
    endloop
  endfacet
  facet normal 0 0 1
    outer loop
      vertex 102.32894134521484 53.775001525878906 7.399999618530273
      vertex 103.67127990722656 53 7.399999618530273
      vertex 102.42440032958984 53.968570709228516 7.399999618530273
    endloop
  endfacet
  facet normal 0 0 1
    outer loop
      vertex 103.67127990722656 53 7.399999618530273
      vertex 102.32894134521484 53.775001525878906 7.399999618530273
      vertex 103.43872833251953 52.65196228027344 7.399999618530273
    endloop
  endfacet
  facet normal 0 0 1
    outer loop
      vertex 102.20903015136719 53.595542907714844 7.399999618530273
      vertex 103.43872833251953 52.65196228027344 7.399999618530273
      vertex 102.32894134521484 53.775001525878906 7.399999618530273
    endloop
  endfacet
  facet normal 0 0 1
    outer loop
      vertex 103.43872833251953 52.65196228027344 7.399999618530273
      vertex 102.20903015136719 53.595542907714844 7.399999618530273
      vertex 103.1627426147461 52.337257385253906 7.399999618530273
    endloop
  endfacet
  facet normal 0 0 1
    outer loop
      vertex 102.06672668457031 53.43327331542969 7.399999618530273
      vertex 103.1627426147461 52.337257385253906 7.399999618530273
      vertex 102.20903015136719 53.595542907714844 7.399999618530273
    endloop
  endfacet
  facet normal 0 0 1
    outer loop
      vertex 103.1627426147461 52.337257385253906 7.399999618530273
      vertex 102.06672668457031 53.43327331542969 7.399999618530273
      vertex 102.84803771972656 52.0612678527832 7.399999618530273
    endloop
  endfacet
  facet normal 0 0 1
    outer loop
      vertex 101.90445709228516 53.29096603393555 7.399999618530273
      vertex 102.84803771972656 52.0612678527832 7.399999618530273
      vertex 102.06672668457031 53.43327331542969 7.399999618530273
    endloop
  endfacet
  facet normal 0 0 1
    outer loop
      vertex 102.84803771972656 52.0612678527832 7.399999618530273
      vertex 101.90445709228516 53.29096603393555 7.399999618530273
      vertex 102.5 51.82872009277344 7.399999618530273
    endloop
  endfacet
  facet normal 0 0 1
    outer loop
      vertex 101.7249984741211 53.171058654785156 7.399999618530273
      vertex 102.5 51.82872009277344 7.399999618530273
      vertex 101.90445709228516 53.29096603393555 7.399999618530273
    endloop
  endfacet
  facet normal 0 0 1
    outer loop
      vertex 102.5 51.82872009277344 7.399999618530273
      vertex 101.7249984741211 53.171058654785156 7.399999618530273
      vertex 102.12458801269531 51.643585205078125 7.399999618530273
    endloop
  endfacet
  facet normal 0 0 1
    outer loop
      vertex 101.53142547607422 53.075599670410156 7.399999618530273
      vertex 102.12458801269531 51.643585205078125 7.399999618530273
      vertex 101.7249984741211 53.171058654785156 7.399999618530273
    endloop
  endfacet
  facet normal 0 0 1
    outer loop
      vertex 102.12458801269531 51.643585205078125 7.399999618530273
      vertex 101.53142547607422 53.075599670410156 7.399999618530273
      vertex 101.72821807861328 51.509037017822266 7.399999618530273
    endloop
  endfacet
  facet normal 0 0 1
    outer loop
      vertex 101.3270492553711 53.006221771240234 7.399999618530273
      vertex 101.72821807861328 51.509037017822266 7.399999618530273
      vertex 101.53142547607422 53.075599670410156 7.399999618530273
    endloop
  endfacet
  facet normal 0 0 1
    outer loop
      vertex 101.3270492553711 53.006221771240234 7.399999618530273
      vertex 101.31768035888672 51.42737579345703 7.399999618530273
      vertex 101.72821807861328 51.509037017822266 7.399999618530273
    endloop
  endfacet
  facet normal 0 0 1
    outer loop
      vertex 101.11537170410156 52.964115142822266 7.399999618530273
      vertex 101.31768035888672 51.42737579345703 7.399999618530273
      vertex 101.3270492553711 53.006221771240234 7.399999618530273
    endloop
  endfacet
  facet normal 0 0 1
    outer loop
      vertex 100.9000015258789 52.95000076293945 7.399999618530273
      vertex 101.31768035888672 51.42737579345703 7.399999618530273
      vertex 101.11537170410156 52.964115142822266 7.399999618530273
    endloop
  endfacet
  facet normal 0 0 1
    outer loop
      vertex 100.9000015258789 52.95000076293945 7.399999618530273
      vertex 100.9000015258789 51.400001525878906 7.399999618530273
      vertex 101.31768035888672 51.42737579345703 7.399999618530273
    endloop
  endfacet
  facet normal 0 0 1
    outer loop
      vertex 100.68463134765625 52.964115142822266 7.399999618530273
      vertex 100.9000015258789 51.400001525878906 7.399999618530273
      vertex 100.9000015258789 52.95000076293945 7.399999618530273
    endloop
  endfacet
  facet normal 0 0 1
    outer loop
      vertex 100.68463134765625 52.964115142822266 7.399999618530273
      vertex 100.48231506347656 51.42737579345703 7.399999618530273
      vertex 100.9000015258789 51.400001525878906 7.399999618530273
    endloop
  endfacet
  facet normal 0 0 1
    outer loop
      vertex 100.47294616699219 53.006221771240234 7.399999618530273
      vertex 100.48231506347656 51.42737579345703 7.399999618530273
      vertex 100.68463134765625 52.964115142822266 7.399999618530273
    endloop
  endfacet
  facet normal 0 0 1
    outer loop
      vertex 100.07177734375 51.509037017822266 7.399999618530273
      vertex 100.47294616699219 53.006221771240234 7.399999618530273
      vertex 100.26856994628906 53.075599670410156 7.399999618530273
    endloop
  endfacet
  facet normal 0 0 1
    outer loop
      vertex 99.6754150390625 51.643585205078125 7.399999618530273
      vertex 100.26856994628906 53.075599670410156 7.399999618530273
      vertex 100.07499694824219 53.171058654785156 7.399999618530273
    endloop
  endfacet
  facet normal 0 0 1
    outer loop
      vertex 100.47294616699219 53.006221771240234 7.399999618530273
      vertex 100.07177734375 51.509037017822266 7.399999618530273
      vertex 100.48231506347656 51.42737579345703 7.399999618530273
    endloop
  endfacet
  facet normal 0 0 1
    outer loop
      vertex 99.30000305175781 51.82872009277344 7.399999618530273
      vertex 100.07499694824219 53.171058654785156 7.399999618530273
      vertex 99.89554595947266 53.29096603393555 7.399999618530273
    endloop
  endfacet
  facet normal 0 0 1
    outer loop
      vertex 98.95196533203125 52.0612678527832 7.399999618530273
      vertex 99.89554595947266 53.29096603393555 7.399999618530273
      vertex 99.7332763671875 53.43327331542969 7.399999618530273
    endloop
  endfacet
  facet normal 0 0 1
    outer loop
      vertex 100.26856994628906 53.075599670410156 7.399999618530273
      vertex 99.6754150390625 51.643585205078125 7.399999618530273
      vertex 100.07177734375 51.509037017822266 7.399999618530273
    endloop
  endfacet
  facet normal 0 0 1
    outer loop
      vertex 98.63726043701172 52.337257385253906 7.399999618530273
      vertex 99.7332763671875 53.43327331542969 7.399999618530273
      vertex 99.5909652709961 53.595542907714844 7.399999618530273
    endloop
  endfacet
  facet normal 0 0 1
    outer loop
      vertex 98.36126708984375 52.65196228027344 7.399999618530273
      vertex 99.5909652709961 53.595542907714844 7.399999618530273
      vertex 99.47105407714844 53.775001525878906 7.399999618530273
    endloop
  endfacet
  facet normal 0 0 1
    outer loop
      vertex 98.12871551513672 53 7.399999618530273
      vertex 99.47105407714844 53.775001525878906 7.399999618530273
      vertex 99.37559509277344 53.968570709228516 7.399999618530273
    endloop
  endfacet
  facet normal 0 0 1
    outer loop
      vertex 97.94358825683594 53.37541198730469 7.399999618530273
      vertex 99.37559509277344 53.968570709228516 7.399999618530273
      vertex 99.30622100830078 54.17294692993164 7.399999618530273
    endloop
  endfacet
  facet normal 0 0 1
    outer loop
      vertex 100.07499694824219 53.171058654785156 7.399999618530273
      vertex 99.30000305175781 51.82872009277344 7.399999618530273
      vertex 99.6754150390625 51.643585205078125 7.399999618530273
    endloop
  endfacet
  facet normal 0 0 1
    outer loop
      vertex 97.80903625488281 53.77177810668945 7.399999618530273
      vertex 99.30622100830078 54.17294692993164 7.399999618530273
      vertex 99.26411437988281 54.3846321105957 7.399999618530273
    endloop
  endfacet
  facet normal 0 0 1
    outer loop
      vertex 97.72737884521484 54.182315826416016 7.399999618530273
      vertex 99.26411437988281 54.3846321105957 7.399999618530273
      vertex 99.25 54.599998474121094 7.399999618530273
    endloop
  endfacet
  facet normal 0 0 1
    outer loop
      vertex 97.94358825683594 55.8245849609375 7.399999618530273
      vertex 99.37559509277344 55.23142623901367 7.399999618530273
      vertex 98.12871551513672 56.20000076293945 7.399999618530273
    endloop
  endfacet
  facet normal 0 0 1
    outer loop
      vertex 99.89554595947266 53.29096603393555 7.399999618530273
      vertex 98.95196533203125 52.0612678527832 7.399999618530273
      vertex 99.30000305175781 51.82872009277344 7.399999618530273
    endloop
  endfacet
  facet normal 0 0 1
    outer loop
      vertex 99.37559509277344 55.23142623901367 7.399999618530273
      vertex 97.94358825683594 55.8245849609375 7.399999618530273
      vertex 99.30622100830078 55.02705001831055 7.399999618530273
    endloop
  endfacet
  facet normal 0 0 1
    outer loop
      vertex 99.7332763671875 53.43327331542969 7.399999618530273
      vertex 98.63726043701172 52.337257385253906 7.399999618530273
      vertex 98.95196533203125 52.0612678527832 7.399999618530273
    endloop
  endfacet
  facet normal 0 0 1
    outer loop
      vertex 97.80903625488281 55.42822265625 7.399999618530273
      vertex 99.30622100830078 55.02705001831055 7.399999618530273
      vertex 97.94358825683594 55.8245849609375 7.399999618530273
    endloop
  endfacet
  facet normal 0 0 1
    outer loop
      vertex 99.5909652709961 53.595542907714844 7.399999618530273
      vertex 98.36126708984375 52.65196228027344 7.399999618530273
      vertex 98.63726043701172 52.337257385253906 7.399999618530273
    endloop
  endfacet
  facet normal 0 0 1
    outer loop
      vertex 99.30622100830078 55.02705001831055 7.399999618530273
      vertex 97.80903625488281 55.42822265625 7.399999618530273
      vertex 99.26411437988281 54.81536865234375 7.399999618530273
    endloop
  endfacet
  facet normal 0 0 1
    outer loop
      vertex 99.47105407714844 53.775001525878906 7.399999618530273
      vertex 98.12871551513672 53 7.399999618530273
      vertex 98.36126708984375 52.65196228027344 7.399999618530273
    endloop
  endfacet
  facet normal 0 0 1
    outer loop
      vertex 97.72737884521484 55.01768493652344 7.399999618530273
      vertex 99.26411437988281 54.81536865234375 7.399999618530273
      vertex 97.80903625488281 55.42822265625 7.399999618530273
    endloop
  endfacet
  facet normal 0 0 1
    outer loop
      vertex 99.37559509277344 53.968570709228516 7.399999618530273
      vertex 97.94358825683594 53.37541198730469 7.399999618530273
      vertex 98.12871551513672 53 7.399999618530273
    endloop
  endfacet
  facet normal 0 0 1
    outer loop
      vertex 99.26411437988281 54.81536865234375 7.399999618530273
      vertex 97.72737884521484 55.01768493652344 7.399999618530273
      vertex 99.25 54.599998474121094 7.399999618530273
    endloop
  endfacet
  facet normal 0 0 1
    outer loop
      vertex 99.30622100830078 54.17294692993164 7.399999618530273
      vertex 97.80903625488281 53.77177810668945 7.399999618530273
      vertex 97.94358825683594 53.37541198730469 7.399999618530273
    endloop
  endfacet
  facet normal 0 0 1
    outer loop
      vertex 97.69999694824219 54.599998474121094 7.399999618530273
      vertex 99.25 54.599998474121094 7.399999618530273
      vertex 97.72737884521484 55.01768493652344 7.399999618530273
    endloop
  endfacet
  facet normal 0 0 1
    outer loop
      vertex 99.26411437988281 54.3846321105957 7.399999618530273
      vertex 97.72737884521484 54.182315826416016 7.399999618530273
      vertex 97.80903625488281 53.77177810668945 7.399999618530273
    endloop
  endfacet
  facet normal 0 0 1
    outer loop
      vertex 99.25 54.599998474121094 7.399999618530273
      vertex 97.69999694824219 54.599998474121094 7.399999618530273
      vertex 97.72737884521484 54.182315826416016 7.399999618530273
    endloop
  endfacet
  facet normal 0.6593468235327169 -0.751838923106084 0
    outer loop
      vertex 102.84803771972656 52.0612678527832 3
      vertex 103.1627426147461 52.337257385253906 7.399999618530273
      vertex 102.84803771972656 52.0612678527832 7.399999618530273
    endloop
  endfacet
  facet normal 0.6593468235327169 -0.751838923106084 0
    outer loop
      vertex 103.1627426147461 52.337257385253906 7.399999618530273
      vertex 102.84803771972656 52.0612678527832 3
      vertex 103.1627426147461 52.337257385253906 3
    endloop
  endfacet
  facet normal 0.4422928857990367 -0.8968706724893842 0
    outer loop
      vertex 102.12458801269531 51.643585205078125 3
      vertex 102.5 51.82872009277344 7.399999618530273
      vertex 102.12458801269531 51.643585205078125 7.399999618530273
    endloop
  endfacet
  facet normal 0.4422928857990367 -0.8968706724893842 0
    outer loop
      vertex 102.5 51.82872009277344 7.399999618530273
      vertex 102.12458801269531 51.643585205078125 3
      vertex 102.5 51.82872009277344 3
    endloop
  endfacet
  facet normal 0.8968724552636158 0.44228927071478163 0
    outer loop
      vertex 103.85641479492188 55.8245849609375 7.399999618530273
      vertex 103.67127990722656 56.20000076293945 3
      vertex 103.67127990722656 56.20000076293945 7.399999618530273
    endloop
  endfacet
  facet normal 0.8968724552636158 0.44228927071478163 0
    outer loop
      vertex 103.67127990722656 56.20000076293945 3
      vertex 103.85641479492188 55.8245849609375 7.399999618530273
      vertex 103.85641479492188 55.8245849609375 3
    endloop
  endfacet
  facet normal 0.195082002735033 0.9807869351744489 0
    outer loop
      vertex 101.72821807861328 57.69096374511719 3
      vertex 101.31768035888672 57.772621154785156 7.399999618530273
      vertex 101.72821807861328 57.69096374511719 7.399999618530273
    endloop
  endfacet
  facet normal 0.195082002735033 0.9807869351744489 0
    outer loop
      vertex 101.31768035888672 57.772621154785156 7.399999618530273
      vertex 101.72821807861328 57.69096374511719 3
      vertex 101.31768035888672 57.772621154785156 3
    endloop
  endfacet
  facet normal -0.06540661454080147 0.9978586947931611 0
    outer loop
      vertex 100.9000015258789 57.79999923706055 3
      vertex 100.48231506347656 57.772621154785156 7.399999618530273
      vertex 100.9000015258789 57.79999923706055 7.399999618530273
    endloop
  endfacet
  facet normal -0.06540661454080147 0.9978586947931611 0
    outer loop
      vertex 100.48231506347656 57.772621154785156 7.399999618530273
      vertex 100.9000015258789 57.79999923706055 3
      vertex 100.48231506347656 57.772621154785156 3
    endloop
  endfacet
  facet normal -0.9807869351744489 0.195082002735033 0
    outer loop
      vertex 97.72737884521484 55.01768493652344 3
      vertex 97.80903625488281 55.42822265625 7.399999618530273
      vertex 97.80903625488281 55.42822265625 3
    endloop
  endfacet
  facet normal -0.9807869351744489 0.195082002735033 0
    outer loop
      vertex 97.80903625488281 55.42822265625 7.399999618530273
      vertex 97.72737884521484 55.01768493652344 3
      vertex 97.72737884521484 55.01768493652344 7.399999618530273
    endloop
  endfacet
  facet normal 0.8968706724893842 -0.4422928857990367 0
    outer loop
      vertex 103.67127990722656 53 7.399999618530273
      vertex 103.85641479492188 53.37541198730469 3
      vertex 103.85641479492188 53.37541198730469 7.399999618530273
    endloop
  endfacet
  facet normal 0.8968706724893842 -0.4422928857990367 0
    outer loop
      vertex 103.85641479492188 53.37541198730469 3
      vertex 103.67127990722656 53 7.399999618530273
      vertex 103.67127990722656 53 3
    endloop
  endfacet
  facet normal -0.44228555512284234 0.8968742875842072 0
    outer loop
      vertex 99.6754150390625 57.55641174316406 3
      vertex 99.30000305175781 57.371280670166016 7.399999618530273
      vertex 99.6754150390625 57.55641174316406 7.399999618530273
    endloop
  endfacet
  facet normal -0.44228555512284234 0.8968742875842072 0
    outer loop
      vertex 99.30000305175781 57.371280670166016 7.399999618530273
      vertex 99.6754150390625 57.55641174316406 3
      vertex 99.30000305175781 57.371280670166016 3
    endloop
  endfacet
  facet normal -0.3214504538483388 0.9469263993155419 0
    outer loop
      vertex 100.07177734375 57.69096374511719 3
      vertex 99.6754150390625 57.55641174316406 7.399999618530273
      vertex 100.07177734375 57.69096374511719 7.399999618530273
    endloop
  endfacet
  facet normal -0.3214504538483388 0.9469263993155419 0
    outer loop
      vertex 99.6754150390625 57.55641174316406 7.399999618530273
      vertex 100.07177734375 57.69096374511719 3
      vertex 99.6754150390625 57.55641174316406 3
    endloop
  endfacet
  facet normal -0.8314665728927663 0.5555747817908567 0
    outer loop
      vertex 98.12871551513672 56.20000076293945 3
      vertex 98.36126708984375 56.54803466796875 7.399999618530273
      vertex 98.36126708984375 56.54803466796875 3
    endloop
  endfacet
  facet normal -0.8314665728927663 0.5555747817908567 0
    outer loop
      vertex 98.36126708984375 56.54803466796875 7.399999618530273
      vertex 98.12871551513672 56.20000076293945 3
      vertex 98.12871551513672 56.20000076293945 7.399999618530273
    endloop
  endfacet
  facet normal 0.7518434408438915 -0.6593416720183988 0
    outer loop
      vertex 103.1627426147461 52.337257385253906 7.399999618530273
      vertex 103.43872833251953 52.65196228027344 3
      vertex 103.43872833251953 52.65196228027344 7.399999618530273
    endloop
  endfacet
  facet normal 0.7518434408438915 -0.6593416720183988 0
    outer loop
      vertex 103.43872833251953 52.65196228027344 3
      vertex 103.1627426147461 52.337257385253906 7.399999618530273
      vertex 103.1627426147461 52.337257385253906 3
    endloop
  endfacet
  facet normal 0.8314693858519476 -0.5555705719267222 0
    outer loop
      vertex 103.43872833251953 52.65196228027344 7.399999618530273
      vertex 103.67127990722656 53 3
      vertex 103.67127990722656 53 7.399999618530273
    endloop
  endfacet
  facet normal 0.8314693858519476 -0.5555705719267222 0
    outer loop
      vertex 103.67127990722656 53 3
      vertex 103.43872833251953 52.65196228027344 7.399999618530273
      vertex 103.43872833251953 52.65196228027344 3
    endloop
  endfacet
  facet normal 0.3214449058393379 0.9469282826645 0
    outer loop
      vertex 102.12458801269531 57.55641174316406 3
      vertex 101.72821807861328 57.69096374511719 7.399999618530273
      vertex 102.12458801269531 57.55641174316406 7.399999618530273
    endloop
  endfacet
  facet normal 0.3214449058393379 0.9469282826645 0
    outer loop
      vertex 101.72821807861328 57.69096374511719 7.399999618530273
      vertex 102.12458801269531 57.55641174316406 3
      vertex 101.72821807861328 57.69096374511719 3
    endloop
  endfacet
  facet normal -0.9469273410022105 -0.32144767982127875 0
    outer loop
      vertex 97.94358825683594 53.37541198730469 3
      vertex 97.80903625488281 53.77177810668945 7.399999618530273
      vertex 97.80903625488281 53.77177810668945 3
    endloop
  endfacet
  facet normal -0.9469273410022105 -0.32144767982127875 0
    outer loop
      vertex 97.80903625488281 53.77177810668945 7.399999618530273
      vertex 97.94358825683594 53.37541198730469 3
      vertex 97.94358825683594 53.37541198730469 7.399999618530273
    endloop
  endfacet
  facet normal 0.5555642714145919 -0.8314735956887469 0
    outer loop
      vertex 102.5 51.82872009277344 3
      vertex 102.84803771972656 52.0612678527832 7.399999618530273
      vertex 102.5 51.82872009277344 7.399999618530273
    endloop
  endfacet
  facet normal 0.5555642714145919 -0.8314735956887469 0
    outer loop
      vertex 102.84803771972656 52.0612678527832 7.399999618530273
      vertex 102.5 51.82872009277344 3
      vertex 102.84803771972656 52.0612678527832 3
    endloop
  endfacet
  facet normal -0.19509076930837166 -0.9807851914311654 0
    outer loop
      vertex 100.07177734375 51.509037017822266 3
      vertex 100.48231506347656 51.42737579345703 7.399999618530273
      vertex 100.07177734375 51.509037017822266 7.399999618530273
    endloop
  endfacet
  facet normal -0.19509076930837166 -0.9807851914311654 0
    outer loop
      vertex 100.48231506347656 51.42737579345703 7.399999618530273
      vertex 100.07177734375 51.509037017822266 3
      vertex 100.48231506347656 51.42737579345703 3
    endloop
  endfacet
  facet normal -0.5555642714145919 -0.8314735956887469 0
    outer loop
      vertex 98.95196533203125 52.0612678527832 3
      vertex 99.30000305175781 51.82872009277344 7.399999618530273
      vertex 98.95196533203125 52.0612678527832 7.399999618530273
    endloop
  endfacet
  facet normal -0.5555642714145919 -0.8314735956887469 0
    outer loop
      vertex 99.30000305175781 51.82872009277344 7.399999618530273
      vertex 98.95196533203125 52.0612678527832 3
      vertex 99.30000305175781 51.82872009277344 3
    endloop
  endfacet
  facet normal 0.9978589463682691 -0.06540277633868208 0
    outer loop
      vertex 107.27433776855469 2.6084213256835938 3
      vertex 107.30000305175781 3 0
      vertex 107.30000305175781 3 3
    endloop
  endfacet
  facet normal 0.9978589463682691 -0.06540277633868208 0
    outer loop
      vertex 107.30000305175781 3 0
      vertex 107.27433776855469 2.6084213256835938 3
      vertex 107.27433776855469 2.6084213256835938 0
    endloop
  endfacet
  facet normal 0 -1 0
    outer loop
      vertex 3 0 0
      vertex 104.30000305175781 0 3
      vertex 3 0 3
    endloop
  endfacet
  facet normal 0 -1 0
    outer loop
      vertex 104.30000305175781 0 3
      vertex 3 0 0
      vertex 104.30000305175781 0 0
    endloop
  endfacet
  facet normal 0.3214358195010027 -0.9469313670703483 0
    outer loop
      vertex 105.07645416259766 0.10222244262695312 0
      vertex 105.44805145263672 0.2283611297607422 3
      vertex 105.07645416259766 0.10222244262695312 3
    endloop
  endfacet
  facet normal 0.3214358195010027 -0.9469313670703483 0
    outer loop
      vertex 105.44805145263672 0.2283611297607422 3
      vertex 105.07645416259766 0.10222244262695312 0
      vertex 105.44805145263672 0.2283611297607422 0
    endloop
  endfacet
  facet normal 0.5555775903158339 -0.8314646962672867 0
    outer loop
      vertex 105.80000305175781 0.40192317962646484 0
      vertex 106.12628173828125 0.6199398040771484 3
      vertex 105.80000305175781 0.40192317962646484 3
    endloop
  endfacet
  facet normal 0.5555775903158339 -0.8314646962672867 0
    outer loop
      vertex 106.12628173828125 0.6199398040771484 3
      vertex 105.80000305175781 0.40192317962646484 0
      vertex 106.12628173828125 0.6199398040771484 0
    endloop
  endfacet
  facet normal -0.8968721251373243 0.44228994014295603 0
    outer loop
      vertex 0.2283611297607422 59.44805145263672 0
      vertex 0.40192317962646484 59.79999923706055 3
      vertex 0.40192317962646484 59.79999923706055 0
    endloop
  endfacet
  facet normal -0.8968721251373243 0.44228994014295603 0
    outer loop
      vertex 0.40192317962646484 59.79999923706055 3
      vertex 0.2283611297607422 59.44805145263672 0
      vertex 0.2283611297607422 59.44805145263672 3
    endloop
  endfacet
  facet normal 1 0 0
    outer loop
      vertex 107.30000305175781 3 3
      vertex 107.30000305175781 58.29999923706055 0
      vertex 107.30000305175781 58.29999923706055 3
    endloop
  endfacet
  facet normal 1 0 0
    outer loop
      vertex 107.30000305175781 58.29999923706055 0
      vertex 107.30000305175781 3 3
      vertex 107.30000305175781 3 0
    endloop
  endfacet
  facet normal 0.06540404519937702 -0.9978588632023858 0
    outer loop
      vertex 104.30000305175781 0 0
      vertex 104.69157409667969 0.025665283203125 3
      vertex 104.30000305175781 0 3
    endloop
  endfacet
  facet normal 0.06540404519937702 -0.9978588632023858 0
    outer loop
      vertex 104.69157409667969 0.025665283203125 3
      vertex 104.30000305175781 0 0
      vertex 104.69157409667969 0.025665283203125 0
    endloop
  endfacet
  facet normal 0.65934519087334 -0.7518403549106677 0
    outer loop
      vertex 106.12628173828125 0.6199398040771484 0
      vertex 106.42131805419922 0.8786792755126953 3
      vertex 106.12628173828125 0.6199398040771484 3
    endloop
  endfacet
  facet normal 0.65934519087334 -0.7518403549106677 0
    outer loop
      vertex 106.42131805419922 0.8786792755126953 3
      vertex 106.12628173828125 0.6199398040771484 0
      vertex 106.42131805419922 0.8786792755126953 0
    endloop
  endfacet
  facet normal -0.5555708544893759 -0.8314691970493824 0
    outer loop
      vertex 1.173715591430664 0.6199398040771484 0
      vertex 1.5 0.40192317962646484 3
      vertex 1.173715591430664 0.6199398040771484 3
    endloop
  endfacet
  facet normal -0.5555708544893759 -0.8314691970493824 0
    outer loop
      vertex 1.5 0.40192317962646484 3
      vertex 1.173715591430664 0.6199398040771484 0
      vertex 1.5 0.40192317962646484 0
    endloop
  endfacet
  facet normal -0.8314691970493824 -0.5555708544893759 0
    outer loop
      vertex 0.6199398040771484 1.173715591430664 0
      vertex 0.40192317962646484 1.5 3
      vertex 0.40192317962646484 1.5 0
    endloop
  endfacet
  facet normal -0.8314691970493824 -0.5555708544893759 0
    outer loop
      vertex 0.40192317962646484 1.5 3
      vertex 0.6199398040771484 1.173715591430664 0
      vertex 0.6199398040771484 1.173715591430664 3
    endloop
  endfacet
  facet normal -0.7518403549106677 -0.65934519087334 0
    outer loop
      vertex 0.8786792755126953 0.8786792755126953 0
      vertex 0.6199398040771484 1.173715591430664 3
      vertex 0.6199398040771484 1.173715591430664 0
    endloop
  endfacet
  facet normal -0.7518403549106677 -0.65934519087334 0
    outer loop
      vertex 0.6199398040771484 1.173715591430664 3
      vertex 0.8786792755126953 0.8786792755126953 0
      vertex 0.8786792755126953 0.8786792755126953 3
    endloop
  endfacet
  facet normal -0.9978589463682691 0.06540277633868208 0
    outer loop
      vertex 0 58.29999923706055 0
      vertex 0.025665283203125 58.69157791137695 3
      vertex 0.025665283203125 58.69157791137695 0
    endloop
  endfacet
  facet normal -0.9978589463682691 0.06540277633868208 0
    outer loop
      vertex 0.025665283203125 58.69157791137695 3
      vertex 0 58.29999923706055 0
      vertex 0 58.29999923706055 3
    endloop
  endfacet
  facet normal -0.3214351597604406 0.9469315910190027 0
    outer loop
      vertex 2.2235422134399414 61.197776794433594 0
      vertex 1.851949691772461 61.07164001464844 3
      vertex 2.2235422134399414 61.197776794433594 3
    endloop
  endfacet
  facet normal -0.3214351597604406 0.9469315910190027 0
    outer loop
      vertex 1.851949691772461 61.07164001464844 3
      vertex 2.2235422134399414 61.197776794433594 0
      vertex 1.851949691772461 61.07164001464844 0
    endloop
  endfacet
  facet normal -1 0 0
    outer loop
      vertex 0 3 0
      vertex 0 58.29999923706055 3
      vertex 0 58.29999923706055 0
    endloop
  endfacet
  facet normal -1 0 0
    outer loop
      vertex 0 58.29999923706055 3
      vertex 0 3 0
      vertex 0 3 3
    endloop
  endfacet
  facet normal 0.9978589463682691 0.06540277633868208 0
    outer loop
      vertex 107.30000305175781 58.29999923706055 3
      vertex 107.27433776855469 58.69157791137695 0
      vertex 107.27433776855469 58.69157791137695 3
    endloop
  endfacet
  facet normal 0.9978589463682691 0.06540277633868208 0
    outer loop
      vertex 107.27433776855469 58.69157791137695 0
      vertex 107.30000305175781 58.29999923706055 3
      vertex 107.30000305175781 58.29999923706055 0
    endloop
  endfacet
  facet normal 0.7518355360126442 0.6593506857421018 0
    outer loop
      vertex 106.68006134033203 60.12628173828125 3
      vertex 106.42131805419922 60.42131805419922 0
      vertex 106.42131805419922 60.42131805419922 3
    endloop
  endfacet
  facet normal 0.7518355360126442 0.6593506857421018 0
    outer loop
      vertex 106.42131805419922 60.42131805419922 0
      vertex 106.68006134033203 60.12628173828125 3
      vertex 106.68006134033203 60.12628173828125 0
    endloop
  endfacet
  facet normal -0.8968730759471395 -0.44228801209293084 0
    outer loop
      vertex 0.40192317962646484 1.5 0
      vertex 0.2283611297607422 1.851949691772461 3
      vertex 0.2283611297607422 1.851949691772461 0
    endloop
  endfacet
  facet normal -0.8968730759471395 -0.44228801209293084 0
    outer loop
      vertex 0.2283611297607422 1.851949691772461 3
      vertex 0.40192317962646484 1.5 0
      vertex 0.40192317962646484 1.5 3
    endloop
  endfacet
  facet normal 0.9807834476157246 -0.19509953583495104 0
    outer loop
      vertex 107.1977767944336 2.2235422134399414 3
      vertex 107.27433776855469 2.6084213256835938 0
      vertex 107.27433776855469 2.6084213256835938 3
    endloop
  endfacet
  facet normal 0.9807834476157246 -0.19509953583495104 0
    outer loop
      vertex 107.27433776855469 2.6084213256835938 0
      vertex 107.1977767944336 2.2235422134399414 3
      vertex 107.1977767944336 2.2235422134399414 0
    endloop
  endfacet
  facet normal 0.555572549895944 0.8314680642105979 0
    outer loop
      vertex 106.12628173828125 60.68006134033203 0
      vertex 105.80000305175781 60.898075103759766 3
      vertex 106.12628173828125 60.68006134033203 3
    endloop
  endfacet
  facet normal 0.555572549895944 0.8314680642105979 0
    outer loop
      vertex 105.80000305175781 60.898075103759766 3
      vertex 106.12628173828125 60.68006134033203 0
      vertex 105.80000305175781 60.898075103759766 0
    endloop
  endfacet
  facet normal 0 1 0
    outer loop
      vertex 104.30000305175781 61.29999923706055 0
      vertex 3 61.29999923706055 3
      vertex 104.30000305175781 61.29999923706055 3
    endloop
  endfacet
  facet normal 0 1 0
    outer loop
      vertex 3 61.29999923706055 3
      vertex 104.30000305175781 61.29999923706055 0
      vertex 3 61.29999923706055 0
    endloop
  endfacet
  facet normal -0.9978589463682691 -0.06540277633868208 0
    outer loop
      vertex 0.025665283203125 2.6084213256835938 0
      vertex 0 3 3
      vertex 0 3 0
    endloop
  endfacet
  facet normal -0.9978589463682691 -0.06540277633868208 0
    outer loop
      vertex 0 3 3
      vertex 0.025665283203125 2.6084213256835938 0
      vertex 0.025665283203125 2.6084213256835938 3
    endloop
  endfacet
  facet normal 0.6593506857421018 0.7518355360126442 0
    outer loop
      vertex 106.42131805419922 60.42131805419922 0
      vertex 106.12628173828125 60.68006134033203 3
      vertex 106.42131805419922 60.42131805419922 3
    endloop
  endfacet
  facet normal 0.6593506857421018 0.7518355360126442 0
    outer loop
      vertex 106.12628173828125 60.68006134033203 3
      vertex 106.42131805419922 60.42131805419922 0
      vertex 106.12628173828125 60.68006134033203 0
    endloop
  endfacet
  facet normal 0.19508971986614307 0.9807854001781174 0
    outer loop
      vertex 105.07645416259766 61.197776794433594 0
      vertex 104.69157409667969 61.27433395385742 3
      vertex 105.07645416259766 61.197776794433594 3
    endloop
  endfacet
  facet normal 0.19508971986614307 0.9807854001781174 0
    outer loop
      vertex 104.69157409667969 61.27433395385742 3
      vertex 105.07645416259766 61.197776794433594 0
      vertex 104.69157409667969 61.27433395385742 0
    endloop
  endfacet
  facet normal -0.1950901848716038 0.9807853076829625 0
    outer loop
      vertex 2.6084213256835938 61.27433395385742 0
      vertex 2.2235422134399414 61.197776794433594 3
      vertex 2.6084213256835938 61.27433395385742 3
    endloop
  endfacet
  facet normal -0.1950901848716038 0.9807853076829625 0
    outer loop
      vertex 2.2235422134399414 61.197776794433594 3
      vertex 2.6084213256835938 61.27433395385742 0
      vertex 2.2235422134399414 61.197776794433594 0
    endloop
  endfacet
  facet normal 0.7518355360126442 -0.6593506857421018 0
    outer loop
      vertex 106.42131805419922 0.8786792755126953 3
      vertex 106.68006134033203 1.173715591430664 0
      vertex 106.68006134033203 1.173715591430664 3
    endloop
  endfacet
  facet normal 0.7518355360126442 -0.6593506857421018 0
    outer loop
      vertex 106.68006134033203 1.173715591430664 0
      vertex 106.42131805419922 0.8786792755126953 3
      vertex 106.42131805419922 0.8786792755126953 0
    endloop
  endfacet
  facet normal -0.44228801209293084 -0.8968730759471395 0
    outer loop
      vertex 1.5 0.40192317962646484 0
      vertex 1.851949691772461 0.2283611297607422 3
      vertex 1.5 0.40192317962646484 3
    endloop
  endfacet
  facet normal -0.44228801209293084 -0.8968730759471395 0
    outer loop
      vertex 1.851949691772461 0.2283611297607422 3
      vertex 1.5 0.40192317962646484 0
      vertex 1.851949691772461 0.2283611297607422 0
    endloop
  endfacet
  facet normal -0.44229387660131864 0.8968701838733282 0
    outer loop
      vertex 1.851949691772461 61.07164001464844 0
      vertex 1.5 60.898075103759766 3
      vertex 1.851949691772461 61.07164001464844 3
    endloop
  endfacet
  facet normal -0.44229387660131864 0.8968701838733282 0
    outer loop
      vertex 1.5 60.898075103759766 3
      vertex 1.851949691772461 61.07164001464844 0
      vertex 1.5 60.898075103759766 0
    endloop
  endfacet
  facet normal 0.8314665741724725 0.5555747798756637 0
    outer loop
      vertex 106.89807891845703 59.79999923706055 3
      vertex 106.68006134033203 60.12628173828125 0
      vertex 106.68006134033203 60.12628173828125 3
    endloop
  endfacet
  facet normal 0.8314665741724725 0.5555747798756637 0
    outer loop
      vertex 106.68006134033203 60.12628173828125 0
      vertex 106.89807891845703 59.79999923706055 3
      vertex 106.89807891845703 59.79999923706055 0
    endloop
  endfacet
  facet normal -0.9469301115837139 -0.3214395180684152 0
    outer loop
      vertex 0.2283611297607422 1.851949691772461 0
      vertex 0.10222244262695312 2.2235422134399414 3
      vertex 0.10222244262695312 2.2235422134399414 0
    endloop
  endfacet
  facet normal -0.9469301115837139 -0.3214395180684152 0
    outer loop
      vertex 0.10222244262695312 2.2235422134399414 3
      vertex 0.2283611297607422 1.851949691772461 0
      vertex 0.2283611297607422 1.851949691772461 3
    endloop
  endfacet
  facet normal 0.19508971986614307 -0.9807854001781174 0
    outer loop
      vertex 104.69157409667969 0.025665283203125 0
      vertex 105.07645416259766 0.10222244262695312 3
      vertex 104.69157409667969 0.025665283203125 3
    endloop
  endfacet
  facet normal 0.19508971986614307 -0.9807854001781174 0
    outer loop
      vertex 105.07645416259766 0.10222244262695312 3
      vertex 104.69157409667969 0.025665283203125 0
      vertex 105.07645416259766 0.10222244262695312 0
    endloop
  endfacet
  facet normal 0.3214314612316194 0.9469328464735531 0
    outer loop
      vertex 105.44805145263672 61.07164001464844 0
      vertex 105.07645416259766 61.197776794433594 3
      vertex 105.44805145263672 61.07164001464844 3
    endloop
  endfacet
  facet normal 0.3214314612316194 0.9469328464735531 0
    outer loop
      vertex 105.07645416259766 61.197776794433594 3
      vertex 105.44805145263672 61.07164001464844 0
      vertex 105.07645416259766 61.197776794433594 0
    endloop
  endfacet
  facet normal 0.9469318421133799 0.3214344200482596 0
    outer loop
      vertex 107.1977767944336 59.07645797729492 3
      vertex 107.07164001464844 59.44805145263672 0
      vertex 107.07164001464844 59.44805145263672 3
    endloop
  endfacet
  facet normal 0.9469318421133799 0.3214344200482596 0
    outer loop
      vertex 107.07164001464844 59.44805145263672 0
      vertex 107.1977767944336 59.07645797729492 3
      vertex 107.1977767944336 59.07645797729492 0
    endloop
  endfacet
  facet normal 0 0 1
    outer loop
      vertex 9.356413841247559 53.37541198730469 3
      vertex 15.399999618530273 55.45000076293945 3
      vertex 9.490962028503418 53.77177810668945 3
    endloop
  endfacet
  facet normal 0 0 1
    outer loop
      vertex 15.399999618530273 5.84999942779541 3
      vertex 9.572623252868652 7.117683410644531 3
      vertex 9.59999942779541 6.699999809265137 3
    endloop
  endfacet
  facet normal 0 0 1
    outer loop
      vertex 9.171280860900879 53 3
      vertex 15.399999618530273 55.45000076293945 3
      vertex 9.356413841247559 53.37541198730469 3
    endloop
  endfacet
  facet normal 0 0 1
    outer loop
      vertex 15.399999618530273 5.84999942779541 3
      vertex 9.490962028503418 7.528220176696777 3
      vertex 9.572623252868652 7.117683410644531 3
    endloop
  endfacet
  facet normal 0 0 1
    outer loop
      vertex 8.938730239868164 52.65196228027344 3
      vertex 15.399999618530273 55.45000076293945 3
      vertex 9.171280860900879 53 3
    endloop
  endfacet
  facet normal 0 0 1
    outer loop
      vertex 15.399999618530273 5.84999942779541 3
      vertex 9.356413841247559 7.924586296081543 3
      vertex 9.490962028503418 7.528220176696777 3
    endloop
  endfacet
  facet normal 0 0 1
    outer loop
      vertex 8.662741661071777 52.337257385253906 3
      vertex 15.399999618530273 55.45000076293945 3
      vertex 8.938730239868164 52.65196228027344 3
    endloop
  endfacet
  facet normal 0 0 1
    outer loop
      vertex 15.399999618530273 5.84999942779541 3
      vertex 9.171280860900879 8.299999237060547 3
      vertex 9.356413841247559 7.924586296081543 3
    endloop
  endfacet
  facet normal 0 0 1
    outer loop
      vertex 8.34803581237793 52.0612678527832 3
      vertex 15.399999618530273 55.45000076293945 3
      vertex 8.662741661071777 52.337257385253906 3
    endloop
  endfacet
  facet normal 0 0 1
    outer loop
      vertex 15.399999618530273 5.84999942779541 3
      vertex 8.938730239868164 8.648036003112793 3
      vertex 9.171280860900879 8.299999237060547 3
    endloop
  endfacet
  facet normal 0 0 1
    outer loop
      vertex 15.399999618530273 55.45000076293945 3
      vertex 8.34803581237793 52.0612678527832 3
      vertex 15.399999618530273 5.84999942779541 3
    endloop
  endfacet
  facet normal 0 0 1
    outer loop
      vertex 15.399999618530273 5.84999942779541 3
      vertex 8.662741661071777 8.962740898132324 3
      vertex 8.938730239868164 8.648036003112793 3
    endloop
  endfacet
  facet normal 0 0 1
    outer loop
      vertex 8.34803581237793 9.238730430603027 3
      vertex 15.399999618530273 5.84999942779541 3
      vertex 8.34803581237793 52.0612678527832 3
    endloop
  endfacet
  facet normal 0 0 1
    outer loop
      vertex 15.399999618530273 5.84999942779541 3
      vertex 8.34803581237793 9.238730430603027 3
      vertex 8.662741661071777 8.962740898132324 3
    endloop
  endfacet
  facet normal 0 0 1
    outer loop
      vertex 8 51.82872009277344 3
      vertex 8.34803581237793 9.238730430603027 3
      vertex 8.34803581237793 52.0612678527832 3
    endloop
  endfacet
  facet normal 0 0 1
    outer loop
      vertex 8 51.82872009277344 3
      vertex 8 9.471281051635742 3
      vertex 8.34803581237793 9.238730430603027 3
    endloop
  endfacet
  facet normal 0 0 1
    outer loop
      vertex 7.62458610534668 51.643585205078125 3
      vertex 8 9.471281051635742 3
      vertex 8 51.82872009277344 3
    endloop
  endfacet
  facet normal 0 0 1
    outer loop
      vertex 7.62458610534668 51.643585205078125 3
      vertex 7.62458610534668 9.656414031982422 3
      vertex 8 9.471281051635742 3
    endloop
  endfacet
  facet normal 0 0 1
    outer loop
      vertex 7.2282209396362305 51.509037017822266 3
      vertex 7.62458610534668 9.656414031982422 3
      vertex 7.62458610534668 51.643585205078125 3
    endloop
  endfacet
  facet normal 0 0 1
    outer loop
      vertex 7.2282209396362305 51.509037017822266 3
      vertex 7.2282209396362305 9.790962219238281 3
      vertex 7.62458610534668 9.656414031982422 3
    endloop
  endfacet
  facet normal 0 0 1
    outer loop
      vertex 6.817683219909668 51.42737579345703 3
      vertex 7.2282209396362305 9.790962219238281 3
      vertex 7.2282209396362305 51.509037017822266 3
    endloop
  endfacet
  facet normal 0 0 1
    outer loop
      vertex 6.817683219909668 51.42737579345703 3
      vertex 6.817683219909668 9.872623443603516 3
      vertex 7.2282209396362305 9.790962219238281 3
    endloop
  endfacet
  facet normal 0 0 1
    outer loop
      vertex 6.399999618530273 51.400001525878906 3
      vertex 6.817683219909668 9.872623443603516 3
      vertex 6.817683219909668 51.42737579345703 3
    endloop
  endfacet
  facet normal 0 0 1
    outer loop
      vertex 6.399999618530273 51.400001525878906 3
      vertex 6.399999618530273 9.899999618530273 3
      vertex 6.817683219909668 9.872623443603516 3
    endloop
  endfacet
  facet normal 0 0 1
    outer loop
      vertex 5.982316017150879 51.42737579345703 3
      vertex 6.399999618530273 9.899999618530273 3
      vertex 6.399999618530273 51.400001525878906 3
    endloop
  endfacet
  facet normal 0 0 1
    outer loop
      vertex 5.982316017150879 51.42737579345703 3
      vertex 5.982316017150879 9.872623443603516 3
      vertex 6.399999618530273 9.899999618530273 3
    endloop
  endfacet
  facet normal 0 0 1
    outer loop
      vertex 5.571778297424316 51.509037017822266 3
      vertex 5.982316017150879 9.872623443603516 3
      vertex 5.982316017150879 51.42737579345703 3
    endloop
  endfacet
  facet normal 0 0 1
    outer loop
      vertex 5.571778297424316 51.509037017822266 3
      vertex 5.571778297424316 9.790962219238281 3
      vertex 5.982316017150879 9.872623443603516 3
    endloop
  endfacet
  facet normal 0 0 1
    outer loop
      vertex 5.175412178039551 51.643585205078125 3
      vertex 5.571778297424316 9.790962219238281 3
      vertex 5.571778297424316 51.509037017822266 3
    endloop
  endfacet
  facet normal 0 0 1
    outer loop
      vertex 5.175412178039551 51.643585205078125 3
      vertex 5.175412178039551 9.656414031982422 3
      vertex 5.571778297424316 9.790962219238281 3
    endloop
  endfacet
  facet normal 0 0 1
    outer loop
      vertex 4.799999237060547 51.82872009277344 3
      vertex 5.175412178039551 9.656414031982422 3
      vertex 5.175412178039551 51.643585205078125 3
    endloop
  endfacet
  facet normal 0 0 1
    outer loop
      vertex 4.799999237060547 51.82872009277344 3
      vertex 4.799999237060547 9.471281051635742 3
      vertex 5.175412178039551 9.656414031982422 3
    endloop
  endfacet
  facet normal 0 0 1
    outer loop
      vertex 4.451963424682617 52.0612678527832 3
      vertex 4.799999237060547 9.471281051635742 3
      vertex 4.799999237060547 51.82872009277344 3
    endloop
  endfacet
  facet normal 0 0 1
    outer loop
      vertex 4.451963424682617 52.0612678527832 3
      vertex 4.451963424682617 9.238730430603027 3
      vertex 4.799999237060547 9.471281051635742 3
    endloop
  endfacet
  facet normal 0 0 1
    outer loop
      vertex 4.1372575759887695 52.337257385253906 3
      vertex 4.451963424682617 9.238730430603027 3
      vertex 4.451963424682617 52.0612678527832 3
    endloop
  endfacet
  facet normal 0 0 1
    outer loop
      vertex 4.1372575759887695 52.337257385253906 3
      vertex 4.1372575759887695 8.962740898132324 3
      vertex 4.451963424682617 9.238730430603027 3
    endloop
  endfacet
  facet normal 0 0 1
    outer loop
      vertex 3.861268997192383 52.65196228027344 3
      vertex 4.1372575759887695 8.962740898132324 3
      vertex 4.1372575759887695 52.337257385253906 3
    endloop
  endfacet
  facet normal 0 0 1
    outer loop
      vertex 3.861268997192383 52.65196228027344 3
      vertex 3.861268997192383 8.648036003112793 3
      vertex 4.1372575759887695 8.962740898132324 3
    endloop
  endfacet
  facet normal 0 0 1
    outer loop
      vertex 3.628718376159668 53 3
      vertex 3.861268997192383 8.648036003112793 3
      vertex 3.861268997192383 52.65196228027344 3
    endloop
  endfacet
  facet normal 0 0 1
    outer loop
      vertex 3.628718376159668 53 3
      vertex 3.628718376159668 8.299999237060547 3
      vertex 3.861268997192383 8.648036003112793 3
    endloop
  endfacet
  facet normal 0 0 1
    outer loop
      vertex 0 58.29999923706055 3
      vertex 3.628718376159668 53 3
      vertex 3.4435853958129883 53.37541198730469 3
    endloop
  endfacet
  facet normal 0 0 1
    outer loop
      vertex 3.628718376159668 53 3
      vertex 0 58.29999923706055 3
      vertex 3.628718376159668 8.299999237060547 3
    endloop
  endfacet
  facet normal 0 0 1
    outer loop
      vertex 0 58.29999923706055 3
      vertex 3.4435853958129883 53.37541198730469 3
      vertex 3.309037208557129 53.77177810668945 3
    endloop
  endfacet
  facet normal 0 0 1
    outer loop
      vertex 0 3 3
      vertex 3.628718376159668 8.299999237060547 3
      vertex 0 58.29999923706055 3
    endloop
  endfacet
  facet normal 0 0 1
    outer loop
      vertex 0 58.29999923706055 3
      vertex 3.309037208557129 53.77177810668945 3
      vertex 3.2273759841918945 54.182315826416016 3
    endloop
  endfacet
  facet normal 0 0 1
    outer loop
      vertex 3.628718376159668 8.299999237060547 3
      vertex 0 3 3
      vertex 3.4435853958129883 7.924586296081543 3
    endloop
  endfacet
  facet normal 0 0 1
    outer loop
      vertex 0 58.29999923706055 3
      vertex 3.2273759841918945 54.182315826416016 3
      vertex 3.1999998092651367 54.599998474121094 3
    endloop
  endfacet
  facet normal 0 0 1
    outer loop
      vertex 3.4435853958129883 7.924586296081543 3
      vertex 0 3 3
      vertex 3.309037208557129 7.528220176696777 3
    endloop
  endfacet
  facet normal 0 0 1
    outer loop
      vertex 103.85641479492188 53.37541198730469 3
      vertex 107.30000305175781 58.29999923706055 3
      vertex 103.99095916748047 53.77177810668945 3
    endloop
  endfacet
  facet normal 0 0 1
    outer loop
      vertex 107.30000305175781 3 3
      vertex 104.07262420654297 7.117683410644531 3
      vertex 104.0999984741211 6.699999809265137 3
    endloop
  endfacet
  facet normal 0 0 1
    outer loop
      vertex 103.67127990722656 53 3
      vertex 107.30000305175781 58.29999923706055 3
      vertex 103.85641479492188 53.37541198730469 3
    endloop
  endfacet
  facet normal 0 0 1
    outer loop
      vertex 107.30000305175781 3 3
      vertex 103.99095916748047 7.528220176696777 3
      vertex 104.07262420654297 7.117683410644531 3
    endloop
  endfacet
  facet normal 0 0 1
    outer loop
      vertex 107.30000305175781 58.29999923706055 3
      vertex 103.67127990722656 53 3
      vertex 107.30000305175781 3 3
    endloop
  endfacet
  facet normal 0 0 1
    outer loop
      vertex 107.30000305175781 3 3
      vertex 103.85641479492188 7.924586296081543 3
      vertex 103.99095916748047 7.528220176696777 3
    endloop
  endfacet
  facet normal 0 0 1
    outer loop
      vertex 103.67127990722656 8.299999237060547 3
      vertex 107.30000305175781 3 3
      vertex 103.67127990722656 53 3
    endloop
  endfacet
  facet normal 0 0 1
    outer loop
      vertex 107.30000305175781 3 3
      vertex 103.67127990722656 8.299999237060547 3
      vertex 103.85641479492188 7.924586296081543 3
    endloop
  endfacet
  facet normal 0 0 1
    outer loop
      vertex 103.43872833251953 52.65196228027344 3
      vertex 103.67127990722656 8.299999237060547 3
      vertex 103.67127990722656 53 3
    endloop
  endfacet
  facet normal 0 0 1
    outer loop
      vertex 103.43872833251953 52.65196228027344 3
      vertex 103.43872833251953 8.648036003112793 3
      vertex 103.67127990722656 8.299999237060547 3
    endloop
  endfacet
  facet normal 0 0 1
    outer loop
      vertex 103.1627426147461 52.337257385253906 3
      vertex 103.43872833251953 8.648036003112793 3
      vertex 103.43872833251953 52.65196228027344 3
    endloop
  endfacet
  facet normal 0 0 1
    outer loop
      vertex 103.1627426147461 52.337257385253906 3
      vertex 103.1627426147461 8.962740898132324 3
      vertex 103.43872833251953 8.648036003112793 3
    endloop
  endfacet
  facet normal 0 0 1
    outer loop
      vertex 102.84803771972656 52.0612678527832 3
      vertex 103.1627426147461 8.962740898132324 3
      vertex 103.1627426147461 52.337257385253906 3
    endloop
  endfacet
  facet normal 0 0 1
    outer loop
      vertex 102.84803771972656 52.0612678527832 3
      vertex 102.84803771972656 9.238730430603027 3
      vertex 103.1627426147461 8.962740898132324 3
    endloop
  endfacet
  facet normal 0 0 1
    outer loop
      vertex 102.5 51.82872009277344 3
      vertex 102.84803771972656 9.238730430603027 3
      vertex 102.84803771972656 52.0612678527832 3
    endloop
  endfacet
  facet normal 0 0 1
    outer loop
      vertex 102.5 51.82872009277344 3
      vertex 102.5 9.471281051635742 3
      vertex 102.84803771972656 9.238730430603027 3
    endloop
  endfacet
  facet normal 0 0 1
    outer loop
      vertex 102.12458801269531 51.643585205078125 3
      vertex 102.5 9.471281051635742 3
      vertex 102.5 51.82872009277344 3
    endloop
  endfacet
  facet normal 0 0 1
    outer loop
      vertex 102.12458801269531 51.643585205078125 3
      vertex 102.12458801269531 9.656414031982422 3
      vertex 102.5 9.471281051635742 3
    endloop
  endfacet
  facet normal 0 0 1
    outer loop
      vertex 101.72821807861328 51.509037017822266 3
      vertex 102.12458801269531 9.656414031982422 3
      vertex 102.12458801269531 51.643585205078125 3
    endloop
  endfacet
  facet normal 0 0 1
    outer loop
      vertex 101.72821807861328 51.509037017822266 3
      vertex 101.72821807861328 9.790962219238281 3
      vertex 102.12458801269531 9.656414031982422 3
    endloop
  endfacet
  facet normal 0 0 1
    outer loop
      vertex 101.31768035888672 51.42737579345703 3
      vertex 101.72821807861328 9.790962219238281 3
      vertex 101.72821807861328 51.509037017822266 3
    endloop
  endfacet
  facet normal 0 0 1
    outer loop
      vertex 101.31768035888672 51.42737579345703 3
      vertex 101.31768035888672 9.872623443603516 3
      vertex 101.72821807861328 9.790962219238281 3
    endloop
  endfacet
  facet normal 0 0 1
    outer loop
      vertex 100.9000015258789 51.400001525878906 3
      vertex 101.31768035888672 9.872623443603516 3
      vertex 101.31768035888672 51.42737579345703 3
    endloop
  endfacet
  facet normal 0 0 1
    outer loop
      vertex 100.9000015258789 51.400001525878906 3
      vertex 100.9000015258789 9.899999618530273 3
      vertex 101.31768035888672 9.872623443603516 3
    endloop
  endfacet
  facet normal 0 0 1
    outer loop
      vertex 100.48231506347656 51.42737579345703 3
      vertex 100.9000015258789 9.899999618530273 3
      vertex 100.9000015258789 51.400001525878906 3
    endloop
  endfacet
  facet normal 0 0 1
    outer loop
      vertex 100.48231506347656 51.42737579345703 3
      vertex 100.48231506347656 9.872623443603516 3
      vertex 100.9000015258789 9.899999618530273 3
    endloop
  endfacet
  facet normal 0 0 1
    outer loop
      vertex 100.07177734375 51.509037017822266 3
      vertex 100.48231506347656 9.872623443603516 3
      vertex 100.48231506347656 51.42737579345703 3
    endloop
  endfacet
  facet normal 0 0 1
    outer loop
      vertex 100.07177734375 51.509037017822266 3
      vertex 100.07177734375 9.790962219238281 3
      vertex 100.48231506347656 9.872623443603516 3
    endloop
  endfacet
  facet normal 0 0 1
    outer loop
      vertex 99.6754150390625 51.643585205078125 3
      vertex 100.07177734375 9.790962219238281 3
      vertex 100.07177734375 51.509037017822266 3
    endloop
  endfacet
  facet normal 0 0 1
    outer loop
      vertex 99.6754150390625 51.643585205078125 3
      vertex 99.6754150390625 9.656414031982422 3
      vertex 100.07177734375 9.790962219238281 3
    endloop
  endfacet
  facet normal 0 0 1
    outer loop
      vertex 99.30000305175781 51.82872009277344 3
      vertex 99.6754150390625 9.656414031982422 3
      vertex 99.6754150390625 51.643585205078125 3
    endloop
  endfacet
  facet normal 0 0 1
    outer loop
      vertex 99.30000305175781 51.82872009277344 3
      vertex 99.30000305175781 9.471281051635742 3
      vertex 99.6754150390625 9.656414031982422 3
    endloop
  endfacet
  facet normal 0 0 1
    outer loop
      vertex 98.95196533203125 52.0612678527832 3
      vertex 99.30000305175781 9.471281051635742 3
      vertex 99.30000305175781 51.82872009277344 3
    endloop
  endfacet
  facet normal 0 0 1
    outer loop
      vertex 98.95196533203125 52.0612678527832 3
      vertex 98.95196533203125 9.238730430603027 3
      vertex 99.30000305175781 9.471281051635742 3
    endloop
  endfacet
  facet normal 0 0 1
    outer loop
      vertex 94 55.45000076293945 3
      vertex 98.95196533203125 52.0612678527832 3
      vertex 98.63726043701172 52.337257385253906 3
    endloop
  endfacet
  facet normal 0 0 1
    outer loop
      vertex 98.95196533203125 52.0612678527832 3
      vertex 94 55.45000076293945 3
      vertex 98.95196533203125 9.238730430603027 3
    endloop
  endfacet
  facet normal 0 0 1
    outer loop
      vertex 94 55.45000076293945 3
      vertex 98.63726043701172 52.337257385253906 3
      vertex 98.36126708984375 52.65196228027344 3
    endloop
  endfacet
  facet normal 0 0 1
    outer loop
      vertex 94 5.84999942779541 3
      vertex 98.95196533203125 9.238730430603027 3
      vertex 94 55.45000076293945 3
    endloop
  endfacet
  facet normal 0 0 1
    outer loop
      vertex 94 55.45000076293945 3
      vertex 98.36126708984375 52.65196228027344 3
      vertex 98.12871551513672 53 3
    endloop
  endfacet
  facet normal 0 0 1
    outer loop
      vertex 98.95196533203125 9.238730430603027 3
      vertex 94 5.84999942779541 3
      vertex 98.63726043701172 8.962740898132324 3
    endloop
  endfacet
  facet normal 0 0 1
    outer loop
      vertex 94 55.45000076293945 3
      vertex 98.12871551513672 53 3
      vertex 97.94358825683594 53.37541198730469 3
    endloop
  endfacet
  facet normal 0 0 1
    outer loop
      vertex 98.63726043701172 8.962740898132324 3
      vertex 94 5.84999942779541 3
      vertex 98.36126708984375 8.648036003112793 3
    endloop
  endfacet
  facet normal 0 0 1
    outer loop
      vertex 94 55.45000076293945 3
      vertex 97.94358825683594 53.37541198730469 3
      vertex 97.80903625488281 53.77177810668945 3
    endloop
  endfacet
  facet normal 0 0 1
    outer loop
      vertex 98.36126708984375 8.648036003112793 3
      vertex 94 5.84999942779541 3
      vertex 98.12871551513672 8.299999237060547 3
    endloop
  endfacet
  facet normal 0 0 1
    outer loop
      vertex 94 55.45000076293945 3
      vertex 97.80903625488281 53.77177810668945 3
      vertex 97.72737884521484 54.182315826416016 3
    endloop
  endfacet
  facet normal 0 0 1
    outer loop
      vertex 98.12871551513672 8.299999237060547 3
      vertex 94 5.84999942779541 3
      vertex 97.94358825683594 7.924586296081543 3
    endloop
  endfacet
  facet normal 0 0 1
    outer loop
      vertex 94 55.45000076293945 3
      vertex 97.72737884521484 54.182315826416016 3
      vertex 97.69999694824219 54.599998474121094 3
    endloop
  endfacet
  facet normal 0 0 1
    outer loop
      vertex 97.94358825683594 7.924586296081543 3
      vertex 94 5.84999942779541 3
      vertex 97.80903625488281 7.528220176696777 3
    endloop
  endfacet
  facet normal 0 0 1
    outer loop
      vertex 103.1627426147461 56.86273956298828 3
      vertex 107.30000305175781 58.29999923706055 3
      vertex 107.27433776855469 58.69157791137695 3
    endloop
  endfacet
  facet normal 0 0 1
    outer loop
      vertex 104.07262420654297 54.182315826416016 3
      vertex 107.30000305175781 58.29999923706055 3
      vertex 104.0999984741211 54.599998474121094 3
    endloop
  endfacet
  facet normal 0 0 1
    outer loop
      vertex 103.1627426147461 56.86273956298828 3
      vertex 107.27433776855469 58.69157791137695 3
      vertex 107.1977767944336 59.07645797729492 3
    endloop
  endfacet
  facet normal 0 0 1
    outer loop
      vertex 103.99095916748047 53.77177810668945 3
      vertex 107.30000305175781 58.29999923706055 3
      vertex 104.07262420654297 54.182315826416016 3
    endloop
  endfacet
  facet normal 0 0 1
    outer loop
      vertex 103.1627426147461 56.86273956298828 3
      vertex 107.1977767944336 59.07645797729492 3
      vertex 107.07164001464844 59.44805145263672 3
    endloop
  endfacet
  facet normal 0 0 1
    outer loop
      vertex 104.07262420654297 6.282315254211426 3
      vertex 107.30000305175781 3 3
      vertex 104.0999984741211 6.699999809265137 3
    endloop
  endfacet
  facet normal 0 0 1
    outer loop
      vertex 103.1627426147461 56.86273956298828 3
      vertex 107.07164001464844 59.44805145263672 3
      vertex 106.89807891845703 59.79999923706055 3
    endloop
  endfacet
  facet normal 0 0 1
    outer loop
      vertex 103.99095916748047 5.87177848815918 3
      vertex 107.30000305175781 3 3
      vertex 104.07262420654297 6.282315254211426 3
    endloop
  endfacet
  facet normal 0 0 1
    outer loop
      vertex 103.1627426147461 56.86273956298828 3
      vertex 106.89807891845703 59.79999923706055 3
      vertex 106.68006134033203 60.12628173828125 3
    endloop
  endfacet
  facet normal 0 0 1
    outer loop
      vertex 103.85641479492188 5.475412368774414 3
      vertex 107.30000305175781 3 3
      vertex 103.99095916748047 5.87177848815918 3
    endloop
  endfacet
  facet normal 0 0 1
    outer loop
      vertex 103.1627426147461 56.86273956298828 3
      vertex 106.68006134033203 60.12628173828125 3
      vertex 106.42131805419922 60.42131805419922 3
    endloop
  endfacet
  facet normal 0 0 1
    outer loop
      vertex 103.67127990722656 5.09999942779541 3
      vertex 107.30000305175781 3 3
      vertex 103.85641479492188 5.475412368774414 3
    endloop
  endfacet
  facet normal 0 0 1
    outer loop
      vertex 103.1627426147461 56.86273956298828 3
      vertex 106.42131805419922 60.42131805419922 3
      vertex 106.12628173828125 60.68006134033203 3
    endloop
  endfacet
  facet normal 0 0 1
    outer loop
      vertex 103.43872833251953 4.751962661743164 3
      vertex 107.30000305175781 3 3
      vertex 103.67127990722656 5.09999942779541 3
    endloop
  endfacet
  facet normal 0 0 1
    outer loop
      vertex 103.1627426147461 56.86273956298828 3
      vertex 106.12628173828125 60.68006134033203 3
      vertex 105.80000305175781 60.898075103759766 3
    endloop
  endfacet
  facet normal 0 0 1
    outer loop
      vertex 103.1627426147461 4.437257766723633 3
      vertex 107.30000305175781 3 3
      vertex 103.43872833251953 4.751962661743164 3
    endloop
  endfacet
  facet normal 0 0 1
    outer loop
      vertex 102.84803771972656 57.138729095458984 3
      vertex 105.80000305175781 60.898075103759766 3
      vertex 105.44805145263672 61.07164001464844 3
    endloop
  endfacet
  facet normal 0 0 1
    outer loop
      vertex 107.30000305175781 3 3
      vertex 103.1627426147461 4.437257766723633 3
      vertex 107.27433776855469 2.6084213256835938 3
    endloop
  endfacet
  facet normal 0 0 1
    outer loop
      vertex 102.84803771972656 57.138729095458984 3
      vertex 105.44805145263672 61.07164001464844 3
      vertex 105.07645416259766 61.197776794433594 3
    endloop
  endfacet
  facet normal 0 0 1
    outer loop
      vertex 107.27433776855469 2.6084213256835938 3
      vertex 103.1627426147461 4.437257766723633 3
      vertex 107.1977767944336 2.2235422134399414 3
    endloop
  endfacet
  facet normal 0 0 1
    outer loop
      vertex 102.84803771972656 57.138729095458984 3
      vertex 105.07645416259766 61.197776794433594 3
      vertex 104.69157409667969 61.27433395385742 3
    endloop
  endfacet
  facet normal 0 0 1
    outer loop
      vertex 107.1977767944336 2.2235422134399414 3
      vertex 103.1627426147461 4.437257766723633 3
      vertex 107.07164001464844 1.851949691772461 3
    endloop
  endfacet
  facet normal 0 0 1
    outer loop
      vertex 102.84803771972656 57.138729095458984 3
      vertex 104.69157409667969 61.27433395385742 3
      vertex 104.30000305175781 61.29999923706055 3
    endloop
  endfacet
  facet normal 0 0 1
    outer loop
      vertex 107.07164001464844 1.851949691772461 3
      vertex 103.1627426147461 4.437257766723633 3
      vertex 106.89807891845703 1.5 3
    endloop
  endfacet
  facet normal 0 0 1
    outer loop
      vertex 106.89807891845703 1.5 3
      vertex 103.1627426147461 4.437257766723633 3
      vertex 106.68006134033203 1.173715591430664 3
    endloop
  endfacet
  facet normal 0 0 1
    outer loop
      vertex 107.30000305175781 58.29999923706055 3
      vertex 104.07262420654297 55.01768493652344 3
      vertex 104.0999984741211 54.599998474121094 3
    endloop
  endfacet
  facet normal 0 0 1
    outer loop
      vertex 107.30000305175781 58.29999923706055 3
      vertex 103.99095916748047 55.42822265625 3
      vertex 104.07262420654297 55.01768493652344 3
    endloop
  endfacet
  facet normal 0 0 1
    outer loop
      vertex 107.30000305175781 58.29999923706055 3
      vertex 103.85641479492188 55.8245849609375 3
      vertex 103.99095916748047 55.42822265625 3
    endloop
  endfacet
  facet normal 0 0 1
    outer loop
      vertex 107.30000305175781 58.29999923706055 3
      vertex 103.67127990722656 56.20000076293945 3
      vertex 103.85641479492188 55.8245849609375 3
    endloop
  endfacet
  facet normal 0 0 1
    outer loop
      vertex 107.30000305175781 58.29999923706055 3
      vertex 103.43872833251953 56.54803466796875 3
      vertex 103.67127990722656 56.20000076293945 3
    endloop
  endfacet
  facet normal 0 0 1
    outer loop
      vertex 107.30000305175781 58.29999923706055 3
      vertex 103.1627426147461 56.86273956298828 3
      vertex 103.43872833251953 56.54803466796875 3
    endloop
  endfacet
  facet normal 0 0 1
    outer loop
      vertex 105.80000305175781 60.898075103759766 3
      vertex 102.84803771972656 57.138729095458984 3
      vertex 103.1627426147461 56.86273956298828 3
    endloop
  endfacet
  facet normal 0 0 1
    outer loop
      vertex 104.30000305175781 61.29999923706055 3
      vertex 102.5 57.371280670166016 3
      vertex 102.84803771972656 57.138729095458984 3
    endloop
  endfacet
  facet normal 0 0 1
    outer loop
      vertex 104.30000305175781 61.29999923706055 3
      vertex 102.12458801269531 57.55641174316406 3
      vertex 102.5 57.371280670166016 3
    endloop
  endfacet
  facet normal 0 0 1
    outer loop
      vertex 104.30000305175781 61.29999923706055 3
      vertex 101.72821807861328 57.69096374511719 3
      vertex 102.12458801269531 57.55641174316406 3
    endloop
  endfacet
  facet normal 0 0 1
    outer loop
      vertex 104.30000305175781 61.29999923706055 3
      vertex 101.31768035888672 57.772621154785156 3
      vertex 101.72821807861328 57.69096374511719 3
    endloop
  endfacet
  facet normal 0 0 1
    outer loop
      vertex 104.30000305175781 61.29999923706055 3
      vertex 100.9000015258789 57.79999923706055 3
      vertex 101.31768035888672 57.772621154785156 3
    endloop
  endfacet
  facet normal 0 0 1
    outer loop
      vertex 104.30000305175781 61.29999923706055 3
      vertex 100.48231506347656 57.772621154785156 3
      vertex 100.9000015258789 57.79999923706055 3
    endloop
  endfacet
  facet normal 0 0 1
    outer loop
      vertex 104.30000305175781 61.29999923706055 3
      vertex 100.07177734375 57.69096374511719 3
      vertex 100.48231506347656 57.772621154785156 3
    endloop
  endfacet
  facet normal 0 0 1
    outer loop
      vertex 104.30000305175781 61.29999923706055 3
      vertex 99.6754150390625 57.55641174316406 3
      vertex 100.07177734375 57.69096374511719 3
    endloop
  endfacet
  facet normal 0 0 1
    outer loop
      vertex 93.19999694824219 56.25 3
      vertex 99.6754150390625 57.55641174316406 3
      vertex 104.30000305175781 61.29999923706055 3
    endloop
  endfacet
  facet normal 0 0 1
    outer loop
      vertex 99.6754150390625 57.55641174316406 3
      vertex 93.19999694824219 56.25 3
      vertex 99.30000305175781 57.371280670166016 3
    endloop
  endfacet
  facet normal 0 0 1
    outer loop
      vertex 97.80903625488281 7.528220176696777 3
      vertex 94 5.84999942779541 3
      vertex 97.72737884521484 7.117683410644531 3
    endloop
  endfacet
  facet normal 0 0 1
    outer loop
      vertex 97.72737884521484 55.01768493652344 3
      vertex 94 55.45000076293945 3
      vertex 97.69999694824219 54.599998474121094 3
    endloop
  endfacet
  facet normal 0 0 1
    outer loop
      vertex 97.80903625488281 55.42822265625 3
      vertex 94 55.45000076293945 3
      vertex 97.72737884521484 55.01768493652344 3
    endloop
  endfacet
  facet normal 0 0 1
    outer loop
      vertex 93.97274017333984 55.65705490112305 3
      vertex 97.80903625488281 55.42822265625 3
      vertex 97.94358825683594 55.8245849609375 3
    endloop
  endfacet
  facet normal 0 0 1
    outer loop
      vertex 93.892822265625 55.849998474121094 3
      vertex 97.94358825683594 55.8245849609375 3
      vertex 98.12871551513672 56.20000076293945 3
    endloop
  endfacet
  facet normal 0 0 1
    outer loop
      vertex 93.76568603515625 56.01568603515625 3
      vertex 98.12871551513672 56.20000076293945 3
      vertex 98.36126708984375 56.54803466796875 3
    endloop
  endfacet
  facet normal 0 0 1
    outer loop
      vertex 93.68701171875 56.08468246459961 3
      vertex 98.36126708984375 56.54803466796875 3
      vertex 98.63726043701172 56.86273956298828 3
    endloop
  endfacet
  facet normal 0 0 1
    outer loop
      vertex 93.50614929199219 56.18910217285156 3
      vertex 98.63726043701172 56.86273956298828 3
      vertex 98.95196533203125 57.138729095458984 3
    endloop
  endfacet
  facet normal 0 0 1
    outer loop
      vertex 93.40705871582031 56.222740173339844 3
      vertex 99.30000305175781 57.371280670166016 3
      vertex 93.3044204711914 56.24315643310547 3
    endloop
  endfacet
  facet normal 0 0 1
    outer loop
      vertex 97.80903625488281 55.42822265625 3
      vertex 93.99315643310547 55.554420471191406 3
      vertex 94 55.45000076293945 3
    endloop
  endfacet
  facet normal 0 0 1
    outer loop
      vertex 97.80903625488281 55.42822265625 3
      vertex 93.97274017333984 55.65705490112305 3
      vertex 93.99315643310547 55.554420471191406 3
    endloop
  endfacet
  facet normal 0 0 1
    outer loop
      vertex 97.94358825683594 55.8245849609375 3
      vertex 93.93910217285156 55.75614547729492 3
      vertex 93.97274017333984 55.65705490112305 3
    endloop
  endfacet
  facet normal 0 0 1
    outer loop
      vertex 97.94358825683594 55.8245849609375 3
      vertex 93.892822265625 55.849998474121094 3
      vertex 93.93910217285156 55.75614547729492 3
    endloop
  endfacet
  facet normal 0 0 1
    outer loop
      vertex 98.12871551513672 56.20000076293945 3
      vertex 93.83468627929688 55.937007904052734 3
      vertex 93.892822265625 55.849998474121094 3
    endloop
  endfacet
  facet normal 0 0 1
    outer loop
      vertex 98.12871551513672 56.20000076293945 3
      vertex 93.76568603515625 56.01568603515625 3
      vertex 93.83468627929688 55.937007904052734 3
    endloop
  endfacet
  facet normal 0 0 1
    outer loop
      vertex 98.36126708984375 56.54803466796875 3
      vertex 93.68701171875 56.08468246459961 3
      vertex 93.76568603515625 56.01568603515625 3
    endloop
  endfacet
  facet normal 0 0 1
    outer loop
      vertex 98.63726043701172 56.86273956298828 3
      vertex 93.5999984741211 56.142818450927734 3
      vertex 93.68701171875 56.08468246459961 3
    endloop
  endfacet
  facet normal 0 0 1
    outer loop
      vertex 98.63726043701172 56.86273956298828 3
      vertex 93.50614929199219 56.18910217285156 3
      vertex 93.5999984741211 56.142818450927734 3
    endloop
  endfacet
  facet normal 0 0 1
    outer loop
      vertex 98.95196533203125 57.138729095458984 3
      vertex 93.40705871582031 56.222740173339844 3
      vertex 93.50614929199219 56.18910217285156 3
    endloop
  endfacet
  facet normal 0 0 1
    outer loop
      vertex 99.30000305175781 57.371280670166016 3
      vertex 93.40705871582031 56.222740173339844 3
      vertex 98.95196533203125 57.138729095458984 3
    endloop
  endfacet
  facet normal 0 0 1
    outer loop
      vertex 99.30000305175781 57.371280670166016 3
      vertex 93.19999694824219 56.25 3
      vertex 93.3044204711914 56.24315643310547 3
    endloop
  endfacet
  facet normal 0 0 1
    outer loop
      vertex 104.30000305175781 61.29999923706055 3
      vertex 16.200000762939453 56.25 3
      vertex 93.19999694824219 56.25 3
    endloop
  endfacet
  facet normal 0 0 1
    outer loop
      vertex 9.572623252868652 54.182315826416016 3
      vertex 15.399999618530273 55.45000076293945 3
      vertex 9.59999942779541 54.599998474121094 3
    endloop
  endfacet
  facet normal 0 0 1
    outer loop
      vertex 9.572623252868652 55.01768493652344 3
      vertex 15.399999618530273 55.45000076293945 3
      vertex 15.406843185424805 55.554420471191406 3
    endloop
  endfacet
  facet normal 0 0 1
    outer loop
      vertex 9.490962028503418 55.42822265625 3
      vertex 15.406843185424805 55.554420471191406 3
      vertex 15.427258491516113 55.65705490112305 3
    endloop
  endfacet
  facet normal 0 0 1
    outer loop
      vertex 9.356413841247559 55.8245849609375 3
      vertex 15.427258491516113 55.65705490112305 3
      vertex 15.460895538330078 55.75614547729492 3
    endloop
  endfacet
  facet normal 0 0 1
    outer loop
      vertex 9.356413841247559 55.8245849609375 3
      vertex 15.460895538330078 55.75614547729492 3
      vertex 15.507179260253906 55.849998474121094 3
    endloop
  endfacet
  facet normal 0 0 1
    outer loop
      vertex 9.171280860900879 56.20000076293945 3
      vertex 15.507179260253906 55.849998474121094 3
      vertex 15.565317153930664 55.937007904052734 3
    endloop
  endfacet
  facet normal 0 0 1
    outer loop
      vertex 8.938730239868164 56.54803466796875 3
      vertex 15.565317153930664 55.937007904052734 3
      vertex 15.63431453704834 56.01568603515625 3
    endloop
  endfacet
  facet normal 0 0 1
    outer loop
      vertex 8.938730239868164 56.54803466796875 3
      vertex 15.63431453704834 56.01568603515625 3
      vertex 15.712990760803223 56.08468246459961 3
    endloop
  endfacet
  facet normal 0 0 1
    outer loop
      vertex 8.662741661071777 56.86273956298828 3
      vertex 15.712990760803223 56.08468246459961 3
      vertex 15.799999237060547 56.142818450927734 3
    endloop
  endfacet
  facet normal 0 0 1
    outer loop
      vertex 8.34803581237793 57.138729095458984 3
      vertex 15.799999237060547 56.142818450927734 3
      vertex 15.893853187561035 56.18910217285156 3
    endloop
  endfacet
  facet normal 0 0 1
    outer loop
      vertex 8.34803581237793 57.138729095458984 3
      vertex 15.893853187561035 56.18910217285156 3
      vertex 15.992944717407227 56.222740173339844 3
    endloop
  endfacet
  facet normal 0 0 1
    outer loop
      vertex 15.399999618530273 55.45000076293945 3
      vertex 9.572623252868652 55.01768493652344 3
      vertex 9.59999942779541 54.599998474121094 3
    endloop
  endfacet
  facet normal 0 0 1
    outer loop
      vertex 8 57.371280670166016 3
      vertex 15.992944717407227 56.222740173339844 3
      vertex 16.095577239990234 56.24315643310547 3
    endloop
  endfacet
  facet normal 0 0 1
    outer loop
      vertex 15.406843185424805 55.554420471191406 3
      vertex 9.490962028503418 55.42822265625 3
      vertex 9.572623252868652 55.01768493652344 3
    endloop
  endfacet
  facet normal 0 0 1
    outer loop
      vertex 15.427258491516113 55.65705490112305 3
      vertex 9.356413841247559 55.8245849609375 3
      vertex 9.490962028503418 55.42822265625 3
    endloop
  endfacet
  facet normal 0 0 1
    outer loop
      vertex 3 61.29999923706055 3
      vertex 16.095577239990234 56.24315643310547 3
      vertex 16.200000762939453 56.25 3
    endloop
  endfacet
  facet normal 0 0 1
    outer loop
      vertex 15.507179260253906 55.849998474121094 3
      vertex 9.171280860900879 56.20000076293945 3
      vertex 9.356413841247559 55.8245849609375 3
    endloop
  endfacet
  facet normal 0 0 1
    outer loop
      vertex 3 61.29999923706055 3
      vertex 16.200000762939453 56.25 3
      vertex 104.30000305175781 61.29999923706055 3
    endloop
  endfacet
  facet normal 0 0 1
    outer loop
      vertex 15.565317153930664 55.937007904052734 3
      vertex 8.938730239868164 56.54803466796875 3
      vertex 9.171280860900879 56.20000076293945 3
    endloop
  endfacet
  facet normal 0 0 1
    outer loop
      vertex 15.712990760803223 56.08468246459961 3
      vertex 8.662741661071777 56.86273956298828 3
      vertex 8.938730239868164 56.54803466796875 3
    endloop
  endfacet
  facet normal 0 0 1
    outer loop
      vertex 15.799999237060547 56.142818450927734 3
      vertex 8.34803581237793 57.138729095458984 3
      vertex 8.662741661071777 56.86273956298828 3
    endloop
  endfacet
  facet normal 0 0 1
    outer loop
      vertex 16.095577239990234 56.24315643310547 3
      vertex 3 61.29999923706055 3
      vertex 8 57.371280670166016 3
    endloop
  endfacet
  facet normal 0 0 1
    outer loop
      vertex 15.992944717407227 56.222740173339844 3
      vertex 8 57.371280670166016 3
      vertex 8.34803581237793 57.138729095458984 3
    endloop
  endfacet
  facet normal 0 0 1
    outer loop
      vertex 8 57.371280670166016 3
      vertex 3 61.29999923706055 3
      vertex 7.62458610534668 57.55641174316406 3
    endloop
  endfacet
  facet normal 0 0 1
    outer loop
      vertex 7.62458610534668 57.55641174316406 3
      vertex 3 61.29999923706055 3
      vertex 7.2282209396362305 57.69096374511719 3
    endloop
  endfacet
  facet normal 0 0 1
    outer loop
      vertex 7.2282209396362305 57.69096374511719 3
      vertex 3 61.29999923706055 3
      vertex 6.817683219909668 57.772621154785156 3
    endloop
  endfacet
  facet normal 0 0 1
    outer loop
      vertex 3.2273759841918945 55.01768493652344 3
      vertex 0 58.29999923706055 3
      vertex 3.1999998092651367 54.599998474121094 3
    endloop
  endfacet
  facet normal 0 0 1
    outer loop
      vertex 3.309037208557129 55.42822265625 3
      vertex 0 58.29999923706055 3
      vertex 3.2273759841918945 55.01768493652344 3
    endloop
  endfacet
  facet normal 0 0 1
    outer loop
      vertex 3.4435853958129883 55.8245849609375 3
      vertex 0 58.29999923706055 3
      vertex 3.309037208557129 55.42822265625 3
    endloop
  endfacet
  facet normal 0 0 1
    outer loop
      vertex 3.628718376159668 56.20000076293945 3
      vertex 0 58.29999923706055 3
      vertex 3.4435853958129883 55.8245849609375 3
    endloop
  endfacet
  facet normal 0 0 1
    outer loop
      vertex 3.861268997192383 56.54803466796875 3
      vertex 0 58.29999923706055 3
      vertex 3.628718376159668 56.20000076293945 3
    endloop
  endfacet
  facet normal 0 0 1
    outer loop
      vertex 4.1372575759887695 56.86273956298828 3
      vertex 0 58.29999923706055 3
      vertex 3.861268997192383 56.54803466796875 3
    endloop
  endfacet
  facet normal 0 0 1
    outer loop
      vertex 0 58.29999923706055 3
      vertex 4.1372575759887695 56.86273956298828 3
      vertex 3 61.29999923706055 3
    endloop
  endfacet
  facet normal 0 0 1
    outer loop
      vertex 4.451963424682617 57.138729095458984 3
      vertex 3 61.29999923706055 3
      vertex 4.1372575759887695 56.86273956298828 3
    endloop
  endfacet
  facet normal 0 0 1
    outer loop
      vertex 4.799999237060547 57.371280670166016 3
      vertex 3 61.29999923706055 3
      vertex 4.451963424682617 57.138729095458984 3
    endloop
  endfacet
  facet normal 0 0 1
    outer loop
      vertex 5.175412178039551 57.55641174316406 3
      vertex 3 61.29999923706055 3
      vertex 4.799999237060547 57.371280670166016 3
    endloop
  endfacet
  facet normal 0 0 1
    outer loop
      vertex 5.571778297424316 57.69096374511719 3
      vertex 3 61.29999923706055 3
      vertex 5.175412178039551 57.55641174316406 3
    endloop
  endfacet
  facet normal 0 0 1
    outer loop
      vertex 5.982316017150879 57.772621154785156 3
      vertex 3 61.29999923706055 3
      vertex 5.571778297424316 57.69096374511719 3
    endloop
  endfacet
  facet normal 0 0 1
    outer loop
      vertex 6.399999618530273 57.79999923706055 3
      vertex 3 61.29999923706055 3
      vertex 5.982316017150879 57.772621154785156 3
    endloop
  endfacet
  facet normal 0 0 1
    outer loop
      vertex 6.817683219909668 57.772621154785156 3
      vertex 3 61.29999923706055 3
      vertex 6.399999618530273 57.79999923706055 3
    endloop
  endfacet
  facet normal 0 0 1
    outer loop
      vertex 106.68006134033203 1.173715591430664 3
      vertex 103.1627426147461 4.437257766723633 3
      vertex 106.42131805419922 0.8786792755126953 3
    endloop
  endfacet
  facet normal 0 0 1
    outer loop
      vertex 106.42131805419922 0.8786792755126953 3
      vertex 103.1627426147461 4.437257766723633 3
      vertex 106.12628173828125 0.6199398040771484 3
    endloop
  endfacet
  facet normal 0 0 1
    outer loop
      vertex 106.12628173828125 0.6199398040771484 3
      vertex 103.1627426147461 4.437257766723633 3
      vertex 105.80000305175781 0.40192317962646484 3
    endloop
  endfacet
  facet normal 0 0 1
    outer loop
      vertex 102.84803771972656 4.161269187927246 3
      vertex 105.80000305175781 0.40192317962646484 3
      vertex 103.1627426147461 4.437257766723633 3
    endloop
  endfacet
  facet normal 0 0 1
    outer loop
      vertex 105.80000305175781 0.40192317962646484 3
      vertex 102.84803771972656 4.161269187927246 3
      vertex 105.44805145263672 0.2283611297607422 3
    endloop
  endfacet
  facet normal 0 0 1
    outer loop
      vertex 105.44805145263672 0.2283611297607422 3
      vertex 102.84803771972656 4.161269187927246 3
      vertex 105.07645416259766 0.10222244262695312 3
    endloop
  endfacet
  facet normal 0 0 1
    outer loop
      vertex 105.07645416259766 0.10222244262695312 3
      vertex 102.84803771972656 4.161269187927246 3
      vertex 104.69157409667969 0.025665283203125 3
    endloop
  endfacet
  facet normal 0 0 1
    outer loop
      vertex 104.69157409667969 0.025665283203125 3
      vertex 102.84803771972656 4.161269187927246 3
      vertex 104.30000305175781 0 3
    endloop
  endfacet
  facet normal 0 0 1
    outer loop
      vertex 102.5 3.9287185668945312 3
      vertex 104.30000305175781 0 3
      vertex 102.84803771972656 4.161269187927246 3
    endloop
  endfacet
  facet normal 0 0 1
    outer loop
      vertex 102.12458801269531 3.743584632873535 3
      vertex 104.30000305175781 0 3
      vertex 102.5 3.9287185668945312 3
    endloop
  endfacet
  facet normal 0 0 1
    outer loop
      vertex 101.72821807861328 3.609036445617676 3
      vertex 104.30000305175781 0 3
      vertex 102.12458801269531 3.743584632873535 3
    endloop
  endfacet
  facet normal 0 0 1
    outer loop
      vertex 101.31768035888672 3.527376174926758 3
      vertex 104.30000305175781 0 3
      vertex 101.72821807861328 3.609036445617676 3
    endloop
  endfacet
  facet normal 0 0 1
    outer loop
      vertex 100.9000015258789 3.4999990463256836 3
      vertex 104.30000305175781 0 3
      vertex 101.31768035888672 3.527376174926758 3
    endloop
  endfacet
  facet normal 0 0 1
    outer loop
      vertex 100.48231506347656 3.527376174926758 3
      vertex 104.30000305175781 0 3
      vertex 100.9000015258789 3.4999990463256836 3
    endloop
  endfacet
  facet normal 0 0 1
    outer loop
      vertex 100.07177734375 3.609036445617676 3
      vertex 104.30000305175781 0 3
      vertex 100.48231506347656 3.527376174926758 3
    endloop
  endfacet
  facet normal 0 0 1
    outer loop
      vertex 99.6754150390625 3.743584632873535 3
      vertex 104.30000305175781 0 3
      vertex 100.07177734375 3.609036445617676 3
    endloop
  endfacet
  facet normal 0 0 1
    outer loop
      vertex 93.19999694824219 5.049999237060547 3
      vertex 99.6754150390625 3.743584632873535 3
      vertex 99.30000305175781 3.9287185668945312 3
    endloop
  endfacet
  facet normal 0 0 1
    outer loop
      vertex 93.40705871582031 5.077259063720703 3
      vertex 99.30000305175781 3.9287185668945312 3
      vertex 98.95196533203125 4.161269187927246 3
    endloop
  endfacet
  facet normal 0 0 1
    outer loop
      vertex 97.72737884521484 7.117683410644531 3
      vertex 94 5.84999942779541 3
      vertex 97.69999694824219 6.699999809265137 3
    endloop
  endfacet
  facet normal 0 0 1
    outer loop
      vertex 97.69999694824219 6.699999809265137 3
      vertex 94 5.84999942779541 3
      vertex 97.72737884521484 6.282315254211426 3
    endloop
  endfacet
  facet normal 0 0 1
    outer loop
      vertex 94 5.84999942779541 3
      vertex 97.80903625488281 5.87177848815918 3
      vertex 97.72737884521484 6.282315254211426 3
    endloop
  endfacet
  facet normal 0 0 1
    outer loop
      vertex 93.99315643310547 5.745578765869141 3
      vertex 97.80903625488281 5.87177848815918 3
      vertex 94 5.84999942779541 3
    endloop
  endfacet
  facet normal 0 0 1
    outer loop
      vertex 93.97274017333984 5.6429443359375 3
      vertex 97.80903625488281 5.87177848815918 3
      vertex 93.99315643310547 5.745578765869141 3
    endloop
  endfacet
  facet normal 0 0 1
    outer loop
      vertex 97.80903625488281 5.87177848815918 3
      vertex 93.97274017333984 5.6429443359375 3
      vertex 97.94358825683594 5.475412368774414 3
    endloop
  endfacet
  facet normal 0 0 1
    outer loop
      vertex 93.93910217285156 5.543852806091309 3
      vertex 97.94358825683594 5.475412368774414 3
      vertex 93.97274017333984 5.6429443359375 3
    endloop
  endfacet
  facet normal 0 0 1
    outer loop
      vertex 93.892822265625 5.449999809265137 3
      vertex 97.94358825683594 5.475412368774414 3
      vertex 93.93910217285156 5.543852806091309 3
    endloop
  endfacet
  facet normal 0 0 1
    outer loop
      vertex 97.94358825683594 5.475412368774414 3
      vertex 93.892822265625 5.449999809265137 3
      vertex 98.12871551513672 5.09999942779541 3
    endloop
  endfacet
  facet normal 0 0 1
    outer loop
      vertex 93.83468627929688 5.362990379333496 3
      vertex 98.12871551513672 5.09999942779541 3
      vertex 93.892822265625 5.449999809265137 3
    endloop
  endfacet
  facet normal 0 0 1
    outer loop
      vertex 93.76568603515625 5.284314155578613 3
      vertex 98.12871551513672 5.09999942779541 3
      vertex 93.83468627929688 5.362990379333496 3
    endloop
  endfacet
  facet normal 0 0 1
    outer loop
      vertex 98.12871551513672 5.09999942779541 3
      vertex 93.76568603515625 5.284314155578613 3
      vertex 98.36126708984375 4.751962661743164 3
    endloop
  endfacet
  facet normal 0 0 1
    outer loop
      vertex 93.68701171875 5.2153167724609375 3
      vertex 98.36126708984375 4.751962661743164 3
      vertex 93.76568603515625 5.284314155578613 3
    endloop
  endfacet
  facet normal 0 0 1
    outer loop
      vertex 98.36126708984375 4.751962661743164 3
      vertex 93.68701171875 5.2153167724609375 3
      vertex 98.63726043701172 4.437257766723633 3
    endloop
  endfacet
  facet normal 0 0 1
    outer loop
      vertex 93.5999984741211 5.15717887878418 3
      vertex 98.63726043701172 4.437257766723633 3
      vertex 93.68701171875 5.2153167724609375 3
    endloop
  endfacet
  facet normal 0 0 1
    outer loop
      vertex 93.50614929199219 5.110896110534668 3
      vertex 98.63726043701172 4.437257766723633 3
      vertex 93.5999984741211 5.15717887878418 3
    endloop
  endfacet
  facet normal 0 0 1
    outer loop
      vertex 98.63726043701172 4.437257766723633 3
      vertex 93.50614929199219 5.110896110534668 3
      vertex 98.95196533203125 4.161269187927246 3
    endloop
  endfacet
  facet normal 0 0 1
    outer loop
      vertex 93.40705871582031 5.077259063720703 3
      vertex 98.95196533203125 4.161269187927246 3
      vertex 93.50614929199219 5.110896110534668 3
    endloop
  endfacet
  facet normal 0 0 1
    outer loop
      vertex 99.30000305175781 3.9287185668945312 3
      vertex 93.40705871582031 5.077259063720703 3
      vertex 93.3044204711914 5.0568437576293945 3
    endloop
  endfacet
  facet normal 0 0 1
    outer loop
      vertex 93.19999694824219 5.049999237060547 3
      vertex 99.30000305175781 3.9287185668945312 3
      vertex 93.3044204711914 5.0568437576293945 3
    endloop
  endfacet
  facet normal 0 0 1
    outer loop
      vertex 99.6754150390625 3.743584632873535 3
      vertex 93.19999694824219 5.049999237060547 3
      vertex 104.30000305175781 0 3
    endloop
  endfacet
  facet normal 0 0 1
    outer loop
      vertex 16.200000762939453 5.049999237060547 3
      vertex 104.30000305175781 0 3
      vertex 93.19999694824219 5.049999237060547 3
    endloop
  endfacet
  facet normal 0 0 1
    outer loop
      vertex 9.490962028503418 53.77177810668945 3
      vertex 15.399999618530273 55.45000076293945 3
      vertex 9.572623252868652 54.182315826416016 3
    endloop
  endfacet
  facet normal 0 0 1
    outer loop
      vertex 9.572623252868652 6.282315254211426 3
      vertex 15.399999618530273 5.84999942779541 3
      vertex 9.59999942779541 6.699999809265137 3
    endloop
  endfacet
  facet normal 0 0 1
    outer loop
      vertex 15.399999618530273 5.84999942779541 3
      vertex 9.572623252868652 6.282315254211426 3
      vertex 15.406843185424805 5.745578765869141 3
    endloop
  endfacet
  facet normal 0 0 1
    outer loop
      vertex 9.490962028503418 5.87177848815918 3
      vertex 15.406843185424805 5.745578765869141 3
      vertex 9.572623252868652 6.282315254211426 3
    endloop
  endfacet
  facet normal 0 0 1
    outer loop
      vertex 15.406843185424805 5.745578765869141 3
      vertex 9.490962028503418 5.87177848815918 3
      vertex 15.427258491516113 5.6429443359375 3
    endloop
  endfacet
  facet normal 0 0 1
    outer loop
      vertex 9.356413841247559 5.475412368774414 3
      vertex 15.427258491516113 5.6429443359375 3
      vertex 9.490962028503418 5.87177848815918 3
    endloop
  endfacet
  facet normal 0 0 1
    outer loop
      vertex 15.427258491516113 5.6429443359375 3
      vertex 9.356413841247559 5.475412368774414 3
      vertex 15.460895538330078 5.543852806091309 3
    endloop
  endfacet
  facet normal 0 0 1
    outer loop
      vertex 15.460895538330078 5.543852806091309 3
      vertex 9.356413841247559 5.475412368774414 3
      vertex 15.507179260253906 5.449999809265137 3
    endloop
  endfacet
  facet normal 0 0 1
    outer loop
      vertex 9.171280860900879 5.09999942779541 3
      vertex 15.507179260253906 5.449999809265137 3
      vertex 9.356413841247559 5.475412368774414 3
    endloop
  endfacet
  facet normal 0 0 1
    outer loop
      vertex 15.507179260253906 5.449999809265137 3
      vertex 9.171280860900879 5.09999942779541 3
      vertex 15.565317153930664 5.362990379333496 3
    endloop
  endfacet
  facet normal 0 0 1
    outer loop
      vertex 8.938730239868164 4.751962661743164 3
      vertex 15.565317153930664 5.362990379333496 3
      vertex 9.171280860900879 5.09999942779541 3
    endloop
  endfacet
  facet normal 0 0 1
    outer loop
      vertex 15.565317153930664 5.362990379333496 3
      vertex 8.938730239868164 4.751962661743164 3
      vertex 15.63431453704834 5.284314155578613 3
    endloop
  endfacet
  facet normal 0 0 1
    outer loop
      vertex 15.63431453704834 5.284314155578613 3
      vertex 8.938730239868164 4.751962661743164 3
      vertex 15.712990760803223 5.2153167724609375 3
    endloop
  endfacet
  facet normal 0 0 1
    outer loop
      vertex 8.662741661071777 4.437257766723633 3
      vertex 15.712990760803223 5.2153167724609375 3
      vertex 8.938730239868164 4.751962661743164 3
    endloop
  endfacet
  facet normal 0 0 1
    outer loop
      vertex 15.712990760803223 5.2153167724609375 3
      vertex 8.662741661071777 4.437257766723633 3
      vertex 15.799999237060547 5.15717887878418 3
    endloop
  endfacet
  facet normal 0 0 1
    outer loop
      vertex 8.34803581237793 4.161269187927246 3
      vertex 15.799999237060547 5.15717887878418 3
      vertex 8.662741661071777 4.437257766723633 3
    endloop
  endfacet
  facet normal 0 0 1
    outer loop
      vertex 15.799999237060547 5.15717887878418 3
      vertex 8.34803581237793 4.161269187927246 3
      vertex 15.893853187561035 5.110896110534668 3
    endloop
  endfacet
  facet normal 0 0 1
    outer loop
      vertex 15.893853187561035 5.110896110534668 3
      vertex 8.34803581237793 4.161269187927246 3
      vertex 15.992944717407227 5.077259063720703 3
    endloop
  endfacet
  facet normal 0 0 1
    outer loop
      vertex 8 3.9287185668945312 3
      vertex 15.992944717407227 5.077259063720703 3
      vertex 8.34803581237793 4.161269187927246 3
    endloop
  endfacet
  facet normal 0 0 1
    outer loop
      vertex 15.992944717407227 5.077259063720703 3
      vertex 8 3.9287185668945312 3
      vertex 16.095577239990234 5.0568437576293945 3
    endloop
  endfacet
  facet normal 0 0 1
    outer loop
      vertex 3 0 3
      vertex 16.095577239990234 5.0568437576293945 3
      vertex 8 3.9287185668945312 3
    endloop
  endfacet
  facet normal 0 0 1
    outer loop
      vertex 16.095577239990234 5.0568437576293945 3
      vertex 3 0 3
      vertex 16.200000762939453 5.049999237060547 3
    endloop
  endfacet
  facet normal 0 0 1
    outer loop
      vertex 3 0 3
      vertex 8 3.9287185668945312 3
      vertex 7.62458610534668 3.743584632873535 3
    endloop
  endfacet
  facet normal 0 0 1
    outer loop
      vertex 3 0 3
      vertex 7.62458610534668 3.743584632873535 3
      vertex 7.2282209396362305 3.609036445617676 3
    endloop
  endfacet
  facet normal 0 0 1
    outer loop
      vertex 3 0 3
      vertex 7.2282209396362305 3.609036445617676 3
      vertex 6.817683219909668 3.527376174926758 3
    endloop
  endfacet
  facet normal 0 0 1
    outer loop
      vertex 3 0 3
      vertex 6.817683219909668 3.527376174926758 3
      vertex 6.399999618530273 3.4999990463256836 3
    endloop
  endfacet
  facet normal 0 0 1
    outer loop
      vertex 16.200000762939453 5.049999237060547 3
      vertex 3 0 3
      vertex 104.30000305175781 0 3
    endloop
  endfacet
  facet normal 0 0 1
    outer loop
      vertex 5.982316017150879 3.527376174926758 3
      vertex 3 0 3
      vertex 6.399999618530273 3.4999990463256836 3
    endloop
  endfacet
  facet normal 0 0 1
    outer loop
      vertex 5.571778297424316 3.609036445617676 3
      vertex 3 0 3
      vertex 5.982316017150879 3.527376174926758 3
    endloop
  endfacet
  facet normal 0 0 1
    outer loop
      vertex 5.175412178039551 3.743584632873535 3
      vertex 3 0 3
      vertex 5.571778297424316 3.609036445617676 3
    endloop
  endfacet
  facet normal 0 0 1
    outer loop
      vertex 4.799999237060547 3.9287185668945312 3
      vertex 3 0 3
      vertex 5.175412178039551 3.743584632873535 3
    endloop
  endfacet
  facet normal 0 0 1
    outer loop
      vertex 4.451963424682617 4.161269187927246 3
      vertex 3 0 3
      vertex 4.799999237060547 3.9287185668945312 3
    endloop
  endfacet
  facet normal 0 0 1
    outer loop
      vertex 1.5 0.40192317962646484 3
      vertex 4.451963424682617 4.161269187927246 3
      vertex 4.1372575759887695 4.437257766723633 3
    endloop
  endfacet
  facet normal 0 0 1
    outer loop
      vertex 0 3 3
      vertex 4.1372575759887695 4.437257766723633 3
      vertex 3.861268997192383 4.751962661743164 3
    endloop
  endfacet
  facet normal 0 0 1
    outer loop
      vertex 0 3 3
      vertex 3.861268997192383 4.751962661743164 3
      vertex 3.628718376159668 5.09999942779541 3
    endloop
  endfacet
  facet normal 0 0 1
    outer loop
      vertex 0 3 3
      vertex 3.628718376159668 5.09999942779541 3
      vertex 3.4435853958129883 5.475412368774414 3
    endloop
  endfacet
  facet normal 0 0 1
    outer loop
      vertex 0 3 3
      vertex 3.4435853958129883 5.475412368774414 3
      vertex 3.309037208557129 5.87177848815918 3
    endloop
  endfacet
  facet normal 0 0 1
    outer loop
      vertex 0 3 3
      vertex 3.309037208557129 5.87177848815918 3
      vertex 3.2273759841918945 6.282315254211426 3
    endloop
  endfacet
  facet normal 0 0 1
    outer loop
      vertex 0 3 3
      vertex 3.2273759841918945 6.282315254211426 3
      vertex 3.1999998092651367 6.699999809265137 3
    endloop
  endfacet
  facet normal 0 0 1
    outer loop
      vertex 3.309037208557129 7.528220176696777 3
      vertex 0 3 3
      vertex 3.2273759841918945 7.117683410644531 3
    endloop
  endfacet
  facet normal 0 0 1
    outer loop
      vertex 0 58.29999923706055 3
      vertex 3 61.29999923706055 3
      vertex 2.6084213256835938 61.27433395385742 3
    endloop
  endfacet
  facet normal 0 0 1
    outer loop
      vertex 3.2273759841918945 7.117683410644531 3
      vertex 0 3 3
      vertex 3.1999998092651367 6.699999809265137 3
    endloop
  endfacet
  facet normal 0 0 1
    outer loop
      vertex 0 58.29999923706055 3
      vertex 2.6084213256835938 61.27433395385742 3
      vertex 2.2235422134399414 61.197776794433594 3
    endloop
  endfacet
  facet normal 0 0 1
    outer loop
      vertex 4.1372575759887695 4.437257766723633 3
      vertex 0 3 3
      vertex 0.025665283203125 2.6084213256835938 3
    endloop
  endfacet
  facet normal 0 0 1
    outer loop
      vertex 0 58.29999923706055 3
      vertex 2.2235422134399414 61.197776794433594 3
      vertex 1.851949691772461 61.07164001464844 3
    endloop
  endfacet
  facet normal 0 0 1
    outer loop
      vertex 4.451963424682617 4.161269187927246 3
      vertex 2.6084213256835938 0.025665283203125 3
      vertex 3 0 3
    endloop
  endfacet
  facet normal 0 0 1
    outer loop
      vertex 0 58.29999923706055 3
      vertex 1.851949691772461 61.07164001464844 3
      vertex 1.5 60.898075103759766 3
    endloop
  endfacet
  facet normal 0 0 1
    outer loop
      vertex 4.451963424682617 4.161269187927246 3
      vertex 2.2235422134399414 0.10222244262695312 3
      vertex 2.6084213256835938 0.025665283203125 3
    endloop
  endfacet
  facet normal 0 0 1
    outer loop
      vertex 0 58.29999923706055 3
      vertex 1.5 60.898075103759766 3
      vertex 1.173715591430664 60.68006134033203 3
    endloop
  endfacet
  facet normal 0 0 1
    outer loop
      vertex 4.451963424682617 4.161269187927246 3
      vertex 1.851949691772461 0.2283611297607422 3
      vertex 2.2235422134399414 0.10222244262695312 3
    endloop
  endfacet
  facet normal 0 0 1
    outer loop
      vertex 0 58.29999923706055 3
      vertex 1.173715591430664 60.68006134033203 3
      vertex 0.8786792755126953 60.42131805419922 3
    endloop
  endfacet
  facet normal 0 0 1
    outer loop
      vertex 4.451963424682617 4.161269187927246 3
      vertex 1.5 0.40192317962646484 3
      vertex 1.851949691772461 0.2283611297607422 3
    endloop
  endfacet
  facet normal 0 0 1
    outer loop
      vertex 0 58.29999923706055 3
      vertex 0.8786792755126953 60.42131805419922 3
      vertex 0.6199398040771484 60.12628173828125 3
    endloop
  endfacet
  facet normal 0 0 1
    outer loop
      vertex 4.1372575759887695 4.437257766723633 3
      vertex 1.173715591430664 0.6199398040771484 3
      vertex 1.5 0.40192317962646484 3
    endloop
  endfacet
  facet normal 0 0 1
    outer loop
      vertex 0 58.29999923706055 3
      vertex 0.6199398040771484 60.12628173828125 3
      vertex 0.40192317962646484 59.79999923706055 3
    endloop
  endfacet
  facet normal 0 0 1
    outer loop
      vertex 4.1372575759887695 4.437257766723633 3
      vertex 0.8786792755126953 0.8786792755126953 3
      vertex 1.173715591430664 0.6199398040771484 3
    endloop
  endfacet
  facet normal 0 0 1
    outer loop
      vertex 0 58.29999923706055 3
      vertex 0.40192317962646484 59.79999923706055 3
      vertex 0.2283611297607422 59.44805145263672 3
    endloop
  endfacet
  facet normal 0 0 1
    outer loop
      vertex 4.1372575759887695 4.437257766723633 3
      vertex 0.6199398040771484 1.173715591430664 3
      vertex 0.8786792755126953 0.8786792755126953 3
    endloop
  endfacet
  facet normal 0 0 1
    outer loop
      vertex 0 58.29999923706055 3
      vertex 0.2283611297607422 59.44805145263672 3
      vertex 0.10222244262695312 59.07645797729492 3
    endloop
  endfacet
  facet normal 0 0 1
    outer loop
      vertex 4.1372575759887695 4.437257766723633 3
      vertex 0.40192317962646484 1.5 3
      vertex 0.6199398040771484 1.173715591430664 3
    endloop
  endfacet
  facet normal 0 0 1
    outer loop
      vertex 0 58.29999923706055 3
      vertex 0.10222244262695312 59.07645797729492 3
      vertex 0.025665283203125 58.69157791137695 3
    endloop
  endfacet
  facet normal 0 0 1
    outer loop
      vertex 4.1372575759887695 4.437257766723633 3
      vertex 0.2283611297607422 1.851949691772461 3
      vertex 0.40192317962646484 1.5 3
    endloop
  endfacet
  facet normal 0 0 1
    outer loop
      vertex 4.1372575759887695 4.437257766723633 3
      vertex 0.10222244262695312 2.2235422134399414 3
      vertex 0.2283611297607422 1.851949691772461 3
    endloop
  endfacet
  facet normal 0 0 1
    outer loop
      vertex 4.1372575759887695 4.437257766723633 3
      vertex 0.025665283203125 2.6084213256835938 3
      vertex 0.10222244262695312 2.2235422134399414 3
    endloop
  endfacet
  facet normal 0.9469315910190027 -0.3214351597604406 0
    outer loop
      vertex 107.07164001464844 1.851949691772461 3
      vertex 107.1977767944336 2.2235422134399414 0
      vertex 107.1977767944336 2.2235422134399414 3
    endloop
  endfacet
  facet normal 0.9469315910190027 -0.3214351597604406 0
    outer loop
      vertex 107.1977767944336 2.2235422134399414 0
      vertex 107.07164001464844 1.851949691772461 3
      vertex 107.07164001464844 1.851949691772461 0
    endloop
  endfacet
  facet normal 0.44228608405767134 -0.8968740267445203 0
    outer loop
      vertex 105.44805145263672 0.2283611297607422 0
      vertex 105.80000305175781 0.40192317962646484 3
      vertex 105.44805145263672 0.2283611297607422 3
    endloop
  endfacet
  facet normal 0.44228608405767134 -0.8968740267445203 0
    outer loop
      vertex 105.80000305175781 0.40192317962646484 3
      vertex 105.44805145263672 0.2283611297607422 0
      vertex 105.80000305175781 0.40192317962646484 0
    endloop
  endfacet
  facet normal -0.9807854001781174 0.19508971986614307 0
    outer loop
      vertex 0.025665283203125 58.69157791137695 0
      vertex 0.10222244262695312 59.07645797729492 3
      vertex 0.10222244262695312 59.07645797729492 0
    endloop
  endfacet
  facet normal -0.9807854001781174 0.19508971986614307 0
    outer loop
      vertex 0.10222244262695312 59.07645797729492 3
      vertex 0.025665283203125 58.69157791137695 0
      vertex 0.025665283203125 58.69157791137695 3
    endloop
  endfacet
  facet normal -0.06540277633868208 -0.9978589463682691 0
    outer loop
      vertex 2.6084213256835938 0.025665283203125 0
      vertex 3 0 3
      vertex 2.6084213256835938 0.025665283203125 3
    endloop
  endfacet
  facet normal -0.06540277633868208 -0.9978589463682691 0
    outer loop
      vertex 3 0 3
      vertex 2.6084213256835938 0.025665283203125 0
      vertex 3 0 0
    endloop
  endfacet
  facet normal -0.8314676968068732 0.5555730997507653 0
    outer loop
      vertex 0.40192317962646484 59.79999923706055 0
      vertex 0.6199398040771484 60.12628173828125 3
      vertex 0.6199398040771484 60.12628173828125 0
    endloop
  endfacet
  facet normal -0.8314676968068732 0.5555730997507653 0
    outer loop
      vertex 0.6199398040771484 60.12628173828125 3
      vertex 0.40192317962646484 59.79999923706055 0
      vertex 0.40192317962646484 59.79999923706055 3
    endloop
  endfacet
  facet normal -0.06540277633868208 0.9978589463682691 0
    outer loop
      vertex 3 61.29999923706055 0
      vertex 2.6084213256835938 61.27433395385742 3
      vertex 3 61.29999923706055 3
    endloop
  endfacet
  facet normal -0.06540277633868208 0.9978589463682691 0
    outer loop
      vertex 2.6084213256835938 61.27433395385742 3
      vertex 3 61.29999923706055 0
      vertex 2.6084213256835938 61.27433395385742 0
    endloop
  endfacet
  facet normal 0.44229194855292875 0.8968711346928573 0
    outer loop
      vertex 105.80000305175781 60.898075103759766 0
      vertex 105.44805145263672 61.07164001464844 3
      vertex 105.80000305175781 60.898075103759766 3
    endloop
  endfacet
  facet normal 0.44229194855292875 0.8968711346928573 0
    outer loop
      vertex 105.44805145263672 61.07164001464844 3
      vertex 105.80000305175781 60.898075103759766 0
      vertex 105.44805145263672 61.07164001464844 0
    endloop
  endfacet
  facet normal -0.9807853076829625 -0.1950901848716038 0
    outer loop
      vertex 0.10222244262695312 2.2235422134399414 0
      vertex 0.025665283203125 2.6084213256835938 3
      vertex 0.025665283203125 2.6084213256835938 0
    endloop
  endfacet
  facet normal -0.9807853076829625 -0.1950901848716038 0
    outer loop
      vertex 0.025665283203125 2.6084213256835938 3
      vertex 0.10222244262695312 2.2235422134399414 0
      vertex 0.10222244262695312 2.2235422134399414 3
    endloop
  endfacet
  facet normal -0.5555658140760289 0.8314725649292579 0
    outer loop
      vertex 1.5 60.898075103759766 0
      vertex 1.173715591430664 60.68006134033203 3
      vertex 1.5 60.898075103759766 3
    endloop
  endfacet
  facet normal -0.5555658140760289 0.8314725649292579 0
    outer loop
      vertex 1.173715591430664 60.68006134033203 3
      vertex 1.5 60.898075103759766 0
      vertex 1.173715591430664 60.68006134033203 0
    endloop
  endfacet
  facet normal -0.7518403549106677 0.65934519087334 0
    outer loop
      vertex 0.6199398040771484 60.12628173828125 0
      vertex 0.8786792755126953 60.42131805419922 3
      vertex 0.8786792755126953 60.42131805419922 0
    endloop
  endfacet
  facet normal -0.7518403549106677 0.65934519087334 0
    outer loop
      vertex 0.8786792755126953 60.42131805419922 3
      vertex 0.6199398040771484 60.12628173828125 0
      vertex 0.6199398040771484 60.12628173828125 3
    endloop
  endfacet
  facet normal -0.9469303626845079 0.32143877834851586 0
    outer loop
      vertex 0.10222244262695312 59.07645797729492 0
      vertex 0.2283611297607422 59.44805145263672 3
      vertex 0.2283611297607422 59.44805145263672 0
    endloop
  endfacet
  facet normal -0.9469303626845079 0.32143877834851586 0
    outer loop
      vertex 0.2283611297607422 59.44805145263672 3
      vertex 0.10222244262695312 59.07645797729492 0
      vertex 0.10222244262695312 59.07645797729492 3
    endloop
  endfacet
  facet normal -0.6593506857421018 0.7518355360126442 0
    outer loop
      vertex 1.173715591430664 60.68006134033203 0
      vertex 0.8786792755126953 60.42131805419922 3
      vertex 1.173715591430664 60.68006134033203 3
    endloop
  endfacet
  facet normal -0.6593506857421018 0.7518355360126442 0
    outer loop
      vertex 0.8786792755126953 60.42131805419922 3
      vertex 1.173715591430664 60.68006134033203 0
      vertex 0.8786792755126953 60.42131805419922 0
    endloop
  endfacet
  facet normal 0.8968740399673665 -0.44228605724419434 0
    outer loop
      vertex 106.89807891845703 1.5 3
      vertex 107.07164001464844 1.851949691772461 0
      vertex 107.07164001464844 1.851949691772461 3
    endloop
  endfacet
  facet normal 0.8968740399673665 -0.44228605724419434 0
    outer loop
      vertex 107.07164001464844 1.851949691772461 0
      vertex 106.89807891845703 1.5 3
      vertex 106.89807891845703 1.5 0
    endloop
  endfacet
  facet normal 0.06540404519937702 0.9978588632023858 0
    outer loop
      vertex 104.69157409667969 61.27433395385742 0
      vertex 104.30000305175781 61.29999923706055 3
      vertex 104.69157409667969 61.27433395385742 3
    endloop
  endfacet
  facet normal 0.06540404519937702 0.9978588632023858 0
    outer loop
      vertex 104.30000305175781 61.29999923706055 3
      vertex 104.69157409667969 61.27433395385742 0
      vertex 104.30000305175781 61.29999923706055 0
    endloop
  endfacet
  facet normal -0.3214395180684152 -0.9469301115837139 0
    outer loop
      vertex 1.851949691772461 0.2283611297607422 0
      vertex 2.2235422134399414 0.10222244262695312 3
      vertex 1.851949691772461 0.2283611297607422 3
    endloop
  endfacet
  facet normal -0.3214395180684152 -0.9469301115837139 0
    outer loop
      vertex 2.2235422134399414 0.10222244262695312 3
      vertex 1.851949691772461 0.2283611297607422 0
      vertex 2.2235422134399414 0.10222244262695312 0
    endloop
  endfacet
  facet normal -0.1950901848716038 -0.9807853076829625 0
    outer loop
      vertex 2.2235422134399414 0.10222244262695312 0
      vertex 2.6084213256835938 0.025665283203125 3
      vertex 2.2235422134399414 0.10222244262695312 3
    endloop
  endfacet
  facet normal -0.1950901848716038 -0.9807853076829625 0
    outer loop
      vertex 2.6084213256835938 0.025665283203125 3
      vertex 2.2235422134399414 0.10222244262695312 0
      vertex 2.6084213256835938 0.025665283203125 0
    endloop
  endfacet
  facet normal 0.8314680744220301 -0.5555725346135475 0
    outer loop
      vertex 106.68006134033203 1.173715591430664 3
      vertex 106.89807891845703 1.5 0
      vertex 106.89807891845703 1.5 3
    endloop
  endfacet
  facet normal 0.8314680744220301 -0.5555725346135475 0
    outer loop
      vertex 106.89807891845703 1.5 0
      vertex 106.68006134033203 1.173715591430664 3
      vertex 106.68006134033203 1.173715591430664 0
    endloop
  endfacet
  facet normal 0.980783540119571 0.19509907080896574 0
    outer loop
      vertex 107.27433776855469 58.69157791137695 3
      vertex 107.1977767944336 59.07645797729492 0
      vertex 107.1977767944336 59.07645797729492 3
    endloop
  endfacet
  facet normal 0.980783540119571 0.19509907080896574 0
    outer loop
      vertex 107.1977767944336 59.07645797729492 0
      vertex 107.27433776855469 58.69157791137695 3
      vertex 107.27433776855469 58.69157791137695 0
    endloop
  endfacet
  facet normal -0.65934519087334 -0.7518403549106677 0
    outer loop
      vertex 0.8786792755126953 0.8786792755126953 0
      vertex 1.173715591430664 0.6199398040771484 3
      vertex 0.8786792755126953 0.8786792755126953 3
    endloop
  endfacet
  facet normal -0.65934519087334 -0.7518403549106677 0
    outer loop
      vertex 1.173715591430664 0.6199398040771484 3
      vertex 0.8786792755126953 0.8786792755126953 0
      vertex 1.173715591430664 0.6199398040771484 0
    endloop
  endfacet
  facet normal 0 0 -1
    outer loop
      vertex 9.264025688171387 7.886318206787109 0
      vertex 15.399999618530273 5.84999942779541 0
      vertex 9.394369125366211 7.502338409423828 0
    endloop
  endfacet
  facet normal 0 0 -1
    outer loop
      vertex 15.399999618530273 55.45000076293945 0
      vertex 9.473478317260742 54.195369720458984 0
      vertex 9.5 54.599998474121094 0
    endloop
  endfacet
  facet normal 0 0 -1
    outer loop
      vertex 9.084678649902344 8.25 0
      vertex 15.399999618530273 5.84999942779541 0
      vertex 9.264025688171387 7.886318206787109 0
    endloop
  endfacet
  facet normal 0 0 -1
    outer loop
      vertex 15.399999618530273 55.45000076293945 0
      vertex 9.394369125366211 53.79766082763672 0
      vertex 9.473478317260742 54.195369720458984 0
    endloop
  endfacet
  facet normal 0 0 -1
    outer loop
      vertex 8.859395027160645 8.587160110473633 0
      vertex 15.399999618530273 5.84999942779541 0
      vertex 9.084678649902344 8.25 0
    endloop
  endfacet
  facet normal 0 0 -1
    outer loop
      vertex 15.399999618530273 55.45000076293945 0
      vertex 9.264025688171387 53.41368103027344 0
      vertex 9.394369125366211 53.79766082763672 0
    endloop
  endfacet
  facet normal 0 0 -1
    outer loop
      vertex 8.59203052520752 8.892030715942383 0
      vertex 15.399999618530273 5.84999942779541 0
      vertex 8.859395027160645 8.587160110473633 0
    endloop
  endfacet
  facet normal 0 0 -1
    outer loop
      vertex 15.399999618530273 55.45000076293945 0
      vertex 9.084678649902344 53.04999923706055 0
      vertex 9.264025688171387 53.41368103027344 0
    endloop
  endfacet
  facet normal 0 0 -1
    outer loop
      vertex 8.28715991973877 9.159395217895508 0
      vertex 15.399999618530273 5.84999942779541 0
      vertex 8.59203052520752 8.892030715942383 0
    endloop
  endfacet
  facet normal 0 0 -1
    outer loop
      vertex 15.399999618530273 55.45000076293945 0
      vertex 8.859395027160645 52.71283721923828 0
      vertex 9.084678649902344 53.04999923706055 0
    endloop
  endfacet
  facet normal 0 0 -1
    outer loop
      vertex 15.399999618530273 5.84999942779541 0
      vertex 8.28715991973877 9.159395217895508 0
      vertex 15.399999618530273 55.45000076293945 0
    endloop
  endfacet
  facet normal 0 0 -1
    outer loop
      vertex 15.399999618530273 55.45000076293945 0
      vertex 8.59203052520752 52.40796661376953 0
      vertex 8.859395027160645 52.71283721923828 0
    endloop
  endfacet
  facet normal 0 0 -1
    outer loop
      vertex 8.28715991973877 52.140602111816406 0
      vertex 15.399999618530273 55.45000076293945 0
      vertex 8.28715991973877 9.159395217895508 0
    endloop
  endfacet
  facet normal 0 0 -1
    outer loop
      vertex 15.399999618530273 55.45000076293945 0
      vertex 8.28715991973877 52.140602111816406 0
      vertex 8.59203052520752 52.40796661376953 0
    endloop
  endfacet
  facet normal 0 0 -1
    outer loop
      vertex 7.949999809265137 9.38467788696289 0
      vertex 8.28715991973877 52.140602111816406 0
      vertex 8.28715991973877 9.159395217895508 0
    endloop
  endfacet
  facet normal 0 0 -1
    outer loop
      vertex 7.949999809265137 9.38467788696289 0
      vertex 7.949999809265137 51.915321350097656 0
      vertex 8.28715991973877 52.140602111816406 0
    endloop
  endfacet
  facet normal 0 0 -1
    outer loop
      vertex 7.586318016052246 9.56402587890625 0
      vertex 7.949999809265137 51.915321350097656 0
      vertex 7.949999809265137 9.38467788696289 0
    endloop
  endfacet
  facet normal 0 0 -1
    outer loop
      vertex 7.586318016052246 9.56402587890625 0
      vertex 7.586318016052246 51.7359733581543 0
      vertex 7.949999809265137 51.915321350097656 0
    endloop
  endfacet
  facet normal 0 0 -1
    outer loop
      vertex 7.202338218688965 9.694369316101074 0
      vertex 7.586318016052246 51.7359733581543 0
      vertex 7.586318016052246 9.56402587890625 0
    endloop
  endfacet
  facet normal 0 0 -1
    outer loop
      vertex 7.202338218688965 9.694369316101074 0
      vertex 7.202338218688965 51.605628967285156 0
      vertex 7.586318016052246 51.7359733581543 0
    endloop
  endfacet
  facet normal 0 0 -1
    outer loop
      vertex 6.804630279541016 9.773478507995605 0
      vertex 7.202338218688965 51.605628967285156 0
      vertex 7.202338218688965 9.694369316101074 0
    endloop
  endfacet
  facet normal 0 0 -1
    outer loop
      vertex 6.804630279541016 9.773478507995605 0
      vertex 6.804630279541016 51.526519775390625 0
      vertex 7.202338218688965 51.605628967285156 0
    endloop
  endfacet
  facet normal 0 0 -1
    outer loop
      vertex 6.399999618530273 9.799999237060547 0
      vertex 6.804630279541016 51.526519775390625 0
      vertex 6.804630279541016 9.773478507995605 0
    endloop
  endfacet
  facet normal 0 0 -1
    outer loop
      vertex 6.399999618530273 9.799999237060547 0
      vertex 6.399999618530273 51.5 0
      vertex 6.804630279541016 51.526519775390625 0
    endloop
  endfacet
  facet normal 0 0 -1
    outer loop
      vertex 5.995368003845215 9.773478507995605 0
      vertex 6.399999618530273 51.5 0
      vertex 6.399999618530273 9.799999237060547 0
    endloop
  endfacet
  facet normal 0 0 -1
    outer loop
      vertex 5.995368003845215 9.773478507995605 0
      vertex 5.995368003845215 51.526519775390625 0
      vertex 6.399999618530273 51.5 0
    endloop
  endfacet
  facet normal 0 0 -1
    outer loop
      vertex 5.597660064697266 9.694369316101074 0
      vertex 5.995368003845215 51.526519775390625 0
      vertex 5.995368003845215 9.773478507995605 0
    endloop
  endfacet
  facet normal 0 0 -1
    outer loop
      vertex 5.597660064697266 9.694369316101074 0
      vertex 5.597660064697266 51.605628967285156 0
      vertex 5.995368003845215 51.526519775390625 0
    endloop
  endfacet
  facet normal 0 0 -1
    outer loop
      vertex 5.213681221008301 9.56402587890625 0
      vertex 5.597660064697266 51.605628967285156 0
      vertex 5.597660064697266 9.694369316101074 0
    endloop
  endfacet
  facet normal 0 0 -1
    outer loop
      vertex 5.213681221008301 9.56402587890625 0
      vertex 5.213681221008301 51.7359733581543 0
      vertex 5.597660064697266 51.605628967285156 0
    endloop
  endfacet
  facet normal 0 0 -1
    outer loop
      vertex 4.84999942779541 9.38467788696289 0
      vertex 5.213681221008301 51.7359733581543 0
      vertex 5.213681221008301 9.56402587890625 0
    endloop
  endfacet
  facet normal 0 0 -1
    outer loop
      vertex 4.84999942779541 9.38467788696289 0
      vertex 4.84999942779541 51.915321350097656 0
      vertex 5.213681221008301 51.7359733581543 0
    endloop
  endfacet
  facet normal 0 0 -1
    outer loop
      vertex 4.512839317321777 9.159395217895508 0
      vertex 4.84999942779541 51.915321350097656 0
      vertex 4.84999942779541 9.38467788696289 0
    endloop
  endfacet
  facet normal 0 0 -1
    outer loop
      vertex 4.512839317321777 9.159395217895508 0
      vertex 4.512839317321777 52.140602111816406 0
      vertex 4.84999942779541 51.915321350097656 0
    endloop
  endfacet
  facet normal 0 0 -1
    outer loop
      vertex 4.207968711853027 8.892030715942383 0
      vertex 4.512839317321777 52.140602111816406 0
      vertex 4.512839317321777 9.159395217895508 0
    endloop
  endfacet
  facet normal 0 0 -1
    outer loop
      vertex 4.207968711853027 8.892030715942383 0
      vertex 4.207968711853027 52.40796661376953 0
      vertex 4.512839317321777 52.140602111816406 0
    endloop
  endfacet
  facet normal 0 0 -1
    outer loop
      vertex 3.9406042098999023 8.587160110473633 0
      vertex 4.207968711853027 52.40796661376953 0
      vertex 4.207968711853027 8.892030715942383 0
    endloop
  endfacet
  facet normal 0 0 -1
    outer loop
      vertex 3.9406042098999023 8.587160110473633 0
      vertex 3.9406042098999023 52.71283721923828 0
      vertex 4.207968711853027 52.40796661376953 0
    endloop
  endfacet
  facet normal 0 0 -1
    outer loop
      vertex 3.715320587158203 8.25 0
      vertex 3.9406042098999023 52.71283721923828 0
      vertex 3.9406042098999023 8.587160110473633 0
    endloop
  endfacet
  facet normal 0 0 -1
    outer loop
      vertex 3.715320587158203 8.25 0
      vertex 3.715320587158203 53.04999923706055 0
      vertex 3.9406042098999023 52.71283721923828 0
    endloop
  endfacet
  facet normal 0 0 -1
    outer loop
      vertex 0 3 0
      vertex 3.715320587158203 8.25 0
      vertex 3.5359725952148438 7.886318206787109 0
    endloop
  endfacet
  facet normal 0 0 -1
    outer loop
      vertex 3.715320587158203 8.25 0
      vertex 0 3 0
      vertex 3.715320587158203 53.04999923706055 0
    endloop
  endfacet
  facet normal 0 0 -1
    outer loop
      vertex 0 3 0
      vertex 3.5359725952148438 7.886318206787109 0
      vertex 3.4056291580200195 7.502338409423828 0
    endloop
  endfacet
  facet normal 0 0 -1
    outer loop
      vertex 0 58.29999923706055 0
      vertex 3.715320587158203 53.04999923706055 0
      vertex 0 3 0
    endloop
  endfacet
  facet normal 0 0 -1
    outer loop
      vertex 0 3 0
      vertex 3.4056291580200195 7.502338409423828 0
      vertex 3.3265209197998047 7.104630470275879 0
    endloop
  endfacet
  facet normal 0 0 -1
    outer loop
      vertex 3.715320587158203 53.04999923706055 0
      vertex 0 58.29999923706055 0
      vertex 3.5359725952148438 53.41368103027344 0
    endloop
  endfacet
  facet normal 0 0 -1
    outer loop
      vertex 0 3 0
      vertex 3.3265209197998047 7.104630470275879 0
      vertex 3.299999237060547 6.699999809265137 0
    endloop
  endfacet
  facet normal 0 0 -1
    outer loop
      vertex 3.5359725952148438 53.41368103027344 0
      vertex 0 58.29999923706055 0
      vertex 3.4056291580200195 53.79766082763672 0
    endloop
  endfacet
  facet normal 0 0 -1
    outer loop
      vertex 103.76402282714844 7.886318206787109 0
      vertex 107.30000305175781 3 0
      vertex 103.89437103271484 7.502338409423828 0
    endloop
  endfacet
  facet normal 0 0 -1
    outer loop
      vertex 107.30000305175781 58.29999923706055 0
      vertex 103.97348022460938 54.195369720458984 0
      vertex 104 54.599998474121094 0
    endloop
  endfacet
  facet normal 0 0 -1
    outer loop
      vertex 103.58467864990234 8.25 0
      vertex 107.30000305175781 3 0
      vertex 103.76402282714844 7.886318206787109 0
    endloop
  endfacet
  facet normal 0 0 -1
    outer loop
      vertex 107.30000305175781 58.29999923706055 0
      vertex 103.89437103271484 53.79766082763672 0
      vertex 103.97348022460938 54.195369720458984 0
    endloop
  endfacet
  facet normal 0 0 -1
    outer loop
      vertex 107.30000305175781 3 0
      vertex 103.58467864990234 8.25 0
      vertex 107.30000305175781 58.29999923706055 0
    endloop
  endfacet
  facet normal 0 0 -1
    outer loop
      vertex 107.30000305175781 58.29999923706055 0
      vertex 103.76402282714844 53.41368103027344 0
      vertex 103.89437103271484 53.79766082763672 0
    endloop
  endfacet
  facet normal 0 0 -1
    outer loop
      vertex 103.58467864990234 53.04999923706055 0
      vertex 107.30000305175781 58.29999923706055 0
      vertex 103.58467864990234 8.25 0
    endloop
  endfacet
  facet normal 0 0 -1
    outer loop
      vertex 107.30000305175781 58.29999923706055 0
      vertex 103.58467864990234 53.04999923706055 0
      vertex 103.76402282714844 53.41368103027344 0
    endloop
  endfacet
  facet normal 0 0 -1
    outer loop
      vertex 103.3593978881836 8.587160110473633 0
      vertex 103.58467864990234 53.04999923706055 0
      vertex 103.58467864990234 8.25 0
    endloop
  endfacet
  facet normal 0 0 -1
    outer loop
      vertex 103.3593978881836 8.587160110473633 0
      vertex 103.3593978881836 52.71283721923828 0
      vertex 103.58467864990234 53.04999923706055 0
    endloop
  endfacet
  facet normal 0 0 -1
    outer loop
      vertex 103.09203338623047 8.892030715942383 0
      vertex 103.3593978881836 52.71283721923828 0
      vertex 103.3593978881836 8.587160110473633 0
    endloop
  endfacet
  facet normal 0 0 -1
    outer loop
      vertex 103.09203338623047 8.892030715942383 0
      vertex 103.09203338623047 52.40796661376953 0
      vertex 103.3593978881836 52.71283721923828 0
    endloop
  endfacet
  facet normal 0 0 -1
    outer loop
      vertex 102.78716278076172 9.159395217895508 0
      vertex 103.09203338623047 52.40796661376953 0
      vertex 103.09203338623047 8.892030715942383 0
    endloop
  endfacet
  facet normal 0 0 -1
    outer loop
      vertex 102.78716278076172 9.159395217895508 0
      vertex 102.78716278076172 52.140602111816406 0
      vertex 103.09203338623047 52.40796661376953 0
    endloop
  endfacet
  facet normal 0 0 -1
    outer loop
      vertex 102.44999694824219 9.38467788696289 0
      vertex 102.78716278076172 52.140602111816406 0
      vertex 102.78716278076172 9.159395217895508 0
    endloop
  endfacet
  facet normal 0 0 -1
    outer loop
      vertex 102.44999694824219 9.38467788696289 0
      vertex 102.44999694824219 51.915321350097656 0
      vertex 102.78716278076172 52.140602111816406 0
    endloop
  endfacet
  facet normal 0 0 -1
    outer loop
      vertex 102.08631896972656 9.56402587890625 0
      vertex 102.44999694824219 51.915321350097656 0
      vertex 102.44999694824219 9.38467788696289 0
    endloop
  endfacet
  facet normal 0 0 -1
    outer loop
      vertex 102.08631896972656 9.56402587890625 0
      vertex 102.08631896972656 51.7359733581543 0
      vertex 102.44999694824219 51.915321350097656 0
    endloop
  endfacet
  facet normal 0 0 -1
    outer loop
      vertex 101.70233917236328 9.694369316101074 0
      vertex 102.08631896972656 51.7359733581543 0
      vertex 102.08631896972656 9.56402587890625 0
    endloop
  endfacet
  facet normal 0 0 -1
    outer loop
      vertex 101.70233917236328 9.694369316101074 0
      vertex 101.70233917236328 51.605628967285156 0
      vertex 102.08631896972656 51.7359733581543 0
    endloop
  endfacet
  facet normal 0 0 -1
    outer loop
      vertex 101.30462646484375 9.773478507995605 0
      vertex 101.70233917236328 51.605628967285156 0
      vertex 101.70233917236328 9.694369316101074 0
    endloop
  endfacet
  facet normal 0 0 -1
    outer loop
      vertex 101.30462646484375 9.773478507995605 0
      vertex 101.30462646484375 51.526519775390625 0
      vertex 101.70233917236328 51.605628967285156 0
    endloop
  endfacet
  facet normal 0 0 -1
    outer loop
      vertex 100.9000015258789 9.799999237060547 0
      vertex 101.30462646484375 51.526519775390625 0
      vertex 101.30462646484375 9.773478507995605 0
    endloop
  endfacet
  facet normal 0 0 -1
    outer loop
      vertex 100.9000015258789 9.799999237060547 0
      vertex 100.9000015258789 51.5 0
      vertex 101.30462646484375 51.526519775390625 0
    endloop
  endfacet
  facet normal 0 0 -1
    outer loop
      vertex 100.49536895751953 9.773478507995605 0
      vertex 100.9000015258789 51.5 0
      vertex 100.9000015258789 9.799999237060547 0
    endloop
  endfacet
  facet normal 0 0 -1
    outer loop
      vertex 100.49536895751953 9.773478507995605 0
      vertex 100.49536895751953 51.526519775390625 0
      vertex 100.9000015258789 51.5 0
    endloop
  endfacet
  facet normal 0 0 -1
    outer loop
      vertex 100.09765625 9.694369316101074 0
      vertex 100.49536895751953 51.526519775390625 0
      vertex 100.49536895751953 9.773478507995605 0
    endloop
  endfacet
  facet normal 0 0 -1
    outer loop
      vertex 100.09765625 9.694369316101074 0
      vertex 100.09765625 51.605628967285156 0
      vertex 100.49536895751953 51.526519775390625 0
    endloop
  endfacet
  facet normal 0 0 -1
    outer loop
      vertex 99.71368408203125 9.56402587890625 0
      vertex 100.09765625 51.605628967285156 0
      vertex 100.09765625 9.694369316101074 0
    endloop
  endfacet
  facet normal 0 0 -1
    outer loop
      vertex 99.71368408203125 9.56402587890625 0
      vertex 99.71368408203125 51.7359733581543 0
      vertex 100.09765625 51.605628967285156 0
    endloop
  endfacet
  facet normal 0 0 -1
    outer loop
      vertex 99.3499984741211 9.38467788696289 0
      vertex 99.71368408203125 51.7359733581543 0
      vertex 99.71368408203125 9.56402587890625 0
    endloop
  endfacet
  facet normal 0 0 -1
    outer loop
      vertex 99.3499984741211 9.38467788696289 0
      vertex 99.3499984741211 51.915321350097656 0
      vertex 99.71368408203125 51.7359733581543 0
    endloop
  endfacet
  facet normal 0 0 -1
    outer loop
      vertex 99.0128402709961 9.159395217895508 0
      vertex 99.3499984741211 51.915321350097656 0
      vertex 99.3499984741211 9.38467788696289 0
    endloop
  endfacet
  facet normal 0 0 -1
    outer loop
      vertex 99.0128402709961 9.159395217895508 0
      vertex 99.0128402709961 52.140602111816406 0
      vertex 99.3499984741211 51.915321350097656 0
    endloop
  endfacet
  facet normal 0 0 -1
    outer loop
      vertex 94 5.84999942779541 0
      vertex 99.0128402709961 9.159395217895508 0
      vertex 98.70796966552734 8.892030715942383 0
    endloop
  endfacet
  facet normal 0 0 -1
    outer loop
      vertex 99.0128402709961 9.159395217895508 0
      vertex 94 5.84999942779541 0
      vertex 99.0128402709961 52.140602111816406 0
    endloop
  endfacet
  facet normal 0 0 -1
    outer loop
      vertex 94 5.84999942779541 0
      vertex 98.70796966552734 8.892030715942383 0
      vertex 98.44060516357422 8.587160110473633 0
    endloop
  endfacet
  facet normal 0 0 -1
    outer loop
      vertex 94 55.45000076293945 0
      vertex 99.0128402709961 52.140602111816406 0
      vertex 94 5.84999942779541 0
    endloop
  endfacet
  facet normal 0 0 -1
    outer loop
      vertex 94 5.84999942779541 0
      vertex 98.44060516357422 8.587160110473633 0
      vertex 98.21531677246094 8.25 0
    endloop
  endfacet
  facet normal 0 0 -1
    outer loop
      vertex 99.0128402709961 52.140602111816406 0
      vertex 94 55.45000076293945 0
      vertex 98.70796966552734 52.40796661376953 0
    endloop
  endfacet
  facet normal 0 0 -1
    outer loop
      vertex 94 5.84999942779541 0
      vertex 98.21531677246094 8.25 0
      vertex 98.03597259521484 7.886318206787109 0
    endloop
  endfacet
  facet normal 0 0 -1
    outer loop
      vertex 98.70796966552734 52.40796661376953 0
      vertex 94 55.45000076293945 0
      vertex 98.44060516357422 52.71283721923828 0
    endloop
  endfacet
  facet normal 0 0 -1
    outer loop
      vertex 94 5.84999942779541 0
      vertex 98.03597259521484 7.886318206787109 0
      vertex 97.90563201904297 7.502338409423828 0
    endloop
  endfacet
  facet normal 0 0 -1
    outer loop
      vertex 98.44060516357422 52.71283721923828 0
      vertex 94 55.45000076293945 0
      vertex 98.21531677246094 53.04999923706055 0
    endloop
  endfacet
  facet normal 0 0 -1
    outer loop
      vertex 94 5.84999942779541 0
      vertex 97.90563201904297 7.502338409423828 0
      vertex 97.82652282714844 7.104630470275879 0
    endloop
  endfacet
  facet normal 0 0 -1
    outer loop
      vertex 98.21531677246094 53.04999923706055 0
      vertex 94 55.45000076293945 0
      vertex 98.03597259521484 53.41368103027344 0
    endloop
  endfacet
  facet normal 0 0 -1
    outer loop
      vertex 94 5.84999942779541 0
      vertex 97.82652282714844 7.104630470275879 0
      vertex 97.80000305175781 6.699999809265137 0
    endloop
  endfacet
  facet normal 0 0 -1
    outer loop
      vertex 98.03597259521484 53.41368103027344 0
      vertex 94 55.45000076293945 0
      vertex 97.90563201904297 53.79766082763672 0
    endloop
  endfacet
  facet normal 0 0 -1
    outer loop
      vertex 103.09203338623047 4.507968902587891 0
      vertex 107.30000305175781 3 0
      vertex 107.27433776855469 2.6084213256835938 0
    endloop
  endfacet
  facet normal 0 0 -1
    outer loop
      vertex 103.97348022460938 7.104630470275879 0
      vertex 107.30000305175781 3 0
      vertex 104 6.699999809265137 0
    endloop
  endfacet
  facet normal 0 0 -1
    outer loop
      vertex 103.09203338623047 4.507968902587891 0
      vertex 107.27433776855469 2.6084213256835938 0
      vertex 107.1977767944336 2.2235422134399414 0
    endloop
  endfacet
  facet normal 0 0 -1
    outer loop
      vertex 103.89437103271484 7.502338409423828 0
      vertex 107.30000305175781 3 0
      vertex 103.97348022460938 7.104630470275879 0
    endloop
  endfacet
  facet normal 0 0 -1
    outer loop
      vertex 103.09203338623047 4.507968902587891 0
      vertex 107.1977767944336 2.2235422134399414 0
      vertex 107.07164001464844 1.851949691772461 0
    endloop
  endfacet
  facet normal 0 0 -1
    outer loop
      vertex 103.97348022460938 55.00463104248047 0
      vertex 107.30000305175781 58.29999923706055 0
      vertex 104 54.599998474121094 0
    endloop
  endfacet
  facet normal 0 0 -1
    outer loop
      vertex 103.09203338623047 4.507968902587891 0
      vertex 107.07164001464844 1.851949691772461 0
      vertex 106.89807891845703 1.5 0
    endloop
  endfacet
  facet normal 0 0 -1
    outer loop
      vertex 103.89437103271484 55.402339935302734 0
      vertex 107.30000305175781 58.29999923706055 0
      vertex 103.97348022460938 55.00463104248047 0
    endloop
  endfacet
  facet normal 0 0 -1
    outer loop
      vertex 103.09203338623047 4.507968902587891 0
      vertex 106.89807891845703 1.5 0
      vertex 106.68006134033203 1.173715591430664 0
    endloop
  endfacet
  facet normal 0 0 -1
    outer loop
      vertex 103.76402282714844 55.78631591796875 0
      vertex 107.30000305175781 58.29999923706055 0
      vertex 103.89437103271484 55.402339935302734 0
    endloop
  endfacet
  facet normal 0 0 -1
    outer loop
      vertex 103.09203338623047 4.507968902587891 0
      vertex 106.68006134033203 1.173715591430664 0
      vertex 106.42131805419922 0.8786792755126953 0
    endloop
  endfacet
  facet normal 0 0 -1
    outer loop
      vertex 103.58467864990234 56.150001525878906 0
      vertex 107.30000305175781 58.29999923706055 0
      vertex 103.76402282714844 55.78631591796875 0
    endloop
  endfacet
  facet normal 0 0 -1
    outer loop
      vertex 103.09203338623047 4.507968902587891 0
      vertex 106.42131805419922 0.8786792755126953 0
      vertex 106.12628173828125 0.6199398040771484 0
    endloop
  endfacet
  facet normal 0 0 -1
    outer loop
      vertex 103.3593978881836 56.487159729003906 0
      vertex 107.30000305175781 58.29999923706055 0
      vertex 103.58467864990234 56.150001525878906 0
    endloop
  endfacet
  facet normal 0 0 -1
    outer loop
      vertex 103.09203338623047 4.507968902587891 0
      vertex 106.12628173828125 0.6199398040771484 0
      vertex 105.80000305175781 0.40192317962646484 0
    endloop
  endfacet
  facet normal 0 0 -1
    outer loop
      vertex 103.09203338623047 56.792030334472656 0
      vertex 107.30000305175781 58.29999923706055 0
      vertex 103.3593978881836 56.487159729003906 0
    endloop
  endfacet
  facet normal 0 0 -1
    outer loop
      vertex 103.09203338623047 4.507968902587891 0
      vertex 105.80000305175781 0.40192317962646484 0
      vertex 105.44805145263672 0.2283611297607422 0
    endloop
  endfacet
  facet normal 0 0 -1
    outer loop
      vertex 107.30000305175781 58.29999923706055 0
      vertex 103.09203338623047 56.792030334472656 0
      vertex 107.27433776855469 58.69157791137695 0
    endloop
  endfacet
  facet normal 0 0 -1
    outer loop
      vertex 102.78716278076172 4.240604400634766 0
      vertex 105.44805145263672 0.2283611297607422 0
      vertex 105.07645416259766 0.10222244262695312 0
    endloop
  endfacet
  facet normal 0 0 -1
    outer loop
      vertex 107.27433776855469 58.69157791137695 0
      vertex 103.09203338623047 56.792030334472656 0
      vertex 107.1977767944336 59.07645797729492 0
    endloop
  endfacet
  facet normal 0 0 -1
    outer loop
      vertex 102.78716278076172 4.240604400634766 0
      vertex 105.07645416259766 0.10222244262695312 0
      vertex 104.69157409667969 0.025665283203125 0
    endloop
  endfacet
  facet normal 0 0 -1
    outer loop
      vertex 107.1977767944336 59.07645797729492 0
      vertex 103.09203338623047 56.792030334472656 0
      vertex 107.07164001464844 59.44805145263672 0
    endloop
  endfacet
  facet normal 0 0 -1
    outer loop
      vertex 102.78716278076172 4.240604400634766 0
      vertex 104.69157409667969 0.025665283203125 0
      vertex 104.30000305175781 0 0
    endloop
  endfacet
  facet normal 0 0 -1
    outer loop
      vertex 107.07164001464844 59.44805145263672 0
      vertex 103.09203338623047 56.792030334472656 0
      vertex 106.89807891845703 59.79999923706055 0
    endloop
  endfacet
  facet normal 0 0 -1
    outer loop
      vertex 106.89807891845703 59.79999923706055 0
      vertex 103.09203338623047 56.792030334472656 0
      vertex 106.68006134033203 60.12628173828125 0
    endloop
  endfacet
  facet normal 0 0 -1
    outer loop
      vertex 107.30000305175781 3 0
      vertex 103.97348022460938 6.295368194580078 0
      vertex 104 6.699999809265137 0
    endloop
  endfacet
  facet normal 0 0 -1
    outer loop
      vertex 107.30000305175781 3 0
      vertex 103.89437103271484 5.897660255432129 0
      vertex 103.97348022460938 6.295368194580078 0
    endloop
  endfacet
  facet normal 0 0 -1
    outer loop
      vertex 107.30000305175781 3 0
      vertex 103.76402282714844 5.513680458068848 0
      vertex 103.89437103271484 5.897660255432129 0
    endloop
  endfacet
  facet normal 0 0 -1
    outer loop
      vertex 107.30000305175781 3 0
      vertex 103.58467864990234 5.149999618530273 0
      vertex 103.76402282714844 5.513680458068848 0
    endloop
  endfacet
  facet normal 0 0 -1
    outer loop
      vertex 107.30000305175781 3 0
      vertex 103.3593978881836 4.812839508056641 0
      vertex 103.58467864990234 5.149999618530273 0
    endloop
  endfacet
  facet normal 0 0 -1
    outer loop
      vertex 107.30000305175781 3 0
      vertex 103.09203338623047 4.507968902587891 0
      vertex 103.3593978881836 4.812839508056641 0
    endloop
  endfacet
  facet normal 0 0 -1
    outer loop
      vertex 105.44805145263672 0.2283611297607422 0
      vertex 102.78716278076172 4.240604400634766 0
      vertex 103.09203338623047 4.507968902587891 0
    endloop
  endfacet
  facet normal 0 0 -1
    outer loop
      vertex 104.30000305175781 0 0
      vertex 102.44999694824219 4.015320777893066 0
      vertex 102.78716278076172 4.240604400634766 0
    endloop
  endfacet
  facet normal 0 0 -1
    outer loop
      vertex 104.30000305175781 0 0
      vertex 102.08631896972656 3.835972785949707 0
      vertex 102.44999694824219 4.015320777893066 0
    endloop
  endfacet
  facet normal 0 0 -1
    outer loop
      vertex 104.30000305175781 0 0
      vertex 101.70233917236328 3.705629348754883 0
      vertex 102.08631896972656 3.835972785949707 0
    endloop
  endfacet
  facet normal 0 0 -1
    outer loop
      vertex 104.30000305175781 0 0
      vertex 101.30462646484375 3.6265201568603516 0
      vertex 101.70233917236328 3.705629348754883 0
    endloop
  endfacet
  facet normal 0 0 -1
    outer loop
      vertex 104.30000305175781 0 0
      vertex 100.9000015258789 3.59999942779541 0
      vertex 101.30462646484375 3.6265201568603516 0
    endloop
  endfacet
  facet normal 0 0 -1
    outer loop
      vertex 104.30000305175781 0 0
      vertex 100.49536895751953 3.6265201568603516 0
      vertex 100.9000015258789 3.59999942779541 0
    endloop
  endfacet
  facet normal 0 0 -1
    outer loop
      vertex 104.30000305175781 0 0
      vertex 100.09765625 3.705629348754883 0
      vertex 100.49536895751953 3.6265201568603516 0
    endloop
  endfacet
  facet normal 0 0 -1
    outer loop
      vertex 104.30000305175781 0 0
      vertex 99.71368408203125 3.835972785949707 0
      vertex 100.09765625 3.705629348754883 0
    endloop
  endfacet
  facet normal 0 0 -1
    outer loop
      vertex 93.3044204711914 5.0568437576293945 0
      vertex 99.71368408203125 3.835972785949707 0
      vertex 104.30000305175781 0 0
    endloop
  endfacet
  facet normal 0 0 -1
    outer loop
      vertex 99.71368408203125 3.835972785949707 0
      vertex 93.3044204711914 5.0568437576293945 0
      vertex 99.3499984741211 4.015320777893066 0
    endloop
  endfacet
  facet normal 0 0 -1
    outer loop
      vertex 97.90563201904297 53.79766082763672 0
      vertex 94 55.45000076293945 0
      vertex 97.82652282714844 54.195369720458984 0
    endloop
  endfacet
  facet normal 0 0 -1
    outer loop
      vertex 97.82652282714844 6.295368194580078 0
      vertex 94 5.84999942779541 0
      vertex 97.80000305175781 6.699999809265137 0
    endloop
  endfacet
  facet normal 0 0 -1
    outer loop
      vertex 97.90563201904297 5.897660255432129 0
      vertex 94 5.84999942779541 0
      vertex 97.82652282714844 6.295368194580078 0
    endloop
  endfacet
  facet normal 0 0 -1
    outer loop
      vertex 93.97274017333984 5.6429443359375 0
      vertex 97.90563201904297 5.897660255432129 0
      vertex 98.03597259521484 5.513680458068848 0
    endloop
  endfacet
  facet normal 0 0 -1
    outer loop
      vertex 93.892822265625 5.449999809265137 0
      vertex 98.03597259521484 5.513680458068848 0
      vertex 98.21531677246094 5.149999618530273 0
    endloop
  endfacet
  facet normal 0 0 -1
    outer loop
      vertex 93.76568603515625 5.284314155578613 0
      vertex 98.21531677246094 5.149999618530273 0
      vertex 98.44060516357422 4.812839508056641 0
    endloop
  endfacet
  facet normal 0 0 -1
    outer loop
      vertex 93.68701171875 5.2153167724609375 0
      vertex 98.44060516357422 4.812839508056641 0
      vertex 98.70796966552734 4.507968902587891 0
    endloop
  endfacet
  facet normal 0 0 -1
    outer loop
      vertex 93.50614929199219 5.110896110534668 0
      vertex 98.70796966552734 4.507968902587891 0
      vertex 99.0128402709961 4.240604400634766 0
    endloop
  endfacet
  facet normal 0 0 -1
    outer loop
      vertex 93.40705871582031 5.077259063720703 0
      vertex 99.3499984741211 4.015320777893066 0
      vertex 93.3044204711914 5.0568437576293945 0
    endloop
  endfacet
  facet normal 0 0 -1
    outer loop
      vertex 97.90563201904297 5.897660255432129 0
      vertex 93.99315643310547 5.745578765869141 0
      vertex 94 5.84999942779541 0
    endloop
  endfacet
  facet normal 0 0 -1
    outer loop
      vertex 97.90563201904297 5.897660255432129 0
      vertex 93.97274017333984 5.6429443359375 0
      vertex 93.99315643310547 5.745578765869141 0
    endloop
  endfacet
  facet normal 0 0 -1
    outer loop
      vertex 98.03597259521484 5.513680458068848 0
      vertex 93.93910217285156 5.543852806091309 0
      vertex 93.97274017333984 5.6429443359375 0
    endloop
  endfacet
  facet normal 0 0 -1
    outer loop
      vertex 98.03597259521484 5.513680458068848 0
      vertex 93.892822265625 5.449999809265137 0
      vertex 93.93910217285156 5.543852806091309 0
    endloop
  endfacet
  facet normal 0 0 -1
    outer loop
      vertex 98.21531677246094 5.149999618530273 0
      vertex 93.83468627929688 5.362990379333496 0
      vertex 93.892822265625 5.449999809265137 0
    endloop
  endfacet
  facet normal 0 0 -1
    outer loop
      vertex 98.21531677246094 5.149999618530273 0
      vertex 93.76568603515625 5.284314155578613 0
      vertex 93.83468627929688 5.362990379333496 0
    endloop
  endfacet
  facet normal 0 0 -1
    outer loop
      vertex 98.44060516357422 4.812839508056641 0
      vertex 93.68701171875 5.2153167724609375 0
      vertex 93.76568603515625 5.284314155578613 0
    endloop
  endfacet
  facet normal 0 0 -1
    outer loop
      vertex 98.70796966552734 4.507968902587891 0
      vertex 93.5999984741211 5.15717887878418 0
      vertex 93.68701171875 5.2153167724609375 0
    endloop
  endfacet
  facet normal 0 0 -1
    outer loop
      vertex 98.70796966552734 4.507968902587891 0
      vertex 93.50614929199219 5.110896110534668 0
      vertex 93.5999984741211 5.15717887878418 0
    endloop
  endfacet
  facet normal 0 0 -1
    outer loop
      vertex 99.0128402709961 4.240604400634766 0
      vertex 93.40705871582031 5.077259063720703 0
      vertex 93.50614929199219 5.110896110534668 0
    endloop
  endfacet
  facet normal 0 0 -1
    outer loop
      vertex 99.3499984741211 4.015320777893066 0
      vertex 93.40705871582031 5.077259063720703 0
      vertex 99.0128402709961 4.240604400634766 0
    endloop
  endfacet
  facet normal 0 0 -1
    outer loop
      vertex 104.30000305175781 0 0
      vertex 93.19999694824219 5.049999237060547 0
      vertex 93.3044204711914 5.0568437576293945 0
    endloop
  endfacet
  facet normal 0 0 -1
    outer loop
      vertex 104.30000305175781 0 0
      vertex 16.200000762939453 5.049999237060547 0
      vertex 93.19999694824219 5.049999237060547 0
    endloop
  endfacet
  facet normal 0 0 -1
    outer loop
      vertex 9.473478317260742 7.104630470275879 0
      vertex 15.399999618530273 5.84999942779541 0
      vertex 9.5 6.699999809265137 0
    endloop
  endfacet
  facet normal 0 0 -1
    outer loop
      vertex 9.473478317260742 6.295368194580078 0
      vertex 15.399999618530273 5.84999942779541 0
      vertex 15.406843185424805 5.745578765869141 0
    endloop
  endfacet
  facet normal 0 0 -1
    outer loop
      vertex 9.394369125366211 5.897660255432129 0
      vertex 15.406843185424805 5.745578765869141 0
      vertex 15.427258491516113 5.6429443359375 0
    endloop
  endfacet
  facet normal 0 0 -1
    outer loop
      vertex 9.264025688171387 5.513680458068848 0
      vertex 15.427258491516113 5.6429443359375 0
      vertex 15.460895538330078 5.543852806091309 0
    endloop
  endfacet
  facet normal 0 0 -1
    outer loop
      vertex 9.264025688171387 5.513680458068848 0
      vertex 15.460895538330078 5.543852806091309 0
      vertex 15.507179260253906 5.449999809265137 0
    endloop
  endfacet
  facet normal 0 0 -1
    outer loop
      vertex 9.084678649902344 5.149999618530273 0
      vertex 15.507179260253906 5.449999809265137 0
      vertex 15.565317153930664 5.362990379333496 0
    endloop
  endfacet
  facet normal 0 0 -1
    outer loop
      vertex 8.859395027160645 4.812839508056641 0
      vertex 15.565317153930664 5.362990379333496 0
      vertex 15.63431453704834 5.284314155578613 0
    endloop
  endfacet
  facet normal 0 0 -1
    outer loop
      vertex 8.859395027160645 4.812839508056641 0
      vertex 15.63431453704834 5.284314155578613 0
      vertex 15.712990760803223 5.2153167724609375 0
    endloop
  endfacet
  facet normal 0 0 -1
    outer loop
      vertex 8.59203052520752 4.507968902587891 0
      vertex 15.712990760803223 5.2153167724609375 0
      vertex 15.799999237060547 5.15717887878418 0
    endloop
  endfacet
  facet normal 0 0 -1
    outer loop
      vertex 8.28715991973877 4.240604400634766 0
      vertex 15.799999237060547 5.15717887878418 0
      vertex 15.893853187561035 5.110896110534668 0
    endloop
  endfacet
  facet normal 0 0 -1
    outer loop
      vertex 7.949999809265137 4.015320777893066 0
      vertex 15.893853187561035 5.110896110534668 0
      vertex 15.992944717407227 5.077259063720703 0
    endloop
  endfacet
  facet normal 0 0 -1
    outer loop
      vertex 15.399999618530273 5.84999942779541 0
      vertex 9.473478317260742 6.295368194580078 0
      vertex 9.5 6.699999809265137 0
    endloop
  endfacet
  facet normal 0 0 -1
    outer loop
      vertex 7.949999809265137 4.015320777893066 0
      vertex 15.992944717407227 5.077259063720703 0
      vertex 16.095577239990234 5.0568437576293945 0
    endloop
  endfacet
  facet normal 0 0 -1
    outer loop
      vertex 15.406843185424805 5.745578765869141 0
      vertex 9.394369125366211 5.897660255432129 0
      vertex 9.473478317260742 6.295368194580078 0
    endloop
  endfacet
  facet normal 0 0 -1
    outer loop
      vertex 15.427258491516113 5.6429443359375 0
      vertex 9.264025688171387 5.513680458068848 0
      vertex 9.394369125366211 5.897660255432129 0
    endloop
  endfacet
  facet normal 0 0 -1
    outer loop
      vertex 15.507179260253906 5.449999809265137 0
      vertex 9.084678649902344 5.149999618530273 0
      vertex 9.264025688171387 5.513680458068848 0
    endloop
  endfacet
  facet normal 0 0 -1
    outer loop
      vertex 3 0 0
      vertex 16.095577239990234 5.0568437576293945 0
      vertex 16.200000762939453 5.049999237060547 0
    endloop
  endfacet
  facet normal 0 0 -1
    outer loop
      vertex 3 0 0
      vertex 16.200000762939453 5.049999237060547 0
      vertex 104.30000305175781 0 0
    endloop
  endfacet
  facet normal 0 0 -1
    outer loop
      vertex 15.565317153930664 5.362990379333496 0
      vertex 8.859395027160645 4.812839508056641 0
      vertex 9.084678649902344 5.149999618530273 0
    endloop
  endfacet
  facet normal 0 0 -1
    outer loop
      vertex 15.712990760803223 5.2153167724609375 0
      vertex 8.59203052520752 4.507968902587891 0
      vertex 8.859395027160645 4.812839508056641 0
    endloop
  endfacet
  facet normal 0 0 -1
    outer loop
      vertex 15.799999237060547 5.15717887878418 0
      vertex 8.28715991973877 4.240604400634766 0
      vertex 8.59203052520752 4.507968902587891 0
    endloop
  endfacet
  facet normal 0 0 -1
    outer loop
      vertex 16.095577239990234 5.0568437576293945 0
      vertex 3 0 0
      vertex 7.949999809265137 4.015320777893066 0
    endloop
  endfacet
  facet normal 0 0 -1
    outer loop
      vertex 15.893853187561035 5.110896110534668 0
      vertex 7.949999809265137 4.015320777893066 0
      vertex 8.28715991973877 4.240604400634766 0
    endloop
  endfacet
  facet normal 0 0 -1
    outer loop
      vertex 7.949999809265137 4.015320777893066 0
      vertex 3 0 0
      vertex 7.586318016052246 3.835972785949707 0
    endloop
  endfacet
  facet normal 0 0 -1
    outer loop
      vertex 7.586318016052246 3.835972785949707 0
      vertex 3 0 0
      vertex 7.202338218688965 3.705629348754883 0
    endloop
  endfacet
  facet normal 0 0 -1
    outer loop
      vertex 7.202338218688965 3.705629348754883 0
      vertex 3 0 0
      vertex 6.804630279541016 3.6265201568603516 0
    endloop
  endfacet
  facet normal 0 0 -1
    outer loop
      vertex 3.3265209197998047 6.295368194580078 0
      vertex 0 3 0
      vertex 3.299999237060547 6.699999809265137 0
    endloop
  endfacet
  facet normal 0 0 -1
    outer loop
      vertex 3.4056291580200195 5.897660255432129 0
      vertex 0 3 0
      vertex 3.3265209197998047 6.295368194580078 0
    endloop
  endfacet
  facet normal 0 0 -1
    outer loop
      vertex 3.5359725952148438 5.513680458068848 0
      vertex 0 3 0
      vertex 3.4056291580200195 5.897660255432129 0
    endloop
  endfacet
  facet normal 0 0 -1
    outer loop
      vertex 3.715320587158203 5.149999618530273 0
      vertex 0 3 0
      vertex 3.5359725952148438 5.513680458068848 0
    endloop
  endfacet
  facet normal 0 0 -1
    outer loop
      vertex 3.9406042098999023 4.812839508056641 0
      vertex 0 3 0
      vertex 3.715320587158203 5.149999618530273 0
    endloop
  endfacet
  facet normal 0 0 -1
    outer loop
      vertex 4.207968711853027 4.507968902587891 0
      vertex 0 3 0
      vertex 3.9406042098999023 4.812839508056641 0
    endloop
  endfacet
  facet normal 0 0 -1
    outer loop
      vertex 0 3 0
      vertex 4.207968711853027 4.507968902587891 0
      vertex 3 0 0
    endloop
  endfacet
  facet normal 0 0 -1
    outer loop
      vertex 4.512839317321777 4.240604400634766 0
      vertex 3 0 0
      vertex 4.207968711853027 4.507968902587891 0
    endloop
  endfacet
  facet normal 0 0 -1
    outer loop
      vertex 4.84999942779541 4.015320777893066 0
      vertex 3 0 0
      vertex 4.512839317321777 4.240604400634766 0
    endloop
  endfacet
  facet normal 0 0 -1
    outer loop
      vertex 5.213681221008301 3.835972785949707 0
      vertex 3 0 0
      vertex 4.84999942779541 4.015320777893066 0
    endloop
  endfacet
  facet normal 0 0 -1
    outer loop
      vertex 5.597660064697266 3.705629348754883 0
      vertex 3 0 0
      vertex 5.213681221008301 3.835972785949707 0
    endloop
  endfacet
  facet normal 0 0 -1
    outer loop
      vertex 5.995368003845215 3.6265201568603516 0
      vertex 3 0 0
      vertex 5.597660064697266 3.705629348754883 0
    endloop
  endfacet
  facet normal 0 0 -1
    outer loop
      vertex 6.399999618530273 3.59999942779541 0
      vertex 3 0 0
      vertex 5.995368003845215 3.6265201568603516 0
    endloop
  endfacet
  facet normal 0 0 -1
    outer loop
      vertex 6.804630279541016 3.6265201568603516 0
      vertex 3 0 0
      vertex 6.399999618530273 3.59999942779541 0
    endloop
  endfacet
  facet normal 0 0 -1
    outer loop
      vertex 106.68006134033203 60.12628173828125 0
      vertex 103.09203338623047 56.792030334472656 0
      vertex 106.42131805419922 60.42131805419922 0
    endloop
  endfacet
  facet normal 0 0 -1
    outer loop
      vertex 106.42131805419922 60.42131805419922 0
      vertex 103.09203338623047 56.792030334472656 0
      vertex 106.12628173828125 60.68006134033203 0
    endloop
  endfacet
  facet normal 0 0 -1
    outer loop
      vertex 106.12628173828125 60.68006134033203 0
      vertex 103.09203338623047 56.792030334472656 0
      vertex 105.80000305175781 60.898075103759766 0
    endloop
  endfacet
  facet normal 0 0 -1
    outer loop
      vertex 105.80000305175781 60.898075103759766 0
      vertex 103.09203338623047 56.792030334472656 0
      vertex 105.44805145263672 61.07164001464844 0
    endloop
  endfacet
  facet normal 0 0 -1
    outer loop
      vertex 102.78716278076172 57.05939483642578 0
      vertex 105.44805145263672 61.07164001464844 0
      vertex 103.09203338623047 56.792030334472656 0
    endloop
  endfacet
  facet normal 0 0 -1
    outer loop
      vertex 105.44805145263672 61.07164001464844 0
      vertex 102.78716278076172 57.05939483642578 0
      vertex 105.07645416259766 61.197776794433594 0
    endloop
  endfacet
  facet normal 0 0 -1
    outer loop
      vertex 105.07645416259766 61.197776794433594 0
      vertex 102.78716278076172 57.05939483642578 0
      vertex 104.69157409667969 61.27433395385742 0
    endloop
  endfacet
  facet normal 0 0 -1
    outer loop
      vertex 104.69157409667969 61.27433395385742 0
      vertex 102.78716278076172 57.05939483642578 0
      vertex 104.30000305175781 61.29999923706055 0
    endloop
  endfacet
  facet normal 0 0 -1
    outer loop
      vertex 102.44999694824219 57.2846794128418 0
      vertex 104.30000305175781 61.29999923706055 0
      vertex 102.78716278076172 57.05939483642578 0
    endloop
  endfacet
  facet normal 0 0 -1
    outer loop
      vertex 102.08631896972656 57.464027404785156 0
      vertex 104.30000305175781 61.29999923706055 0
      vertex 102.44999694824219 57.2846794128418 0
    endloop
  endfacet
  facet normal 0 0 -1
    outer loop
      vertex 101.70233917236328 57.59436798095703 0
      vertex 104.30000305175781 61.29999923706055 0
      vertex 102.08631896972656 57.464027404785156 0
    endloop
  endfacet
  facet normal 0 0 -1
    outer loop
      vertex 101.30462646484375 57.67347717285156 0
      vertex 104.30000305175781 61.29999923706055 0
      vertex 101.70233917236328 57.59436798095703 0
    endloop
  endfacet
  facet normal 0 0 -1
    outer loop
      vertex 100.9000015258789 57.70000076293945 0
      vertex 104.30000305175781 61.29999923706055 0
      vertex 101.30462646484375 57.67347717285156 0
    endloop
  endfacet
  facet normal 0 0 -1
    outer loop
      vertex 100.49536895751953 57.67347717285156 0
      vertex 104.30000305175781 61.29999923706055 0
      vertex 100.9000015258789 57.70000076293945 0
    endloop
  endfacet
  facet normal 0 0 -1
    outer loop
      vertex 100.09765625 57.59436798095703 0
      vertex 104.30000305175781 61.29999923706055 0
      vertex 100.49536895751953 57.67347717285156 0
    endloop
  endfacet
  facet normal 0 0 -1
    outer loop
      vertex 99.71368408203125 57.464027404785156 0
      vertex 104.30000305175781 61.29999923706055 0
      vertex 100.09765625 57.59436798095703 0
    endloop
  endfacet
  facet normal 0 0 -1
    outer loop
      vertex 93.3044204711914 56.24315643310547 0
      vertex 99.71368408203125 57.464027404785156 0
      vertex 99.3499984741211 57.2846794128418 0
    endloop
  endfacet
  facet normal 0 0 -1
    outer loop
      vertex 93.40705871582031 56.222740173339844 0
      vertex 99.3499984741211 57.2846794128418 0
      vertex 99.0128402709961 57.05939483642578 0
    endloop
  endfacet
  facet normal 0 0 -1
    outer loop
      vertex 97.82652282714844 54.195369720458984 0
      vertex 94 55.45000076293945 0
      vertex 97.80000305175781 54.599998474121094 0
    endloop
  endfacet
  facet normal 0 0 -1
    outer loop
      vertex 97.80000305175781 54.599998474121094 0
      vertex 94 55.45000076293945 0
      vertex 97.82652282714844 55.00463104248047 0
    endloop
  endfacet
  facet normal 0 0 -1
    outer loop
      vertex 94 55.45000076293945 0
      vertex 97.90563201904297 55.402339935302734 0
      vertex 97.82652282714844 55.00463104248047 0
    endloop
  endfacet
  facet normal 0 0 -1
    outer loop
      vertex 93.99315643310547 55.554420471191406 0
      vertex 97.90563201904297 55.402339935302734 0
      vertex 94 55.45000076293945 0
    endloop
  endfacet
  facet normal 0 0 -1
    outer loop
      vertex 93.97274017333984 55.65705490112305 0
      vertex 97.90563201904297 55.402339935302734 0
      vertex 93.99315643310547 55.554420471191406 0
    endloop
  endfacet
  facet normal 0 0 -1
    outer loop
      vertex 97.90563201904297 55.402339935302734 0
      vertex 93.97274017333984 55.65705490112305 0
      vertex 98.03597259521484 55.78631591796875 0
    endloop
  endfacet
  facet normal 0 0 -1
    outer loop
      vertex 93.93910217285156 55.75614547729492 0
      vertex 98.03597259521484 55.78631591796875 0
      vertex 93.97274017333984 55.65705490112305 0
    endloop
  endfacet
  facet normal 0 0 -1
    outer loop
      vertex 93.892822265625 55.849998474121094 0
      vertex 98.03597259521484 55.78631591796875 0
      vertex 93.93910217285156 55.75614547729492 0
    endloop
  endfacet
  facet normal 0 0 -1
    outer loop
      vertex 98.03597259521484 55.78631591796875 0
      vertex 93.892822265625 55.849998474121094 0
      vertex 98.21531677246094 56.150001525878906 0
    endloop
  endfacet
  facet normal 0 0 -1
    outer loop
      vertex 93.83468627929688 55.937007904052734 0
      vertex 98.21531677246094 56.150001525878906 0
      vertex 93.892822265625 55.849998474121094 0
    endloop
  endfacet
  facet normal 0 0 -1
    outer loop
      vertex 93.76568603515625 56.01568603515625 0
      vertex 98.21531677246094 56.150001525878906 0
      vertex 93.83468627929688 55.937007904052734 0
    endloop
  endfacet
  facet normal 0 0 -1
    outer loop
      vertex 98.21531677246094 56.150001525878906 0
      vertex 93.76568603515625 56.01568603515625 0
      vertex 98.44060516357422 56.487159729003906 0
    endloop
  endfacet
  facet normal 0 0 -1
    outer loop
      vertex 93.68701171875 56.08468246459961 0
      vertex 98.44060516357422 56.487159729003906 0
      vertex 93.76568603515625 56.01568603515625 0
    endloop
  endfacet
  facet normal 0 0 -1
    outer loop
      vertex 98.44060516357422 56.487159729003906 0
      vertex 93.68701171875 56.08468246459961 0
      vertex 98.70796966552734 56.792030334472656 0
    endloop
  endfacet
  facet normal 0 0 -1
    outer loop
      vertex 93.5999984741211 56.142818450927734 0
      vertex 98.70796966552734 56.792030334472656 0
      vertex 93.68701171875 56.08468246459961 0
    endloop
  endfacet
  facet normal 0 0 -1
    outer loop
      vertex 93.50614929199219 56.18910217285156 0
      vertex 98.70796966552734 56.792030334472656 0
      vertex 93.5999984741211 56.142818450927734 0
    endloop
  endfacet
  facet normal 0 0 -1
    outer loop
      vertex 98.70796966552734 56.792030334472656 0
      vertex 93.50614929199219 56.18910217285156 0
      vertex 99.0128402709961 57.05939483642578 0
    endloop
  endfacet
  facet normal 0 0 -1
    outer loop
      vertex 93.40705871582031 56.222740173339844 0
      vertex 99.0128402709961 57.05939483642578 0
      vertex 93.50614929199219 56.18910217285156 0
    endloop
  endfacet
  facet normal 0 0 -1
    outer loop
      vertex 99.3499984741211 57.2846794128418 0
      vertex 93.40705871582031 56.222740173339844 0
      vertex 93.3044204711914 56.24315643310547 0
    endloop
  endfacet
  facet normal 0 0 -1
    outer loop
      vertex 99.71368408203125 57.464027404785156 0
      vertex 93.3044204711914 56.24315643310547 0
      vertex 104.30000305175781 61.29999923706055 0
    endloop
  endfacet
  facet normal 0 0 -1
    outer loop
      vertex 93.19999694824219 56.25 0
      vertex 104.30000305175781 61.29999923706055 0
      vertex 93.3044204711914 56.24315643310547 0
    endloop
  endfacet
  facet normal 0 0 -1
    outer loop
      vertex 16.200000762939453 56.25 0
      vertex 104.30000305175781 61.29999923706055 0
      vertex 93.19999694824219 56.25 0
    endloop
  endfacet
  facet normal 0 0 -1
    outer loop
      vertex 9.394369125366211 7.502338409423828 0
      vertex 15.399999618530273 5.84999942779541 0
      vertex 9.473478317260742 7.104630470275879 0
    endloop
  endfacet
  facet normal 0 0 -1
    outer loop
      vertex 9.473478317260742 55.00463104248047 0
      vertex 15.399999618530273 55.45000076293945 0
      vertex 9.5 54.599998474121094 0
    endloop
  endfacet
  facet normal 0 0 -1
    outer loop
      vertex 15.399999618530273 55.45000076293945 0
      vertex 9.473478317260742 55.00463104248047 0
      vertex 15.406843185424805 55.554420471191406 0
    endloop
  endfacet
  facet normal 0 0 -1
    outer loop
      vertex 9.394369125366211 55.402339935302734 0
      vertex 15.406843185424805 55.554420471191406 0
      vertex 9.473478317260742 55.00463104248047 0
    endloop
  endfacet
  facet normal 0 0 -1
    outer loop
      vertex 15.406843185424805 55.554420471191406 0
      vertex 9.394369125366211 55.402339935302734 0
      vertex 15.427258491516113 55.65705490112305 0
    endloop
  endfacet
  facet normal 0 0 -1
    outer loop
      vertex 9.264025688171387 55.78631591796875 0
      vertex 15.427258491516113 55.65705490112305 0
      vertex 9.394369125366211 55.402339935302734 0
    endloop
  endfacet
  facet normal 0 0 -1
    outer loop
      vertex 15.427258491516113 55.65705490112305 0
      vertex 9.264025688171387 55.78631591796875 0
      vertex 15.460895538330078 55.75614547729492 0
    endloop
  endfacet
  facet normal 0 0 -1
    outer loop
      vertex 15.460895538330078 55.75614547729492 0
      vertex 9.264025688171387 55.78631591796875 0
      vertex 15.507179260253906 55.849998474121094 0
    endloop
  endfacet
  facet normal 0 0 -1
    outer loop
      vertex 9.084678649902344 56.150001525878906 0
      vertex 15.507179260253906 55.849998474121094 0
      vertex 9.264025688171387 55.78631591796875 0
    endloop
  endfacet
  facet normal 0 0 -1
    outer loop
      vertex 15.507179260253906 55.849998474121094 0
      vertex 9.084678649902344 56.150001525878906 0
      vertex 15.565317153930664 55.937007904052734 0
    endloop
  endfacet
  facet normal 0 0 -1
    outer loop
      vertex 8.859395027160645 56.487159729003906 0
      vertex 15.565317153930664 55.937007904052734 0
      vertex 9.084678649902344 56.150001525878906 0
    endloop
  endfacet
  facet normal 0 0 -1
    outer loop
      vertex 15.565317153930664 55.937007904052734 0
      vertex 8.859395027160645 56.487159729003906 0
      vertex 15.63431453704834 56.01568603515625 0
    endloop
  endfacet
  facet normal 0 0 -1
    outer loop
      vertex 15.63431453704834 56.01568603515625 0
      vertex 8.859395027160645 56.487159729003906 0
      vertex 15.712990760803223 56.08468246459961 0
    endloop
  endfacet
  facet normal 0 0 -1
    outer loop
      vertex 8.59203052520752 56.792030334472656 0
      vertex 15.712990760803223 56.08468246459961 0
      vertex 8.859395027160645 56.487159729003906 0
    endloop
  endfacet
  facet normal 0 0 -1
    outer loop
      vertex 15.712990760803223 56.08468246459961 0
      vertex 8.59203052520752 56.792030334472656 0
      vertex 15.799999237060547 56.142818450927734 0
    endloop
  endfacet
  facet normal 0 0 -1
    outer loop
      vertex 8.28715991973877 57.05939483642578 0
      vertex 15.799999237060547 56.142818450927734 0
      vertex 8.59203052520752 56.792030334472656 0
    endloop
  endfacet
  facet normal 0 0 -1
    outer loop
      vertex 15.799999237060547 56.142818450927734 0
      vertex 8.28715991973877 57.05939483642578 0
      vertex 15.893853187561035 56.18910217285156 0
    endloop
  endfacet
  facet normal 0 0 -1
    outer loop
      vertex 7.949999809265137 57.2846794128418 0
      vertex 15.893853187561035 56.18910217285156 0
      vertex 8.28715991973877 57.05939483642578 0
    endloop
  endfacet
  facet normal 0 0 -1
    outer loop
      vertex 15.893853187561035 56.18910217285156 0
      vertex 7.949999809265137 57.2846794128418 0
      vertex 15.992944717407227 56.222740173339844 0
    endloop
  endfacet
  facet normal 0 0 -1
    outer loop
      vertex 15.992944717407227 56.222740173339844 0
      vertex 7.949999809265137 57.2846794128418 0
      vertex 16.095577239990234 56.24315643310547 0
    endloop
  endfacet
  facet normal 0 0 -1
    outer loop
      vertex 3 61.29999923706055 0
      vertex 16.095577239990234 56.24315643310547 0
      vertex 7.949999809265137 57.2846794128418 0
    endloop
  endfacet
  facet normal 0 0 -1
    outer loop
      vertex 16.095577239990234 56.24315643310547 0
      vertex 3 61.29999923706055 0
      vertex 16.200000762939453 56.25 0
    endloop
  endfacet
  facet normal 0 0 -1
    outer loop
      vertex 3 61.29999923706055 0
      vertex 7.949999809265137 57.2846794128418 0
      vertex 7.586318016052246 57.464027404785156 0
    endloop
  endfacet
  facet normal 0 0 -1
    outer loop
      vertex 3 61.29999923706055 0
      vertex 7.586318016052246 57.464027404785156 0
      vertex 7.202338218688965 57.59436798095703 0
    endloop
  endfacet
  facet normal 0 0 -1
    outer loop
      vertex 3 61.29999923706055 0
      vertex 7.202338218688965 57.59436798095703 0
      vertex 6.804630279541016 57.67347717285156 0
    endloop
  endfacet
  facet normal 0 0 -1
    outer loop
      vertex 3 61.29999923706055 0
      vertex 6.804630279541016 57.67347717285156 0
      vertex 6.399999618530273 57.70000076293945 0
    endloop
  endfacet
  facet normal 0 0 -1
    outer loop
      vertex 16.200000762939453 56.25 0
      vertex 3 61.29999923706055 0
      vertex 104.30000305175781 61.29999923706055 0
    endloop
  endfacet
  facet normal 0 0 -1
    outer loop
      vertex 5.995368003845215 57.67347717285156 0
      vertex 3 61.29999923706055 0
      vertex 6.399999618530273 57.70000076293945 0
    endloop
  endfacet
  facet normal 0 0 -1
    outer loop
      vertex 5.597660064697266 57.59436798095703 0
      vertex 3 61.29999923706055 0
      vertex 5.995368003845215 57.67347717285156 0
    endloop
  endfacet
  facet normal 0 0 -1
    outer loop
      vertex 5.213681221008301 57.464027404785156 0
      vertex 3 61.29999923706055 0
      vertex 5.597660064697266 57.59436798095703 0
    endloop
  endfacet
  facet normal 0 0 -1
    outer loop
      vertex 4.84999942779541 57.2846794128418 0
      vertex 3 61.29999923706055 0
      vertex 5.213681221008301 57.464027404785156 0
    endloop
  endfacet
  facet normal 0 0 -1
    outer loop
      vertex 4.512839317321777 57.05939483642578 0
      vertex 3 61.29999923706055 0
      vertex 4.84999942779541 57.2846794128418 0
    endloop
  endfacet
  facet normal 0 0 -1
    outer loop
      vertex 1.851949691772461 61.07164001464844 0
      vertex 4.512839317321777 57.05939483642578 0
      vertex 4.207968711853027 56.792030334472656 0
    endloop
  endfacet
  facet normal 0 0 -1
    outer loop
      vertex 0 58.29999923706055 0
      vertex 4.207968711853027 56.792030334472656 0
      vertex 3.9406042098999023 56.487159729003906 0
    endloop
  endfacet
  facet normal 0 0 -1
    outer loop
      vertex 0 58.29999923706055 0
      vertex 3.9406042098999023 56.487159729003906 0
      vertex 3.715320587158203 56.150001525878906 0
    endloop
  endfacet
  facet normal 0 0 -1
    outer loop
      vertex 0 58.29999923706055 0
      vertex 3.715320587158203 56.150001525878906 0
      vertex 3.5359725952148438 55.78631591796875 0
    endloop
  endfacet
  facet normal 0 0 -1
    outer loop
      vertex 0 58.29999923706055 0
      vertex 3.5359725952148438 55.78631591796875 0
      vertex 3.4056291580200195 55.402339935302734 0
    endloop
  endfacet
  facet normal 0 0 -1
    outer loop
      vertex 0 58.29999923706055 0
      vertex 3.4056291580200195 55.402339935302734 0
      vertex 3.3265209197998047 55.00463104248047 0
    endloop
  endfacet
  facet normal 0 0 -1
    outer loop
      vertex 0 58.29999923706055 0
      vertex 3.3265209197998047 55.00463104248047 0
      vertex 3.299999237060547 54.599998474121094 0
    endloop
  endfacet
  facet normal 0 0 -1
    outer loop
      vertex 3.4056291580200195 53.79766082763672 0
      vertex 0 58.29999923706055 0
      vertex 3.3265209197998047 54.195369720458984 0
    endloop
  endfacet
  facet normal 0 0 -1
    outer loop
      vertex 0 3 0
      vertex 3 0 0
      vertex 2.6084213256835938 0.025665283203125 0
    endloop
  endfacet
  facet normal 0 0 -1
    outer loop
      vertex 3.3265209197998047 54.195369720458984 0
      vertex 0 58.29999923706055 0
      vertex 3.299999237060547 54.599998474121094 0
    endloop
  endfacet
  facet normal 0 0 -1
    outer loop
      vertex 0 3 0
      vertex 2.6084213256835938 0.025665283203125 0
      vertex 2.2235422134399414 0.10222244262695312 0
    endloop
  endfacet
  facet normal 0 0 -1
    outer loop
      vertex 4.207968711853027 56.792030334472656 0
      vertex 0 58.29999923706055 0
      vertex 0.025665283203125 58.69157791137695 0
    endloop
  endfacet
  facet normal 0 0 -1
    outer loop
      vertex 0 3 0
      vertex 2.2235422134399414 0.10222244262695312 0
      vertex 1.851949691772461 0.2283611297607422 0
    endloop
  endfacet
  facet normal 0 0 -1
    outer loop
      vertex 4.512839317321777 57.05939483642578 0
      vertex 2.6084213256835938 61.27433395385742 0
      vertex 3 61.29999923706055 0
    endloop
  endfacet
  facet normal 0 0 -1
    outer loop
      vertex 0 3 0
      vertex 1.851949691772461 0.2283611297607422 0
      vertex 1.5 0.40192317962646484 0
    endloop
  endfacet
  facet normal 0 0 -1
    outer loop
      vertex 4.512839317321777 57.05939483642578 0
      vertex 2.2235422134399414 61.197776794433594 0
      vertex 2.6084213256835938 61.27433395385742 0
    endloop
  endfacet
  facet normal 0 0 -1
    outer loop
      vertex 0 3 0
      vertex 1.5 0.40192317962646484 0
      vertex 1.173715591430664 0.6199398040771484 0
    endloop
  endfacet
  facet normal 0 0 -1
    outer loop
      vertex 4.512839317321777 57.05939483642578 0
      vertex 1.851949691772461 61.07164001464844 0
      vertex 2.2235422134399414 61.197776794433594 0
    endloop
  endfacet
  facet normal 0 0 -1
    outer loop
      vertex 0 3 0
      vertex 1.173715591430664 0.6199398040771484 0
      vertex 0.8786792755126953 0.8786792755126953 0
    endloop
  endfacet
  facet normal 0 0 -1
    outer loop
      vertex 4.207968711853027 56.792030334472656 0
      vertex 1.5 60.898075103759766 0
      vertex 1.851949691772461 61.07164001464844 0
    endloop
  endfacet
  facet normal 0 0 -1
    outer loop
      vertex 0 3 0
      vertex 0.8786792755126953 0.8786792755126953 0
      vertex 0.6199398040771484 1.173715591430664 0
    endloop
  endfacet
  facet normal 0 0 -1
    outer loop
      vertex 4.207968711853027 56.792030334472656 0
      vertex 1.173715591430664 60.68006134033203 0
      vertex 1.5 60.898075103759766 0
    endloop
  endfacet
  facet normal 0 0 -1
    outer loop
      vertex 0 3 0
      vertex 0.6199398040771484 1.173715591430664 0
      vertex 0.40192317962646484 1.5 0
    endloop
  endfacet
  facet normal 0 0 -1
    outer loop
      vertex 4.207968711853027 56.792030334472656 0
      vertex 0.8786792755126953 60.42131805419922 0
      vertex 1.173715591430664 60.68006134033203 0
    endloop
  endfacet
  facet normal 0 0 -1
    outer loop
      vertex 0 3 0
      vertex 0.40192317962646484 1.5 0
      vertex 0.2283611297607422 1.851949691772461 0
    endloop
  endfacet
  facet normal 0 0 -1
    outer loop
      vertex 4.207968711853027 56.792030334472656 0
      vertex 0.6199398040771484 60.12628173828125 0
      vertex 0.8786792755126953 60.42131805419922 0
    endloop
  endfacet
  facet normal 0 0 -1
    outer loop
      vertex 0 3 0
      vertex 0.2283611297607422 1.851949691772461 0
      vertex 0.10222244262695312 2.2235422134399414 0
    endloop
  endfacet
  facet normal 0 0 -1
    outer loop
      vertex 4.207968711853027 56.792030334472656 0
      vertex 0.40192317962646484 59.79999923706055 0
      vertex 0.6199398040771484 60.12628173828125 0
    endloop
  endfacet
  facet normal 0 0 -1
    outer loop
      vertex 0 3 0
      vertex 0.10222244262695312 2.2235422134399414 0
      vertex 0.025665283203125 2.6084213256835938 0
    endloop
  endfacet
  facet normal 0 0 -1
    outer loop
      vertex 4.207968711853027 56.792030334472656 0
      vertex 0.2283611297607422 59.44805145263672 0
      vertex 0.40192317962646484 59.79999923706055 0
    endloop
  endfacet
  facet normal 0 0 -1
    outer loop
      vertex 4.207968711853027 56.792030334472656 0
      vertex 0.10222244262695312 59.07645797729492 0
      vertex 0.2283611297607422 59.44805145263672 0
    endloop
  endfacet
  facet normal 0 0 -1
    outer loop
      vertex 4.207968711853027 56.792030334472656 0
      vertex 0.025665283203125 58.69157791137695 0
      vertex 0.10222244262695312 59.07645797729492 0
    endloop
  endfacet
  facet normal 0.8968730891649341 0.4422879852898427 0
    outer loop
      vertex 107.07164001464844 59.44805145263672 3
      vertex 106.89807891845703 59.79999923706055 0
      vertex 106.89807891845703 59.79999923706055 3
    endloop
  endfacet
  facet normal 0.8968730891649341 0.4422879852898427 0
    outer loop
      vertex 106.89807891845703 59.79999923706055 0
      vertex 107.07164001464844 59.44805145263672 3
      vertex 107.07164001464844 59.44805145263672 0
    endloop
  endfacet
  facet normal -0.9978591193879163 -0.06540013650117588 0
    outer loop
      vertex 8.049999237060547 6.699999809265137 1.3899993896484375
      vertex 8.035883903503418 6.91536808013916 7.399999618530273
      vertex 8.035883903503418 6.91536808013916 1.3899993896484375
    endloop
  endfacet
  facet normal -0.9978591193879163 -0.06540013650117588 0
    outer loop
      vertex 8.035883903503418 6.91536808013916 7.399999618530273
      vertex 8.049999237060547 6.699999809265137 1.3899993896484375
      vertex 8.049999237060547 6.699999809265137 7.399999618530273
    endloop
  endfacet
  facet normal 0.896871326779747 -0.442291559042603 0
    outer loop
      vertex 4.875597953796387 7.331427574157715 7.399999618530273
      vertex 4.971057891845703 7.524999618530273 1.3899993896484375
      vertex 4.971057891845703 7.524999618530273 7.399999618530273
    endloop
  endfacet
  facet normal 0.896871326779747 -0.442291559042603 0
    outer loop
      vertex 4.971057891845703 7.524999618530273 1.3899993896484375
      vertex 4.875597953796387 7.331427574157715 7.399999618530273
      vertex 4.875597953796387 7.331427574157715 1.3899993896484375
    endloop
  endfacet
  facet normal 0.9978591193879163 -0.06540013650117588 0
    outer loop
      vertex 4.75 6.699999809265137 7.399999618530273
      vertex 4.764115333557129 6.91536808013916 1.3899993896484375
      vertex 4.764115333557129 6.91536808013916 7.399999618530273
    endloop
  endfacet
  facet normal 0.9978591193879163 -0.06540013650117588 0
    outer loop
      vertex 4.764115333557129 6.91536808013916 1.3899993896484375
      vertex 4.75 6.699999809265137 7.399999618530273
      vertex 4.75 6.699999809265137 1.3899993896484375
    endloop
  endfacet
  facet normal -0.6593475656492765 0.7518382722849196 0
    outer loop
      vertex 7.566725730895996 5.533273696899414 1.3899993896484375
      vertex 7.40445613861084 5.390966415405273 7.399999618530273
      vertex 7.566725730895996 5.533273696899414 7.399999618530273
    endloop
  endfacet
  facet normal -0.6593475656492765 0.7518382722849196 0
    outer loop
      vertex 7.40445613861084 5.390966415405273 7.399999618530273
      vertex 7.566725730895996 5.533273696899414 1.3899993896484375
      vertex 7.40445613861084 5.390966415405273 1.3899993896484375
    endloop
  endfacet
  facet normal 0.8314713411691322 -0.55556764557919 0
    outer loop
      vertex 4.971057891845703 7.524999618530273 7.399999618530273
      vertex 5.09096622467041 7.704456329345703 1.3899993896484375
      vertex 5.09096622467041 7.704456329345703 7.399999618530273
    endloop
  endfacet
  facet normal 0.8314713411691322 -0.55556764557919 0
    outer loop
      vertex 5.09096622467041 7.704456329345703 1.3899993896484375
      vertex 4.971057891845703 7.524999618530273 7.399999618530273
      vertex 4.971057891845703 7.524999618530273 1.3899993896484375
    endloop
  endfacet
  facet normal -0.9978591193879163 0.06540013650117588 0
    outer loop
      vertex 8.035883903503418 6.484631538391113 1.3899993896484375
      vertex 8.049999237060547 6.699999809265137 7.399999618530273
      vertex 8.049999237060547 6.699999809265137 1.3899993896484375
    endloop
  endfacet
  facet normal -0.9978591193879163 0.06540013650117588 0
    outer loop
      vertex 8.049999237060547 6.699999809265137 7.399999618530273
      vertex 8.035883903503418 6.484631538391113 1.3899993896484375
      vertex 8.035883903503418 6.484631538391113 7.399999618530273
    endloop
  endfacet
  facet normal -0.8314693000327379 -0.5555707003641113 0
    outer loop
      vertex 7.828941345214844 7.524999618530273 1.3899993896484375
      vertex 7.70903205871582 7.704456329345703 7.399999618530273
      vertex 7.70903205871582 7.704456329345703 1.3899993896484375
    endloop
  endfacet
  facet normal -0.8314693000327379 -0.5555707003641113 0
    outer loop
      vertex 7.70903205871582 7.704456329345703 7.399999618530273
      vertex 7.828941345214844 7.524999618530273 1.3899993896484375
      vertex 7.828941345214844 7.524999618530273 7.399999618530273
    endloop
  endfacet
  facet normal 0.9978591193879163 0.06540013650117588 0
    outer loop
      vertex 4.764115333557129 6.484631538391113 7.399999618530273
      vertex 4.75 6.699999809265137 1.3899993896484375
      vertex 4.75 6.699999809265137 7.399999618530273
    endloop
  endfacet
  facet normal 0.9978591193879163 0.06540013650117588 0
    outer loop
      vertex 4.75 6.699999809265137 1.3899993896484375
      vertex 4.764115333557129 6.484631538391113 7.399999618530273
      vertex 4.764115333557129 6.484631538391113 1.3899993896484375
    endloop
  endfacet
  facet normal -0.3214418207921486 -0.94692932991107 0
    outer loop
      vertex 6.827051162719727 8.293777465820312 1.3899993896484375
      vertex 7.031427383422852 8.224400520324707 7.399999618530273
      vertex 6.827051162719727 8.293777465820312 7.399999618530273
    endloop
  endfacet
  facet normal -0.3214418207921486 -0.94692932991107 0
    outer loop
      vertex 7.031427383422852 8.224400520324707 7.399999618530273
      vertex 6.827051162719727 8.293777465820312 1.3899993896484375
      vertex 7.031427383422852 8.224400520324707 1.3899993896484375
    endloop
  endfacet
  facet normal 0.06540453622959 -0.9978588310179914 0
    outer loop
      vertex 6.18463134765625 8.335883140563965 1.3899993896484375
      vertex 6.399999618530273 8.34999942779541 7.399999618530273
      vertex 6.18463134765625 8.335883140563965 7.399999618530273
    endloop
  endfacet
  facet normal 0.06540453622959 -0.9978588310179914 0
    outer loop
      vertex 6.399999618530273 8.34999942779541 7.399999618530273
      vertex 6.18463134765625 8.335883140563965 1.3899993896484375
      vertex 6.399999618530273 8.34999942779541 1.3899993896484375
    endloop
  endfacet
  facet normal -0.06540453622959 0.9978588310179914 0
    outer loop
      vertex 6.615367889404297 5.064115524291992 1.3899993896484375
      vertex 6.399999618530273 5.049999237060547 7.399999618530273
      vertex 6.615367889404297 5.064115524291992 7.399999618530273
    endloop
  endfacet
  facet normal -0.06540453622959 0.9978588310179914 0
    outer loop
      vertex 6.399999618530273 5.049999237060547 7.399999618530273
      vertex 6.615367889404297 5.064115524291992 1.3899993896484375
      vertex 6.399999618530273 5.049999237060547 1.3899993896484375
    endloop
  endfacet
  facet normal -0.6593450679616135 -0.7518404627011605 0
    outer loop
      vertex 7.40445613861084 8.009032249450684 1.3899993896484375
      vertex 7.566725730895996 7.866725921630859 7.399999618530273
      vertex 7.40445613861084 8.009032249450684 7.399999618530273
    endloop
  endfacet
  facet normal -0.6593450679616135 -0.7518404627011605 0
    outer loop
      vertex 7.566725730895996 7.866725921630859 7.399999618530273
      vertex 7.40445613861084 8.009032249450684 1.3899993896484375
      vertex 7.566725730895996 7.866725921630859 1.3899993896484375
    endloop
  endfacet
  facet normal -0.06540453622959 -0.9978588310179914 0
    outer loop
      vertex 6.399999618530273 8.34999942779541 1.3899993896484375
      vertex 6.615367889404297 8.335883140563965 7.399999618530273
      vertex 6.399999618530273 8.34999942779541 7.399999618530273
    endloop
  endfacet
  facet normal -0.06540453622959 -0.9978588310179914 0
    outer loop
      vertex 6.615367889404297 8.335883140563965 7.399999618530273
      vertex 6.399999618530273 8.34999942779541 1.3899993896484375
      vertex 6.615367889404297 8.335883140563965 1.3899993896484375
    endloop
  endfacet
  facet normal -0.442291559042603 0.896871326779747 0
    outer loop
      vertex 7.22499942779541 5.271058082580566 1.3899993896484375
      vertex 7.031427383422852 5.17559814453125 7.399999618530273
      vertex 7.22499942779541 5.271058082580566 7.399999618530273
    endloop
  endfacet
  facet normal -0.442291559042603 0.896871326779747 0
    outer loop
      vertex 7.031427383422852 5.17559814453125 7.399999618530273
      vertex 7.22499942779541 5.271058082580566 1.3899993896484375
      vertex 7.031427383422852 5.17559814453125 1.3899993896484375
    endloop
  endfacet
  facet normal 0.8314699773274695 0.5555696867208086 0
    outer loop
      vertex 5.09096622467041 5.69554328918457 7.399999618530273
      vertex 4.971057891845703 5.874999046325684 1.3899993896484375
      vertex 4.971057891845703 5.874999046325684 7.399999618530273
    endloop
  endfacet
  facet normal 0.8314699773274695 0.5555696867208086 0
    outer loop
      vertex 4.971057891845703 5.874999046325684 1.3899993896484375
      vertex 5.09096622467041 5.69554328918457 7.399999618530273
      vertex 5.09096622467041 5.69554328918457 1.3899993896484375
    endloop
  endfacet
  facet normal -0.44228800478302666 -0.8968730795519785 0
    outer loop
      vertex 7.031427383422852 8.224400520324707 1.3899993896484375
      vertex 7.22499942779541 8.128941535949707 7.399999618530273
      vertex 7.031427383422852 8.224400520324707 7.399999618530273
    endloop
  endfacet
  facet normal -0.44228800478302666 -0.8968730795519785 0
    outer loop
      vertex 7.22499942779541 8.128941535949707 7.399999618530273
      vertex 7.031427383422852 8.224400520324707 1.3899993896484375
      vertex 7.22499942779541 8.128941535949707 1.3899993896484375
    endloop
  endfacet
  facet normal -0.7518404627011605 -0.6593450679616135 0
    outer loop
      vertex 7.70903205871582 7.704456329345703 1.3899993896484375
      vertex 7.566725730895996 7.866725921630859 7.399999618530273
      vertex 7.566725730895996 7.866725921630859 1.3899993896484375
    endloop
  endfacet
  facet normal -0.7518404627011605 -0.6593450679616135 0
    outer loop
      vertex 7.566725730895996 7.866725921630859 7.399999618530273
      vertex 7.70903205871582 7.704456329345703 1.3899993896484375
      vertex 7.70903205871582 7.704456329345703 7.399999618530273
    endloop
  endfacet
  facet normal 0.7518382722849196 0.6593475656492765 0
    outer loop
      vertex 5.233273506164551 5.533273696899414 7.399999618530273
      vertex 5.09096622467041 5.69554328918457 1.3899993896484375
      vertex 5.09096622467041 5.69554328918457 7.399999618530273
    endloop
  endfacet
  facet normal 0.7518382722849196 0.6593475656492765 0
    outer loop
      vertex 5.09096622467041 5.69554328918457 1.3899993896484375
      vertex 5.233273506164551 5.533273696899414 7.399999618530273
      vertex 5.233273506164551 5.533273696899414 1.3899993896484375
    endloop
  endfacet
  facet normal -0.9807850965455033 -0.1950912463290642 0
    outer loop
      vertex 8.035883903503418 6.91536808013916 1.3899993896484375
      vertex 7.993777275085449 7.12705135345459 7.399999618530273
      vertex 7.993777275085449 7.12705135345459 1.3899993896484375
    endloop
  endfacet
  facet normal -0.9807850965455033 -0.1950912463290642 0
    outer loop
      vertex 7.993777275085449 7.12705135345459 7.399999618530273
      vertex 8.035883903503418 6.91536808013916 1.3899993896484375
      vertex 8.035883903503418 6.91536808013916 7.399999618530273
    endloop
  endfacet
  facet normal -0.1950912463290642 0.9807850965455033 0
    outer loop
      vertex 6.827051162719727 5.106222152709961 1.3899993896484375
      vertex 6.615367889404297 5.064115524291992 7.399999618530273
      vertex 6.827051162719727 5.106222152709961 7.399999618530273
    endloop
  endfacet
  facet normal -0.1950912463290642 0.9807850965455033 0
    outer loop
      vertex 6.615367889404297 5.064115524291992 7.399999618530273
      vertex 6.827051162719727 5.106222152709961 1.3899993896484375
      vertex 6.615367889404297 5.064115524291992 1.3899993896484375
    endloop
  endfacet
  facet normal 0.19508699587154943 -0.9807859420086598 0
    outer loop
      vertex 5.97294807434082 8.293777465820312 1.3899993896484375
      vertex 6.18463134765625 8.335883140563965 7.399999618530273
      vertex 5.97294807434082 8.293777465820312 7.399999618530273
    endloop
  endfacet
  facet normal 0.19508699587154943 -0.9807859420086598 0
    outer loop
      vertex 6.18463134765625 8.335883140563965 7.399999618530273
      vertex 5.97294807434082 8.293777465820312 1.3899993896484375
      vertex 6.18463134765625 8.335883140563965 1.3899993896484375
    endloop
  endfacet
  facet normal 0.9469306748580977 0.3214378587111168 0
    outer loop
      vertex 4.875597953796387 6.068572044372559 7.399999618530273
      vertex 4.806221961975098 6.272948265075684 1.3899993896484375
      vertex 4.806221961975098 6.272948265075684 7.399999618530273
    endloop
  endfacet
  facet normal 0.9469306748580977 0.3214378587111168 0
    outer loop
      vertex 4.806221961975098 6.272948265075684 1.3899993896484375
      vertex 4.875597953796387 6.068572044372559 7.399999618530273
      vertex 4.875597953796387 6.068572044372559 1.3899993896484375
    endloop
  endfacet
  facet normal 0.1950912463290642 0.9807850965455033 0
    outer loop
      vertex 6.18463134765625 5.064115524291992 1.3899993896484375
      vertex 5.97294807434082 5.106222152709961 7.399999618530273
      vertex 6.18463134765625 5.064115524291992 7.399999618530273
    endloop
  endfacet
  facet normal 0.1950912463290642 0.9807850965455033 0
    outer loop
      vertex 5.97294807434082 5.106222152709961 7.399999618530273
      vertex 6.18463134765625 5.064115524291992 1.3899993896484375
      vertex 5.97294807434082 5.106222152709961 1.3899993896484375
    endloop
  endfacet
  facet normal -0.19508699587154943 -0.9807859420086598 0
    outer loop
      vertex 6.615367889404297 8.335883140563965 1.3899993896484375
      vertex 6.827051162719727 8.293777465820312 7.399999618530273
      vertex 6.615367889404297 8.335883140563965 7.399999618530273
    endloop
  endfacet
  facet normal -0.19508699587154943 -0.9807859420086598 0
    outer loop
      vertex 6.827051162719727 8.293777465820312 7.399999618530273
      vertex 6.615367889404297 8.335883140563965 1.3899993896484375
      vertex 6.827051162719727 8.293777465820312 1.3899993896484375
    endloop
  endfacet
  facet normal -0.94692932991107 -0.3214418207921486 0
    outer loop
      vertex 7.993777275085449 7.12705135345459 1.3899993896484375
      vertex 7.924400329589844 7.331427574157715 7.399999618530273
      vertex 7.924400329589844 7.331427574157715 1.3899993896484375
    endloop
  endfacet
  facet normal -0.94692932991107 -0.3214418207921486 0
    outer loop
      vertex 7.924400329589844 7.331427574157715 7.399999618530273
      vertex 7.993777275085449 7.12705135345459 1.3899993896484375
      vertex 7.993777275085449 7.12705135345459 7.399999618530273
    endloop
  endfacet
  facet normal 0.8968721911549714 0.4422898062728558 0
    outer loop
      vertex 4.971057891845703 5.874999046325684 7.399999618530273
      vertex 4.875597953796387 6.068572044372559 1.3899993896484375
      vertex 4.875597953796387 6.068572044372559 7.399999618530273
    endloop
  endfacet
  facet normal 0.8968721911549714 0.4422898062728558 0
    outer loop
      vertex 4.875597953796387 6.068572044372559 1.3899993896484375
      vertex 4.971057891845703 5.874999046325684 7.399999618530273
      vertex 4.971057891845703 5.874999046325684 1.3899993896484375
    endloop
  endfacet
  facet normal 0.7518382722849196 -0.6593475656492765 0
    outer loop
      vertex 5.09096622467041 7.704456329345703 7.399999618530273
      vertex 5.233273506164551 7.866725921630859 1.3899993896484375
      vertex 5.233273506164551 7.866725921630859 7.399999618530273
    endloop
  endfacet
  facet normal 0.7518382722849196 -0.6593475656492765 0
    outer loop
      vertex 5.233273506164551 7.866725921630859 1.3899993896484375
      vertex 5.09096622467041 7.704456329345703 7.399999618530273
      vertex 5.09096622467041 7.704456329345703 1.3899993896484375
    endloop
  endfacet
  facet normal 0.9469306748580977 -0.3214378587111168 0
    outer loop
      vertex 4.806221961975098 7.12705135345459 7.399999618530273
      vertex 4.875597953796387 7.331427574157715 1.3899993896484375
      vertex 4.875597953796387 7.331427574157715 7.399999618530273
    endloop
  endfacet
  facet normal 0.9469306748580977 -0.3214378587111168 0
    outer loop
      vertex 4.875597953796387 7.331427574157715 1.3899993896484375
      vertex 4.806221961975098 7.12705135345459 7.399999618530273
      vertex 4.806221961975098 7.12705135345459 1.3899993896484375
    endloop
  endfacet
  facet normal 0.44228800478302666 -0.8968730795519785 0
    outer loop
      vertex 5.574999809265137 8.128941535949707 1.3899993896484375
      vertex 5.768571853637695 8.224400520324707 7.399999618530273
      vertex 5.574999809265137 8.128941535949707 7.399999618530273
    endloop
  endfacet
  facet normal 0.44228800478302666 -0.8968730795519785 0
    outer loop
      vertex 5.768571853637695 8.224400520324707 7.399999618530273
      vertex 5.574999809265137 8.128941535949707 1.3899993896484375
      vertex 5.768571853637695 8.224400520324707 1.3899993896484375
    endloop
  endfacet
  facet normal 0.442291559042603 0.896871326779747 0
    outer loop
      vertex 5.768571853637695 5.17559814453125 1.3899993896484375
      vertex 5.574999809265137 5.271058082580566 7.399999618530273
      vertex 5.768571853637695 5.17559814453125 7.399999618530273
    endloop
  endfacet
  facet normal 0.442291559042603 0.896871326779747 0
    outer loop
      vertex 5.574999809265137 5.271058082580566 7.399999618530273
      vertex 5.768571853637695 5.17559814453125 1.3899993896484375
      vertex 5.574999809265137 5.271058082580566 1.3899993896484375
    endloop
  endfacet
  facet normal -0.9807850965455033 0.1950912463290642 0
    outer loop
      vertex 7.993777275085449 6.272948265075684 1.3899993896484375
      vertex 8.035883903503418 6.484631538391113 7.399999618530273
      vertex 8.035883903503418 6.484631538391113 1.3899993896484375
    endloop
  endfacet
  facet normal -0.9807850965455033 0.1950912463290642 0
    outer loop
      vertex 8.035883903503418 6.484631538391113 7.399999618530273
      vertex 7.993777275085449 6.272948265075684 1.3899993896484375
      vertex 7.993777275085449 6.272948265075684 7.399999618530273
    endloop
  endfacet
  facet normal 0.06540453622959 0.9978588310179914 0
    outer loop
      vertex 6.399999618530273 5.049999237060547 1.3899993896484375
      vertex 6.18463134765625 5.064115524291992 7.399999618530273
      vertex 6.399999618530273 5.049999237060547 7.399999618530273
    endloop
  endfacet
  facet normal 0.06540453622959 0.9978588310179914 0
    outer loop
      vertex 6.18463134765625 5.064115524291992 7.399999618530273
      vertex 6.399999618530273 5.049999237060547 1.3899993896484375
      vertex 6.18463134765625 5.064115524291992 1.3899993896484375
    endloop
  endfacet
  facet normal -0.8968730795519785 -0.44228800478302666 0
    outer loop
      vertex 7.924400329589844 7.331427574157715 1.3899993896484375
      vertex 7.828941345214844 7.524999618530273 7.399999618530273
      vertex 7.828941345214844 7.524999618530273 1.3899993896484375
    endloop
  endfacet
  facet normal -0.8968730795519785 -0.44228800478302666 0
    outer loop
      vertex 7.828941345214844 7.524999618530273 7.399999618530273
      vertex 7.924400329589844 7.331427574157715 1.3899993896484375
      vertex 7.924400329589844 7.331427574157715 7.399999618530273
    endloop
  endfacet
  facet normal -0.5555707003641113 -0.8314693000327379 0
    outer loop
      vertex 7.22499942779541 8.128941535949707 1.3899993896484375
      vertex 7.40445613861084 8.009032249450684 7.399999618530273
      vertex 7.22499942779541 8.128941535949707 7.399999618530273
    endloop
  endfacet
  facet normal -0.5555707003641113 -0.8314693000327379 0
    outer loop
      vertex 7.40445613861084 8.009032249450684 7.399999618530273
      vertex 7.22499942779541 8.128941535949707 1.3899993896484375
      vertex 7.40445613861084 8.009032249450684 1.3899993896484375
    endloop
  endfacet
  facet normal 0.9807850965455033 -0.1950912463290642 0
    outer loop
      vertex 4.764115333557129 6.91536808013916 7.399999618530273
      vertex 4.806221961975098 7.12705135345459 1.3899993896484375
      vertex 4.806221961975098 7.12705135345459 7.399999618530273
    endloop
  endfacet
  facet normal 0.9807850965455033 -0.1950912463290642 0
    outer loop
      vertex 4.806221961975098 7.12705135345459 1.3899993896484375
      vertex 4.764115333557129 6.91536808013916 7.399999618530273
      vertex 4.764115333557129 6.91536808013916 1.3899993896484375
    endloop
  endfacet
  facet normal 0.5555707003641113 -0.8314693000327379 0
    outer loop
      vertex 5.395543098449707 8.009032249450684 1.3899993896484375
      vertex 5.574999809265137 8.128941535949707 7.399999618530273
      vertex 5.395543098449707 8.009032249450684 7.399999618530273
    endloop
  endfacet
  facet normal 0.5555707003641113 -0.8314693000327379 0
    outer loop
      vertex 5.574999809265137 8.128941535949707 7.399999618530273
      vertex 5.395543098449707 8.009032249450684 1.3899993896484375
      vertex 5.574999809265137 8.128941535949707 1.3899993896484375
    endloop
  endfacet
  facet normal -0.55556764557919 0.8314713411691322 0
    outer loop
      vertex 7.40445613861084 5.390966415405273 1.3899993896484375
      vertex 7.22499942779541 5.271058082580566 7.399999618530273
      vertex 7.40445613861084 5.390966415405273 7.399999618530273
    endloop
  endfacet
  facet normal -0.55556764557919 0.8314713411691322 0
    outer loop
      vertex 7.22499942779541 5.271058082580566 7.399999618530273
      vertex 7.40445613861084 5.390966415405273 1.3899993896484375
      vertex 7.22499942779541 5.271058082580566 1.3899993896484375
    endloop
  endfacet
  facet normal 0.3214378587111168 0.9469306748580977 0
    outer loop
      vertex 5.97294807434082 5.106222152709961 1.3899993896484375
      vertex 5.768571853637695 5.17559814453125 7.399999618530273
      vertex 5.97294807434082 5.106222152709961 7.399999618530273
    endloop
  endfacet
  facet normal 0.3214378587111168 0.9469306748580977 0
    outer loop
      vertex 5.768571853637695 5.17559814453125 7.399999618530273
      vertex 5.97294807434082 5.106222152709961 1.3899993896484375
      vertex 5.768571853637695 5.17559814453125 1.3899993896484375
    endloop
  endfacet
  facet normal 0.3214418207921486 -0.94692932991107 0
    outer loop
      vertex 5.768571853637695 8.224400520324707 1.3899993896484375
      vertex 5.97294807434082 8.293777465820312 7.399999618530273
      vertex 5.768571853637695 8.224400520324707 7.399999618530273
    endloop
  endfacet
  facet normal 0.3214418207921486 -0.94692932991107 0
    outer loop
      vertex 5.97294807434082 8.293777465820312 7.399999618530273
      vertex 5.768571853637695 8.224400520324707 1.3899993896484375
      vertex 5.97294807434082 8.293777465820312 1.3899993896484375
    endloop
  endfacet
  facet normal 0.6593475656492765 0.7518382722849196 0
    outer loop
      vertex 5.395543098449707 5.390966415405273 1.3899993896484375
      vertex 5.233273506164551 5.533273696899414 7.399999618530273
      vertex 5.395543098449707 5.390966415405273 7.399999618530273
    endloop
  endfacet
  facet normal 0.6593475656492765 0.7518382722849196 0
    outer loop
      vertex 5.233273506164551 5.533273696899414 7.399999618530273
      vertex 5.395543098449707 5.390966415405273 1.3899993896484375
      vertex 5.233273506164551 5.533273696899414 1.3899993896484375
    endloop
  endfacet
  facet normal -0.896873943915 0.4422862520205139 0
    outer loop
      vertex 7.828941345214844 5.874999046325684 1.3899993896484375
      vertex 7.924400329589844 6.068572044372559 7.399999618530273
      vertex 7.924400329589844 6.068572044372559 1.3899993896484375
    endloop
  endfacet
  facet normal -0.896873943915 0.4422862520205139 0
    outer loop
      vertex 7.924400329589844 6.068572044372559 7.399999618530273
      vertex 7.828941345214844 5.874999046325684 1.3899993896484375
      vertex 7.828941345214844 5.874999046325684 7.399999618530273
    endloop
  endfacet
  facet normal -0.831467936179425 0.5555727415069316 0
    outer loop
      vertex 7.70903205871582 5.69554328918457 1.3899993896484375
      vertex 7.828941345214844 5.874999046325684 7.399999618530273
      vertex 7.828941345214844 5.874999046325684 1.3899993896484375
    endloop
  endfacet
  facet normal -0.831467936179425 0.5555727415069316 0
    outer loop
      vertex 7.828941345214844 5.874999046325684 7.399999618530273
      vertex 7.70903205871582 5.69554328918457 1.3899993896484375
      vertex 7.70903205871582 5.69554328918457 7.399999618530273
    endloop
  endfacet
  facet normal -0.7518404627011605 0.6593450679616135 0
    outer loop
      vertex 7.566725730895996 5.533273696899414 1.3899993896484375
      vertex 7.70903205871582 5.69554328918457 7.399999618530273
      vertex 7.70903205871582 5.69554328918457 1.3899993896484375
    endloop
  endfacet
  facet normal -0.7518404627011605 0.6593450679616135 0
    outer loop
      vertex 7.70903205871582 5.69554328918457 7.399999618530273
      vertex 7.566725730895996 5.533273696899414 1.3899993896484375
      vertex 7.566725730895996 5.533273696899414 7.399999618530273
    endloop
  endfacet
  facet normal 0.6593450679616135 -0.7518404627011605 0
    outer loop
      vertex 5.233273506164551 7.866725921630859 1.3899993896484375
      vertex 5.395543098449707 8.009032249450684 7.399999618530273
      vertex 5.233273506164551 7.866725921630859 7.399999618530273
    endloop
  endfacet
  facet normal 0.6593450679616135 -0.7518404627011605 0
    outer loop
      vertex 5.395543098449707 8.009032249450684 7.399999618530273
      vertex 5.233273506164551 7.866725921630859 1.3899993896484375
      vertex 5.395543098449707 8.009032249450684 1.3899993896484375
    endloop
  endfacet
  facet normal 0.55556764557919 0.8314713411691322 0
    outer loop
      vertex 5.574999809265137 5.271058082580566 1.3899993896484375
      vertex 5.395543098449707 5.390966415405273 7.399999618530273
      vertex 5.574999809265137 5.271058082580566 7.399999618530273
    endloop
  endfacet
  facet normal 0.55556764557919 0.8314713411691322 0
    outer loop
      vertex 5.395543098449707 5.390966415405273 7.399999618530273
      vertex 5.574999809265137 5.271058082580566 1.3899993896484375
      vertex 5.395543098449707 5.390966415405273 1.3899993896484375
    endloop
  endfacet
  facet normal 0.9807850965455033 0.1950912463290642 0
    outer loop
      vertex 4.806221961975098 6.272948265075684 7.399999618530273
      vertex 4.764115333557129 6.484631538391113 1.3899993896484375
      vertex 4.764115333557129 6.484631538391113 7.399999618530273
    endloop
  endfacet
  facet normal 0.9807850965455033 0.1950912463290642 0
    outer loop
      vertex 4.764115333557129 6.484631538391113 1.3899993896484375
      vertex 4.806221961975098 6.272948265075684 7.399999618530273
      vertex 4.806221961975098 6.272948265075684 1.3899993896484375
    endloop
  endfacet
  facet normal -0.94692932991107 0.3214418207921486 0
    outer loop
      vertex 7.924400329589844 6.068572044372559 1.3899993896484375
      vertex 7.993777275085449 6.272948265075684 7.399999618530273
      vertex 7.993777275085449 6.272948265075684 1.3899993896484375
    endloop
  endfacet
  facet normal -0.94692932991107 0.3214418207921486 0
    outer loop
      vertex 7.993777275085449 6.272948265075684 7.399999618530273
      vertex 7.924400329589844 6.068572044372559 1.3899993896484375
      vertex 7.924400329589844 6.068572044372559 7.399999618530273
    endloop
  endfacet
  facet normal -0.3214378587111168 0.9469306748580977 0
    outer loop
      vertex 7.031427383422852 5.17559814453125 1.3899993896484375
      vertex 6.827051162719727 5.106222152709961 7.399999618530273
      vertex 7.031427383422852 5.17559814453125 7.399999618530273
    endloop
  endfacet
  facet normal -0.3214378587111168 0.9469306748580977 0
    outer loop
      vertex 6.827051162719727 5.106222152709961 7.399999618530273
      vertex 7.031427383422852 5.17559814453125 1.3899993896484375
      vertex 6.827051162719727 5.106222152709961 1.3899993896484375
    endloop
  endfacet
  facet normal -0.9807850965455033 -0.1950912463290642 0
    outer loop
      vertex 102.53588104248047 6.91536808013916 1.3899993896484375
      vertex 102.4937744140625 7.12705135345459 7.399999618530273
      vertex 102.4937744140625 7.12705135345459 1.3899993896484375
    endloop
  endfacet
  facet normal -0.9807850965455033 -0.1950912463290642 0
    outer loop
      vertex 102.4937744140625 7.12705135345459 7.399999618530273
      vertex 102.53588104248047 6.91536808013916 1.3899993896484375
      vertex 102.53588104248047 6.91536808013916 7.399999618530273
    endloop
  endfacet
  facet normal 0.9978594077386086 0.06539573676894747 0
    outer loop
      vertex 99.26411437988281 6.484631538391113 7.399999618530273
      vertex 99.25 6.699999809265137 1.3899993896484375
      vertex 99.25 6.699999809265137 7.399999618530273
    endloop
  endfacet
  facet normal 0.9978594077386086 0.06539573676894747 0
    outer loop
      vertex 99.25 6.699999809265137 1.3899993896484375
      vertex 99.26411437988281 6.484631538391113 7.399999618530273
      vertex 99.26411437988281 6.484631538391113 1.3899993896484375
    endloop
  endfacet
  facet normal -0.9978571003945629 -0.06543093451996053 0
    outer loop
      vertex 102.55000305175781 6.699999809265137 1.3899993896484375
      vertex 102.53588104248047 6.91536808013916 7.399999618530273
      vertex 102.53588104248047 6.91536808013916 1.3899993896484375
    endloop
  endfacet
  facet normal -0.9978571003945629 -0.06543093451996053 0
    outer loop
      vertex 102.53588104248047 6.91536808013916 7.399999618530273
      vertex 102.55000305175781 6.699999809265137 1.3899993896484375
      vertex 102.55000305175781 6.699999809265137 7.399999618530273
    endloop
  endfacet
  facet normal 0.19508530497656526 -0.9807862783411075 0
    outer loop
      vertex 100.47294616699219 8.293777465820312 1.3899993896484375
      vertex 100.68463134765625 8.335883140563965 7.399999618530273
      vertex 100.47294616699219 8.293777465820312 7.399999618530273
    endloop
  endfacet
  facet normal 0.19508530497656526 -0.9807862783411075 0
    outer loop
      vertex 100.68463134765625 8.335883140563965 7.399999618530273
      vertex 100.47294616699219 8.293777465820312 1.3899993896484375
      vertex 100.68463134765625 8.335883140563965 1.3899993896484375
    endloop
  endfacet
  facet normal -0.9807850965455033 0.1950912463290642 0
    outer loop
      vertex 102.4937744140625 6.272948265075684 1.3899993896484375
      vertex 102.53588104248047 6.484631538391113 7.399999618530273
      vertex 102.53588104248047 6.484631538391113 1.3899993896484375
    endloop
  endfacet
  facet normal -0.9807850965455033 0.1950912463290642 0
    outer loop
      vertex 102.53588104248047 6.484631538391113 7.399999618530273
      vertex 102.4937744140625 6.272948265075684 1.3899993896484375
      vertex 102.4937744140625 6.272948265075684 7.399999618530273
    endloop
  endfacet
  facet normal -0.9978571003945629 0.06543093451996053 0
    outer loop
      vertex 102.53588104248047 6.484631538391113 1.3899993896484375
      vertex 102.55000305175781 6.699999809265137 7.399999618530273
      vertex 102.55000305175781 6.699999809265137 1.3899993896484375
    endloop
  endfacet
  facet normal -0.9978571003945629 0.06543093451996053 0
    outer loop
      vertex 102.55000305175781 6.699999809265137 7.399999618530273
      vertex 102.53588104248047 6.484631538391113 1.3899993896484375
      vertex 102.53588104248047 6.484631538391113 7.399999618530273
    endloop
  endfacet
  facet normal 0.7518295106646135 -0.6593575561816274 0
    outer loop
      vertex 99.5909652709961 7.704456329345703 7.399999618530273
      vertex 99.7332763671875 7.866725921630859 1.3899993896484375
      vertex 99.7332763671875 7.866725921630859 7.399999618530273
    endloop
  endfacet
  facet normal 0.7518295106646135 -0.6593575561816274 0
    outer loop
      vertex 99.7332763671875 7.866725921630859 1.3899993896484375
      vertex 99.5909652709961 7.704456329345703 7.399999618530273
      vertex 99.5909652709961 7.704456329345703 1.3899993896484375
    endloop
  endfacet
  facet normal 0.94693336471388 0.3214299344984064 0
    outer loop
      vertex 99.37559509277344 6.068572044372559 7.399999618530273
      vertex 99.30622100830078 6.272948265075684 1.3899993896484375
      vertex 99.30622100830078 6.272948265075684 7.399999618530273
    endloop
  endfacet
  facet normal 0.94693336471388 0.3214299344984064 0
    outer loop
      vertex 99.30622100830078 6.272948265075684 1.3899993896484375
      vertex 99.37559509277344 6.068572044372559 7.399999618530273
      vertex 99.37559509277344 6.068572044372559 1.3899993896484375
    endloop
  endfacet
  facet normal -0.5555666181134206 -0.8314720276942675 0
    outer loop
      vertex 101.7249984741211 8.128941535949707 1.3899993896484375
      vertex 101.90445709228516 8.009032249450684 7.399999618530273
      vertex 101.7249984741211 8.128941535949707 7.399999618530273
    endloop
  endfacet
  facet normal -0.5555666181134206 -0.8314720276942675 0
    outer loop
      vertex 101.90445709228516 8.009032249450684 7.399999618530273
      vertex 101.7249984741211 8.128941535949707 1.3899993896484375
      vertex 101.90445709228516 8.009032249450684 1.3899993896484375
    endloop
  endfacet
  facet normal 0.4422862520205139 -0.896873943915 0
    outer loop
      vertex 100.07499694824219 8.128941535949707 1.3899993896484375
      vertex 100.26856994628906 8.224400520324707 7.399999618530273
      vertex 100.07499694824219 8.128941535949707 7.399999618530273
    endloop
  endfacet
  facet normal 0.4422862520205139 -0.896873943915 0
    outer loop
      vertex 100.26856994628906 8.224400520324707 7.399999618530273
      vertex 100.07499694824219 8.128941535949707 1.3899993896484375
      vertex 100.26856994628906 8.224400520324707 1.3899993896484375
    endloop
  endfacet
  facet normal -0.19509206872889628 -0.9807849329588417 0
    outer loop
      vertex 101.11537170410156 8.335883140563965 1.3899993896484375
      vertex 101.3270492553711 8.293777465820312 7.399999618530273
      vertex 101.11537170410156 8.335883140563965 7.399999618530273
    endloop
  endfacet
  facet normal -0.19509206872889628 -0.9807849329588417 0
    outer loop
      vertex 101.3270492553711 8.293777465820312 7.399999618530273
      vertex 101.11537170410156 8.335883140563965 1.3899993896484375
      vertex 101.3270492553711 8.293777465820312 1.3899993896484375
    endloop
  endfacet
  facet normal -0.94693336471388 0.3214299344984064 0
    outer loop
      vertex 102.42440032958984 6.068572044372559 1.3899993896484375
      vertex 102.4937744140625 6.272948265075684 7.399999618530273
      vertex 102.4937744140625 6.272948265075684 1.3899993896484375
    endloop
  endfacet
  facet normal -0.94693336471388 0.3214299344984064 0
    outer loop
      vertex 102.4937744140625 6.272948265075684 7.399999618530273
      vertex 102.42440032958984 6.068572044372559 1.3899993896484375
      vertex 102.42440032958984 6.068572044372559 7.399999618530273
    endloop
  endfacet
  facet normal 0.896873943915 0.4422862520205139 0
    outer loop
      vertex 99.47105407714844 5.874999046325684 7.399999618530273
      vertex 99.37559509277344 6.068572044372559 1.3899993896484375
      vertex 99.37559509277344 6.068572044372559 7.399999618530273
    endloop
  endfacet
  facet normal 0.896873943915 0.4422862520205139 0
    outer loop
      vertex 99.37559509277344 6.068572044372559 1.3899993896484375
      vertex 99.47105407714844 5.874999046325684 7.399999618530273
      vertex 99.47105407714844 5.874999046325684 1.3899993896484375
    endloop
  endfacet
  facet normal -0.6593475656492765 0.7518382722849196 0
    outer loop
      vertex 102.06672668457031 5.533273696899414 1.3899993896484375
      vertex 101.90445709228516 5.390966415405273 7.399999618530273
      vertex 102.06672668457031 5.533273696899414 7.399999618530273
    endloop
  endfacet
  facet normal -0.6593475656492765 0.7518382722849196 0
    outer loop
      vertex 101.90445709228516 5.390966415405273 7.399999618530273
      vertex 102.06672668457031 5.533273696899414 1.3899993896484375
      vertex 101.90445709228516 5.390966415405273 1.3899993896484375
    endloop
  endfacet
  facet normal -0.896873943915 0.4422862520205139 0
    outer loop
      vertex 102.32894134521484 5.874999046325684 1.3899993896484375
      vertex 102.42440032958984 6.068572044372559 7.399999618530273
      vertex 102.42440032958984 6.068572044372559 1.3899993896484375
    endloop
  endfacet
  facet normal -0.896873943915 0.4422862520205139 0
    outer loop
      vertex 102.42440032958984 6.068572044372559 7.399999618530273
      vertex 102.32894134521484 5.874999046325684 1.3899993896484375
      vertex 102.32894134521484 5.874999046325684 7.399999618530273
    endloop
  endfacet
  facet normal -0.3214418207921486 -0.94692932991107 0
    outer loop
      vertex 101.3270492553711 8.293777465820312 1.3899993896484375
      vertex 101.53142547607422 8.224400520324707 7.399999618530273
      vertex 101.3270492553711 8.293777465820312 7.399999618530273
    endloop
  endfacet
  facet normal -0.3214418207921486 -0.94692932991107 0
    outer loop
      vertex 101.53142547607422 8.224400520324707 7.399999618530273
      vertex 101.3270492553711 8.293777465820312 1.3899993896484375
      vertex 101.53142547607422 8.224400520324707 1.3899993896484375
    endloop
  endfacet
  facet normal 0.4422898062728558 0.8968721911549714 0
    outer loop
      vertex 100.26856994628906 5.17559814453125 1.3899993896484375
      vertex 100.07499694824219 5.271058082580566 7.399999618530273
      vertex 100.26856994628906 5.17559814453125 7.399999618530273
    endloop
  endfacet
  facet normal 0.4422898062728558 0.8968721911549714 0
    outer loop
      vertex 100.07499694824219 5.271058082580566 7.399999618530273
      vertex 100.26856994628906 5.17559814453125 1.3899993896484375
      vertex 100.07499694824219 5.271058082580566 1.3899993896484375
    endloop
  endfacet
  facet normal -0.4422862520205139 -0.896873943915 0
    outer loop
      vertex 101.53142547607422 8.224400520324707 1.3899993896484375
      vertex 101.7249984741211 8.128941535949707 7.399999618530273
      vertex 101.53142547607422 8.224400520324707 7.399999618530273
    endloop
  endfacet
  facet normal -0.4422862520205139 -0.896873943915 0
    outer loop
      vertex 101.7249984741211 8.128941535949707 7.399999618530273
      vertex 101.53142547607422 8.224400520324707 1.3899993896484375
      vertex 101.7249984741211 8.128941535949707 1.3899993896484375
    endloop
  endfacet
  facet normal 0.3214378587111168 0.9469306748580977 0
    outer loop
      vertex 100.47294616699219 5.106222152709961 1.3899993896484375
      vertex 100.26856994628906 5.17559814453125 7.399999618530273
      vertex 100.47294616699219 5.106222152709961 7.399999618530273
    endloop
  endfacet
  facet normal 0.3214378587111168 0.9469306748580977 0
    outer loop
      vertex 100.26856994628906 5.17559814453125 7.399999618530273
      vertex 100.47294616699219 5.106222152709961 1.3899993896484375
      vertex 100.26856994628906 5.17559814453125 1.3899993896484375
    endloop
  endfacet
  facet normal 0.1950895554001549 0.9807854328923171 0
    outer loop
      vertex 100.68463134765625 5.064115524291992 1.3899993896484375
      vertex 100.47294616699219 5.106222152709961 7.399999618530273
      vertex 100.68463134765625 5.064115524291992 7.399999618530273
    endloop
  endfacet
  facet normal 0.1950895554001549 0.9807854328923171 0
    outer loop
      vertex 100.47294616699219 5.106222152709961 7.399999618530273
      vertex 100.68463134765625 5.064115524291992 1.3899993896484375
      vertex 100.47294616699219 5.106222152709961 1.3899993896484375
    endloop
  endfacet
  facet normal -0.06540395947558297 -0.9978588688210954 0
    outer loop
      vertex 100.9000015258789 8.34999942779541 1.3899993896484375
      vertex 101.11537170410156 8.335883140563965 7.399999618530273
      vertex 100.9000015258789 8.34999942779541 7.399999618530273
    endloop
  endfacet
  facet normal -0.06540395947558297 -0.9978588688210954 0
    outer loop
      vertex 101.11537170410156 8.335883140563965 7.399999618530273
      vertex 100.9000015258789 8.34999942779541 1.3899993896484375
      vertex 101.11537170410156 8.335883140563965 1.3899993896484375
    endloop
  endfacet
  facet normal -0.8314652177563442 -0.5555768098664624 0
    outer loop
      vertex 102.32894134521484 7.524999618530273 1.3899993896484375
      vertex 102.20903015136719 7.704456329345703 7.399999618530273
      vertex 102.20903015136719 7.704456329345703 1.3899993896484375
    endloop
  endfacet
  facet normal -0.8314652177563442 -0.5555768098664624 0
    outer loop
      vertex 102.20903015136719 7.704456329345703 7.399999618530273
      vertex 102.32894134521484 7.524999618530273 1.3899993896484375
      vertex 102.32894134521484 7.524999618530273 7.399999618530273
    endloop
  endfacet
  facet normal 0.9978594077386086 -0.06539573676894747 0
    outer loop
      vertex 99.25 6.699999809265137 7.399999618530273
      vertex 99.26411437988281 6.91536808013916 1.3899993896484375
      vertex 99.26411437988281 6.91536808013916 7.399999618530273
    endloop
  endfacet
  facet normal 0.9978594077386086 -0.06539573676894747 0
    outer loop
      vertex 99.26411437988281 6.91536808013916 1.3899993896484375
      vertex 99.25 6.699999809265137 7.399999618530273
      vertex 99.25 6.699999809265137 1.3899993896484375
    endloop
  endfacet
  facet normal -0.5555635633309032 0.831474068807362 0
    outer loop
      vertex 101.90445709228516 5.390966415405273 1.3899993896484375
      vertex 101.7249984741211 5.271058082580566 7.399999618530273
      vertex 101.90445709228516 5.390966415405273 7.399999618530273
    endloop
  endfacet
  facet normal -0.5555635633309032 0.831474068807362 0
    outer loop
      vertex 101.7249984741211 5.271058082580566 7.399999618530273
      vertex 101.90445709228516 5.390966415405273 1.3899993896484375
      vertex 101.7249984741211 5.271058082580566 1.3899993896484375
    endloop
  endfacet
  facet normal 0.06540395947558297 0.9978588688210954 0
    outer loop
      vertex 100.9000015258789 5.049999237060547 1.3899993896484375
      vertex 100.68463134765625 5.064115524291992 7.399999618530273
      vertex 100.9000015258789 5.049999237060547 7.399999618530273
    endloop
  endfacet
  facet normal 0.06540395947558297 0.9978588688210954 0
    outer loop
      vertex 100.68463134765625 5.064115524291992 7.399999618530273
      vertex 100.9000015258789 5.049999237060547 1.3899993896484375
      vertex 100.68463134765625 5.064115524291992 1.3899993896484375
    endloop
  endfacet
  facet normal -0.4422898062728558 0.8968721911549714 0
    outer loop
      vertex 101.7249984741211 5.271058082580566 1.3899993896484375
      vertex 101.53142547607422 5.17559814453125 7.399999618530273
      vertex 101.7249984741211 5.271058082580566 7.399999618530273
    endloop
  endfacet
  facet normal -0.4422898062728558 0.8968721911549714 0
    outer loop
      vertex 101.53142547607422 5.17559814453125 7.399999618530273
      vertex 101.7249984741211 5.271058082580566 1.3899993896484375
      vertex 101.53142547607422 5.17559814453125 1.3899993896484375
    endloop
  endfacet
  facet normal -0.7518470339766762 -0.6593375747676413 0
    outer loop
      vertex 102.20903015136719 7.704456329345703 1.3899993896484375
      vertex 102.06672668457031 7.866725921630859 7.399999618530273
      vertex 102.06672668457031 7.866725921630859 1.3899993896484375
    endloop
  endfacet
  facet normal -0.7518470339766762 -0.6593375747676413 0
    outer loop
      vertex 102.06672668457031 7.866725921630859 7.399999618530273
      vertex 102.20903015136719 7.704456329345703 1.3899993896484375
      vertex 102.20903015136719 7.704456329345703 7.399999618530273
    endloop
  endfacet
  facet normal 0.9807850965455033 0.1950912463290642 0
    outer loop
      vertex 99.30622100830078 6.272948265075684 7.399999618530273
      vertex 99.26411437988281 6.484631538391113 1.3899993896484375
      vertex 99.26411437988281 6.484631538391113 7.399999618530273
    endloop
  endfacet
  facet normal 0.9807850965455033 0.1950912463290642 0
    outer loop
      vertex 99.26411437988281 6.484631538391113 1.3899993896484375
      vertex 99.30622100830078 6.272948265075684 7.399999618530273
      vertex 99.30622100830078 6.272948265075684 1.3899993896484375
    endloop
  endfacet
  facet normal 0.06540395947558297 -0.9978588688210954 0
    outer loop
      vertex 100.68463134765625 8.335883140563965 1.3899993896484375
      vertex 100.9000015258789 8.34999942779541 7.399999618530273
      vertex 100.68463134765625 8.335883140563965 7.399999618530273
    endloop
  endfacet
  facet normal 0.06540395947558297 -0.9978588688210954 0
    outer loop
      vertex 100.9000015258789 8.34999942779541 7.399999618530273
      vertex 100.68463134765625 8.335883140563965 1.3899993896484375
      vertex 100.9000015258789 8.34999942779541 1.3899993896484375
    endloop
  endfacet
  facet normal -0.8968730795519785 -0.44228800478302666 0
    outer loop
      vertex 102.42440032958984 7.331427574157715 1.3899993896484375
      vertex 102.32894134521484 7.524999618530273 7.399999618530273
      vertex 102.32894134521484 7.524999618530273 1.3899993896484375
    endloop
  endfacet
  facet normal -0.8968730795519785 -0.44228800478302666 0
    outer loop
      vertex 102.32894134521484 7.524999618530273 7.399999618530273
      vertex 102.42440032958984 7.331427574157715 1.3899993896484375
      vertex 102.42440032958984 7.331427574157715 7.399999618530273
    endloop
  endfacet
  facet normal 0.8314638538797314 0.5555788510116856 0
    outer loop
      vertex 99.5909652709961 5.69554328918457 7.399999618530273
      vertex 99.47105407714844 5.874999046325684 1.3899993896484375
      vertex 99.47105407714844 5.874999046325684 7.399999618530273
    endloop
  endfacet
  facet normal 0.8314638538797314 0.5555788510116856 0
    outer loop
      vertex 99.47105407714844 5.874999046325684 1.3899993896484375
      vertex 99.5909652709961 5.69554328918457 7.399999618530273
      vertex 99.5909652709961 5.69554328918457 1.3899993896484375
    endloop
  endfacet
  facet normal -0.6593450679616135 -0.7518404627011605 0
    outer loop
      vertex 101.90445709228516 8.009032249450684 1.3899993896484375
      vertex 102.06672668457031 7.866725921630859 7.399999618530273
      vertex 101.90445709228516 8.009032249450684 7.399999618530273
    endloop
  endfacet
  facet normal -0.6593450679616135 -0.7518404627011605 0
    outer loop
      vertex 102.06672668457031 7.866725921630859 7.399999618530273
      vertex 101.90445709228516 8.009032249450684 1.3899993896484375
      vertex 102.06672668457031 7.866725921630859 1.3899993896484375
    endloop
  endfacet
  facet normal -0.06540395947558297 0.9978588688210954 0
    outer loop
      vertex 101.11537170410156 5.064115524291992 1.3899993896484375
      vertex 100.9000015258789 5.049999237060547 7.399999618530273
      vertex 101.11537170410156 5.064115524291992 7.399999618530273
    endloop
  endfacet
  facet normal -0.06540395947558297 0.9978588688210954 0
    outer loop
      vertex 100.9000015258789 5.049999237060547 7.399999618530273
      vertex 101.11537170410156 5.064115524291992 1.3899993896484375
      vertex 100.9000015258789 5.049999237060547 1.3899993896484375
    endloop
  endfacet
  facet normal -0.8314638538797314 0.5555788510116856 0
    outer loop
      vertex 102.20903015136719 5.69554328918457 1.3899993896484375
      vertex 102.32894134521484 5.874999046325684 7.399999618530273
      vertex 102.32894134521484 5.874999046325684 1.3899993896484375
    endloop
  endfacet
  facet normal -0.8314638538797314 0.5555788510116856 0
    outer loop
      vertex 102.32894134521484 5.874999046325684 7.399999618530273
      vertex 102.20903015136719 5.69554328918457 1.3899993896484375
      vertex 102.20903015136719 5.69554328918457 7.399999618530273
    endloop
  endfacet
  facet normal -0.7518470339766762 0.6593375747676413 0
    outer loop
      vertex 102.06672668457031 5.533273696899414 1.3899993896484375
      vertex 102.20903015136719 5.69554328918457 7.399999618530273
      vertex 102.20903015136719 5.69554328918457 1.3899993896484375
    endloop
  endfacet
  facet normal -0.7518470339766762 0.6593375747676413 0
    outer loop
      vertex 102.20903015136719 5.69554328918457 7.399999618530273
      vertex 102.06672668457031 5.533273696899414 1.3899993896484375
      vertex 102.06672668457031 5.533273696899414 7.399999618530273
    endloop
  endfacet
  facet normal 0.7518295106646135 0.6593575561816274 0
    outer loop
      vertex 99.7332763671875 5.533273696899414 7.399999618530273
      vertex 99.5909652709961 5.69554328918457 1.3899993896484375
      vertex 99.5909652709961 5.69554328918457 7.399999618530273
    endloop
  endfacet
  facet normal 0.7518295106646135 0.6593575561816274 0
    outer loop
      vertex 99.5909652709961 5.69554328918457 1.3899993896484375
      vertex 99.7332763671875 5.533273696899414 7.399999618530273
      vertex 99.7332763671875 5.533273696899414 1.3899993896484375
    endloop
  endfacet
  facet normal -0.94693336471388 -0.3214299344984064 0
    outer loop
      vertex 102.4937744140625 7.12705135345459 1.3899993896484375
      vertex 102.42440032958984 7.331427574157715 7.399999618530273
      vertex 102.42440032958984 7.331427574157715 1.3899993896484375
    endloop
  endfacet
  facet normal -0.94693336471388 -0.3214299344984064 0
    outer loop
      vertex 102.42440032958984 7.331427574157715 7.399999618530273
      vertex 102.4937744140625 7.12705135345459 1.3899993896484375
      vertex 102.4937744140625 7.12705135345459 7.399999618530273
    endloop
  endfacet
  facet normal 0.5555798926036551 0.8314631578936682 0
    outer loop
      vertex 100.07499694824219 5.271058082580566 1.3899993896484375
      vertex 99.89554595947266 5.390966415405273 7.399999618530273
      vertex 100.07499694824219 5.271058082580566 7.399999618530273
    endloop
  endfacet
  facet normal 0.5555798926036551 0.8314631578936682 0
    outer loop
      vertex 99.89554595947266 5.390966415405273 7.399999618530273
      vertex 100.07499694824219 5.271058082580566 1.3899993896484375
      vertex 99.89554595947266 5.390966415405273 1.3899993896484375
    endloop
  endfacet
  facet normal 0.3214418207921486 -0.94692932991107 0
    outer loop
      vertex 100.26856994628906 8.224400520324707 1.3899993896484375
      vertex 100.47294616699219 8.293777465820312 7.399999618530273
      vertex 100.26856994628906 8.224400520324707 7.399999618530273
    endloop
  endfacet
  facet normal 0.3214418207921486 -0.94692932991107 0
    outer loop
      vertex 100.47294616699219 8.293777465820312 7.399999618530273
      vertex 100.26856994628906 8.224400520324707 1.3899993896484375
      vertex 100.47294616699219 8.293777465820312 1.3899993896484375
    endloop
  endfacet
  facet normal 0.6593450679616135 -0.7518404627011605 0
    outer loop
      vertex 99.7332763671875 7.866725921630859 1.3899993896484375
      vertex 99.89554595947266 8.009032249450684 7.399999618530273
      vertex 99.7332763671875 7.866725921630859 7.399999618530273
    endloop
  endfacet
  facet normal 0.6593450679616135 -0.7518404627011605 0
    outer loop
      vertex 99.89554595947266 8.009032249450684 7.399999618530273
      vertex 99.7332763671875 7.866725921630859 1.3899993896484375
      vertex 99.89554595947266 8.009032249450684 1.3899993896484375
    endloop
  endfacet
  facet normal 0.5555829473957851 -0.8314611166873724 0
    outer loop
      vertex 99.89554595947266 8.009032249450684 1.3899993896484375
      vertex 100.07499694824219 8.128941535949707 7.399999618530273
      vertex 99.89554595947266 8.009032249450684 7.399999618530273
    endloop
  endfacet
  facet normal 0.5555829473957851 -0.8314611166873724 0
    outer loop
      vertex 100.07499694824219 8.128941535949707 7.399999618530273
      vertex 99.89554595947266 8.009032249450684 1.3899993896484375
      vertex 100.07499694824219 8.128941535949707 1.3899993896484375
    endloop
  endfacet
  facet normal -0.19509631928818955 0.9807840874525855 0
    outer loop
      vertex 101.3270492553711 5.106222152709961 1.3899993896484375
      vertex 101.11537170410156 5.064115524291992 7.399999618530273
      vertex 101.3270492553711 5.106222152709961 7.399999618530273
    endloop
  endfacet
  facet normal -0.19509631928818955 0.9807840874525855 0
    outer loop
      vertex 101.11537170410156 5.064115524291992 7.399999618530273
      vertex 101.3270492553711 5.106222152709961 1.3899993896484375
      vertex 101.11537170410156 5.064115524291992 1.3899993896484375
    endloop
  endfacet
  facet normal 0.6593475656492765 0.7518382722849196 0
    outer loop
      vertex 99.89554595947266 5.390966415405273 1.3899993896484375
      vertex 99.7332763671875 5.533273696899414 7.399999618530273
      vertex 99.89554595947266 5.390966415405273 7.399999618530273
    endloop
  endfacet
  facet normal 0.6593475656492765 0.7518382722849196 0
    outer loop
      vertex 99.7332763671875 5.533273696899414 7.399999618530273
      vertex 99.89554595947266 5.390966415405273 1.3899993896484375
      vertex 99.7332763671875 5.533273696899414 1.3899993896484375
    endloop
  endfacet
  facet normal 0.94693336471388 -0.3214299344984064 0
    outer loop
      vertex 99.30622100830078 7.12705135345459 7.399999618530273
      vertex 99.37559509277344 7.331427574157715 1.3899993896484375
      vertex 99.37559509277344 7.331427574157715 7.399999618530273
    endloop
  endfacet
  facet normal 0.94693336471388 -0.3214299344984064 0
    outer loop
      vertex 99.37559509277344 7.331427574157715 1.3899993896484375
      vertex 99.30622100830078 7.12705135345459 7.399999618530273
      vertex 99.30622100830078 7.12705135345459 1.3899993896484375
    endloop
  endfacet
  facet normal 0.9807850965455033 -0.1950912463290642 0
    outer loop
      vertex 99.26411437988281 6.91536808013916 7.399999618530273
      vertex 99.30622100830078 7.12705135345459 1.3899993896484375
      vertex 99.30622100830078 7.12705135345459 7.399999618530273
    endloop
  endfacet
  facet normal 0.9807850965455033 -0.1950912463290642 0
    outer loop
      vertex 99.30622100830078 7.12705135345459 1.3899993896484375
      vertex 99.26411437988281 6.91536808013916 7.399999618530273
      vertex 99.26411437988281 6.91536808013916 1.3899993896484375
    endloop
  endfacet
  facet normal 0.8314652177563442 -0.5555768098664624 0
    outer loop
      vertex 99.47105407714844 7.524999618530273 7.399999618530273
      vertex 99.5909652709961 7.704456329345703 1.3899993896484375
      vertex 99.5909652709961 7.704456329345703 7.399999618530273
    endloop
  endfacet
  facet normal 0.8314652177563442 -0.5555768098664624 0
    outer loop
      vertex 99.5909652709961 7.704456329345703 1.3899993896484375
      vertex 99.47105407714844 7.524999618530273 7.399999618530273
      vertex 99.47105407714844 7.524999618530273 1.3899993896484375
    endloop
  endfacet
  facet normal 0.8968730795519785 -0.44228800478302666 0
    outer loop
      vertex 99.37559509277344 7.331427574157715 7.399999618530273
      vertex 99.47105407714844 7.524999618530273 1.3899993896484375
      vertex 99.47105407714844 7.524999618530273 7.399999618530273
    endloop
  endfacet
  facet normal 0.8968730795519785 -0.44228800478302666 0
    outer loop
      vertex 99.47105407714844 7.524999618530273 1.3899993896484375
      vertex 99.37559509277344 7.331427574157715 7.399999618530273
      vertex 99.37559509277344 7.331427574157715 1.3899993896484375
    endloop
  endfacet
  facet normal -0.3214378587111168 0.9469306748580977 0
    outer loop
      vertex 101.53142547607422 5.17559814453125 1.3899993896484375
      vertex 101.3270492553711 5.106222152709961 7.399999618530273
      vertex 101.53142547607422 5.17559814453125 7.399999618530273
    endloop
  endfacet
  facet normal -0.3214378587111168 0.9469306748580977 0
    outer loop
      vertex 101.3270492553711 5.106222152709961 7.399999618530273
      vertex 101.53142547607422 5.17559814453125 1.3899993896484375
      vertex 101.3270492553711 5.106222152709961 1.3899993896484375
    endloop
  endfacet
  facet normal -0.9978591571859454 -0.06539955978563347 0
    outer loop
      vertex 8.049999237060547 54.599998474121094 1.3899993896484375
      vertex 8.035883903503418 54.81536865234375 7.399999618530273
      vertex 8.035883903503418 54.81536865234375 1.3899993896484375
    endloop
  endfacet
  facet normal -0.9978591571859454 -0.06539955978563347 0
    outer loop
      vertex 8.035883903503418 54.81536865234375 7.399999618530273
      vertex 8.049999237060547 54.599998474121094 1.3899993896484375
      vertex 8.049999237060547 54.599998474121094 7.399999618530273
    endloop
  endfacet
  facet normal -0.8968704864012552 0.4422932631437836 0
    outer loop
      vertex 7.828941345214844 53.775001525878906 1.3899993896484375
      vertex 7.924400329589844 53.968570709228516 7.399999618530273
      vertex 7.924400329589844 53.968570709228516 1.3899993896484375
    endloop
  endfacet
  facet normal -0.8968704864012552 0.4422932631437836 0
    outer loop
      vertex 7.924400329589844 53.968570709228516 7.399999618530273
      vertex 7.828941345214844 53.775001525878906 1.3899993896484375
      vertex 7.828941345214844 53.775001525878906 7.399999618530273
    endloop
  endfacet
  facet normal 0.9978591571859454 -0.06539955978563347 0
    outer loop
      vertex 4.75 54.599998474121094 7.399999618530273
      vertex 4.764115333557129 54.81536865234375 1.3899993896484375
      vertex 4.764115333557129 54.81536865234375 7.399999618530273
    endloop
  endfacet
  facet normal 0.9978591571859454 -0.06539955978563347 0
    outer loop
      vertex 4.764115333557129 54.81536865234375 1.3899993896484375
      vertex 4.75 54.599998474121094 7.399999618530273
      vertex 4.75 54.599998474121094 1.3899993896484375
    endloop
  endfacet
  facet normal 0.06539573676894747 0.9978594077386086 0
    outer loop
      vertex 6.399999618530273 52.95000076293945 1.3899993896484375
      vertex 6.18463134765625 52.964115142822266 7.399999618530273
      vertex 6.399999618530273 52.95000076293945 7.399999618530273
    endloop
  endfacet
  facet normal 0.06539573676894747 0.9978594077386086 0
    outer loop
      vertex 6.18463134765625 52.964115142822266 7.399999618530273
      vertex 6.399999618530273 52.95000076293945 1.3899993896484375
      vertex 6.18463134765625 52.964115142822266 1.3899993896484375
    endloop
  endfacet
  facet normal 0.7518382722849196 0.6593475656492765 0
    outer loop
      vertex 5.233273506164551 53.43327331542969 7.399999618530273
      vertex 5.09096622467041 53.595542907714844 1.3899993896484375
      vertex 5.09096622467041 53.595542907714844 7.399999618530273
    endloop
  endfacet
  facet normal 0.7518382722849196 0.6593475656492765 0
    outer loop
      vertex 5.09096622467041 53.595542907714844 1.3899993896484375
      vertex 5.233273506164551 53.43327331542969 7.399999618530273
      vertex 5.233273506164551 53.43327331542969 1.3899993896484375
    endloop
  endfacet
  facet normal -0.44228800478302666 -0.8968730795519785 0
    outer loop
      vertex 7.031427383422852 56.1244010925293 1.3899993896484375
      vertex 7.22499942779541 56.0289421081543 7.399999618530273
      vertex 7.031427383422852 56.1244010925293 7.399999618530273
    endloop
  endfacet
  facet normal -0.44228800478302666 -0.8968730795519785 0
    outer loop
      vertex 7.22499942779541 56.0289421081543 7.399999618530273
      vertex 7.031427383422852 56.1244010925293 1.3899993896484375
      vertex 7.22499942779541 56.0289421081543 1.3899993896484375
    endloop
  endfacet
  facet normal 0.44228800478302666 0.8968730795519785 0
    outer loop
      vertex 5.768571853637695 53.075599670410156 1.3899993896484375
      vertex 5.574999809265137 53.171058654785156 7.399999618530273
      vertex 5.768571853637695 53.075599670410156 7.399999618530273
    endloop
  endfacet
  facet normal 0.44228800478302666 0.8968730795519785 0
    outer loop
      vertex 5.574999809265137 53.171058654785156 7.399999618530273
      vertex 5.768571853637695 53.075599670410156 1.3899993896484375
      vertex 5.574999809265137 53.171058654785156 1.3899993896484375
    endloop
  endfacet
  facet normal 0.1950912463290642 0.9807850965455033 0
    outer loop
      vertex 6.18463134765625 52.964115142822266 1.3899993896484375
      vertex 5.97294807434082 53.006221771240234 7.399999618530273
      vertex 6.18463134765625 52.964115142822266 7.399999618530273
    endloop
  endfacet
  facet normal 0.1950912463290642 0.9807850965455033 0
    outer loop
      vertex 5.97294807434082 53.006221771240234 7.399999618530273
      vertex 6.18463134765625 52.964115142822266 1.3899993896484375
      vertex 5.97294807434082 53.006221771240234 1.3899993896484375
    endloop
  endfacet
  facet normal 0.7518382722849196 -0.6593475656492765 0
    outer loop
      vertex 5.09096622467041 55.604454040527344 7.399999618530273
      vertex 5.233273506164551 55.7667236328125 1.3899993896484375
      vertex 5.233273506164551 55.7667236328125 7.399999618530273
    endloop
  endfacet
  facet normal 0.7518382722849196 -0.6593475656492765 0
    outer loop
      vertex 5.233273506164551 55.7667236328125 1.3899993896484375
      vertex 5.09096622467041 55.604454040527344 7.399999618530273
      vertex 5.09096622467041 55.604454040527344 1.3899993896484375
    endloop
  endfacet
  facet normal 0.6593475656492765 0.7518382722849196 0
    outer loop
      vertex 5.395543098449707 53.29096603393555 1.3899993896484375
      vertex 5.233273506164551 53.43327331542969 7.399999618530273
      vertex 5.395543098449707 53.29096603393555 7.399999618530273
    endloop
  endfacet
  facet normal 0.6593475656492765 0.7518382722849196 0
    outer loop
      vertex 5.233273506164551 53.43327331542969 7.399999618530273
      vertex 5.395543098449707 53.29096603393555 1.3899993896484375
      vertex 5.233273506164551 53.43327331542969 1.3899993896484375
    endloop
  endfacet
  facet normal -0.44228800478302666 0.8968730795519785 0
    outer loop
      vertex 7.22499942779541 53.171058654785156 1.3899993896484375
      vertex 7.031427383422852 53.075599670410156 7.399999618530273
      vertex 7.22499942779541 53.171058654785156 7.399999618530273
    endloop
  endfacet
  facet normal -0.44228800478302666 0.8968730795519785 0
    outer loop
      vertex 7.031427383422852 53.075599670410156 7.399999618530273
      vertex 7.22499942779541 53.171058654785156 1.3899993896484375
      vertex 7.031427383422852 53.075599670410156 1.3899993896484375
    endloop
  endfacet
  facet normal 0.5555645907717717 -0.8314733823043248 0
    outer loop
      vertex 5.395543098449707 55.909034729003906 1.3899993896484375
      vertex 5.574999809265137 56.0289421081543 7.399999618530273
      vertex 5.395543098449707 55.909034729003906 7.399999618530273
    endloop
  endfacet
  facet normal 0.5555645907717717 -0.8314733823043248 0
    outer loop
      vertex 5.574999809265137 56.0289421081543 7.399999618530273
      vertex 5.395543098449707 55.909034729003906 1.3899993896484375
      vertex 5.574999809265137 56.0289421081543 1.3899993896484375
    endloop
  endfacet
  facet normal -0.94692932991107 -0.3214418207921486 0
    outer loop
      vertex 7.993777275085449 55.02705001831055 1.3899993896484375
      vertex 7.924400329589844 55.23142623901367 7.399999618530273
      vertex 7.924400329589844 55.23142623901367 1.3899993896484375
    endloop
  endfacet
  facet normal -0.94692932991107 -0.3214418207921486 0
    outer loop
      vertex 7.924400329589844 55.23142623901367 7.399999618530273
      vertex 7.993777275085449 55.02705001831055 1.3899993896484375
      vertex 7.993777275085449 55.02705001831055 7.399999618530273
    endloop
  endfacet
  facet normal -0.06539573676894747 0.9978594077386086 0
    outer loop
      vertex 6.615367889404297 52.964115142822266 1.3899993896484375
      vertex 6.399999618530273 52.95000076293945 7.399999618530273
      vertex 6.615367889404297 52.964115142822266 7.399999618530273
    endloop
  endfacet
  facet normal -0.06539573676894747 0.9978594077386086 0
    outer loop
      vertex 6.399999618530273 52.95000076293945 7.399999618530273
      vertex 6.615367889404297 52.964115142822266 1.3899993896484375
      vertex 6.399999618530273 52.95000076293945 1.3899993896484375
    endloop
  endfacet
  facet normal 0.5555645907717717 0.8314733823043248 0
    outer loop
      vertex 5.574999809265137 53.171058654785156 1.3899993896484375
      vertex 5.395543098449707 53.29096603393555 7.399999618530273
      vertex 5.574999809265137 53.171058654785156 7.399999618530273
    endloop
  endfacet
  facet normal 0.5555645907717717 0.8314733823043248 0
    outer loop
      vertex 5.395543098449707 53.29096603393555 7.399999618530273
      vertex 5.574999809265137 53.171058654785156 1.3899993896484375
      vertex 5.395543098449707 53.29096603393555 1.3899993896484375
    endloop
  endfacet
  facet normal 0.9807854328923171 0.1950895554001549 0
    outer loop
      vertex 4.806221961975098 54.17294692993164 7.399999618530273
      vertex 4.764115333557129 54.3846321105957 1.3899993896484375
      vertex 4.764115333557129 54.3846321105957 7.399999618530273
    endloop
  endfacet
  facet normal 0.9807854328923171 0.1950895554001549 0
    outer loop
      vertex 4.764115333557129 54.3846321105957 1.3899993896484375
      vertex 4.806221961975098 54.17294692993164 7.399999618530273
      vertex 4.806221961975098 54.17294692993164 1.3899993896484375
    endloop
  endfacet
  facet normal 0.9978590815888869 0.06540071322686787 0
    outer loop
      vertex 4.764115333557129 54.3846321105957 7.399999618530273
      vertex 4.75 54.599998474121094 1.3899993896484375
      vertex 4.75 54.599998474121094 7.399999618530273
    endloop
  endfacet
  facet normal 0.9978590815888869 0.06540071322686787 0
    outer loop
      vertex 4.75 54.599998474121094 1.3899993896484375
      vertex 4.764115333557129 54.3846321105957 7.399999618530273
      vertex 4.764115333557129 54.3846321105957 1.3899993896484375
    endloop
  endfacet
  facet normal 0.896868733592414 0.44229681742506294 0
    outer loop
      vertex 4.971057891845703 53.775001525878906 7.399999618530273
      vertex 4.875597953796387 53.968570709228516 1.3899993896484375
      vertex 4.875597953796387 53.968570709228516 7.399999618530273
    endloop
  endfacet
  facet normal 0.896868733592414 0.44229681742506294 0
    outer loop
      vertex 4.875597953796387 53.968570709228516 1.3899993896484375
      vertex 4.971057891845703 53.775001525878906 7.399999618530273
      vertex 4.971057891845703 53.775001525878906 1.3899993896484375
    endloop
  endfacet
  facet normal -0.9978590815888869 0.06540071322686787 0
    outer loop
      vertex 8.035883903503418 54.3846321105957 1.3899993896484375
      vertex 8.049999237060547 54.599998474121094 7.399999618530273
      vertex 8.049999237060547 54.599998474121094 1.3899993896484375
    endloop
  endfacet
  facet normal -0.9978590815888869 0.06540071322686787 0
    outer loop
      vertex 8.049999237060547 54.599998474121094 7.399999618530273
      vertex 8.035883903503418 54.3846321105957 1.3899993896484375
      vertex 8.035883903503418 54.3846321105957 7.399999618530273
    endloop
  endfacet
  facet normal 0.6593575561816274 -0.7518295106646135 0
    outer loop
      vertex 5.233273506164551 55.7667236328125 1.3899993896484375
      vertex 5.395543098449707 55.909034729003906 7.399999618530273
      vertex 5.233273506164551 55.7667236328125 7.399999618530273
    endloop
  endfacet
  facet normal 0.6593575561816274 -0.7518295106646135 0
    outer loop
      vertex 5.395543098449707 55.909034729003906 7.399999618530273
      vertex 5.233273506164551 55.7667236328125 1.3899993896484375
      vertex 5.395543098449707 55.909034729003906 1.3899993896484375
    endloop
  endfacet
  facet normal -0.1950912463290642 -0.9807850965455033 0
    outer loop
      vertex 6.615367889404297 56.23588562011719 1.3899993896484375
      vertex 6.827051162719727 56.19377899169922 7.399999618530273
      vertex 6.615367889404297 56.23588562011719 7.399999618530273
    endloop
  endfacet
  facet normal -0.1950912463290642 -0.9807850965455033 0
    outer loop
      vertex 6.827051162719727 56.19377899169922 7.399999618530273
      vertex 6.615367889404297 56.23588562011719 1.3899993896484375
      vertex 6.827051162719727 56.19377899169922 1.3899993896484375
    endloop
  endfacet
  facet normal -0.06539573676894747 -0.9978594077386086 0
    outer loop
      vertex 6.399999618530273 56.25 1.3899993896484375
      vertex 6.615367889404297 56.23588562011719 7.399999618530273
      vertex 6.399999618530273 56.25 7.399999618530273
    endloop
  endfacet
  facet normal -0.06539573676894747 -0.9978594077386086 0
    outer loop
      vertex 6.615367889404297 56.23588562011719 7.399999618530273
      vertex 6.399999618530273 56.25 1.3899993896484375
      vertex 6.615367889404297 56.23588562011719 1.3899993896484375
    endloop
  endfacet
  facet normal 0.3214457828562981 0.9469279849512853 0
    outer loop
      vertex 5.97294807434082 53.006221771240234 1.3899993896484375
      vertex 5.768571853637695 53.075599670410156 7.399999618530273
      vertex 5.97294807434082 53.006221771240234 7.399999618530273
    endloop
  endfacet
  facet normal 0.3214457828562981 0.9469279849512853 0
    outer loop
      vertex 5.768571853637695 53.075599670410156 7.399999618530273
      vertex 5.97294807434082 53.006221771240234 1.3899993896484375
      vertex 5.768571853637695 53.075599670410156 1.3899993896484375
    endloop
  endfacet
  facet normal -0.3214457828562981 0.9469279849512853 0
    outer loop
      vertex 7.031427383422852 53.075599670410156 1.3899993896484375
      vertex 6.827051162719727 53.006221771240234 7.399999618530273
      vertex 7.031427383422852 53.075599670410156 7.399999618530273
    endloop
  endfacet
  facet normal -0.3214457828562981 0.9469279849512853 0
    outer loop
      vertex 6.827051162719727 53.006221771240234 7.399999618530273
      vertex 7.031427383422852 53.075599670410156 1.3899993896484375
      vertex 6.827051162719727 53.006221771240234 1.3899993896484375
    endloop
  endfacet
  facet normal -0.9807847601899436 -0.1950929372867059 0
    outer loop
      vertex 8.035883903503418 54.81536865234375 1.3899993896484375
      vertex 7.993777275085449 55.02705001831055 7.399999618530273
      vertex 7.993777275085449 55.02705001831055 1.3899993896484375
    endloop
  endfacet
  facet normal -0.9807847601899436 -0.1950929372867059 0
    outer loop
      vertex 7.993777275085449 55.02705001831055 7.399999618530273
      vertex 8.035883903503418 54.81536865234375 1.3899993896484375
      vertex 8.035883903503418 54.81536865234375 7.399999618530273
    endloop
  endfacet
  facet normal 0.8968721911549714 -0.4422898062728558 0
    outer loop
      vertex 4.875597953796387 55.23142623901367 7.399999618530273
      vertex 4.971057891845703 55.42499923706055 1.3899993896484375
      vertex 4.971057891845703 55.42499923706055 7.399999618530273
    endloop
  endfacet
  facet normal 0.8968721911549714 -0.4422898062728558 0
    outer loop
      vertex 4.971057891845703 55.42499923706055 1.3899993896484375
      vertex 4.875597953796387 55.23142623901367 7.399999618530273
      vertex 4.875597953796387 55.23142623901367 1.3899993896484375
    endloop
  endfacet
  facet normal -0.5555645907717717 0.8314733823043248 0
    outer loop
      vertex 7.40445613861084 53.29096603393555 1.3899993896484375
      vertex 7.22499942779541 53.171058654785156 7.399999618530273
      vertex 7.40445613861084 53.29096603393555 7.399999618530273
    endloop
  endfacet
  facet normal -0.5555645907717717 0.8314733823043248 0
    outer loop
      vertex 7.22499942779541 53.171058654785156 7.399999618530273
      vertex 7.40445613861084 53.29096603393555 1.3899993896484375
      vertex 7.22499942779541 53.171058654785156 1.3899993896484375
    endloop
  endfacet
  facet normal -0.3214457828562981 -0.9469279849512853 0
    outer loop
      vertex 6.827051162719727 56.19377899169922 1.3899993896484375
      vertex 7.031427383422852 56.1244010925293 7.399999618530273
      vertex 6.827051162719727 56.19377899169922 7.399999618530273
    endloop
  endfacet
  facet normal -0.3214457828562981 -0.9469279849512853 0
    outer loop
      vertex 7.031427383422852 56.1244010925293 7.399999618530273
      vertex 6.827051162719727 56.19377899169922 1.3899993896484375
      vertex 7.031427383422852 56.1244010925293 1.3899993896484375
    endloop
  endfacet
  facet normal -0.896873943915 -0.4422862520205139 0
    outer loop
      vertex 7.924400329589844 55.23142623901367 1.3899993896484375
      vertex 7.828941345214844 55.42499923706055 7.399999618530273
      vertex 7.828941345214844 55.42499923706055 1.3899993896484375
    endloop
  endfacet
  facet normal -0.896873943915 -0.4422862520205139 0
    outer loop
      vertex 7.828941345214844 55.42499923706055 7.399999618530273
      vertex 7.924400329589844 55.23142623901367 1.3899993896484375
      vertex 7.924400329589844 55.23142623901367 7.399999618530273
    endloop
  endfacet
  facet normal -0.7518404627011605 -0.6593450679616135 0
    outer loop
      vertex 7.70903205871582 55.604454040527344 1.3899993896484375
      vertex 7.566725730895996 55.7667236328125 7.399999618530273
      vertex 7.566725730895996 55.7667236328125 1.3899993896484375
    endloop
  endfacet
  facet normal -0.7518404627011605 -0.6593450679616135 0
    outer loop
      vertex 7.566725730895996 55.7667236328125 7.399999618530273
      vertex 7.70903205871582 55.604454040527344 1.3899993896484375
      vertex 7.70903205871582 55.604454040527344 7.399999618530273
    endloop
  endfacet
  facet normal -0.8314665723110799 -0.5555747826614019 0
    outer loop
      vertex 7.828941345214844 55.42499923706055 1.3899993896484375
      vertex 7.70903205871582 55.604454040527344 7.399999618530273
      vertex 7.70903205871582 55.604454040527344 1.3899993896484375
    endloop
  endfacet
  facet normal -0.8314665723110799 -0.5555747826614019 0
    outer loop
      vertex 7.70903205871582 55.604454040527344 7.399999618530273
      vertex 7.828941345214844 55.42499923706055 1.3899993896484375
      vertex 7.828941345214844 55.42499923706055 7.399999618530273
    endloop
  endfacet
  facet normal 0.8314686134707745 -0.5555717278740774 0
    outer loop
      vertex 4.971057891845703 55.42499923706055 7.399999618530273
      vertex 5.09096622467041 55.604454040527344 1.3899993896484375
      vertex 5.09096622467041 55.604454040527344 7.399999618530273
    endloop
  endfacet
  facet normal 0.8314686134707745 -0.5555717278740774 0
    outer loop
      vertex 5.09096622467041 55.604454040527344 1.3899993896484375
      vertex 4.971057891845703 55.42499923706055 7.399999618530273
      vertex 4.971057891845703 55.42499923706055 1.3899993896484375
    endloop
  endfacet
  facet normal 0.3214457828562981 -0.9469279849512853 0
    outer loop
      vertex 5.768571853637695 56.1244010925293 1.3899993896484375
      vertex 5.97294807434082 56.19377899169922 7.399999618530273
      vertex 5.768571853637695 56.1244010925293 7.399999618530273
    endloop
  endfacet
  facet normal 0.3214457828562981 -0.9469279849512853 0
    outer loop
      vertex 5.97294807434082 56.19377899169922 7.399999618530273
      vertex 5.768571853637695 56.1244010925293 1.3899993896484375
      vertex 5.97294807434082 56.19377899169922 1.3899993896484375
    endloop
  endfacet
  facet normal -0.1950912463290642 0.9807850965455033 0
    outer loop
      vertex 6.827051162719727 53.006221771240234 1.3899993896484375
      vertex 6.615367889404297 52.964115142822266 7.399999618530273
      vertex 6.827051162719727 53.006221771240234 7.399999618530273
    endloop
  endfacet
  facet normal -0.1950912463290642 0.9807850965455033 0
    outer loop
      vertex 6.615367889404297 52.964115142822266 7.399999618530273
      vertex 6.827051162719727 53.006221771240234 1.3899993896484375
      vertex 6.615367889404297 52.964115142822266 1.3899993896484375
    endloop
  endfacet
  facet normal -0.5555645907717717 -0.8314733823043248 0
    outer loop
      vertex 7.22499942779541 56.0289421081543 1.3899993896484375
      vertex 7.40445613861084 55.909034729003906 7.399999618530273
      vertex 7.22499942779541 56.0289421081543 7.399999618530273
    endloop
  endfacet
  facet normal -0.5555645907717717 -0.8314733823043248 0
    outer loop
      vertex 7.40445613861084 55.909034729003906 7.399999618530273
      vertex 7.22499942779541 56.0289421081543 1.3899993896484375
      vertex 7.40445613861084 55.909034729003906 1.3899993896484375
    endloop
  endfacet
  facet normal 0.9807847601899436 -0.1950929372867059 0
    outer loop
      vertex 4.764115333557129 54.81536865234375 7.399999618530273
      vertex 4.806221961975098 55.02705001831055 1.3899993896484375
      vertex 4.806221961975098 55.02705001831055 7.399999618530273
    endloop
  endfacet
  facet normal 0.9807847601899436 -0.1950929372867059 0
    outer loop
      vertex 4.806221961975098 55.02705001831055 1.3899993896484375
      vertex 4.764115333557129 54.81536865234375 7.399999618530273
      vertex 4.764115333557129 54.81536865234375 1.3899993896484375
    endloop
  endfacet
  facet normal -0.9807854328923171 0.1950895554001549 0
    outer loop
      vertex 7.993777275085449 54.17294692993164 1.3899993896484375
      vertex 8.035883903503418 54.3846321105957 7.399999618530273
      vertex 8.035883903503418 54.3846321105957 1.3899993896484375
    endloop
  endfacet
  facet normal -0.9807854328923171 0.1950895554001549 0
    outer loop
      vertex 8.035883903503418 54.3846321105957 7.399999618530273
      vertex 7.993777275085449 54.17294692993164 1.3899993896484375
      vertex 7.993777275085449 54.17294692993164 7.399999618530273
    endloop
  endfacet
  facet normal 0.9469306748580977 0.3214378587111168 0
    outer loop
      vertex 4.875597953796387 53.968570709228516 7.399999618530273
      vertex 4.806221961975098 54.17294692993164 1.3899993896484375
      vertex 4.806221961975098 54.17294692993164 7.399999618530273
    endloop
  endfacet
  facet normal 0.9469306748580977 0.3214378587111168 0
    outer loop
      vertex 4.806221961975098 54.17294692993164 1.3899993896484375
      vertex 4.875597953796387 53.968570709228516 7.399999618530273
      vertex 4.875597953796387 53.968570709228516 1.3899993896484375
    endloop
  endfacet
  facet normal 0.831474068807362 0.5555635633309032 0
    outer loop
      vertex 5.09096622467041 53.595542907714844 7.399999618530273
      vertex 4.971057891845703 53.775001525878906 1.3899993896484375
      vertex 4.971057891845703 53.775001525878906 7.399999618530273
    endloop
  endfacet
  facet normal 0.831474068807362 0.5555635633309032 0
    outer loop
      vertex 4.971057891845703 53.775001525878906 1.3899993896484375
      vertex 5.09096622467041 53.595542907714844 7.399999618530273
      vertex 5.09096622467041 53.595542907714844 1.3899993896484375
    endloop
  endfacet
  facet normal 0.06539573676894747 -0.9978594077386086 0
    outer loop
      vertex 6.18463134765625 56.23588562011719 1.3899993896484375
      vertex 6.399999618530273 56.25 7.399999618530273
      vertex 6.18463134765625 56.23588562011719 7.399999618530273
    endloop
  endfacet
  facet normal 0.06539573676894747 -0.9978594077386086 0
    outer loop
      vertex 6.399999618530273 56.25 7.399999618530273
      vertex 6.18463134765625 56.23588562011719 1.3899993896484375
      vertex 6.399999618530273 56.25 1.3899993896484375
    endloop
  endfacet
  facet normal 0.44228800478302666 -0.8968730795519785 0
    outer loop
      vertex 5.574999809265137 56.0289421081543 1.3899993896484375
      vertex 5.768571853637695 56.1244010925293 7.399999618530273
      vertex 5.574999809265137 56.0289421081543 7.399999618530273
    endloop
  endfacet
  facet normal 0.44228800478302666 -0.8968730795519785 0
    outer loop
      vertex 5.768571853637695 56.1244010925293 7.399999618530273
      vertex 5.574999809265137 56.0289421081543 1.3899993896484375
      vertex 5.768571853637695 56.1244010925293 1.3899993896484375
    endloop
  endfacet
  facet normal 0.9469306748580977 -0.3214378587111168 0
    outer loop
      vertex 4.806221961975098 55.02705001831055 7.399999618530273
      vertex 4.875597953796387 55.23142623901367 1.3899993896484375
      vertex 4.875597953796387 55.23142623901367 7.399999618530273
    endloop
  endfacet
  facet normal 0.9469306748580977 -0.3214378587111168 0
    outer loop
      vertex 4.875597953796387 55.23142623901367 1.3899993896484375
      vertex 4.806221961975098 55.02705001831055 7.399999618530273
      vertex 4.806221961975098 55.02705001831055 1.3899993896484375
    endloop
  endfacet
  facet normal -0.6593575561816274 -0.7518295106646135 0
    outer loop
      vertex 7.40445613861084 55.909034729003906 1.3899993896484375
      vertex 7.566725730895996 55.7667236328125 7.399999618530273
      vertex 7.40445613861084 55.909034729003906 7.399999618530273
    endloop
  endfacet
  facet normal -0.6593575561816274 -0.7518295106646135 0
    outer loop
      vertex 7.566725730895996 55.7667236328125 7.399999618530273
      vertex 7.40445613861084 55.909034729003906 1.3899993896484375
      vertex 7.566725730895996 55.7667236328125 1.3899993896484375
    endloop
  endfacet
  facet normal 0.1950912463290642 -0.9807850965455033 0
    outer loop
      vertex 5.97294807434082 56.19377899169922 1.3899993896484375
      vertex 6.18463134765625 56.23588562011719 7.399999618530273
      vertex 5.97294807434082 56.19377899169922 7.399999618530273
    endloop
  endfacet
  facet normal 0.1950912463290642 -0.9807850965455033 0
    outer loop
      vertex 6.18463134765625 56.23588562011719 7.399999618530273
      vertex 5.97294807434082 56.19377899169922 1.3899993896484375
      vertex 6.18463134765625 56.23588562011719 1.3899993896484375
    endloop
  endfacet
  facet normal -0.6593475656492765 0.7518382722849196 0
    outer loop
      vertex 7.566725730895996 53.43327331542969 1.3899993896484375
      vertex 7.40445613861084 53.29096603393555 7.399999618530273
      vertex 7.566725730895996 53.43327331542969 7.399999618530273
    endloop
  endfacet
  facet normal -0.6593475656492765 0.7518382722849196 0
    outer loop
      vertex 7.40445613861084 53.29096603393555 7.399999618530273
      vertex 7.566725730895996 53.43327331542969 1.3899993896484375
      vertex 7.40445613861084 53.29096603393555 1.3899993896484375
    endloop
  endfacet
  facet normal -0.8314720276942675 0.5555666181134206 0
    outer loop
      vertex 7.70903205871582 53.595542907714844 1.3899993896484375
      vertex 7.828941345214844 53.775001525878906 7.399999618530273
      vertex 7.828941345214844 53.775001525878906 1.3899993896484375
    endloop
  endfacet
  facet normal -0.8314720276942675 0.5555666181134206 0
    outer loop
      vertex 7.828941345214844 53.775001525878906 7.399999618530273
      vertex 7.70903205871582 53.595542907714844 1.3899993896484375
      vertex 7.70903205871582 53.595542907714844 7.399999618530273
    endloop
  endfacet
  facet normal -0.7518404627011605 0.6593450679616135 0
    outer loop
      vertex 7.566725730895996 53.43327331542969 1.3899993896484375
      vertex 7.70903205871582 53.595542907714844 7.399999618530273
      vertex 7.70903205871582 53.595542907714844 1.3899993896484375
    endloop
  endfacet
  facet normal -0.7518404627011605 0.6593450679616135 0
    outer loop
      vertex 7.70903205871582 53.595542907714844 7.399999618530273
      vertex 7.566725730895996 53.43327331542969 1.3899993896484375
      vertex 7.566725730895996 53.43327331542969 7.399999618530273
    endloop
  endfacet
  facet normal -0.94692932991107 0.3214418207921486 0
    outer loop
      vertex 7.924400329589844 53.968570709228516 1.3899993896484375
      vertex 7.993777275085449 54.17294692993164 7.399999618530273
      vertex 7.993777275085449 54.17294692993164 1.3899993896484375
    endloop
  endfacet
  facet normal -0.94692932991107 0.3214418207921486 0
    outer loop
      vertex 7.993777275085449 54.17294692993164 7.399999618530273
      vertex 7.924400329589844 53.968570709228516 1.3899993896484375
      vertex 7.924400329589844 53.968570709228516 7.399999618530273
    endloop
  endfacet
  facet normal -0.9978571382281234 -0.06543035753516796 0
    outer loop
      vertex 102.55000305175781 54.599998474121094 1.3899993896484375
      vertex 102.53588104248047 54.81536865234375 7.399999618530273
      vertex 102.53588104248047 54.81536865234375 1.3899993896484375
    endloop
  endfacet
  facet normal -0.9978571382281234 -0.06543035753516796 0
    outer loop
      vertex 102.53588104248047 54.81536865234375 7.399999618530273
      vertex 102.55000305175781 54.599998474121094 1.3899993896484375
      vertex 102.55000305175781 54.599998474121094 7.399999618530273
    endloop
  endfacet
  facet normal 0.9978594455315632 -0.06539516009186978 0
    outer loop
      vertex 99.25 54.599998474121094 7.399999618530273
      vertex 99.26411437988281 54.81536865234375 1.3899993896484375
      vertex 99.26411437988281 54.81536865234375 7.399999618530273
    endloop
  endfacet
  facet normal 0.9978594455315632 -0.06539516009186978 0
    outer loop
      vertex 99.26411437988281 54.81536865234375 1.3899993896484375
      vertex 99.25 54.599998474121094 7.399999618530273
      vertex 99.25 54.599998474121094 1.3899993896484375
    endloop
  endfacet
  facet normal 0.06539516009186978 0.9978594455315632 0
    outer loop
      vertex 100.9000015258789 52.95000076293945 1.3899993896484375
      vertex 100.68463134765625 52.964115142822266 7.399999618530273
      vertex 100.9000015258789 52.95000076293945 7.399999618530273
    endloop
  endfacet
  facet normal 0.06539516009186978 0.9978594455315632 0
    outer loop
      vertex 100.68463134765625 52.964115142822266 7.399999618530273
      vertex 100.9000015258789 52.95000076293945 1.3899993896484375
      vertex 100.68463134765625 52.964115142822266 1.3899993896484375
    endloop
  endfacet
  facet normal 0.7518295106646135 0.6593575561816274 0
    outer loop
      vertex 99.7332763671875 53.43327331542969 7.399999618530273
      vertex 99.5909652709961 53.595542907714844 1.3899993896484375
      vertex 99.5909652709961 53.595542907714844 7.399999618530273
    endloop
  endfacet
  facet normal 0.7518295106646135 0.6593575561816274 0
    outer loop
      vertex 99.5909652709961 53.595542907714844 1.3899993896484375
      vertex 99.7332763671875 53.43327331542969 7.399999618530273
      vertex 99.7332763671875 53.43327331542969 1.3899993896484375
    endloop
  endfacet
  facet normal 0.4422862520205139 0.896873943915 0
    outer loop
      vertex 100.26856994628906 53.075599670410156 1.3899993896484375
      vertex 100.07499694824219 53.171058654785156 7.399999618530273
      vertex 100.26856994628906 53.075599670410156 7.399999618530273
    endloop
  endfacet
  facet normal 0.4422862520205139 0.896873943915 0
    outer loop
      vertex 100.07499694824219 53.171058654785156 7.399999618530273
      vertex 100.26856994628906 53.075599670410156 1.3899993896484375
      vertex 100.07499694824219 53.171058654785156 1.3899993896484375
    endloop
  endfacet
  facet normal 0.1950895554001549 0.9807854328923171 0
    outer loop
      vertex 100.68463134765625 52.964115142822266 1.3899993896484375
      vertex 100.47294616699219 53.006221771240234 7.399999618530273
      vertex 100.68463134765625 52.964115142822266 7.399999618530273
    endloop
  endfacet
  facet normal 0.1950895554001549 0.9807854328923171 0
    outer loop
      vertex 100.47294616699219 53.006221771240234 7.399999618530273
      vertex 100.68463134765625 52.964115142822266 1.3899993896484375
      vertex 100.47294616699219 53.006221771240234 1.3899993896484375
    endloop
  endfacet
  facet normal 0.7518295106646135 -0.6593575561816274 0
    outer loop
      vertex 99.5909652709961 55.604454040527344 7.399999618530273
      vertex 99.7332763671875 55.7667236328125 1.3899993896484375
      vertex 99.7332763671875 55.7667236328125 7.399999618530273
    endloop
  endfacet
  facet normal 0.7518295106646135 -0.6593575561816274 0
    outer loop
      vertex 99.7332763671875 55.7667236328125 1.3899993896484375
      vertex 99.5909652709961 55.604454040527344 7.399999618530273
      vertex 99.5909652709961 55.604454040527344 1.3899993896484375
    endloop
  endfacet
  facet normal 0.6593475656492765 0.7518382722849196 0
    outer loop
      vertex 99.89554595947266 53.29096603393555 1.3899993896484375
      vertex 99.7332763671875 53.43327331542969 7.399999618530273
      vertex 99.89554595947266 53.29096603393555 7.399999618530273
    endloop
  endfacet
  facet normal 0.6593475656492765 0.7518382722849196 0
    outer loop
      vertex 99.7332763671875 53.43327331542969 7.399999618530273
      vertex 99.89554595947266 53.29096603393555 1.3899993896484375
      vertex 99.7332763671875 53.43327331542969 1.3899993896484375
    endloop
  endfacet
  facet normal -0.4422862520205139 0.896873943915 0
    outer loop
      vertex 101.7249984741211 53.171058654785156 1.3899993896484375
      vertex 101.53142547607422 53.075599670410156 7.399999618530273
      vertex 101.7249984741211 53.171058654785156 7.399999618530273
    endloop
  endfacet
  facet normal -0.4422862520205139 0.896873943915 0
    outer loop
      vertex 101.53142547607422 53.075599670410156 7.399999618530273
      vertex 101.7249984741211 53.171058654785156 1.3899993896484375
      vertex 101.53142547607422 53.075599670410156 1.3899993896484375
    endloop
  endfacet
  facet normal 0.555576837789027 -0.8314651990987627 0
    outer loop
      vertex 99.89554595947266 55.909034729003906 1.3899993896484375
      vertex 100.07499694824219 56.0289421081543 7.399999618530273
      vertex 99.89554595947266 55.909034729003906 7.399999618530273
    endloop
  endfacet
  facet normal 0.555576837789027 -0.8314651990987627 0
    outer loop
      vertex 100.07499694824219 56.0289421081543 7.399999618530273
      vertex 99.89554595947266 55.909034729003906 1.3899993896484375
      vertex 100.07499694824219 56.0289421081543 1.3899993896484375
    endloop
  endfacet
  facet normal -0.94693336471388 -0.3214299344984064 0
    outer loop
      vertex 102.4937744140625 55.02705001831055 1.3899993896484375
      vertex 102.42440032958984 55.23142623901367 7.399999618530273
      vertex 102.42440032958984 55.23142623901367 1.3899993896484375
    endloop
  endfacet
  facet normal -0.94693336471388 -0.3214299344984064 0
    outer loop
      vertex 102.42440032958984 55.23142623901367 7.399999618530273
      vertex 102.4937744140625 55.02705001831055 1.3899993896484375
      vertex 102.4937744140625 55.02705001831055 7.399999618530273
    endloop
  endfacet
  facet normal -0.06539516009186978 0.9978594455315632 0
    outer loop
      vertex 101.11537170410156 52.964115142822266 1.3899993896484375
      vertex 100.9000015258789 52.95000076293945 7.399999618530273
      vertex 101.11537170410156 52.964115142822266 7.399999618530273
    endloop
  endfacet
  facet normal -0.06539516009186978 0.9978594455315632 0
    outer loop
      vertex 100.9000015258789 52.95000076293945 7.399999618530273
      vertex 101.11537170410156 52.964115142822266 1.3899993896484375
      vertex 100.9000015258789 52.95000076293945 1.3899993896484375
    endloop
  endfacet
  facet normal 0.555576837789027 0.8314651990987627 0
    outer loop
      vertex 100.07499694824219 53.171058654785156 1.3899993896484375
      vertex 99.89554595947266 53.29096603393555 7.399999618530273
      vertex 100.07499694824219 53.171058654785156 7.399999618530273
    endloop
  endfacet
  facet normal 0.555576837789027 0.8314651990987627 0
    outer loop
      vertex 99.89554595947266 53.29096603393555 7.399999618530273
      vertex 100.07499694824219 53.171058654785156 1.3899993896484375
      vertex 99.89554595947266 53.29096603393555 1.3899993896484375
    endloop
  endfacet
  facet normal 0.9807854328923171 0.1950895554001549 0
    outer loop
      vertex 99.30622100830078 54.17294692993164 7.399999618530273
      vertex 99.26411437988281 54.3846321105957 1.3899993896484375
      vertex 99.26411437988281 54.3846321105957 7.399999618530273
    endloop
  endfacet
  facet normal 0.9807854328923171 0.1950895554001549 0
    outer loop
      vertex 99.26411437988281 54.3846321105957 1.3899993896484375
      vertex 99.30622100830078 54.17294692993164 7.399999618530273
      vertex 99.30622100830078 54.17294692993164 1.3899993896484375
    endloop
  endfacet
  facet normal 0.997859369944654 0.06539631345617407 0
    outer loop
      vertex 99.26411437988281 54.3846321105957 7.399999618530273
      vertex 99.25 54.599998474121094 1.3899993896484375
      vertex 99.25 54.599998474121094 7.399999618530273
    endloop
  endfacet
  facet normal 0.997859369944654 0.06539631345617407 0
    outer loop
      vertex 99.25 54.599998474121094 1.3899993896484375
      vertex 99.26411437988281 54.3846321105957 7.399999618530273
      vertex 99.26411437988281 54.3846321105957 1.3899993896484375
    endloop
  endfacet
  facet normal 0.8968704864012552 0.4422932631437836 0
    outer loop
      vertex 99.47105407714844 53.775001525878906 7.399999618530273
      vertex 99.37559509277344 53.968570709228516 1.3899993896484375
      vertex 99.37559509277344 53.968570709228516 7.399999618530273
    endloop
  endfacet
  facet normal 0.8968704864012552 0.4422932631437836 0
    outer loop
      vertex 99.37559509277344 53.968570709228516 1.3899993896484375
      vertex 99.47105407714844 53.775001525878906 7.399999618530273
      vertex 99.47105407714844 53.775001525878906 1.3899993896484375
    endloop
  endfacet
  facet normal -0.9978570625600013 0.06543151151490736 0
    outer loop
      vertex 102.53588104248047 54.3846321105957 1.3899993896484375
      vertex 102.55000305175781 54.599998474121094 7.399999618530273
      vertex 102.55000305175781 54.599998474121094 1.3899993896484375
    endloop
  endfacet
  facet normal -0.9978570625600013 0.06543151151490736 0
    outer loop
      vertex 102.55000305175781 54.599998474121094 7.399999618530273
      vertex 102.53588104248047 54.3846321105957 1.3899993896484375
      vertex 102.53588104248047 54.3846321105957 7.399999618530273
    endloop
  endfacet
  facet normal 0.6593575561816274 -0.7518295106646135 0
    outer loop
      vertex 99.7332763671875 55.7667236328125 1.3899993896484375
      vertex 99.89554595947266 55.909034729003906 7.399999618530273
      vertex 99.7332763671875 55.7667236328125 7.399999618530273
    endloop
  endfacet
  facet normal 0.6593575561816274 -0.7518295106646135 0
    outer loop
      vertex 99.89554595947266 55.909034729003906 7.399999618530273
      vertex 99.7332763671875 55.7667236328125 1.3899993896484375
      vertex 99.89554595947266 55.909034729003906 1.3899993896484375
    endloop
  endfacet
  facet normal -0.19509631928818955 -0.9807840874525855 0
    outer loop
      vertex 101.11537170410156 56.23588562011719 1.3899993896484375
      vertex 101.3270492553711 56.19377899169922 7.399999618530273
      vertex 101.11537170410156 56.23588562011719 7.399999618530273
    endloop
  endfacet
  facet normal -0.19509631928818955 -0.9807840874525855 0
    outer loop
      vertex 101.3270492553711 56.19377899169922 7.399999618530273
      vertex 101.11537170410156 56.23588562011719 1.3899993896484375
      vertex 101.3270492553711 56.19377899169922 1.3899993896484375
    endloop
  endfacet
  facet normal -0.06539516009186978 -0.9978594455315632 0
    outer loop
      vertex 100.9000015258789 56.25 1.3899993896484375
      vertex 101.11537170410156 56.23588562011719 7.399999618530273
      vertex 100.9000015258789 56.25 7.399999618530273
    endloop
  endfacet
  facet normal -0.06539516009186978 -0.9978594455315632 0
    outer loop
      vertex 101.11537170410156 56.23588562011719 7.399999618530273
      vertex 100.9000015258789 56.25 1.3899993896484375
      vertex 101.11537170410156 56.23588562011719 1.3899993896484375
    endloop
  endfacet
  facet normal 0.3214457828562981 0.9469279849512853 0
    outer loop
      vertex 100.47294616699219 53.006221771240234 1.3899993896484375
      vertex 100.26856994628906 53.075599670410156 7.399999618530273
      vertex 100.47294616699219 53.006221771240234 7.399999618530273
    endloop
  endfacet
  facet normal 0.3214457828562981 0.9469279849512853 0
    outer loop
      vertex 100.26856994628906 53.075599670410156 7.399999618530273
      vertex 100.47294616699219 53.006221771240234 1.3899993896484375
      vertex 100.26856994628906 53.075599670410156 1.3899993896484375
    endloop
  endfacet
  facet normal -0.3214457828562981 0.9469279849512853 0
    outer loop
      vertex 101.53142547607422 53.075599670410156 1.3899993896484375
      vertex 101.3270492553711 53.006221771240234 7.399999618530273
      vertex 101.53142547607422 53.075599670410156 7.399999618530273
    endloop
  endfacet
  facet normal -0.3214457828562981 0.9469279849512853 0
    outer loop
      vertex 101.3270492553711 53.006221771240234 7.399999618530273
      vertex 101.53142547607422 53.075599670410156 1.3899993896484375
      vertex 101.3270492553711 53.006221771240234 1.3899993896484375
    endloop
  endfacet
  facet normal -0.9807847601899436 -0.1950929372867059 0
    outer loop
      vertex 102.53588104248047 54.81536865234375 1.3899993896484375
      vertex 102.4937744140625 55.02705001831055 7.399999618530273
      vertex 102.4937744140625 55.02705001831055 1.3899993896484375
    endloop
  endfacet
  facet normal -0.9807847601899436 -0.1950929372867059 0
    outer loop
      vertex 102.4937744140625 55.02705001831055 7.399999618530273
      vertex 102.53588104248047 54.81536865234375 1.3899993896484375
      vertex 102.53588104248047 54.81536865234375 7.399999618530273
    endloop
  endfacet
  facet normal 0.896873943915 -0.4422862520205139 0
    outer loop
      vertex 99.37559509277344 55.23142623901367 7.399999618530273
      vertex 99.47105407714844 55.42499923706055 1.3899993896484375
      vertex 99.47105407714844 55.42499923706055 7.399999618530273
    endloop
  endfacet
  facet normal 0.896873943915 -0.4422862520205139 0
    outer loop
      vertex 99.47105407714844 55.42499923706055 1.3899993896484375
      vertex 99.37559509277344 55.23142623901367 7.399999618530273
      vertex 99.37559509277344 55.23142623901367 1.3899993896484375
    endloop
  endfacet
  facet normal -0.5555605085258889 0.8314761099192542 0
    outer loop
      vertex 101.90445709228516 53.29096603393555 1.3899993896484375
      vertex 101.7249984741211 53.171058654785156 7.399999618530273
      vertex 101.90445709228516 53.29096603393555 7.399999618530273
    endloop
  endfacet
  facet normal -0.5555605085258889 0.8314761099192542 0
    outer loop
      vertex 101.7249984741211 53.171058654785156 7.399999618530273
      vertex 101.90445709228516 53.29096603393555 1.3899993896484375
      vertex 101.7249984741211 53.171058654785156 1.3899993896484375
    endloop
  endfacet
  facet normal -0.3214457828562981 -0.9469279849512853 0
    outer loop
      vertex 101.3270492553711 56.19377899169922 1.3899993896484375
      vertex 101.53142547607422 56.1244010925293 7.399999618530273
      vertex 101.3270492553711 56.19377899169922 7.399999618530273
    endloop
  endfacet
  facet normal -0.3214457828562981 -0.9469279849512853 0
    outer loop
      vertex 101.53142547607422 56.1244010925293 7.399999618530273
      vertex 101.3270492553711 56.19377899169922 1.3899993896484375
      vertex 101.53142547607422 56.1244010925293 1.3899993896484375
    endloop
  endfacet
  facet normal -0.896873943915 -0.4422862520205139 0
    outer loop
      vertex 102.42440032958984 55.23142623901367 1.3899993896484375
      vertex 102.32894134521484 55.42499923706055 7.399999618530273
      vertex 102.32894134521484 55.42499923706055 1.3899993896484375
    endloop
  endfacet
  facet normal -0.896873943915 -0.4422862520205139 0
    outer loop
      vertex 102.32894134521484 55.42499923706055 7.399999618530273
      vertex 102.42440032958984 55.23142623901367 1.3899993896484375
      vertex 102.42440032958984 55.23142623901367 7.399999618530273
    endloop
  endfacet
  facet normal -0.7518470339766762 -0.6593375747676413 0
    outer loop
      vertex 102.20903015136719 55.604454040527344 1.3899993896484375
      vertex 102.06672668457031 55.7667236328125 7.399999618530273
      vertex 102.06672668457031 55.7667236328125 1.3899993896484375
    endloop
  endfacet
  facet normal -0.7518470339766762 -0.6593375747676413 0
    outer loop
      vertex 102.06672668457031 55.7667236328125 7.399999618530273
      vertex 102.20903015136719 55.604454040527344 1.3899993896484375
      vertex 102.20903015136719 55.604454040527344 7.399999618530273
    endloop
  endfacet
  facet normal -0.8314624899880863 -0.5555808921685587 0
    outer loop
      vertex 102.32894134521484 55.42499923706055 1.3899993896484375
      vertex 102.20903015136719 55.604454040527344 7.399999618530273
      vertex 102.20903015136719 55.604454040527344 1.3899993896484375
    endloop
  endfacet
  facet normal -0.8314624899880863 -0.5555808921685587 0
    outer loop
      vertex 102.20903015136719 55.604454040527344 7.399999618530273
      vertex 102.32894134521484 55.42499923706055 1.3899993896484375
      vertex 102.32894134521484 55.42499923706055 7.399999618530273
    endloop
  endfacet
  facet normal 0.3214457828562981 -0.9469279849512853 0
    outer loop
      vertex 100.26856994628906 56.1244010925293 1.3899993896484375
      vertex 100.47294616699219 56.19377899169922 7.399999618530273
      vertex 100.26856994628906 56.1244010925293 7.399999618530273
    endloop
  endfacet
  facet normal 0.3214457828562981 -0.9469279849512853 0
    outer loop
      vertex 100.47294616699219 56.19377899169922 7.399999618530273
      vertex 100.26856994628906 56.1244010925293 1.3899993896484375
      vertex 100.47294616699219 56.19377899169922 1.3899993896484375
    endloop
  endfacet
  facet normal -0.19509631928818955 0.9807840874525855 0
    outer loop
      vertex 101.3270492553711 53.006221771240234 1.3899993896484375
      vertex 101.11537170410156 52.964115142822266 7.399999618530273
      vertex 101.3270492553711 53.006221771240234 7.399999618530273
    endloop
  endfacet
  facet normal -0.19509631928818955 0.9807840874525855 0
    outer loop
      vertex 101.11537170410156 52.964115142822266 7.399999618530273
      vertex 101.3270492553711 53.006221771240234 1.3899993896484375
      vertex 101.11537170410156 52.964115142822266 1.3899993896484375
    endloop
  endfacet
  facet normal -0.5555605085258889 -0.8314761099192542 0
    outer loop
      vertex 101.7249984741211 56.0289421081543 1.3899993896484375
      vertex 101.90445709228516 55.909034729003906 7.399999618530273
      vertex 101.7249984741211 56.0289421081543 7.399999618530273
    endloop
  endfacet
  facet normal -0.5555605085258889 -0.8314761099192542 0
    outer loop
      vertex 101.90445709228516 55.909034729003906 7.399999618530273
      vertex 101.7249984741211 56.0289421081543 1.3899993896484375
      vertex 101.90445709228516 55.909034729003906 1.3899993896484375
    endloop
  endfacet
  facet normal -0.4422862520205139 -0.896873943915 0
    outer loop
      vertex 101.53142547607422 56.1244010925293 1.3899993896484375
      vertex 101.7249984741211 56.0289421081543 7.399999618530273
      vertex 101.53142547607422 56.1244010925293 7.399999618530273
    endloop
  endfacet
  facet normal -0.4422862520205139 -0.896873943915 0
    outer loop
      vertex 101.7249984741211 56.0289421081543 7.399999618530273
      vertex 101.53142547607422 56.1244010925293 1.3899993896484375
      vertex 101.7249984741211 56.0289421081543 1.3899993896484375
    endloop
  endfacet
  facet normal 0.9807847601899436 -0.1950929372867059 0
    outer loop
      vertex 99.26411437988281 54.81536865234375 7.399999618530273
      vertex 99.30622100830078 55.02705001831055 1.3899993896484375
      vertex 99.30622100830078 55.02705001831055 7.399999618530273
    endloop
  endfacet
  facet normal 0.9807847601899436 -0.1950929372867059 0
    outer loop
      vertex 99.30622100830078 55.02705001831055 1.3899993896484375
      vertex 99.26411437988281 54.81536865234375 7.399999618530273
      vertex 99.26411437988281 54.81536865234375 1.3899993896484375
    endloop
  endfacet
  facet normal -0.9807854328923171 0.1950895554001549 0
    outer loop
      vertex 102.4937744140625 54.17294692993164 1.3899993896484375
      vertex 102.53588104248047 54.3846321105957 7.399999618530273
      vertex 102.53588104248047 54.3846321105957 1.3899993896484375
    endloop
  endfacet
  facet normal -0.9807854328923171 0.1950895554001549 0
    outer loop
      vertex 102.53588104248047 54.3846321105957 7.399999618530273
      vertex 102.4937744140625 54.17294692993164 1.3899993896484375
      vertex 102.4937744140625 54.17294692993164 7.399999618530273
    endloop
  endfacet
  facet normal 0.94693336471388 0.3214299344984064 0
    outer loop
      vertex 99.37559509277344 53.968570709228516 7.399999618530273
      vertex 99.30622100830078 54.17294692993164 1.3899993896484375
      vertex 99.30622100830078 54.17294692993164 7.399999618530273
    endloop
  endfacet
  facet normal 0.94693336471388 0.3214299344984064 0
    outer loop
      vertex 99.30622100830078 54.17294692993164 1.3899993896484375
      vertex 99.37559509277344 53.968570709228516 7.399999618530273
      vertex 99.37559509277344 53.968570709228516 1.3899993896484375
    endloop
  endfacet
  facet normal 0.8314679454644731 0.5555727276109652 0
    outer loop
      vertex 99.5909652709961 53.595542907714844 7.399999618530273
      vertex 99.47105407714844 53.775001525878906 1.3899993896484375
      vertex 99.47105407714844 53.775001525878906 7.399999618530273
    endloop
  endfacet
  facet normal 0.8314679454644731 0.5555727276109652 0
    outer loop
      vertex 99.47105407714844 53.775001525878906 1.3899993896484375
      vertex 99.5909652709961 53.595542907714844 7.399999618530273
      vertex 99.5909652709961 53.595542907714844 1.3899993896484375
    endloop
  endfacet
  facet normal 0.06539516009186978 -0.9978594455315632 0
    outer loop
      vertex 100.68463134765625 56.23588562011719 1.3899993896484375
      vertex 100.9000015258789 56.25 7.399999618530273
      vertex 100.68463134765625 56.23588562011719 7.399999618530273
    endloop
  endfacet
  facet normal 0.06539516009186978 -0.9978594455315632 0
    outer loop
      vertex 100.9000015258789 56.25 7.399999618530273
      vertex 100.68463134765625 56.23588562011719 1.3899993896484375
      vertex 100.9000015258789 56.25 1.3899993896484375
    endloop
  endfacet
  facet normal 0.4422862520205139 -0.896873943915 0
    outer loop
      vertex 100.07499694824219 56.0289421081543 1.3899993896484375
      vertex 100.26856994628906 56.1244010925293 7.399999618530273
      vertex 100.07499694824219 56.0289421081543 7.399999618530273
    endloop
  endfacet
  facet normal 0.4422862520205139 -0.896873943915 0
    outer loop
      vertex 100.26856994628906 56.1244010925293 7.399999618530273
      vertex 100.07499694824219 56.0289421081543 1.3899993896484375
      vertex 100.26856994628906 56.1244010925293 1.3899993896484375
    endloop
  endfacet
  facet normal 0.94693336471388 -0.3214299344984064 0
    outer loop
      vertex 99.30622100830078 55.02705001831055 7.399999618530273
      vertex 99.37559509277344 55.23142623901367 1.3899993896484375
      vertex 99.37559509277344 55.23142623901367 7.399999618530273
    endloop
  endfacet
  facet normal 0.94693336471388 -0.3214299344984064 0
    outer loop
      vertex 99.37559509277344 55.23142623901367 1.3899993896484375
      vertex 99.30622100830078 55.02705001831055 7.399999618530273
      vertex 99.30622100830078 55.02705001831055 1.3899993896484375
    endloop
  endfacet
  facet normal -0.6593575561816274 -0.7518295106646135 0
    outer loop
      vertex 101.90445709228516 55.909034729003906 1.3899993896484375
      vertex 102.06672668457031 55.7667236328125 7.399999618530273
      vertex 101.90445709228516 55.909034729003906 7.399999618530273
    endloop
  endfacet
  facet normal -0.6593575561816274 -0.7518295106646135 0
    outer loop
      vertex 102.06672668457031 55.7667236328125 7.399999618530273
      vertex 101.90445709228516 55.909034729003906 1.3899993896484375
      vertex 102.06672668457031 55.7667236328125 1.3899993896484375
    endloop
  endfacet
  facet normal 0.1950895554001549 -0.9807854328923171 0
    outer loop
      vertex 100.47294616699219 56.19377899169922 1.3899993896484375
      vertex 100.68463134765625 56.23588562011719 7.399999618530273
      vertex 100.47294616699219 56.19377899169922 7.399999618530273
    endloop
  endfacet
  facet normal 0.1950895554001549 -0.9807854328923171 0
    outer loop
      vertex 100.68463134765625 56.23588562011719 7.399999618530273
      vertex 100.47294616699219 56.19377899169922 1.3899993896484375
      vertex 100.68463134765625 56.23588562011719 1.3899993896484375
    endloop
  endfacet
  facet normal -0.6593475656492765 0.7518382722849196 0
    outer loop
      vertex 102.06672668457031 53.43327331542969 1.3899993896484375
      vertex 101.90445709228516 53.29096603393555 7.399999618530273
      vertex 102.06672668457031 53.43327331542969 7.399999618530273
    endloop
  endfacet
  facet normal -0.6593475656492765 0.7518382722849196 0
    outer loop
      vertex 101.90445709228516 53.29096603393555 7.399999618530273
      vertex 102.06672668457031 53.43327331542969 1.3899993896484375
      vertex 101.90445709228516 53.29096603393555 1.3899993896484375
    endloop
  endfacet
  facet normal -0.8314679454644731 0.5555727276109652 0
    outer loop
      vertex 102.20903015136719 53.595542907714844 1.3899993896484375
      vertex 102.32894134521484 53.775001525878906 7.399999618530273
      vertex 102.32894134521484 53.775001525878906 1.3899993896484375
    endloop
  endfacet
  facet normal -0.8314679454644731 0.5555727276109652 0
    outer loop
      vertex 102.32894134521484 53.775001525878906 7.399999618530273
      vertex 102.20903015136719 53.595542907714844 1.3899993896484375
      vertex 102.20903015136719 53.595542907714844 7.399999618530273
    endloop
  endfacet
  facet normal -0.7518470339766762 0.6593375747676413 0
    outer loop
      vertex 102.06672668457031 53.43327331542969 1.3899993896484375
      vertex 102.20903015136719 53.595542907714844 7.399999618530273
      vertex 102.20903015136719 53.595542907714844 1.3899993896484375
    endloop
  endfacet
  facet normal -0.7518470339766762 0.6593375747676413 0
    outer loop
      vertex 102.20903015136719 53.595542907714844 7.399999618530273
      vertex 102.06672668457031 53.43327331542969 1.3899993896484375
      vertex 102.06672668457031 53.43327331542969 7.399999618530273
    endloop
  endfacet
  facet normal -0.8968704864012552 0.4422932631437836 0
    outer loop
      vertex 102.32894134521484 53.775001525878906 1.3899993896484375
      vertex 102.42440032958984 53.968570709228516 7.399999618530273
      vertex 102.42440032958984 53.968570709228516 1.3899993896484375
    endloop
  endfacet
  facet normal -0.8968704864012552 0.4422932631437836 0
    outer loop
      vertex 102.42440032958984 53.968570709228516 7.399999618530273
      vertex 102.32894134521484 53.775001525878906 1.3899993896484375
      vertex 102.32894134521484 53.775001525878906 7.399999618530273
    endloop
  endfacet
  facet normal 0.8314624899880863 -0.5555808921685587 0
    outer loop
      vertex 99.47105407714844 55.42499923706055 7.399999618530273
      vertex 99.5909652709961 55.604454040527344 1.3899993896484375
      vertex 99.5909652709961 55.604454040527344 7.399999618530273
    endloop
  endfacet
  facet normal 0.8314624899880863 -0.5555808921685587 0
    outer loop
      vertex 99.5909652709961 55.604454040527344 1.3899993896484375
      vertex 99.47105407714844 55.42499923706055 7.399999618530273
      vertex 99.47105407714844 55.42499923706055 1.3899993896484375
    endloop
  endfacet
  facet normal -0.94693336471388 0.3214299344984064 0
    outer loop
      vertex 102.42440032958984 53.968570709228516 1.3899993896484375
      vertex 102.4937744140625 54.17294692993164 7.399999618530273
      vertex 102.4937744140625 54.17294692993164 1.3899993896484375
    endloop
  endfacet
  facet normal -0.94693336471388 0.3214299344984064 0
    outer loop
      vertex 102.4937744140625 54.17294692993164 7.399999618530273
      vertex 102.42440032958984 53.968570709228516 1.3899993896484375
      vertex 102.42440032958984 53.968570709228516 7.399999618530273
    endloop
  endfacet
  facet normal 0.65934603353675 0.7518396159150933 0
    outer loop
      vertex 4.512839317321777 4.240604400634766 0
      vertex 4.207968711853027 4.507968902587891 1.3899993896484375
      vertex 4.512839317321777 4.240604400634766 1.3899993896484375
    endloop
  endfacet
  facet normal 0.65934603353675 0.7518396159150933 0
    outer loop
      vertex 4.207968711853027 4.507968902587891 1.3899993896484375
      vertex 4.512839317321777 4.240604400634766 0
      vertex 4.207968711853027 4.507968902587891 0
    endloop
  endfacet
  facet normal -0.7518396159150933 -0.65934603353675 0
    outer loop
      vertex 8.859395027160645 8.587160110473633 0
      vertex 8.59203052520752 8.892030715942383 1.3899993896484375
      vertex 8.59203052520752 8.892030715942383 0
    endloop
  endfacet
  facet normal -0.7518396159150933 -0.65934603353675 0
    outer loop
      vertex 8.59203052520752 8.892030715942383 1.3899993896484375
      vertex 8.859395027160645 8.587160110473633 0
      vertex 8.859395027160645 8.587160110473633 1.3899993896484375
    endloop
  endfacet
  facet normal -0.19509071152015586 -0.9807852029259817 0
    outer loop
      vertex 6.804630279541016 9.773478507995605 0
      vertex 7.202338218688965 9.694369316101074 1.3899993896484375
      vertex 6.804630279541016 9.773478507995605 1.3899993896484375
    endloop
  endfacet
  facet normal -0.19509071152015586 -0.9807852029259817 0
    outer loop
      vertex 7.202338218688965 9.694369316101074 1.3899993896484375
      vertex 6.804630279541016 9.773478507995605 0
      vertex 7.202338218688965 9.694369316101074 0
    endloop
  endfacet
  facet normal 0.19509071152015586 -0.9807852029259817 0
    outer loop
      vertex 5.597660064697266 9.694369316101074 0
      vertex 5.995368003845215 9.773478507995605 1.3899993896484375
      vertex 5.597660064697266 9.694369316101074 1.3899993896484375
    endloop
  endfacet
  facet normal 0.19509071152015586 -0.9807852029259817 0
    outer loop
      vertex 5.995368003845215 9.773478507995605 1.3899993896484375
      vertex 5.597660064697266 9.694369316101074 0
      vertex 5.995368003845215 9.773478507995605 0
    endloop
  endfacet
  facet normal -0.5555693561640515 -0.831470198198024 0
    outer loop
      vertex 7.949999809265137 9.38467788696289 0
      vertex 8.28715991973877 9.159395217895508 1.3899993896484375
      vertex 7.949999809265137 9.38467788696289 1.3899993896484375
    endloop
  endfacet
  facet normal -0.5555693561640515 -0.831470198198024 0
    outer loop
      vertex 8.28715991973877 9.159395217895508 1.3899993896484375
      vertex 7.949999809265137 9.38467788696289 0
      vertex 8.28715991973877 9.159395217895508 0
    endloop
  endfacet
  facet normal 0.8314691117833426 0.5555709820987946 0
    outer loop
      vertex 3.9406042098999023 4.812839508056641 1.3899993896484375
      vertex 3.715320587158203 5.149999618530273 0
      vertex 3.715320587158203 5.149999618530273 1.3899993896484375
    endloop
  endfacet
  facet normal 0.8314691117833426 0.5555709820987946 0
    outer loop
      vertex 3.715320587158203 5.149999618530273 0
      vertex 3.9406042098999023 4.812839508056641 1.3899993896484375
      vertex 3.9406042098999023 4.812839508056641 0
    endloop
  endfacet
  facet normal -0.9978587964030099 -0.0654050643386011 0
    outer loop
      vertex 9.5 6.699999809265137 0
      vertex 9.473478317260742 7.104630470275879 1.3899993896484375
      vertex 9.473478317260742 7.104630470275879 0
    endloop
  endfacet
  facet normal -0.9978587964030099 -0.0654050643386011 0
    outer loop
      vertex 9.473478317260742 7.104630470275879 1.3899993896484375
      vertex 9.5 6.699999809265137 0
      vertex 9.5 6.699999809265137 1.3899993896484375
    endloop
  endfacet
  facet normal -0.9807852029259817 0.19509071152015586 0
    outer loop
      vertex 9.394369125366211 5.897660255432129 0
      vertex 9.473478317260742 6.295368194580078 1.3899993896484375
      vertex 9.473478317260742 6.295368194580078 0
    endloop
  endfacet
  facet normal -0.9807852029259817 0.19509071152015586 0
    outer loop
      vertex 9.473478317260742 6.295368194580078 1.3899993896484375
      vertex 9.394369125366211 5.897660255432129 0
      vertex 9.394369125366211 5.897660255432129 1.3899993896484375
    endloop
  endfacet
  facet normal -0.9469302348368954 -0.32143915497608905 0
    outer loop
      vertex 9.394369125366211 7.502338409423828 0
      vertex 9.264025688171387 7.886318206787109 1.3899993896484375
      vertex 9.264025688171387 7.886318206787109 0
    endloop
  endfacet
  facet normal -0.9469302348368954 -0.32143915497608905 0
    outer loop
      vertex 9.264025688171387 7.886318206787109 1.3899993896484375
      vertex 9.394369125366211 7.502338409423828 0
      vertex 9.394369125366211 7.502338409423828 1.3899993896484375
    endloop
  endfacet
  facet normal -0.65934603353675 -0.7518396159150933 0
    outer loop
      vertex 8.28715991973877 9.159395217895508 0
      vertex 8.59203052520752 8.892030715942383 1.3899993896484375
      vertex 8.28715991973877 9.159395217895508 1.3899993896484375
    endloop
  endfacet
  facet normal -0.65934603353675 -0.7518396159150933 0
    outer loop
      vertex 8.59203052520752 8.892030715942383 1.3899993896484375
      vertex 8.28715991973877 9.159395217895508 0
      vertex 8.59203052520752 8.892030715942383 0
    endloop
  endfacet
  facet normal 0.8314691117833426 -0.5555709820987946 0
    outer loop
      vertex 3.715320587158203 8.25 1.3899993896484375
      vertex 3.9406042098999023 8.587160110473633 0
      vertex 3.9406042098999023 8.587160110473633 1.3899993896484375
    endloop
  endfacet
  facet normal 0.8314691117833426 -0.5555709820987946 0
    outer loop
      vertex 3.9406042098999023 8.587160110473633 0
      vertex 3.715320587158203 8.25 1.3899993896484375
      vertex 3.715320587158203 8.25 0
    endloop
  endfacet
  facet normal -0.8314691117833426 -0.5555709820987946 0
    outer loop
      vertex 9.084678649902344 8.25 0
      vertex 8.859395027160645 8.587160110473633 1.3899993896484375
      vertex 8.859395027160645 8.587160110473633 0
    endloop
  endfacet
  facet normal -0.8314691117833426 -0.5555709820987946 0
    outer loop
      vertex 8.859395027160645 8.587160110473633 1.3899993896484375
      vertex 9.084678649902344 8.25 0
      vertex 9.084678649902344 8.25 1.3899993896484375
    endloop
  endfacet
  facet normal -0.7518396159150933 0.65934603353675 0
    outer loop
      vertex 8.59203052520752 4.507968902587891 0
      vertex 8.859395027160645 4.812839508056641 1.3899993896484375
      vertex 8.859395027160645 4.812839508056641 0
    endloop
  endfacet
  facet normal -0.7518396159150933 0.65934603353675 0
    outer loop
      vertex 8.859395027160645 4.812839508056641 1.3899993896484375
      vertex 8.59203052520752 4.507968902587891 0
      vertex 8.59203052520752 4.507968902587891 1.3899993896484375
    endloop
  endfacet
  facet normal -0.9807852029259817 -0.19509071152015586 0
    outer loop
      vertex 9.473478317260742 7.104630470275879 0
      vertex 9.394369125366211 7.502338409423828 1.3899993896484375
      vertex 9.394369125366211 7.502338409423828 0
    endloop
  endfacet
  facet normal -0.9807852029259817 -0.19509071152015586 0
    outer loop
      vertex 9.394369125366211 7.502338409423828 1.3899993896484375
      vertex 9.473478317260742 7.104630470275879 0
      vertex 9.473478317260742 7.104630470275879 1.3899993896484375
    endloop
  endfacet
  facet normal 0.9978587964030099 -0.0654050643386011 0
    outer loop
      vertex 3.299999237060547 6.699999809265137 1.3899993896484375
      vertex 3.3265209197998047 7.104630470275879 0
      vertex 3.3265209197998047 7.104630470275879 1.3899993896484375
    endloop
  endfacet
  facet normal 0.9978587964030099 -0.0654050643386011 0
    outer loop
      vertex 3.3265209197998047 7.104630470275879 0
      vertex 3.299999237060547 6.699999809265137 1.3899993896484375
      vertex 3.299999237060547 6.699999809265137 0
    endloop
  endfacet
  facet normal -0.19509071152015586 0.9807852029259817 0
    outer loop
      vertex 7.202338218688965 3.705629348754883 0
      vertex 6.804630279541016 3.6265201568603516 1.3899993896484375
      vertex 7.202338218688965 3.705629348754883 1.3899993896484375
    endloop
  endfacet
  facet normal -0.19509071152015586 0.9807852029259817 0
    outer loop
      vertex 6.804630279541016 3.6265201568603516 1.3899993896484375
      vertex 7.202338218688965 3.705629348754883 0
      vertex 6.804630279541016 3.6265201568603516 0
    endloop
  endfacet
  facet normal -0.8968736949105232 -0.44228675695474495 0
    outer loop
      vertex 9.264025688171387 7.886318206787109 0
      vertex 9.084678649902344 8.25 1.3899993896484375
      vertex 9.084678649902344 8.25 0
    endloop
  endfacet
  facet normal -0.8968736949105232 -0.44228675695474495 0
    outer loop
      vertex 9.084678649902344 8.25 1.3899993896484375
      vertex 9.264025688171387 7.886318206787109 0
      vertex 9.264025688171387 7.886318206787109 1.3899993896484375
    endloop
  endfacet
  facet normal 0.9469302348368954 -0.32143915497608905 0
    outer loop
      vertex 3.4056291580200195 7.502338409423828 1.3899993896484375
      vertex 3.5359725952148438 7.886318206787109 0
      vertex 3.5359725952148438 7.886318206787109 1.3899993896484375
    endloop
  endfacet
  facet normal 0.9469302348368954 -0.32143915497608905 0
    outer loop
      vertex 3.5359725952148438 7.886318206787109 0
      vertex 3.4056291580200195 7.502338409423828 1.3899993896484375
      vertex 3.4056291580200195 7.502338409423828 0
    endloop
  endfacet
  facet normal -0.8314691117833426 0.5555709820987946 0
    outer loop
      vertex 8.859395027160645 4.812839508056641 0
      vertex 9.084678649902344 5.149999618530273 1.3899993896484375
      vertex 9.084678649902344 5.149999618530273 0
    endloop
  endfacet
  facet normal -0.8314691117833426 0.5555709820987946 0
    outer loop
      vertex 9.084678649902344 5.149999618530273 1.3899993896484375
      vertex 8.859395027160645 4.812839508056641 0
      vertex 8.859395027160645 4.812839508056641 1.3899993896484375
    endloop
  endfacet
  facet normal -0.4422886487394447 0.8968727619881408 0
    outer loop
      vertex 7.949999809265137 4.015320777893066 0
      vertex 7.586318016052246 3.835972785949707 1.3899993896484375
      vertex 7.949999809265137 4.015320777893066 1.3899993896484375
    endloop
  endfacet
  facet normal -0.4422886487394447 0.8968727619881408 0
    outer loop
      vertex 7.586318016052246 3.835972785949707 1.3899993896484375
      vertex 7.949999809265137 4.015320777893066 0
      vertex 7.586318016052246 3.835972785949707 0
    endloop
  endfacet
  facet normal -0.997858806463789 0.06540491084515428 0
    outer loop
      vertex 9.473478317260742 6.295368194580078 0
      vertex 9.5 6.699999809265137 1.3899993896484375
      vertex 9.5 6.699999809265137 0
    endloop
  endfacet
  facet normal -0.997858806463789 0.06540491084515428 0
    outer loop
      vertex 9.5 6.699999809265137 1.3899993896484375
      vertex 9.473478317260742 6.295368194580078 0
      vertex 9.473478317260742 6.295368194580078 1.3899993896484375
    endloop
  endfacet
  facet normal 0.4422886487394447 -0.8968727619881408 0
    outer loop
      vertex 4.84999942779541 9.38467788696289 0
      vertex 5.213681221008301 9.56402587890625 1.3899993896484375
      vertex 4.84999942779541 9.38467788696289 1.3899993896484375
    endloop
  endfacet
  facet normal 0.4422886487394447 -0.8968727619881408 0
    outer loop
      vertex 5.213681221008301 9.56402587890625 1.3899993896484375
      vertex 4.84999942779541 9.38467788696289 0
      vertex 5.213681221008301 9.56402587890625 0
    endloop
  endfacet
  facet normal -0.5555709820987946 0.8314691117833426 0
    outer loop
      vertex 8.28715991973877 4.240604400634766 0
      vertex 7.949999809265137 4.015320777893066 1.3899993896484375
      vertex 8.28715991973877 4.240604400634766 1.3899993896484375
    endloop
  endfacet
  facet normal -0.5555709820987946 0.8314691117833426 0
    outer loop
      vertex 7.949999809265137 4.015320777893066 1.3899993896484375
      vertex 8.28715991973877 4.240604400634766 0
      vertex 7.949999809265137 4.015320777893066 0
    endloop
  endfacet
  facet normal -0.65934603353675 0.7518396159150933 0
    outer loop
      vertex 8.59203052520752 4.507968902587891 0
      vertex 8.28715991973877 4.240604400634766 1.3899993896484375
      vertex 8.59203052520752 4.507968902587891 1.3899993896484375
    endloop
  endfacet
  facet normal -0.65934603353675 0.7518396159150933 0
    outer loop
      vertex 8.28715991973877 4.240604400634766 1.3899993896484375
      vertex 8.59203052520752 4.507968902587891 0
      vertex 8.28715991973877 4.240604400634766 0
    endloop
  endfacet
  facet normal -0.8968732348456673 0.4422876898778313 0
    outer loop
      vertex 9.084678649902344 5.149999618530273 0
      vertex 9.264025688171387 5.513680458068848 1.3899993896484375
      vertex 9.264025688171387 5.513680458068848 0
    endloop
  endfacet
  facet normal -0.8968732348456673 0.4422876898778313 0
    outer loop
      vertex 9.264025688171387 5.513680458068848 1.3899993896484375
      vertex 9.084678649902344 5.149999618530273 0
      vertex 9.084678649902344 5.149999618530273 1.3899993896484375
    endloop
  endfacet
  facet normal -0.9469302348368954 0.32143915497608905 0
    outer loop
      vertex 9.264025688171387 5.513680458068848 0
      vertex 9.394369125366211 5.897660255432129 1.3899993896484375
      vertex 9.394369125366211 5.897660255432129 0
    endloop
  endfacet
  facet normal -0.9469302348368954 0.32143915497608905 0
    outer loop
      vertex 9.394369125366211 5.897660255432129 1.3899993896484375
      vertex 9.264025688171387 5.513680458068848 0
      vertex 9.264025688171387 5.513680458068848 1.3899993896484375
    endloop
  endfacet
  facet normal -0.32143915497608905 -0.9469302348368954 0
    outer loop
      vertex 7.202338218688965 9.694369316101074 0
      vertex 7.586318016052246 9.56402587890625 1.3899993896484375
      vertex 7.202338218688965 9.694369316101074 1.3899993896484375
    endloop
  endfacet
  facet normal -0.32143915497608905 -0.9469302348368954 0
    outer loop
      vertex 7.586318016052246 9.56402587890625 1.3899993896484375
      vertex 7.202338218688965 9.694369316101074 0
      vertex 7.586318016052246 9.56402587890625 0
    endloop
  endfacet
  facet normal 0.997858806463789 0.06540491084515428 0
    outer loop
      vertex 3.3265209197998047 6.295368194580078 1.3899993896484375
      vertex 3.299999237060547 6.699999809265137 0
      vertex 3.299999237060547 6.699999809265137 1.3899993896484375
    endloop
  endfacet
  facet normal 0.997858806463789 0.06540491084515428 0
    outer loop
      vertex 3.299999237060547 6.699999809265137 0
      vertex 3.3265209197998047 6.295368194580078 1.3899993896484375
      vertex 3.3265209197998047 6.295368194580078 0
    endloop
  endfacet
  facet normal -0.06540272254470993 -0.9978589498940917 0
    outer loop
      vertex 6.399999618530273 9.799999237060547 0
      vertex 6.804630279541016 9.773478507995605 1.3899993896484375
      vertex 6.399999618530273 9.799999237060547 1.3899993896484375
    endloop
  endfacet
  facet normal -0.06540272254470993 -0.9978589498940917 0
    outer loop
      vertex 6.804630279541016 9.773478507995605 1.3899993896484375
      vertex 6.399999618530273 9.799999237060547 0
      vertex 6.804630279541016 9.773478507995605 0
    endloop
  endfacet
  facet normal -0.4422886487394447 -0.8968727619881408 0
    outer loop
      vertex 7.586318016052246 9.56402587890625 0
      vertex 7.949999809265137 9.38467788696289 1.3899993896484375
      vertex 7.586318016052246 9.56402587890625 1.3899993896484375
    endloop
  endfacet
  facet normal -0.4422886487394447 -0.8968727619881408 0
    outer loop
      vertex 7.949999809265137 9.38467788696289 1.3899993896484375
      vertex 7.586318016052246 9.56402587890625 0
      vertex 7.949999809265137 9.38467788696289 0
    endloop
  endfacet
  facet normal 0 0 -1
    outer loop
      vertex 8.049999237060547 6.699999809265137 1.3899993896484375
      vertex 9.5 6.699999809265137 1.3899993896484375
      vertex 9.473478317260742 6.295368194580078 1.3899993896484375
    endloop
  endfacet
  facet normal 0 0 -1
    outer loop
      vertex 8.035883903503418 6.484631538391113 1.3899993896484375
      vertex 9.473478317260742 6.295368194580078 1.3899993896484375
      vertex 9.394369125366211 5.897660255432129 1.3899993896484375
    endloop
  endfacet
  facet normal 0 0 -1
    outer loop
      vertex 9.5 6.699999809265137 1.3899993896484375
      vertex 8.049999237060547 6.699999809265137 1.3899993896484375
      vertex 9.473478317260742 7.104630470275879 1.3899993896484375
    endloop
  endfacet
  facet normal 0 0 -1
    outer loop
      vertex 7.993777275085449 6.272948265075684 1.3899993896484375
      vertex 9.394369125366211 5.897660255432129 1.3899993896484375
      vertex 9.264025688171387 5.513680458068848 1.3899993896484375
    endloop
  endfacet
  facet normal 0 0 -1
    outer loop
      vertex 8.035883903503418 6.91536808013916 1.3899993896484375
      vertex 9.473478317260742 7.104630470275879 1.3899993896484375
      vertex 8.049999237060547 6.699999809265137 1.3899993896484375
    endloop
  endfacet
  facet normal 0 0 -1
    outer loop
      vertex 7.924400329589844 6.068572044372559 1.3899993896484375
      vertex 9.264025688171387 5.513680458068848 1.3899993896484375
      vertex 9.084678649902344 5.149999618530273 1.3899993896484375
    endloop
  endfacet
  facet normal 0 0 -1
    outer loop
      vertex 9.473478317260742 7.104630470275879 1.3899993896484375
      vertex 8.035883903503418 6.91536808013916 1.3899993896484375
      vertex 9.394369125366211 7.502338409423828 1.3899993896484375
    endloop
  endfacet
  facet normal 0 0 -1
    outer loop
      vertex 7.828941345214844 5.874999046325684 1.3899993896484375
      vertex 9.084678649902344 5.149999618530273 1.3899993896484375
      vertex 8.859395027160645 4.812839508056641 1.3899993896484375
    endloop
  endfacet
  facet normal 0 0 -1
    outer loop
      vertex 7.993777275085449 7.12705135345459 1.3899993896484375
      vertex 9.394369125366211 7.502338409423828 1.3899993896484375
      vertex 8.035883903503418 6.91536808013916 1.3899993896484375
    endloop
  endfacet
  facet normal 0 0 -1
    outer loop
      vertex 7.70903205871582 5.69554328918457 1.3899993896484375
      vertex 8.859395027160645 4.812839508056641 1.3899993896484375
      vertex 8.59203052520752 4.507968902587891 1.3899993896484375
    endloop
  endfacet
  facet normal 0 0 -1
    outer loop
      vertex 9.394369125366211 7.502338409423828 1.3899993896484375
      vertex 7.993777275085449 7.12705135345459 1.3899993896484375
      vertex 9.264025688171387 7.886318206787109 1.3899993896484375
    endloop
  endfacet
  facet normal 0 0 -1
    outer loop
      vertex 7.566725730895996 5.533273696899414 1.3899993896484375
      vertex 8.59203052520752 4.507968902587891 1.3899993896484375
      vertex 8.28715991973877 4.240604400634766 1.3899993896484375
    endloop
  endfacet
  facet normal 0 0 -1
    outer loop
      vertex 7.924400329589844 7.331427574157715 1.3899993896484375
      vertex 9.264025688171387 7.886318206787109 1.3899993896484375
      vertex 7.993777275085449 7.12705135345459 1.3899993896484375
    endloop
  endfacet
  facet normal 0 0 -1
    outer loop
      vertex 9.264025688171387 7.886318206787109 1.3899993896484375
      vertex 7.924400329589844 7.331427574157715 1.3899993896484375
      vertex 9.084678649902344 8.25 1.3899993896484375
    endloop
  endfacet
  facet normal 0 0 -1
    outer loop
      vertex 9.473478317260742 6.295368194580078 1.3899993896484375
      vertex 8.035883903503418 6.484631538391113 1.3899993896484375
      vertex 8.049999237060547 6.699999809265137 1.3899993896484375
    endloop
  endfacet
  facet normal 0 0 -1
    outer loop
      vertex 9.394369125366211 5.897660255432129 1.3899993896484375
      vertex 7.993777275085449 6.272948265075684 1.3899993896484375
      vertex 8.035883903503418 6.484631538391113 1.3899993896484375
    endloop
  endfacet
  facet normal 0 0 -1
    outer loop
      vertex 7.40445613861084 5.390966415405273 1.3899993896484375
      vertex 8.28715991973877 4.240604400634766 1.3899993896484375
      vertex 7.949999809265137 4.015320777893066 1.3899993896484375
    endloop
  endfacet
  facet normal 0 0 -1
    outer loop
      vertex 9.264025688171387 5.513680458068848 1.3899993896484375
      vertex 7.924400329589844 6.068572044372559 1.3899993896484375
      vertex 7.993777275085449 6.272948265075684 1.3899993896484375
    endloop
  endfacet
  facet normal 0 0 -1
    outer loop
      vertex 9.084678649902344 5.149999618530273 1.3899993896484375
      vertex 7.828941345214844 5.874999046325684 1.3899993896484375
      vertex 7.924400329589844 6.068572044372559 1.3899993896484375
    endloop
  endfacet
  facet normal 0 0 -1
    outer loop
      vertex 8.859395027160645 4.812839508056641 1.3899993896484375
      vertex 7.70903205871582 5.69554328918457 1.3899993896484375
      vertex 7.828941345214844 5.874999046325684 1.3899993896484375
    endloop
  endfacet
  facet normal 0 0 -1
    outer loop
      vertex 7.22499942779541 5.271058082580566 1.3899993896484375
      vertex 7.949999809265137 4.015320777893066 1.3899993896484375
      vertex 7.586318016052246 3.835972785949707 1.3899993896484375
    endloop
  endfacet
  facet normal 0 0 -1
    outer loop
      vertex 8.59203052520752 4.507968902587891 1.3899993896484375
      vertex 7.566725730895996 5.533273696899414 1.3899993896484375
      vertex 7.70903205871582 5.69554328918457 1.3899993896484375
    endloop
  endfacet
  facet normal 0 0 -1
    outer loop
      vertex 8.28715991973877 4.240604400634766 1.3899993896484375
      vertex 7.40445613861084 5.390966415405273 1.3899993896484375
      vertex 7.566725730895996 5.533273696899414 1.3899993896484375
    endloop
  endfacet
  facet normal 0 0 -1
    outer loop
      vertex 7.949999809265137 4.015320777893066 1.3899993896484375
      vertex 7.22499942779541 5.271058082580566 1.3899993896484375
      vertex 7.40445613861084 5.390966415405273 1.3899993896484375
    endloop
  endfacet
  facet normal 0 0 -1
    outer loop
      vertex 7.031427383422852 5.17559814453125 1.3899993896484375
      vertex 7.586318016052246 3.835972785949707 1.3899993896484375
      vertex 7.202338218688965 3.705629348754883 1.3899993896484375
    endloop
  endfacet
  facet normal 0 0 -1
    outer loop
      vertex 7.586318016052246 3.835972785949707 1.3899993896484375
      vertex 7.031427383422852 5.17559814453125 1.3899993896484375
      vertex 7.22499942779541 5.271058082580566 1.3899993896484375
    endloop
  endfacet
  facet normal 0 0 -1
    outer loop
      vertex 7.202338218688965 3.705629348754883 1.3899993896484375
      vertex 6.827051162719727 5.106222152709961 1.3899993896484375
      vertex 7.031427383422852 5.17559814453125 1.3899993896484375
    endloop
  endfacet
  facet normal 0 0 -1
    outer loop
      vertex 6.804630279541016 3.6265201568603516 1.3899993896484375
      vertex 6.827051162719727 5.106222152709961 1.3899993896484375
      vertex 7.202338218688965 3.705629348754883 1.3899993896484375
    endloop
  endfacet
  facet normal 0 0 -1
    outer loop
      vertex 6.804630279541016 3.6265201568603516 1.3899993896484375
      vertex 6.615367889404297 5.064115524291992 1.3899993896484375
      vertex 6.827051162719727 5.106222152709961 1.3899993896484375
    endloop
  endfacet
  facet normal 0 0 -1
    outer loop
      vertex 6.399999618530273 3.59999942779541 1.3899993896484375
      vertex 6.615367889404297 5.064115524291992 1.3899993896484375
      vertex 6.804630279541016 3.6265201568603516 1.3899993896484375
    endloop
  endfacet
  facet normal 0 0 -1
    outer loop
      vertex 6.399999618530273 3.59999942779541 1.3899993896484375
      vertex 6.399999618530273 5.049999237060547 1.3899993896484375
      vertex 6.615367889404297 5.064115524291992 1.3899993896484375
    endloop
  endfacet
  facet normal 0 0 -1
    outer loop
      vertex 6.399999618530273 3.59999942779541 1.3899993896484375
      vertex 6.18463134765625 5.064115524291992 1.3899993896484375
      vertex 6.399999618530273 5.049999237060547 1.3899993896484375
    endloop
  endfacet
  facet normal 0 0 -1
    outer loop
      vertex 5.995368003845215 3.6265201568603516 1.3899993896484375
      vertex 6.18463134765625 5.064115524291992 1.3899993896484375
      vertex 6.399999618530273 3.59999942779541 1.3899993896484375
    endloop
  endfacet
  facet normal 0 0 -1
    outer loop
      vertex 5.995368003845215 3.6265201568603516 1.3899993896484375
      vertex 5.97294807434082 5.106222152709961 1.3899993896484375
      vertex 6.18463134765625 5.064115524291992 1.3899993896484375
    endloop
  endfacet
  facet normal 0 0 -1
    outer loop
      vertex 5.597660064697266 3.705629348754883 1.3899993896484375
      vertex 5.97294807434082 5.106222152709961 1.3899993896484375
      vertex 5.995368003845215 3.6265201568603516 1.3899993896484375
    endloop
  endfacet
  facet normal 0 0 -1
    outer loop
      vertex 5.97294807434082 5.106222152709961 1.3899993896484375
      vertex 5.597660064697266 3.705629348754883 1.3899993896484375
      vertex 5.768571853637695 5.17559814453125 1.3899993896484375
    endloop
  endfacet
  facet normal 0 0 -1
    outer loop
      vertex 5.213681221008301 3.835972785949707 1.3899993896484375
      vertex 5.768571853637695 5.17559814453125 1.3899993896484375
      vertex 5.597660064697266 3.705629348754883 1.3899993896484375
    endloop
  endfacet
  facet normal 0 0 -1
    outer loop
      vertex 5.768571853637695 5.17559814453125 1.3899993896484375
      vertex 5.213681221008301 3.835972785949707 1.3899993896484375
      vertex 5.574999809265137 5.271058082580566 1.3899993896484375
    endloop
  endfacet
  facet normal 0 0 -1
    outer loop
      vertex 4.84999942779541 4.015320777893066 1.3899993896484375
      vertex 5.574999809265137 5.271058082580566 1.3899993896484375
      vertex 5.213681221008301 3.835972785949707 1.3899993896484375
    endloop
  endfacet
  facet normal 0 0 -1
    outer loop
      vertex 5.574999809265137 5.271058082580566 1.3899993896484375
      vertex 4.84999942779541 4.015320777893066 1.3899993896484375
      vertex 5.395543098449707 5.390966415405273 1.3899993896484375
    endloop
  endfacet
  facet normal 0 0 -1
    outer loop
      vertex 4.512839317321777 4.240604400634766 1.3899993896484375
      vertex 5.395543098449707 5.390966415405273 1.3899993896484375
      vertex 4.84999942779541 4.015320777893066 1.3899993896484375
    endloop
  endfacet
  facet normal 0 0 -1
    outer loop
      vertex 5.395543098449707 5.390966415405273 1.3899993896484375
      vertex 4.512839317321777 4.240604400634766 1.3899993896484375
      vertex 5.233273506164551 5.533273696899414 1.3899993896484375
    endloop
  endfacet
  facet normal 0 0 -1
    outer loop
      vertex 4.207968711853027 4.507968902587891 1.3899993896484375
      vertex 5.233273506164551 5.533273696899414 1.3899993896484375
      vertex 4.512839317321777 4.240604400634766 1.3899993896484375
    endloop
  endfacet
  facet normal 0 0 -1
    outer loop
      vertex 5.233273506164551 5.533273696899414 1.3899993896484375
      vertex 4.207968711853027 4.507968902587891 1.3899993896484375
      vertex 5.09096622467041 5.69554328918457 1.3899993896484375
    endloop
  endfacet
  facet normal 0 0 -1
    outer loop
      vertex 3.9406042098999023 4.812839508056641 1.3899993896484375
      vertex 5.09096622467041 5.69554328918457 1.3899993896484375
      vertex 4.207968711853027 4.507968902587891 1.3899993896484375
    endloop
  endfacet
  facet normal 0 0 -1
    outer loop
      vertex 5.09096622467041 5.69554328918457 1.3899993896484375
      vertex 3.9406042098999023 4.812839508056641 1.3899993896484375
      vertex 4.971057891845703 5.874999046325684 1.3899993896484375
    endloop
  endfacet
  facet normal 0 0 -1
    outer loop
      vertex 3.715320587158203 5.149999618530273 1.3899993896484375
      vertex 4.971057891845703 5.874999046325684 1.3899993896484375
      vertex 3.9406042098999023 4.812839508056641 1.3899993896484375
    endloop
  endfacet
  facet normal 0 0 -1
    outer loop
      vertex 4.971057891845703 5.874999046325684 1.3899993896484375
      vertex 3.715320587158203 5.149999618530273 1.3899993896484375
      vertex 4.875597953796387 6.068572044372559 1.3899993896484375
    endloop
  endfacet
  facet normal 0 0 -1
    outer loop
      vertex 7.828941345214844 7.524999618530273 1.3899993896484375
      vertex 9.084678649902344 8.25 1.3899993896484375
      vertex 7.924400329589844 7.331427574157715 1.3899993896484375
    endloop
  endfacet
  facet normal 0 0 -1
    outer loop
      vertex 9.084678649902344 8.25 1.3899993896484375
      vertex 7.828941345214844 7.524999618530273 1.3899993896484375
      vertex 8.859395027160645 8.587160110473633 1.3899993896484375
    endloop
  endfacet
  facet normal 0 0 -1
    outer loop
      vertex 7.70903205871582 7.704456329345703 1.3899993896484375
      vertex 8.859395027160645 8.587160110473633 1.3899993896484375
      vertex 7.828941345214844 7.524999618530273 1.3899993896484375
    endloop
  endfacet
  facet normal 0 0 -1
    outer loop
      vertex 8.859395027160645 8.587160110473633 1.3899993896484375
      vertex 7.70903205871582 7.704456329345703 1.3899993896484375
      vertex 8.59203052520752 8.892030715942383 1.3899993896484375
    endloop
  endfacet
  facet normal 0 0 -1
    outer loop
      vertex 7.566725730895996 7.866725921630859 1.3899993896484375
      vertex 8.59203052520752 8.892030715942383 1.3899993896484375
      vertex 7.70903205871582 7.704456329345703 1.3899993896484375
    endloop
  endfacet
  facet normal 0 0 -1
    outer loop
      vertex 8.59203052520752 8.892030715942383 1.3899993896484375
      vertex 7.566725730895996 7.866725921630859 1.3899993896484375
      vertex 8.28715991973877 9.159395217895508 1.3899993896484375
    endloop
  endfacet
  facet normal 0 0 -1
    outer loop
      vertex 7.40445613861084 8.009032249450684 1.3899993896484375
      vertex 8.28715991973877 9.159395217895508 1.3899993896484375
      vertex 7.566725730895996 7.866725921630859 1.3899993896484375
    endloop
  endfacet
  facet normal 0 0 -1
    outer loop
      vertex 8.28715991973877 9.159395217895508 1.3899993896484375
      vertex 7.40445613861084 8.009032249450684 1.3899993896484375
      vertex 7.949999809265137 9.38467788696289 1.3899993896484375
    endloop
  endfacet
  facet normal 0 0 -1
    outer loop
      vertex 7.22499942779541 8.128941535949707 1.3899993896484375
      vertex 7.949999809265137 9.38467788696289 1.3899993896484375
      vertex 7.40445613861084 8.009032249450684 1.3899993896484375
    endloop
  endfacet
  facet normal 0 0 -1
    outer loop
      vertex 7.949999809265137 9.38467788696289 1.3899993896484375
      vertex 7.22499942779541 8.128941535949707 1.3899993896484375
      vertex 7.586318016052246 9.56402587890625 1.3899993896484375
    endloop
  endfacet
  facet normal 0 0 -1
    outer loop
      vertex 7.031427383422852 8.224400520324707 1.3899993896484375
      vertex 7.586318016052246 9.56402587890625 1.3899993896484375
      vertex 7.22499942779541 8.128941535949707 1.3899993896484375
    endloop
  endfacet
  facet normal 0 0 -1
    outer loop
      vertex 7.586318016052246 9.56402587890625 1.3899993896484375
      vertex 7.031427383422852 8.224400520324707 1.3899993896484375
      vertex 7.202338218688965 9.694369316101074 1.3899993896484375
    endloop
  endfacet
  facet normal 0 0 -1
    outer loop
      vertex 6.827051162719727 8.293777465820312 1.3899993896484375
      vertex 7.202338218688965 9.694369316101074 1.3899993896484375
      vertex 7.031427383422852 8.224400520324707 1.3899993896484375
    endloop
  endfacet
  facet normal 0 0 -1
    outer loop
      vertex 6.827051162719727 8.293777465820312 1.3899993896484375
      vertex 6.804630279541016 9.773478507995605 1.3899993896484375
      vertex 7.202338218688965 9.694369316101074 1.3899993896484375
    endloop
  endfacet
  facet normal 0 0 -1
    outer loop
      vertex 6.615367889404297 8.335883140563965 1.3899993896484375
      vertex 6.804630279541016 9.773478507995605 1.3899993896484375
      vertex 6.827051162719727 8.293777465820312 1.3899993896484375
    endloop
  endfacet
  facet normal 0 0 -1
    outer loop
      vertex 6.399999618530273 8.34999942779541 1.3899993896484375
      vertex 6.804630279541016 9.773478507995605 1.3899993896484375
      vertex 6.615367889404297 8.335883140563965 1.3899993896484375
    endloop
  endfacet
  facet normal 0 0 -1
    outer loop
      vertex 6.399999618530273 8.34999942779541 1.3899993896484375
      vertex 6.399999618530273 9.799999237060547 1.3899993896484375
      vertex 6.804630279541016 9.773478507995605 1.3899993896484375
    endloop
  endfacet
  facet normal 0 0 -1
    outer loop
      vertex 6.18463134765625 8.335883140563965 1.3899993896484375
      vertex 6.399999618530273 9.799999237060547 1.3899993896484375
      vertex 6.399999618530273 8.34999942779541 1.3899993896484375
    endloop
  endfacet
  facet normal 0 0 -1
    outer loop
      vertex 6.18463134765625 8.335883140563965 1.3899993896484375
      vertex 5.995368003845215 9.773478507995605 1.3899993896484375
      vertex 6.399999618530273 9.799999237060547 1.3899993896484375
    endloop
  endfacet
  facet normal 0 0 -1
    outer loop
      vertex 5.97294807434082 8.293777465820312 1.3899993896484375
      vertex 5.995368003845215 9.773478507995605 1.3899993896484375
      vertex 6.18463134765625 8.335883140563965 1.3899993896484375
    endloop
  endfacet
  facet normal 0 0 -1
    outer loop
      vertex 5.597660064697266 9.694369316101074 1.3899993896484375
      vertex 5.97294807434082 8.293777465820312 1.3899993896484375
      vertex 5.768571853637695 8.224400520324707 1.3899993896484375
    endloop
  endfacet
  facet normal 0 0 -1
    outer loop
      vertex 5.97294807434082 8.293777465820312 1.3899993896484375
      vertex 5.597660064697266 9.694369316101074 1.3899993896484375
      vertex 5.995368003845215 9.773478507995605 1.3899993896484375
    endloop
  endfacet
  facet normal 0 0 -1
    outer loop
      vertex 5.213681221008301 9.56402587890625 1.3899993896484375
      vertex 5.768571853637695 8.224400520324707 1.3899993896484375
      vertex 5.574999809265137 8.128941535949707 1.3899993896484375
    endloop
  endfacet
  facet normal 0 0 -1
    outer loop
      vertex 4.84999942779541 9.38467788696289 1.3899993896484375
      vertex 5.574999809265137 8.128941535949707 1.3899993896484375
      vertex 5.395543098449707 8.009032249450684 1.3899993896484375
    endloop
  endfacet
  facet normal 0 0 -1
    outer loop
      vertex 4.512839317321777 9.159395217895508 1.3899993896484375
      vertex 5.395543098449707 8.009032249450684 1.3899993896484375
      vertex 5.233273506164551 7.866725921630859 1.3899993896484375
    endloop
  endfacet
  facet normal 0 0 -1
    outer loop
      vertex 5.768571853637695 8.224400520324707 1.3899993896484375
      vertex 5.213681221008301 9.56402587890625 1.3899993896484375
      vertex 5.597660064697266 9.694369316101074 1.3899993896484375
    endloop
  endfacet
  facet normal 0 0 -1
    outer loop
      vertex 4.207968711853027 8.892030715942383 1.3899993896484375
      vertex 5.233273506164551 7.866725921630859 1.3899993896484375
      vertex 5.09096622467041 7.704456329345703 1.3899993896484375
    endloop
  endfacet
  facet normal 0 0 -1
    outer loop
      vertex 3.9406042098999023 8.587160110473633 1.3899993896484375
      vertex 5.09096622467041 7.704456329345703 1.3899993896484375
      vertex 4.971057891845703 7.524999618530273 1.3899993896484375
    endloop
  endfacet
  facet normal 0 0 -1
    outer loop
      vertex 3.715320587158203 8.25 1.3899993896484375
      vertex 4.971057891845703 7.524999618530273 1.3899993896484375
      vertex 4.875597953796387 7.331427574157715 1.3899993896484375
    endloop
  endfacet
  facet normal 0 0 -1
    outer loop
      vertex 5.574999809265137 8.128941535949707 1.3899993896484375
      vertex 4.84999942779541 9.38467788696289 1.3899993896484375
      vertex 5.213681221008301 9.56402587890625 1.3899993896484375
    endloop
  endfacet
  facet normal 0 0 -1
    outer loop
      vertex 3.5359725952148438 7.886318206787109 1.3899993896484375
      vertex 4.875597953796387 7.331427574157715 1.3899993896484375
      vertex 4.806221961975098 7.12705135345459 1.3899993896484375
    endloop
  endfacet
  facet normal 0 0 -1
    outer loop
      vertex 3.4056291580200195 7.502338409423828 1.3899993896484375
      vertex 4.806221961975098 7.12705135345459 1.3899993896484375
      vertex 4.764115333557129 6.91536808013916 1.3899993896484375
    endloop
  endfacet
  facet normal 0 0 -1
    outer loop
      vertex 3.3265209197998047 7.104630470275879 1.3899993896484375
      vertex 4.764115333557129 6.91536808013916 1.3899993896484375
      vertex 4.75 6.699999809265137 1.3899993896484375
    endloop
  endfacet
  facet normal 0 0 -1
    outer loop
      vertex 3.5359725952148438 5.513680458068848 1.3899993896484375
      vertex 4.875597953796387 6.068572044372559 1.3899993896484375
      vertex 3.715320587158203 5.149999618530273 1.3899993896484375
    endloop
  endfacet
  facet normal 0 0 -1
    outer loop
      vertex 5.395543098449707 8.009032249450684 1.3899993896484375
      vertex 4.512839317321777 9.159395217895508 1.3899993896484375
      vertex 4.84999942779541 9.38467788696289 1.3899993896484375
    endloop
  endfacet
  facet normal 0 0 -1
    outer loop
      vertex 4.875597953796387 6.068572044372559 1.3899993896484375
      vertex 3.5359725952148438 5.513680458068848 1.3899993896484375
      vertex 4.806221961975098 6.272948265075684 1.3899993896484375
    endloop
  endfacet
  facet normal 0 0 -1
    outer loop
      vertex 5.233273506164551 7.866725921630859 1.3899993896484375
      vertex 4.207968711853027 8.892030715942383 1.3899993896484375
      vertex 4.512839317321777 9.159395217895508 1.3899993896484375
    endloop
  endfacet
  facet normal 0 0 -1
    outer loop
      vertex 3.4056291580200195 5.897660255432129 1.3899993896484375
      vertex 4.806221961975098 6.272948265075684 1.3899993896484375
      vertex 3.5359725952148438 5.513680458068848 1.3899993896484375
    endloop
  endfacet
  facet normal 0 0 -1
    outer loop
      vertex 5.09096622467041 7.704456329345703 1.3899993896484375
      vertex 3.9406042098999023 8.587160110473633 1.3899993896484375
      vertex 4.207968711853027 8.892030715942383 1.3899993896484375
    endloop
  endfacet
  facet normal 0 0 -1
    outer loop
      vertex 4.806221961975098 6.272948265075684 1.3899993896484375
      vertex 3.4056291580200195 5.897660255432129 1.3899993896484375
      vertex 4.764115333557129 6.484631538391113 1.3899993896484375
    endloop
  endfacet
  facet normal 0 0 -1
    outer loop
      vertex 4.971057891845703 7.524999618530273 1.3899993896484375
      vertex 3.715320587158203 8.25 1.3899993896484375
      vertex 3.9406042098999023 8.587160110473633 1.3899993896484375
    endloop
  endfacet
  facet normal 0 0 -1
    outer loop
      vertex 3.3265209197998047 6.295368194580078 1.3899993896484375
      vertex 4.764115333557129 6.484631538391113 1.3899993896484375
      vertex 3.4056291580200195 5.897660255432129 1.3899993896484375
    endloop
  endfacet
  facet normal 0 0 -1
    outer loop
      vertex 4.875597953796387 7.331427574157715 1.3899993896484375
      vertex 3.5359725952148438 7.886318206787109 1.3899993896484375
      vertex 3.715320587158203 8.25 1.3899993896484375
    endloop
  endfacet
  facet normal 0 0 -1
    outer loop
      vertex 4.764115333557129 6.484631538391113 1.3899993896484375
      vertex 3.3265209197998047 6.295368194580078 1.3899993896484375
      vertex 4.75 6.699999809265137 1.3899993896484375
    endloop
  endfacet
  facet normal 0 0 -1
    outer loop
      vertex 4.806221961975098 7.12705135345459 1.3899993896484375
      vertex 3.4056291580200195 7.502338409423828 1.3899993896484375
      vertex 3.5359725952148438 7.886318206787109 1.3899993896484375
    endloop
  endfacet
  facet normal 0 0 -1
    outer loop
      vertex 3.299999237060547 6.699999809265137 1.3899993896484375
      vertex 4.75 6.699999809265137 1.3899993896484375
      vertex 3.3265209197998047 6.295368194580078 1.3899993896484375
    endloop
  endfacet
  facet normal 0 0 -1
    outer loop
      vertex 4.764115333557129 6.91536808013916 1.3899993896484375
      vertex 3.3265209197998047 7.104630470275879 1.3899993896484375
      vertex 3.4056291580200195 7.502338409423828 1.3899993896484375
    endloop
  endfacet
  facet normal 0 0 -1
    outer loop
      vertex 4.75 6.699999809265137 1.3899993896484375
      vertex 3.299999237060547 6.699999809265137 1.3899993896484375
      vertex 3.3265209197998047 7.104630470275879 1.3899993896484375
    endloop
  endfacet
  facet normal 0.06540256905671164 -0.9978589599541521 0
    outer loop
      vertex 5.995368003845215 9.773478507995605 0
      vertex 6.399999618530273 9.799999237060547 1.3899993896484375
      vertex 5.995368003845215 9.773478507995605 1.3899993896484375
    endloop
  endfacet
  facet normal 0.06540256905671164 -0.9978589599541521 0
    outer loop
      vertex 6.399999618530273 9.799999237060547 1.3899993896484375
      vertex 5.995368003845215 9.773478507995605 0
      vertex 6.399999618530273 9.799999237060547 0
    endloop
  endfacet
  facet normal 0.9807856529315733 0.1950884491803335 0
    outer loop
      vertex 3.4056291580200195 5.897660255432129 1.3899993896484375
      vertex 3.3265209197998047 6.295368194580078 0
      vertex 3.3265209197998047 6.295368194580078 1.3899993896484375
    endloop
  endfacet
  facet normal 0.9807856529315733 0.1950884491803335 0
    outer loop
      vertex 3.3265209197998047 6.295368194580078 0
      vertex 3.4056291580200195 5.897660255432129 1.3899993896484375
      vertex 3.4056291580200195 5.897660255432129 0
    endloop
  endfacet
  facet normal 0.8968727619881408 -0.4422886487394447 0
    outer loop
      vertex 3.5359725952148438 7.886318206787109 1.3899993896484375
      vertex 3.715320587158203 8.25 0
      vertex 3.715320587158203 8.25 1.3899993896484375
    endloop
  endfacet
  facet normal 0.8968727619881408 -0.4422886487394447 0
    outer loop
      vertex 3.715320587158203 8.25 0
      vertex 3.5359725952148438 7.886318206787109 1.3899993896484375
      vertex 3.5359725952148438 7.886318206787109 0
    endloop
  endfacet
  facet normal 0.65934603353675 -0.7518396159150933 0
    outer loop
      vertex 4.207968711853027 8.892030715942383 0
      vertex 4.512839317321777 9.159395217895508 1.3899993896484375
      vertex 4.207968711853027 8.892030715942383 1.3899993896484375
    endloop
  endfacet
  facet normal 0.65934603353675 -0.7518396159150933 0
    outer loop
      vertex 4.512839317321777 9.159395217895508 1.3899993896484375
      vertex 4.207968711853027 8.892030715942383 0
      vertex 4.512839317321777 9.159395217895508 0
    endloop
  endfacet
  facet normal 0.9807856529315733 -0.1950884491803335 0
    outer loop
      vertex 3.3265209197998047 7.104630470275879 1.3899993896484375
      vertex 3.4056291580200195 7.502338409423828 0
      vertex 3.4056291580200195 7.502338409423828 1.3899993896484375
    endloop
  endfacet
  facet normal 0.9807856529315733 -0.1950884491803335 0
    outer loop
      vertex 3.4056291580200195 7.502338409423828 0
      vertex 3.3265209197998047 7.104630470275879 1.3899993896484375
      vertex 3.3265209197998047 7.104630470275879 0
    endloop
  endfacet
  facet normal 0.5555709820987946 0.8314691117833426 0
    outer loop
      vertex 4.84999942779541 4.015320777893066 0
      vertex 4.512839317321777 4.240604400634766 1.3899993896484375
      vertex 4.84999942779541 4.015320777893066 1.3899993896484375
    endloop
  endfacet
  facet normal 0.5555709820987946 0.8314691117833426 0
    outer loop
      vertex 4.512839317321777 4.240604400634766 1.3899993896484375
      vertex 4.84999942779541 4.015320777893066 0
      vertex 4.512839317321777 4.240604400634766 0
    endloop
  endfacet
  facet normal 0.7518396159150933 0.65934603353675 0
    outer loop
      vertex 4.207968711853027 4.507968902587891 1.3899993896484375
      vertex 3.9406042098999023 4.812839508056641 0
      vertex 3.9406042098999023 4.812839508056641 1.3899993896484375
    endloop
  endfacet
  facet normal 0.7518396159150933 0.65934603353675 0
    outer loop
      vertex 3.9406042098999023 4.812839508056641 0
      vertex 4.207968711853027 4.507968902587891 1.3899993896484375
      vertex 4.207968711853027 4.507968902587891 0
    endloop
  endfacet
  facet normal -0.32143915497608905 0.9469302348368954 0
    outer loop
      vertex 7.586318016052246 3.835972785949707 0
      vertex 7.202338218688965 3.705629348754883 1.3899993896484375
      vertex 7.586318016052246 3.835972785949707 1.3899993896484375
    endloop
  endfacet
  facet normal -0.32143915497608905 0.9469302348368954 0
    outer loop
      vertex 7.202338218688965 3.705629348754883 1.3899993896484375
      vertex 7.586318016052246 3.835972785949707 0
      vertex 7.202338218688965 3.705629348754883 0
    endloop
  endfacet
  facet normal 0.32143987083488856 0.9469299918355369 0
    outer loop
      vertex 5.597660064697266 3.705629348754883 0
      vertex 5.213681221008301 3.835972785949707 1.3899993896484375
      vertex 5.597660064697266 3.705629348754883 1.3899993896484375
    endloop
  endfacet
  facet normal 0.32143987083488856 0.9469299918355369 0
    outer loop
      vertex 5.213681221008301 3.835972785949707 1.3899993896484375
      vertex 5.597660064697266 3.705629348754883 0
      vertex 5.213681221008301 3.835972785949707 0
    endloop
  endfacet
  facet normal 0.9469302348368954 0.32143915497608905 0
    outer loop
      vertex 3.5359725952148438 5.513680458068848 1.3899993896484375
      vertex 3.4056291580200195 5.897660255432129 0
      vertex 3.4056291580200195 5.897660255432129 1.3899993896484375
    endloop
  endfacet
  facet normal 0.9469302348368954 0.32143915497608905 0
    outer loop
      vertex 3.4056291580200195 5.897660255432129 0
      vertex 3.5359725952148438 5.513680458068848 1.3899993896484375
      vertex 3.5359725952148438 5.513680458068848 0
    endloop
  endfacet
  facet normal 0.06540256905671164 0.9978589599541521 0
    outer loop
      vertex 6.399999618530273 3.59999942779541 0
      vertex 5.995368003845215 3.6265201568603516 1.3899993896484375
      vertex 6.399999618530273 3.59999942779541 1.3899993896484375
    endloop
  endfacet
  facet normal 0.06540256905671164 0.9978589599541521 0
    outer loop
      vertex 5.995368003845215 3.6265201568603516 1.3899993896484375
      vertex 6.399999618530273 3.59999942779541 0
      vertex 5.995368003845215 3.6265201568603516 0
    endloop
  endfacet
  facet normal 0.4422886487394447 0.8968727619881408 0
    outer loop
      vertex 5.213681221008301 3.835972785949707 0
      vertex 4.84999942779541 4.015320777893066 1.3899993896484375
      vertex 5.213681221008301 3.835972785949707 1.3899993896484375
    endloop
  endfacet
  facet normal 0.4422886487394447 0.8968727619881408 0
    outer loop
      vertex 4.84999942779541 4.015320777893066 1.3899993896484375
      vertex 5.213681221008301 3.835972785949707 0
      vertex 4.84999942779541 4.015320777893066 0
    endloop
  endfacet
  facet normal 0.32143987083488856 -0.9469299918355369 0
    outer loop
      vertex 5.213681221008301 9.56402587890625 0
      vertex 5.597660064697266 9.694369316101074 1.3899993896484375
      vertex 5.213681221008301 9.56402587890625 1.3899993896484375
    endloop
  endfacet
  facet normal 0.32143987083488856 -0.9469299918355369 0
    outer loop
      vertex 5.597660064697266 9.694369316101074 1.3899993896484375
      vertex 5.213681221008301 9.56402587890625 0
      vertex 5.597660064697266 9.694369316101074 0
    endloop
  endfacet
  facet normal 0.5555693561640515 -0.831470198198024 0
    outer loop
      vertex 4.512839317321777 9.159395217895508 0
      vertex 4.84999942779541 9.38467788696289 1.3899993896484375
      vertex 4.512839317321777 9.159395217895508 1.3899993896484375
    endloop
  endfacet
  facet normal 0.5555693561640515 -0.831470198198024 0
    outer loop
      vertex 4.84999942779541 9.38467788696289 1.3899993896484375
      vertex 4.512839317321777 9.159395217895508 0
      vertex 4.84999942779541 9.38467788696289 0
    endloop
  endfacet
  facet normal 0.7518396159150933 -0.65934603353675 0
    outer loop
      vertex 3.9406042098999023 8.587160110473633 1.3899993896484375
      vertex 4.207968711853027 8.892030715942383 0
      vertex 4.207968711853027 8.892030715942383 1.3899993896484375
    endloop
  endfacet
  facet normal 0.7518396159150933 -0.65934603353675 0
    outer loop
      vertex 4.207968711853027 8.892030715942383 0
      vertex 3.9406042098999023 8.587160110473633 1.3899993896484375
      vertex 3.9406042098999023 8.587160110473633 0
    endloop
  endfacet
  facet normal 0.19509071152015586 0.9807852029259817 0
    outer loop
      vertex 5.995368003845215 3.6265201568603516 0
      vertex 5.597660064697266 3.705629348754883 1.3899993896484375
      vertex 5.995368003845215 3.6265201568603516 1.3899993896484375
    endloop
  endfacet
  facet normal 0.19509071152015586 0.9807852029259817 0
    outer loop
      vertex 5.597660064697266 3.705629348754883 1.3899993896484375
      vertex 5.995368003845215 3.6265201568603516 0
      vertex 5.597660064697266 3.705629348754883 0
    endloop
  endfacet
  facet normal -0.06540272254470993 0.9978589498940917 0
    outer loop
      vertex 6.804630279541016 3.6265201568603516 0
      vertex 6.399999618530273 3.59999942779541 1.3899993896484375
      vertex 6.804630279541016 3.6265201568603516 1.3899993896484375
    endloop
  endfacet
  facet normal -0.06540272254470993 0.9978589498940917 0
    outer loop
      vertex 6.399999618530273 3.59999942779541 1.3899993896484375
      vertex 6.804630279541016 3.6265201568603516 0
      vertex 6.399999618530273 3.59999942779541 0
    endloop
  endfacet
  facet normal 0.8968723019198276 0.4422895816645805 0
    outer loop
      vertex 3.715320587158203 5.149999618530273 1.3899993896484375
      vertex 3.5359725952148438 5.513680458068848 0
      vertex 3.5359725952148438 5.513680458068848 1.3899993896484375
    endloop
  endfacet
  facet normal 0.8968723019198276 0.4422895816645805 0
    outer loop
      vertex 3.5359725952148438 5.513680458068848 0
      vertex 3.715320587158203 5.149999618530273 1.3899993896484375
      vertex 3.715320587158203 5.149999618530273 0
    endloop
  endfacet
  facet normal -0.7518396159150933 -0.65934603353675 0
    outer loop
      vertex 103.3593978881836 8.587160110473633 0
      vertex 103.09203338623047 8.892030715942383 1.3899993896484375
      vertex 103.09203338623047 8.892030715942383 0
    endloop
  endfacet
  facet normal -0.7518396159150933 -0.65934603353675 0
    outer loop
      vertex 103.09203338623047 8.892030715942383 1.3899993896484375
      vertex 103.3593978881836 8.587160110473633 0
      vertex 103.3593978881836 8.587160110473633 1.3899993896484375
    endloop
  endfacet
  facet normal 0.9978591033797253 -0.06540038074973814 0
    outer loop
      vertex 97.80000305175781 6.699999809265137 1.3899993896484375
      vertex 97.82652282714844 7.104630470275879 0
      vertex 97.82652282714844 7.104630470275879 1.3899993896484375
    endloop
  endfacet
  facet normal 0.9978591033797253 -0.06540038074973814 0
    outer loop
      vertex 97.82652282714844 7.104630470275879 0
      vertex 97.80000305175781 6.699999809265137 1.3899993896484375
      vertex 97.80000305175781 6.699999809265137 0
    endloop
  endfacet
  facet normal -0.1950884615056217 -0.9807856504799454 0
    outer loop
      vertex 101.30462646484375 9.773478507995605 0
      vertex 101.70233917236328 9.694369316101074 1.3899993896484375
      vertex 101.30462646484375 9.773478507995605 1.3899993896484375
    endloop
  endfacet
  facet normal -0.1950884615056217 -0.9807856504799454 0
    outer loop
      vertex 101.70233917236328 9.694369316101074 1.3899993896484375
      vertex 101.30462646484375 9.773478507995605 0
      vertex 101.70233917236328 9.694369316101074 0
    endloop
  endfacet
  facet normal 0.1950884615056217 -0.9807856504799454 0
    outer loop
      vertex 100.09765625 9.694369316101074 0
      vertex 100.49536895751953 9.773478507995605 1.3899993896484375
      vertex 100.09765625 9.694369316101074 1.3899993896484375
    endloop
  endfacet
  facet normal 0.1950884615056217 -0.9807856504799454 0
    outer loop
      vertex 100.49536895751953 9.773478507995605 1.3899993896484375
      vertex 100.09765625 9.694369316101074 0
      vertex 100.49536895751953 9.773478507995605 0
    endloop
  endfacet
  facet normal 0.3214448819306207 0.9469282907805687 0
    outer loop
      vertex 100.09765625 3.705629348754883 0
      vertex 99.71368408203125 3.835972785949707 1.3899993896484375
      vertex 100.09765625 3.705629348754883 1.3899993896484375
    endloop
  endfacet
  facet normal 0.3214448819306207 0.9469282907805687 0
    outer loop
      vertex 99.71368408203125 3.835972785949707 1.3899993896484375
      vertex 100.09765625 3.705629348754883 0
      vertex 99.71368408203125 3.835972785949707 0
    endloop
  endfacet
  facet normal -0.5555628377363926 -0.8314745536252368 0
    outer loop
      vertex 102.44999694824219 9.38467788696289 0
      vertex 102.78716278076172 9.159395217895508 1.3899993896484375
      vertex 102.44999694824219 9.38467788696289 1.3899993896484375
    endloop
  endfacet
  facet normal -0.5555628377363926 -0.8314745536252368 0
    outer loop
      vertex 102.78716278076172 9.159395217895508 1.3899993896484375
      vertex 102.44999694824219 9.38467788696289 0
      vertex 102.78716278076172 9.159395217895508 0
    endloop
  endfacet
  facet normal 0.8314636797048297 0.5555791116769098 0
    outer loop
      vertex 98.44060516357422 4.812839508056641 1.3899993896484375
      vertex 98.21531677246094 5.149999618530273 0
      vertex 98.21531677246094 5.149999618530273 1.3899993896484375
    endloop
  endfacet
  facet normal 0.8314636797048297 0.5555791116769098 0
    outer loop
      vertex 98.21531677246094 5.149999618530273 0
      vertex 98.44060516357422 4.812839508056641 1.3899993896484375
      vertex 98.44060516357422 4.812839508056641 0
    endloop
  endfacet
  facet normal -0.9978591033797253 -0.06540038074973814 0
    outer loop
      vertex 104 6.699999809265137 0
      vertex 103.97348022460938 7.104630470275879 1.3899993896484375
      vertex 103.97348022460938 7.104630470275879 0
    endloop
  endfacet
  facet normal -0.9978591033797253 -0.06540038074973814 0
    outer loop
      vertex 103.97348022460938 7.104630470275879 1.3899993896484375
      vertex 104 6.699999809265137 0
      vertex 104 6.699999809265137 1.3899993896484375
    endloop
  endfacet
  facet normal -0.9807852029259817 0.19509071152015586 0
    outer loop
      vertex 103.89437103271484 5.897660255432129 0
      vertex 103.97348022460938 6.295368194580078 1.3899993896484375
      vertex 103.97348022460938 6.295368194580078 0
    endloop
  endfacet
  facet normal -0.9807852029259817 0.19509071152015586 0
    outer loop
      vertex 103.97348022460938 6.295368194580078 1.3899993896484375
      vertex 103.89437103271484 5.897660255432129 0
      vertex 103.89437103271484 5.897660255432129 1.3899993896484375
    endloop
  endfacet
  facet normal -0.9469266555052334 -0.3214496991656284 0
    outer loop
      vertex 103.89437103271484 7.502338409423828 0
      vertex 103.76402282714844 7.886318206787109 1.3899993896484375
      vertex 103.76402282714844 7.886318206787109 0
    endloop
  endfacet
  facet normal -0.9469266555052334 -0.3214496991656284 0
    outer loop
      vertex 103.76402282714844 7.886318206787109 1.3899993896484375
      vertex 103.89437103271484 7.502338409423828 0
      vertex 103.89437103271484 7.502338409423828 1.3899993896484375
    endloop
  endfacet
  facet normal 0.9807852029259817 -0.19509071152015586 0
    outer loop
      vertex 97.82652282714844 7.104630470275879 1.3899993896484375
      vertex 97.90563201904297 7.502338409423828 0
      vertex 97.90563201904297 7.502338409423828 1.3899993896484375
    endloop
  endfacet
  facet normal 0.9807852029259817 -0.19509071152015586 0
    outer loop
      vertex 97.90563201904297 7.502338409423828 0
      vertex 97.82652282714844 7.104630470275879 1.3899993896484375
      vertex 97.82652282714844 7.104630470275879 0
    endloop
  endfacet
  facet normal -0.65934603353675 -0.7518396159150933 0
    outer loop
      vertex 102.78716278076172 9.159395217895508 0
      vertex 103.09203338623047 8.892030715942383 1.3899993896484375
      vertex 102.78716278076172 9.159395217895508 1.3899993896484375
    endloop
  endfacet
  facet normal -0.65934603353675 -0.7518396159150933 0
    outer loop
      vertex 103.09203338623047 8.892030715942383 1.3899993896484375
      vertex 102.78716278076172 9.159395217895508 0
      vertex 103.09203338623047 8.892030715942383 0
    endloop
  endfacet
  facet normal 0.8314636797048297 -0.5555791116769098 0
    outer loop
      vertex 98.21531677246094 8.25 1.3899993896484375
      vertex 98.44060516357422 8.587160110473633 0
      vertex 98.44060516357422 8.587160110473633 1.3899993896484375
    endloop
  endfacet
  facet normal 0.8314636797048297 -0.5555791116769098 0
    outer loop
      vertex 98.44060516357422 8.587160110473633 0
      vertex 98.21531677246094 8.25 1.3899993896484375
      vertex 98.21531677246094 8.25 0
    endloop
  endfacet
  facet normal -0.8314723710263653 -0.5555661042754445 0
    outer loop
      vertex 103.58467864990234 8.25 0
      vertex 103.3593978881836 8.587160110473633 1.3899993896484375
      vertex 103.3593978881836 8.587160110473633 0
    endloop
  endfacet
  facet normal -0.8314723710263653 -0.5555661042754445 0
    outer loop
      vertex 103.3593978881836 8.587160110473633 1.3899993896484375
      vertex 103.58467864990234 8.25 0
      vertex 103.58467864990234 8.25 1.3899993896484375
    endloop
  endfacet
  facet normal -0.7518396159150933 0.65934603353675 0
    outer loop
      vertex 103.09203338623047 4.507968902587891 0
      vertex 103.3593978881836 4.812839508056641 1.3899993896484375
      vertex 103.3593978881836 4.812839508056641 0
    endloop
  endfacet
  facet normal -0.7518396159150933 0.65934603353675 0
    outer loop
      vertex 103.3593978881836 4.812839508056641 1.3899993896484375
      vertex 103.09203338623047 4.507968902587891 0
      vertex 103.09203338623047 4.507968902587891 1.3899993896484375
    endloop
  endfacet
  facet normal -0.9807852029259817 -0.19509071152015586 0
    outer loop
      vertex 103.97348022460938 7.104630470275879 0
      vertex 103.89437103271484 7.502338409423828 1.3899993896484375
      vertex 103.89437103271484 7.502338409423828 0
    endloop
  endfacet
  facet normal -0.9807852029259817 -0.19509071152015586 0
    outer loop
      vertex 103.89437103271484 7.502338409423828 1.3899993896484375
      vertex 103.97348022460938 7.104630470275879 0
      vertex 103.97348022460938 7.104630470275879 1.3899993896484375
    endloop
  endfacet
  facet normal 0.7518396159150933 -0.65934603353675 0
    outer loop
      vertex 98.44060516357422 8.587160110473633 1.3899993896484375
      vertex 98.70796966552734 8.892030715942383 0
      vertex 98.70796966552734 8.892030715942383 1.3899993896484375
    endloop
  endfacet
  facet normal 0.7518396159150933 -0.65934603353675 0
    outer loop
      vertex 98.70796966552734 8.892030715942383 0
      vertex 98.44060516357422 8.587160110473633 1.3899993896484375
      vertex 98.44060516357422 8.587160110473633 0
    endloop
  endfacet
  facet normal -0.1950884615056217 0.9807856504799454 0
    outer loop
      vertex 101.70233917236328 3.705629348754883 0
      vertex 101.30462646484375 3.6265201568603516 1.3899993896484375
      vertex 101.70233917236328 3.705629348754883 1.3899993896484375
    endloop
  endfacet
  facet normal -0.1950884615056217 0.9807856504799454 0
    outer loop
      vertex 101.30462646484375 3.6265201568603516 1.3899993896484375
      vertex 101.70233917236328 3.705629348754883 0
      vertex 101.30462646484375 3.6265201568603516 0
    endloop
  endfacet
  facet normal -0.8968764936653734 -0.4422810815652251 0
    outer loop
      vertex 103.76402282714844 7.886318206787109 0
      vertex 103.58467864990234 8.25 1.3899993896484375
      vertex 103.58467864990234 8.25 0
    endloop
  endfacet
  facet normal -0.8968764936653734 -0.4422810815652251 0
    outer loop
      vertex 103.58467864990234 8.25 1.3899993896484375
      vertex 103.76402282714844 7.886318206787109 0
      vertex 103.76402282714844 7.886318206787109 1.3899993896484375
    endloop
  endfacet
  facet normal 0.946932382392523 -0.3214328284049725 0
    outer loop
      vertex 97.90563201904297 7.502338409423828 1.3899993896484375
      vertex 98.03597259521484 7.886318206787109 0
      vertex 98.03597259521484 7.886318206787109 1.3899993896484375
    endloop
  endfacet
  facet normal 0.946932382392523 -0.3214328284049725 0
    outer loop
      vertex 98.03597259521484 7.886318206787109 0
      vertex 97.90563201904297 7.502338409423828 1.3899993896484375
      vertex 97.90563201904297 7.502338409423828 0
    endloop
  endfacet
  facet normal -0.8314723710263653 0.5555661042754445 0
    outer loop
      vertex 103.3593978881836 4.812839508056641 0
      vertex 103.58467864990234 5.149999618530273 1.3899993896484375
      vertex 103.58467864990234 5.149999618530273 0
    endloop
  endfacet
  facet normal -0.8314723710263653 0.5555661042754445 0
    outer loop
      vertex 103.58467864990234 5.149999618530273 1.3899993896484375
      vertex 103.3593978881836 4.812839508056641 0
      vertex 103.3593978881836 4.812839508056641 1.3899993896484375
    endloop
  endfacet
  facet normal -0.4422923804607306 0.8968709216974202 0
    outer loop
      vertex 102.44999694824219 4.015320777893066 0
      vertex 102.08631896972656 3.835972785949707 1.3899993896484375
      vertex 102.44999694824219 4.015320777893066 1.3899993896484375
    endloop
  endfacet
  facet normal -0.4422923804607306 0.8968709216974202 0
    outer loop
      vertex 102.08631896972656 3.835972785949707 1.3899993896484375
      vertex 102.44999694824219 4.015320777893066 0
      vertex 102.08631896972656 3.835972785949707 0
    endloop
  endfacet
  facet normal -0.9978591134390666 0.0654002272671884 0
    outer loop
      vertex 103.97348022460938 6.295368194580078 0
      vertex 104 6.699999809265137 1.3899993896484375
      vertex 104 6.699999809265137 0
    endloop
  endfacet
  facet normal -0.9978591134390666 0.0654002272671884 0
    outer loop
      vertex 104 6.699999809265137 1.3899993896484375
      vertex 103.97348022460938 6.295368194580078 0
      vertex 103.97348022460938 6.295368194580078 1.3899993896484375
    endloop
  endfacet
  facet normal 0.44228491707347206 -0.8968746022322808 0
    outer loop
      vertex 99.3499984741211 9.38467788696289 0
      vertex 99.71368408203125 9.56402587890625 1.3899993896484375
      vertex 99.3499984741211 9.38467788696289 1.3899993896484375
    endloop
  endfacet
  facet normal 0.44228491707347206 -0.8968746022322808 0
    outer loop
      vertex 99.71368408203125 9.56402587890625 1.3899993896484375
      vertex 99.3499984741211 9.38467788696289 0
      vertex 99.71368408203125 9.56402587890625 0
    endloop
  endfacet
  facet normal 0.65934603353675 -0.7518396159150933 0
    outer loop
      vertex 98.70796966552734 8.892030715942383 0
      vertex 99.0128402709961 9.159395217895508 1.3899993896484375
      vertex 98.70796966552734 8.892030715942383 1.3899993896484375
    endloop
  endfacet
  facet normal 0.65934603353675 -0.7518396159150933 0
    outer loop
      vertex 99.0128402709961 9.159395217895508 1.3899993896484375
      vertex 98.70796966552734 8.892030715942383 0
      vertex 99.0128402709961 9.159395217895508 0
    endloop
  endfacet
  facet normal -0.5555644636690928 0.831473467230358 0
    outer loop
      vertex 102.78716278076172 4.240604400634766 0
      vertex 102.44999694824219 4.015320777893066 1.3899993896484375
      vertex 102.78716278076172 4.240604400634766 1.3899993896484375
    endloop
  endfacet
  facet normal -0.5555644636690928 0.831473467230358 0
    outer loop
      vertex 102.44999694824219 4.015320777893066 1.3899993896484375
      vertex 102.78716278076172 4.240604400634766 0
      vertex 102.44999694824219 4.015320777893066 0
    endloop
  endfacet
  facet normal -0.65934603353675 0.7518396159150933 0
    outer loop
      vertex 103.09203338623047 4.507968902587891 0
      vertex 102.78716278076172 4.240604400634766 1.3899993896484375
      vertex 103.09203338623047 4.507968902587891 1.3899993896484375
    endloop
  endfacet
  facet normal -0.65934603353675 0.7518396159150933 0
    outer loop
      vertex 102.78716278076172 4.240604400634766 1.3899993896484375
      vertex 103.09203338623047 4.507968902587891 0
      vertex 102.78716278076172 4.240604400634766 0
    endloop
  endfacet
  facet normal -0.8968760336108887 0.44228201448216264 0
    outer loop
      vertex 103.58467864990234 5.149999618530273 0
      vertex 103.76402282714844 5.513680458068848 1.3899993896484375
      vertex 103.76402282714844 5.513680458068848 0
    endloop
  endfacet
  facet normal -0.8968760336108887 0.44228201448216264 0
    outer loop
      vertex 103.76402282714844 5.513680458068848 1.3899993896484375
      vertex 103.58467864990234 5.149999618530273 0
      vertex 103.58467864990234 5.149999618530273 1.3899993896484375
    endloop
  endfacet
  facet normal -0.9469266555052334 0.3214496991656284 0
    outer loop
      vertex 103.76402282714844 5.513680458068848 0
      vertex 103.89437103271484 5.897660255432129 1.3899993896484375
      vertex 103.89437103271484 5.897660255432129 0
    endloop
  endfacet
  facet normal -0.9469266555052334 0.3214496991656284 0
    outer loop
      vertex 103.89437103271484 5.897660255432129 1.3899993896484375
      vertex 103.76402282714844 5.513680458068848 0
      vertex 103.76402282714844 5.513680458068848 1.3899993896484375
    endloop
  endfacet
  facet normal -0.32143915497608905 -0.9469302348368954 0
    outer loop
      vertex 101.70233917236328 9.694369316101074 0
      vertex 102.08631896972656 9.56402587890625 1.3899993896484375
      vertex 101.70233917236328 9.694369316101074 1.3899993896484375
    endloop
  endfacet
  facet normal -0.32143915497608905 -0.9469302348368954 0
    outer loop
      vertex 102.08631896972656 9.56402587890625 1.3899993896484375
      vertex 101.70233917236328 9.694369316101074 0
      vertex 102.08631896972656 9.56402587890625 0
    endloop
  endfacet
  facet normal 0.9978591134390666 0.0654002272671884 0
    outer loop
      vertex 97.82652282714844 6.295368194580078 1.3899993896484375
      vertex 97.80000305175781 6.699999809265137 0
      vertex 97.80000305175781 6.699999809265137 1.3899993896484375
    endloop
  endfacet
  facet normal 0.9978591134390666 0.0654002272671884 0
    outer loop
      vertex 97.80000305175781 6.699999809265137 0
      vertex 97.82652282714844 6.295368194580078 1.3899993896484375
      vertex 97.82652282714844 6.295368194580078 0
    endloop
  endfacet
  facet normal -0.06540364348779613 -0.997858889532243 0
    outer loop
      vertex 100.9000015258789 9.799999237060547 0
      vertex 101.30462646484375 9.773478507995605 1.3899993896484375
      vertex 100.9000015258789 9.799999237060547 1.3899993896484375
    endloop
  endfacet
  facet normal -0.06540364348779613 -0.997858889532243 0
    outer loop
      vertex 101.30462646484375 9.773478507995605 1.3899993896484375
      vertex 100.9000015258789 9.799999237060547 0
      vertex 101.30462646484375 9.773478507995605 0
    endloop
  endfacet
  facet normal -0.4422923804607306 -0.8968709216974202 0
    outer loop
      vertex 102.08631896972656 9.56402587890625 0
      vertex 102.44999694824219 9.38467788696289 1.3899993896484375
      vertex 102.08631896972656 9.56402587890625 1.3899993896484375
    endloop
  endfacet
  facet normal -0.4422923804607306 -0.8968709216974202 0
    outer loop
      vertex 102.44999694824219 9.38467788696289 1.3899993896484375
      vertex 102.08631896972656 9.56402587890625 0
      vertex 102.44999694824219 9.38467788696289 0
    endloop
  endfacet
  facet normal 0.946932382392523 0.3214328284049725 0
    outer loop
      vertex 98.03597259521484 5.513680458068848 1.3899993896484375
      vertex 97.90563201904297 5.897660255432129 0
      vertex 97.90563201904297 5.897660255432129 1.3899993896484375
    endloop
  endfacet
  facet normal 0.946932382392523 0.3214328284049725 0
    outer loop
      vertex 97.90563201904297 5.897660255432129 0
      vertex 98.03597259521484 5.513680458068848 1.3899993896484375
      vertex 98.03597259521484 5.513680458068848 0
    endloop
  endfacet
  facet normal 0.06540241556943223 -0.9978589700141414 0
    outer loop
      vertex 100.49536895751953 9.773478507995605 0
      vertex 100.9000015258789 9.799999237060547 1.3899993896484375
      vertex 100.49536895751953 9.773478507995605 1.3899993896484375
    endloop
  endfacet
  facet normal 0.06540241556943223 -0.9978589700141414 0
    outer loop
      vertex 100.9000015258789 9.799999237060547 1.3899993896484375
      vertex 100.49536895751953 9.773478507995605 0
      vertex 100.9000015258789 9.799999237060547 0
    endloop
  endfacet
  facet normal 0.9807852029259817 0.19509071152015586 0
    outer loop
      vertex 97.90563201904297 5.897660255432129 1.3899993896484375
      vertex 97.82652282714844 6.295368194580078 0
      vertex 97.82652282714844 6.295368194580078 1.3899993896484375
    endloop
  endfacet
  facet normal 0.9807852029259817 0.19509071152015586 0
    outer loop
      vertex 97.82652282714844 6.295368194580078 0
      vertex 97.90563201904297 5.897660255432129 1.3899993896484375
      vertex 97.90563201904297 5.897660255432129 0
    endloop
  endfacet
  facet normal 0.8968764936653734 -0.4422810815652251 0
    outer loop
      vertex 98.03597259521484 7.886318206787109 1.3899993896484375
      vertex 98.21531677246094 8.25 0
      vertex 98.21531677246094 8.25 1.3899993896484375
    endloop
  endfacet
  facet normal 0.8968764936653734 -0.4422810815652251 0
    outer loop
      vertex 98.21531677246094 8.25 0
      vertex 98.03597259521484 7.886318206787109 1.3899993896484375
      vertex 98.03597259521484 7.886318206787109 0
    endloop
  endfacet
  facet normal 0.8968760336108887 0.44228201448216264 0
    outer loop
      vertex 98.21531677246094 5.149999618530273 1.3899993896484375
      vertex 98.03597259521484 5.513680458068848 0
      vertex 98.03597259521484 5.513680458068848 1.3899993896484375
    endloop
  endfacet
  facet normal 0.8968760336108887 0.44228201448216264 0
    outer loop
      vertex 98.03597259521484 5.513680458068848 0
      vertex 98.21531677246094 5.149999618530273 1.3899993896484375
      vertex 98.21531677246094 5.149999618530273 0
    endloop
  endfacet
  facet normal 0.5555731549350988 0.8314676599336025 0
    outer loop
      vertex 99.3499984741211 4.015320777893066 0
      vertex 99.0128402709961 4.240604400634766 1.3899993896484375
      vertex 99.3499984741211 4.015320777893066 1.3899993896484375
    endloop
  endfacet
  facet normal 0.5555731549350988 0.8314676599336025 0
    outer loop
      vertex 99.0128402709961 4.240604400634766 1.3899993896484375
      vertex 99.3499984741211 4.015320777893066 0
      vertex 99.0128402709961 4.240604400634766 0
    endloop
  endfacet
  facet normal 0.65934603353675 0.7518396159150933 0
    outer loop
      vertex 99.0128402709961 4.240604400634766 0
      vertex 98.70796966552734 4.507968902587891 1.3899993896484375
      vertex 99.0128402709961 4.240604400634766 1.3899993896484375
    endloop
  endfacet
  facet normal 0.65934603353675 0.7518396159150933 0
    outer loop
      vertex 98.70796966552734 4.507968902587891 1.3899993896484375
      vertex 99.0128402709961 4.240604400634766 0
      vertex 98.70796966552734 4.507968902587891 0
    endloop
  endfacet
  facet normal 0.7518396159150933 0.65934603353675 0
    outer loop
      vertex 98.70796966552734 4.507968902587891 1.3899993896484375
      vertex 98.44060516357422 4.812839508056641 0
      vertex 98.44060516357422 4.812839508056641 1.3899993896484375
    endloop
  endfacet
  facet normal 0.7518396159150933 0.65934603353675 0
    outer loop
      vertex 98.44060516357422 4.812839508056641 0
      vertex 98.70796966552734 4.507968902587891 1.3899993896484375
      vertex 98.70796966552734 4.507968902587891 0
    endloop
  endfacet
  facet normal -0.32143915497608905 0.9469302348368954 0
    outer loop
      vertex 102.08631896972656 3.835972785949707 0
      vertex 101.70233917236328 3.705629348754883 1.3899993896484375
      vertex 102.08631896972656 3.835972785949707 1.3899993896484375
    endloop
  endfacet
  facet normal -0.32143915497608905 0.9469302348368954 0
    outer loop
      vertex 101.70233917236328 3.705629348754883 1.3899993896484375
      vertex 102.08631896972656 3.835972785949707 0
      vertex 101.70233917236328 3.705629348754883 0
    endloop
  endfacet
  facet normal 0.06540241556943223 0.9978589700141414 0
    outer loop
      vertex 100.9000015258789 3.59999942779541 0
      vertex 100.49536895751953 3.6265201568603516 1.3899993896484375
      vertex 100.9000015258789 3.59999942779541 1.3899993896484375
    endloop
  endfacet
  facet normal 0.06540241556943223 0.9978589700141414 0
    outer loop
      vertex 100.49536895751953 3.6265201568603516 1.3899993896484375
      vertex 100.9000015258789 3.59999942779541 0
      vertex 100.49536895751953 3.6265201568603516 0
    endloop
  endfacet
  facet normal 0.3214448819306207 -0.9469282907805687 0
    outer loop
      vertex 99.71368408203125 9.56402587890625 0
      vertex 100.09765625 9.694369316101074 1.3899993896484375
      vertex 99.71368408203125 9.56402587890625 1.3899993896484375
    endloop
  endfacet
  facet normal 0.3214448819306207 -0.9469282907805687 0
    outer loop
      vertex 100.09765625 9.694369316101074 1.3899993896484375
      vertex 99.71368408203125 9.56402587890625 0
      vertex 100.09765625 9.694369316101074 0
    endloop
  endfacet
  facet normal 0.5555715289996748 -0.8314687463548848 0
    outer loop
      vertex 99.0128402709961 9.159395217895508 0
      vertex 99.3499984741211 9.38467788696289 1.3899993896484375
      vertex 99.0128402709961 9.159395217895508 1.3899993896484375
    endloop
  endfacet
  facet normal 0.5555715289996748 -0.8314687463548848 0
    outer loop
      vertex 99.3499984741211 9.38467788696289 1.3899993896484375
      vertex 99.0128402709961 9.159395217895508 0
      vertex 99.3499984741211 9.38467788696289 0
    endloop
  endfacet
  facet normal 0.1950884615056217 0.9807856504799454 0
    outer loop
      vertex 100.49536895751953 3.6265201568603516 0
      vertex 100.09765625 3.705629348754883 1.3899993896484375
      vertex 100.49536895751953 3.6265201568603516 1.3899993896484375
    endloop
  endfacet
  facet normal 0.1950884615056217 0.9807856504799454 0
    outer loop
      vertex 100.09765625 3.705629348754883 1.3899993896484375
      vertex 100.49536895751953 3.6265201568603516 0
      vertex 100.09765625 3.705629348754883 0
    endloop
  endfacet
  facet normal 0.44228491707347206 0.8968746022322808 0
    outer loop
      vertex 99.71368408203125 3.835972785949707 0
      vertex 99.3499984741211 4.015320777893066 1.3899993896484375
      vertex 99.71368408203125 3.835972785949707 1.3899993896484375
    endloop
  endfacet
  facet normal 0.44228491707347206 0.8968746022322808 0
    outer loop
      vertex 99.3499984741211 4.015320777893066 1.3899993896484375
      vertex 99.71368408203125 3.835972785949707 0
      vertex 99.3499984741211 4.015320777893066 0
    endloop
  endfacet
  facet normal -0.06540364348779613 0.997858889532243 0
    outer loop
      vertex 101.30462646484375 3.6265201568603516 0
      vertex 100.9000015258789 3.59999942779541 1.3899993896484375
      vertex 101.30462646484375 3.6265201568603516 1.3899993896484375
    endloop
  endfacet
  facet normal -0.06540364348779613 0.997858889532243 0
    outer loop
      vertex 100.9000015258789 3.59999942779541 1.3899993896484375
      vertex 101.30462646484375 3.6265201568603516 0
      vertex 100.9000015258789 3.59999942779541 0
    endloop
  endfacet
  facet normal 0 0 -1
    outer loop
      vertex 102.55000305175781 6.699999809265137 1.3899993896484375
      vertex 104 6.699999809265137 1.3899993896484375
      vertex 103.97348022460938 6.295368194580078 1.3899993896484375
    endloop
  endfacet
  facet normal 0 0 -1
    outer loop
      vertex 102.53588104248047 6.484631538391113 1.3899993896484375
      vertex 103.97348022460938 6.295368194580078 1.3899993896484375
      vertex 103.89437103271484 5.897660255432129 1.3899993896484375
    endloop
  endfacet
  facet normal 0 0 -1
    outer loop
      vertex 104 6.699999809265137 1.3899993896484375
      vertex 102.55000305175781 6.699999809265137 1.3899993896484375
      vertex 103.97348022460938 7.104630470275879 1.3899993896484375
    endloop
  endfacet
  facet normal 0 0 -1
    outer loop
      vertex 102.4937744140625 6.272948265075684 1.3899993896484375
      vertex 103.89437103271484 5.897660255432129 1.3899993896484375
      vertex 103.76402282714844 5.513680458068848 1.3899993896484375
    endloop
  endfacet
  facet normal 0 0 -1
    outer loop
      vertex 102.53588104248047 6.91536808013916 1.3899993896484375
      vertex 103.97348022460938 7.104630470275879 1.3899993896484375
      vertex 102.55000305175781 6.699999809265137 1.3899993896484375
    endloop
  endfacet
  facet normal 0 0 -1
    outer loop
      vertex 102.42440032958984 6.068572044372559 1.3899993896484375
      vertex 103.76402282714844 5.513680458068848 1.3899993896484375
      vertex 103.58467864990234 5.149999618530273 1.3899993896484375
    endloop
  endfacet
  facet normal 0 0 -1
    outer loop
      vertex 103.97348022460938 7.104630470275879 1.3899993896484375
      vertex 102.53588104248047 6.91536808013916 1.3899993896484375
      vertex 103.89437103271484 7.502338409423828 1.3899993896484375
    endloop
  endfacet
  facet normal 0 0 -1
    outer loop
      vertex 102.32894134521484 5.874999046325684 1.3899993896484375
      vertex 103.58467864990234 5.149999618530273 1.3899993896484375
      vertex 103.3593978881836 4.812839508056641 1.3899993896484375
    endloop
  endfacet
  facet normal 0 0 -1
    outer loop
      vertex 102.4937744140625 7.12705135345459 1.3899993896484375
      vertex 103.89437103271484 7.502338409423828 1.3899993896484375
      vertex 102.53588104248047 6.91536808013916 1.3899993896484375
    endloop
  endfacet
  facet normal 0 0 -1
    outer loop
      vertex 102.20903015136719 5.69554328918457 1.3899993896484375
      vertex 103.3593978881836 4.812839508056641 1.3899993896484375
      vertex 103.09203338623047 4.507968902587891 1.3899993896484375
    endloop
  endfacet
  facet normal 0 0 -1
    outer loop
      vertex 103.89437103271484 7.502338409423828 1.3899993896484375
      vertex 102.4937744140625 7.12705135345459 1.3899993896484375
      vertex 103.76402282714844 7.886318206787109 1.3899993896484375
    endloop
  endfacet
  facet normal 0 0 -1
    outer loop
      vertex 102.06672668457031 5.533273696899414 1.3899993896484375
      vertex 103.09203338623047 4.507968902587891 1.3899993896484375
      vertex 102.78716278076172 4.240604400634766 1.3899993896484375
    endloop
  endfacet
  facet normal 0 0 -1
    outer loop
      vertex 102.42440032958984 7.331427574157715 1.3899993896484375
      vertex 103.76402282714844 7.886318206787109 1.3899993896484375
      vertex 102.4937744140625 7.12705135345459 1.3899993896484375
    endloop
  endfacet
  facet normal 0 0 -1
    outer loop
      vertex 103.76402282714844 7.886318206787109 1.3899993896484375
      vertex 102.42440032958984 7.331427574157715 1.3899993896484375
      vertex 103.58467864990234 8.25 1.3899993896484375
    endloop
  endfacet
  facet normal 0 0 -1
    outer loop
      vertex 103.97348022460938 6.295368194580078 1.3899993896484375
      vertex 102.53588104248047 6.484631538391113 1.3899993896484375
      vertex 102.55000305175781 6.699999809265137 1.3899993896484375
    endloop
  endfacet
  facet normal 0 0 -1
    outer loop
      vertex 103.89437103271484 5.897660255432129 1.3899993896484375
      vertex 102.4937744140625 6.272948265075684 1.3899993896484375
      vertex 102.53588104248047 6.484631538391113 1.3899993896484375
    endloop
  endfacet
  facet normal 0 0 -1
    outer loop
      vertex 101.90445709228516 5.390966415405273 1.3899993896484375
      vertex 102.78716278076172 4.240604400634766 1.3899993896484375
      vertex 102.44999694824219 4.015320777893066 1.3899993896484375
    endloop
  endfacet
  facet normal 0 0 -1
    outer loop
      vertex 103.76402282714844 5.513680458068848 1.3899993896484375
      vertex 102.42440032958984 6.068572044372559 1.3899993896484375
      vertex 102.4937744140625 6.272948265075684 1.3899993896484375
    endloop
  endfacet
  facet normal 0 0 -1
    outer loop
      vertex 103.58467864990234 5.149999618530273 1.3899993896484375
      vertex 102.32894134521484 5.874999046325684 1.3899993896484375
      vertex 102.42440032958984 6.068572044372559 1.3899993896484375
    endloop
  endfacet
  facet normal 0 0 -1
    outer loop
      vertex 103.3593978881836 4.812839508056641 1.3899993896484375
      vertex 102.20903015136719 5.69554328918457 1.3899993896484375
      vertex 102.32894134521484 5.874999046325684 1.3899993896484375
    endloop
  endfacet
  facet normal 0 0 -1
    outer loop
      vertex 101.7249984741211 5.271058082580566 1.3899993896484375
      vertex 102.44999694824219 4.015320777893066 1.3899993896484375
      vertex 102.08631896972656 3.835972785949707 1.3899993896484375
    endloop
  endfacet
  facet normal 0 0 -1
    outer loop
      vertex 103.09203338623047 4.507968902587891 1.3899993896484375
      vertex 102.06672668457031 5.533273696899414 1.3899993896484375
      vertex 102.20903015136719 5.69554328918457 1.3899993896484375
    endloop
  endfacet
  facet normal 0 0 -1
    outer loop
      vertex 102.78716278076172 4.240604400634766 1.3899993896484375
      vertex 101.90445709228516 5.390966415405273 1.3899993896484375
      vertex 102.06672668457031 5.533273696899414 1.3899993896484375
    endloop
  endfacet
  facet normal 0 0 -1
    outer loop
      vertex 102.44999694824219 4.015320777893066 1.3899993896484375
      vertex 101.7249984741211 5.271058082580566 1.3899993896484375
      vertex 101.90445709228516 5.390966415405273 1.3899993896484375
    endloop
  endfacet
  facet normal 0 0 -1
    outer loop
      vertex 101.53142547607422 5.17559814453125 1.3899993896484375
      vertex 102.08631896972656 3.835972785949707 1.3899993896484375
      vertex 101.70233917236328 3.705629348754883 1.3899993896484375
    endloop
  endfacet
  facet normal 0 0 -1
    outer loop
      vertex 102.08631896972656 3.835972785949707 1.3899993896484375
      vertex 101.53142547607422 5.17559814453125 1.3899993896484375
      vertex 101.7249984741211 5.271058082580566 1.3899993896484375
    endloop
  endfacet
  facet normal 0 0 -1
    outer loop
      vertex 101.70233917236328 3.705629348754883 1.3899993896484375
      vertex 101.3270492553711 5.106222152709961 1.3899993896484375
      vertex 101.53142547607422 5.17559814453125 1.3899993896484375
    endloop
  endfacet
  facet normal 0 0 -1
    outer loop
      vertex 101.30462646484375 3.6265201568603516 1.3899993896484375
      vertex 101.3270492553711 5.106222152709961 1.3899993896484375
      vertex 101.70233917236328 3.705629348754883 1.3899993896484375
    endloop
  endfacet
  facet normal 0 0 -1
    outer loop
      vertex 101.30462646484375 3.6265201568603516 1.3899993896484375
      vertex 101.11537170410156 5.064115524291992 1.3899993896484375
      vertex 101.3270492553711 5.106222152709961 1.3899993896484375
    endloop
  endfacet
  facet normal 0 0 -1
    outer loop
      vertex 100.9000015258789 3.59999942779541 1.3899993896484375
      vertex 101.11537170410156 5.064115524291992 1.3899993896484375
      vertex 101.30462646484375 3.6265201568603516 1.3899993896484375
    endloop
  endfacet
  facet normal 0 0 -1
    outer loop
      vertex 100.9000015258789 3.59999942779541 1.3899993896484375
      vertex 100.9000015258789 5.049999237060547 1.3899993896484375
      vertex 101.11537170410156 5.064115524291992 1.3899993896484375
    endloop
  endfacet
  facet normal 0 0 -1
    outer loop
      vertex 100.9000015258789 3.59999942779541 1.3899993896484375
      vertex 100.68463134765625 5.064115524291992 1.3899993896484375
      vertex 100.9000015258789 5.049999237060547 1.3899993896484375
    endloop
  endfacet
  facet normal 0 0 -1
    outer loop
      vertex 100.49536895751953 3.6265201568603516 1.3899993896484375
      vertex 100.68463134765625 5.064115524291992 1.3899993896484375
      vertex 100.9000015258789 3.59999942779541 1.3899993896484375
    endloop
  endfacet
  facet normal 0 0 -1
    outer loop
      vertex 100.49536895751953 3.6265201568603516 1.3899993896484375
      vertex 100.47294616699219 5.106222152709961 1.3899993896484375
      vertex 100.68463134765625 5.064115524291992 1.3899993896484375
    endloop
  endfacet
  facet normal 0 0 -1
    outer loop
      vertex 100.09765625 3.705629348754883 1.3899993896484375
      vertex 100.47294616699219 5.106222152709961 1.3899993896484375
      vertex 100.49536895751953 3.6265201568603516 1.3899993896484375
    endloop
  endfacet
  facet normal 0 0 -1
    outer loop
      vertex 100.47294616699219 5.106222152709961 1.3899993896484375
      vertex 100.09765625 3.705629348754883 1.3899993896484375
      vertex 100.26856994628906 5.17559814453125 1.3899993896484375
    endloop
  endfacet
  facet normal 0 0 -1
    outer loop
      vertex 99.71368408203125 3.835972785949707 1.3899993896484375
      vertex 100.26856994628906 5.17559814453125 1.3899993896484375
      vertex 100.09765625 3.705629348754883 1.3899993896484375
    endloop
  endfacet
  facet normal 0 0 -1
    outer loop
      vertex 100.26856994628906 5.17559814453125 1.3899993896484375
      vertex 99.71368408203125 3.835972785949707 1.3899993896484375
      vertex 100.07499694824219 5.271058082580566 1.3899993896484375
    endloop
  endfacet
  facet normal 0 0 -1
    outer loop
      vertex 99.3499984741211 4.015320777893066 1.3899993896484375
      vertex 100.07499694824219 5.271058082580566 1.3899993896484375
      vertex 99.71368408203125 3.835972785949707 1.3899993896484375
    endloop
  endfacet
  facet normal 0 0 -1
    outer loop
      vertex 100.07499694824219 5.271058082580566 1.3899993896484375
      vertex 99.3499984741211 4.015320777893066 1.3899993896484375
      vertex 99.89554595947266 5.390966415405273 1.3899993896484375
    endloop
  endfacet
  facet normal 0 0 -1
    outer loop
      vertex 99.0128402709961 4.240604400634766 1.3899993896484375
      vertex 99.89554595947266 5.390966415405273 1.3899993896484375
      vertex 99.3499984741211 4.015320777893066 1.3899993896484375
    endloop
  endfacet
  facet normal 0 0 -1
    outer loop
      vertex 99.89554595947266 5.390966415405273 1.3899993896484375
      vertex 99.0128402709961 4.240604400634766 1.3899993896484375
      vertex 99.7332763671875 5.533273696899414 1.3899993896484375
    endloop
  endfacet
  facet normal 0 0 -1
    outer loop
      vertex 98.70796966552734 4.507968902587891 1.3899993896484375
      vertex 99.7332763671875 5.533273696899414 1.3899993896484375
      vertex 99.0128402709961 4.240604400634766 1.3899993896484375
    endloop
  endfacet
  facet normal 0 0 -1
    outer loop
      vertex 99.7332763671875 5.533273696899414 1.3899993896484375
      vertex 98.70796966552734 4.507968902587891 1.3899993896484375
      vertex 99.5909652709961 5.69554328918457 1.3899993896484375
    endloop
  endfacet
  facet normal 0 0 -1
    outer loop
      vertex 98.44060516357422 4.812839508056641 1.3899993896484375
      vertex 99.5909652709961 5.69554328918457 1.3899993896484375
      vertex 98.70796966552734 4.507968902587891 1.3899993896484375
    endloop
  endfacet
  facet normal 0 0 -1
    outer loop
      vertex 99.5909652709961 5.69554328918457 1.3899993896484375
      vertex 98.44060516357422 4.812839508056641 1.3899993896484375
      vertex 99.47105407714844 5.874999046325684 1.3899993896484375
    endloop
  endfacet
  facet normal 0 0 -1
    outer loop
      vertex 98.21531677246094 5.149999618530273 1.3899993896484375
      vertex 99.47105407714844 5.874999046325684 1.3899993896484375
      vertex 98.44060516357422 4.812839508056641 1.3899993896484375
    endloop
  endfacet
  facet normal 0 0 -1
    outer loop
      vertex 99.47105407714844 5.874999046325684 1.3899993896484375
      vertex 98.21531677246094 5.149999618530273 1.3899993896484375
      vertex 99.37559509277344 6.068572044372559 1.3899993896484375
    endloop
  endfacet
  facet normal 0 0 -1
    outer loop
      vertex 102.32894134521484 7.524999618530273 1.3899993896484375
      vertex 103.58467864990234 8.25 1.3899993896484375
      vertex 102.42440032958984 7.331427574157715 1.3899993896484375
    endloop
  endfacet
  facet normal 0 0 -1
    outer loop
      vertex 103.58467864990234 8.25 1.3899993896484375
      vertex 102.32894134521484 7.524999618530273 1.3899993896484375
      vertex 103.3593978881836 8.587160110473633 1.3899993896484375
    endloop
  endfacet
  facet normal 0 0 -1
    outer loop
      vertex 102.20903015136719 7.704456329345703 1.3899993896484375
      vertex 103.3593978881836 8.587160110473633 1.3899993896484375
      vertex 102.32894134521484 7.524999618530273 1.3899993896484375
    endloop
  endfacet
  facet normal 0 0 -1
    outer loop
      vertex 103.3593978881836 8.587160110473633 1.3899993896484375
      vertex 102.20903015136719 7.704456329345703 1.3899993896484375
      vertex 103.09203338623047 8.892030715942383 1.3899993896484375
    endloop
  endfacet
  facet normal 0 0 -1
    outer loop
      vertex 102.06672668457031 7.866725921630859 1.3899993896484375
      vertex 103.09203338623047 8.892030715942383 1.3899993896484375
      vertex 102.20903015136719 7.704456329345703 1.3899993896484375
    endloop
  endfacet
  facet normal 0 0 -1
    outer loop
      vertex 103.09203338623047 8.892030715942383 1.3899993896484375
      vertex 102.06672668457031 7.866725921630859 1.3899993896484375
      vertex 102.78716278076172 9.159395217895508 1.3899993896484375
    endloop
  endfacet
  facet normal 0 0 -1
    outer loop
      vertex 101.90445709228516 8.009032249450684 1.3899993896484375
      vertex 102.78716278076172 9.159395217895508 1.3899993896484375
      vertex 102.06672668457031 7.866725921630859 1.3899993896484375
    endloop
  endfacet
  facet normal 0 0 -1
    outer loop
      vertex 102.78716278076172 9.159395217895508 1.3899993896484375
      vertex 101.90445709228516 8.009032249450684 1.3899993896484375
      vertex 102.44999694824219 9.38467788696289 1.3899993896484375
    endloop
  endfacet
  facet normal 0 0 -1
    outer loop
      vertex 101.7249984741211 8.128941535949707 1.3899993896484375
      vertex 102.44999694824219 9.38467788696289 1.3899993896484375
      vertex 101.90445709228516 8.009032249450684 1.3899993896484375
    endloop
  endfacet
  facet normal 0 0 -1
    outer loop
      vertex 102.44999694824219 9.38467788696289 1.3899993896484375
      vertex 101.7249984741211 8.128941535949707 1.3899993896484375
      vertex 102.08631896972656 9.56402587890625 1.3899993896484375
    endloop
  endfacet
  facet normal 0 0 -1
    outer loop
      vertex 101.53142547607422 8.224400520324707 1.3899993896484375
      vertex 102.08631896972656 9.56402587890625 1.3899993896484375
      vertex 101.7249984741211 8.128941535949707 1.3899993896484375
    endloop
  endfacet
  facet normal 0 0 -1
    outer loop
      vertex 102.08631896972656 9.56402587890625 1.3899993896484375
      vertex 101.53142547607422 8.224400520324707 1.3899993896484375
      vertex 101.70233917236328 9.694369316101074 1.3899993896484375
    endloop
  endfacet
  facet normal 0 0 -1
    outer loop
      vertex 101.3270492553711 8.293777465820312 1.3899993896484375
      vertex 101.70233917236328 9.694369316101074 1.3899993896484375
      vertex 101.53142547607422 8.224400520324707 1.3899993896484375
    endloop
  endfacet
  facet normal 0 0 -1
    outer loop
      vertex 101.3270492553711 8.293777465820312 1.3899993896484375
      vertex 101.30462646484375 9.773478507995605 1.3899993896484375
      vertex 101.70233917236328 9.694369316101074 1.3899993896484375
    endloop
  endfacet
  facet normal 0 0 -1
    outer loop
      vertex 101.11537170410156 8.335883140563965 1.3899993896484375
      vertex 101.30462646484375 9.773478507995605 1.3899993896484375
      vertex 101.3270492553711 8.293777465820312 1.3899993896484375
    endloop
  endfacet
  facet normal 0 0 -1
    outer loop
      vertex 100.9000015258789 8.34999942779541 1.3899993896484375
      vertex 101.30462646484375 9.773478507995605 1.3899993896484375
      vertex 101.11537170410156 8.335883140563965 1.3899993896484375
    endloop
  endfacet
  facet normal 0 0 -1
    outer loop
      vertex 100.9000015258789 8.34999942779541 1.3899993896484375
      vertex 100.9000015258789 9.799999237060547 1.3899993896484375
      vertex 101.30462646484375 9.773478507995605 1.3899993896484375
    endloop
  endfacet
  facet normal 0 0 -1
    outer loop
      vertex 100.68463134765625 8.335883140563965 1.3899993896484375
      vertex 100.9000015258789 9.799999237060547 1.3899993896484375
      vertex 100.9000015258789 8.34999942779541 1.3899993896484375
    endloop
  endfacet
  facet normal 0 0 -1
    outer loop
      vertex 100.68463134765625 8.335883140563965 1.3899993896484375
      vertex 100.49536895751953 9.773478507995605 1.3899993896484375
      vertex 100.9000015258789 9.799999237060547 1.3899993896484375
    endloop
  endfacet
  facet normal 0 0 -1
    outer loop
      vertex 100.47294616699219 8.293777465820312 1.3899993896484375
      vertex 100.49536895751953 9.773478507995605 1.3899993896484375
      vertex 100.68463134765625 8.335883140563965 1.3899993896484375
    endloop
  endfacet
  facet normal 0 0 -1
    outer loop
      vertex 100.09765625 9.694369316101074 1.3899993896484375
      vertex 100.47294616699219 8.293777465820312 1.3899993896484375
      vertex 100.26856994628906 8.224400520324707 1.3899993896484375
    endloop
  endfacet
  facet normal 0 0 -1
    outer loop
      vertex 100.47294616699219 8.293777465820312 1.3899993896484375
      vertex 100.09765625 9.694369316101074 1.3899993896484375
      vertex 100.49536895751953 9.773478507995605 1.3899993896484375
    endloop
  endfacet
  facet normal 0 0 -1
    outer loop
      vertex 99.71368408203125 9.56402587890625 1.3899993896484375
      vertex 100.26856994628906 8.224400520324707 1.3899993896484375
      vertex 100.07499694824219 8.128941535949707 1.3899993896484375
    endloop
  endfacet
  facet normal 0 0 -1
    outer loop
      vertex 99.3499984741211 9.38467788696289 1.3899993896484375
      vertex 100.07499694824219 8.128941535949707 1.3899993896484375
      vertex 99.89554595947266 8.009032249450684 1.3899993896484375
    endloop
  endfacet
  facet normal 0 0 -1
    outer loop
      vertex 99.0128402709961 9.159395217895508 1.3899993896484375
      vertex 99.89554595947266 8.009032249450684 1.3899993896484375
      vertex 99.7332763671875 7.866725921630859 1.3899993896484375
    endloop
  endfacet
  facet normal 0 0 -1
    outer loop
      vertex 100.26856994628906 8.224400520324707 1.3899993896484375
      vertex 99.71368408203125 9.56402587890625 1.3899993896484375
      vertex 100.09765625 9.694369316101074 1.3899993896484375
    endloop
  endfacet
  facet normal 0 0 -1
    outer loop
      vertex 98.70796966552734 8.892030715942383 1.3899993896484375
      vertex 99.7332763671875 7.866725921630859 1.3899993896484375
      vertex 99.5909652709961 7.704456329345703 1.3899993896484375
    endloop
  endfacet
  facet normal 0 0 -1
    outer loop
      vertex 98.44060516357422 8.587160110473633 1.3899993896484375
      vertex 99.5909652709961 7.704456329345703 1.3899993896484375
      vertex 99.47105407714844 7.524999618530273 1.3899993896484375
    endloop
  endfacet
  facet normal 0 0 -1
    outer loop
      vertex 98.21531677246094 8.25 1.3899993896484375
      vertex 99.47105407714844 7.524999618530273 1.3899993896484375
      vertex 99.37559509277344 7.331427574157715 1.3899993896484375
    endloop
  endfacet
  facet normal 0 0 -1
    outer loop
      vertex 100.07499694824219 8.128941535949707 1.3899993896484375
      vertex 99.3499984741211 9.38467788696289 1.3899993896484375
      vertex 99.71368408203125 9.56402587890625 1.3899993896484375
    endloop
  endfacet
  facet normal 0 0 -1
    outer loop
      vertex 98.03597259521484 7.886318206787109 1.3899993896484375
      vertex 99.37559509277344 7.331427574157715 1.3899993896484375
      vertex 99.30622100830078 7.12705135345459 1.3899993896484375
    endloop
  endfacet
  facet normal 0 0 -1
    outer loop
      vertex 97.90563201904297 7.502338409423828 1.3899993896484375
      vertex 99.30622100830078 7.12705135345459 1.3899993896484375
      vertex 99.26411437988281 6.91536808013916 1.3899993896484375
    endloop
  endfacet
  facet normal 0 0 -1
    outer loop
      vertex 97.82652282714844 7.104630470275879 1.3899993896484375
      vertex 99.26411437988281 6.91536808013916 1.3899993896484375
      vertex 99.25 6.699999809265137 1.3899993896484375
    endloop
  endfacet
  facet normal 0 0 -1
    outer loop
      vertex 98.03597259521484 5.513680458068848 1.3899993896484375
      vertex 99.37559509277344 6.068572044372559 1.3899993896484375
      vertex 98.21531677246094 5.149999618530273 1.3899993896484375
    endloop
  endfacet
  facet normal 0 0 -1
    outer loop
      vertex 99.89554595947266 8.009032249450684 1.3899993896484375
      vertex 99.0128402709961 9.159395217895508 1.3899993896484375
      vertex 99.3499984741211 9.38467788696289 1.3899993896484375
    endloop
  endfacet
  facet normal 0 0 -1
    outer loop
      vertex 99.37559509277344 6.068572044372559 1.3899993896484375
      vertex 98.03597259521484 5.513680458068848 1.3899993896484375
      vertex 99.30622100830078 6.272948265075684 1.3899993896484375
    endloop
  endfacet
  facet normal 0 0 -1
    outer loop
      vertex 99.7332763671875 7.866725921630859 1.3899993896484375
      vertex 98.70796966552734 8.892030715942383 1.3899993896484375
      vertex 99.0128402709961 9.159395217895508 1.3899993896484375
    endloop
  endfacet
  facet normal 0 0 -1
    outer loop
      vertex 97.90563201904297 5.897660255432129 1.3899993896484375
      vertex 99.30622100830078 6.272948265075684 1.3899993896484375
      vertex 98.03597259521484 5.513680458068848 1.3899993896484375
    endloop
  endfacet
  facet normal 0 0 -1
    outer loop
      vertex 99.5909652709961 7.704456329345703 1.3899993896484375
      vertex 98.44060516357422 8.587160110473633 1.3899993896484375
      vertex 98.70796966552734 8.892030715942383 1.3899993896484375
    endloop
  endfacet
  facet normal 0 0 -1
    outer loop
      vertex 99.30622100830078 6.272948265075684 1.3899993896484375
      vertex 97.90563201904297 5.897660255432129 1.3899993896484375
      vertex 99.26411437988281 6.484631538391113 1.3899993896484375
    endloop
  endfacet
  facet normal 0 0 -1
    outer loop
      vertex 99.47105407714844 7.524999618530273 1.3899993896484375
      vertex 98.21531677246094 8.25 1.3899993896484375
      vertex 98.44060516357422 8.587160110473633 1.3899993896484375
    endloop
  endfacet
  facet normal 0 0 -1
    outer loop
      vertex 97.82652282714844 6.295368194580078 1.3899993896484375
      vertex 99.26411437988281 6.484631538391113 1.3899993896484375
      vertex 97.90563201904297 5.897660255432129 1.3899993896484375
    endloop
  endfacet
  facet normal 0 0 -1
    outer loop
      vertex 99.37559509277344 7.331427574157715 1.3899993896484375
      vertex 98.03597259521484 7.886318206787109 1.3899993896484375
      vertex 98.21531677246094 8.25 1.3899993896484375
    endloop
  endfacet
  facet normal 0 0 -1
    outer loop
      vertex 99.26411437988281 6.484631538391113 1.3899993896484375
      vertex 97.82652282714844 6.295368194580078 1.3899993896484375
      vertex 99.25 6.699999809265137 1.3899993896484375
    endloop
  endfacet
  facet normal 0 0 -1
    outer loop
      vertex 99.30622100830078 7.12705135345459 1.3899993896484375
      vertex 97.90563201904297 7.502338409423828 1.3899993896484375
      vertex 98.03597259521484 7.886318206787109 1.3899993896484375
    endloop
  endfacet
  facet normal 0 0 -1
    outer loop
      vertex 97.80000305175781 6.699999809265137 1.3899993896484375
      vertex 99.25 6.699999809265137 1.3899993896484375
      vertex 97.82652282714844 6.295368194580078 1.3899993896484375
    endloop
  endfacet
  facet normal 0 0 -1
    outer loop
      vertex 99.26411437988281 6.91536808013916 1.3899993896484375
      vertex 97.82652282714844 7.104630470275879 1.3899993896484375
      vertex 97.90563201904297 7.502338409423828 1.3899993896484375
    endloop
  endfacet
  facet normal 0 0 -1
    outer loop
      vertex 99.25 6.699999809265137 1.3899993896484375
      vertex 97.80000305175781 6.699999809265137 1.3899993896484375
      vertex 97.82652282714844 7.104630470275879 1.3899993896484375
    endloop
  endfacet
  facet normal -0.9978588165244973 -0.06540475735242635 0
    outer loop
      vertex 9.5 54.599998474121094 0
      vertex 9.473478317260742 55.00463104248047 1.3899993896484375
      vertex 9.473478317260742 55.00463104248047 0
    endloop
  endfacet
  facet normal -0.9978588165244973 -0.06540475735242635 0
    outer loop
      vertex 9.473478317260742 55.00463104248047 1.3899993896484375
      vertex 9.5 54.599998474121094 0
      vertex 9.5 54.599998474121094 1.3899993896484375
    endloop
  endfacet
  facet normal -0.7518396159150933 -0.65934603353675 0
    outer loop
      vertex 8.859395027160645 56.487159729003906 0
      vertex 8.59203052520752 56.792030334472656 1.3899993896484375
      vertex 8.59203052520752 56.792030334472656 0
    endloop
  endfacet
  facet normal -0.7518396159150933 -0.65934603353675 0
    outer loop
      vertex 8.59203052520752 56.792030334472656 1.3899993896484375
      vertex 8.859395027160645 56.487159729003906 0
      vertex 8.859395027160645 56.487159729003906 1.3899993896484375
    endloop
  endfacet
  facet normal 0 0 -1
    outer loop
      vertex 8.049999237060547 54.599998474121094 1.3899993896484375
      vertex 9.5 54.599998474121094 1.3899993896484375
      vertex 9.473478317260742 54.195369720458984 1.3899993896484375
    endloop
  endfacet
  facet normal 0 0 -1
    outer loop
      vertex 8.035883903503418 54.3846321105957 1.3899993896484375
      vertex 9.473478317260742 54.195369720458984 1.3899993896484375
      vertex 9.394369125366211 53.79766082763672 1.3899993896484375
    endloop
  endfacet
  facet normal 0 0 -1
    outer loop
      vertex 9.5 54.599998474121094 1.3899993896484375
      vertex 8.049999237060547 54.599998474121094 1.3899993896484375
      vertex 9.473478317260742 55.00463104248047 1.3899993896484375
    endloop
  endfacet
  facet normal 0 0 -1
    outer loop
      vertex 7.993777275085449 54.17294692993164 1.3899993896484375
      vertex 9.394369125366211 53.79766082763672 1.3899993896484375
      vertex 9.264025688171387 53.41368103027344 1.3899993896484375
    endloop
  endfacet
  facet normal 0 0 -1
    outer loop
      vertex 8.035883903503418 54.81536865234375 1.3899993896484375
      vertex 9.473478317260742 55.00463104248047 1.3899993896484375
      vertex 8.049999237060547 54.599998474121094 1.3899993896484375
    endloop
  endfacet
  facet normal 0 0 -1
    outer loop
      vertex 7.924400329589844 53.968570709228516 1.3899993896484375
      vertex 9.264025688171387 53.41368103027344 1.3899993896484375
      vertex 9.084678649902344 53.04999923706055 1.3899993896484375
    endloop
  endfacet
  facet normal 0 0 -1
    outer loop
      vertex 9.473478317260742 55.00463104248047 1.3899993896484375
      vertex 8.035883903503418 54.81536865234375 1.3899993896484375
      vertex 9.394369125366211 55.402339935302734 1.3899993896484375
    endloop
  endfacet
  facet normal 0 0 -1
    outer loop
      vertex 7.828941345214844 53.775001525878906 1.3899993896484375
      vertex 9.084678649902344 53.04999923706055 1.3899993896484375
      vertex 8.859395027160645 52.71283721923828 1.3899993896484375
    endloop
  endfacet
  facet normal 0 0 -1
    outer loop
      vertex 7.993777275085449 55.02705001831055 1.3899993896484375
      vertex 9.394369125366211 55.402339935302734 1.3899993896484375
      vertex 8.035883903503418 54.81536865234375 1.3899993896484375
    endloop
  endfacet
  facet normal 0 0 -1
    outer loop
      vertex 7.70903205871582 53.595542907714844 1.3899993896484375
      vertex 8.859395027160645 52.71283721923828 1.3899993896484375
      vertex 8.59203052520752 52.40796661376953 1.3899993896484375
    endloop
  endfacet
  facet normal 0 0 -1
    outer loop
      vertex 9.394369125366211 55.402339935302734 1.3899993896484375
      vertex 7.993777275085449 55.02705001831055 1.3899993896484375
      vertex 9.264025688171387 55.78631591796875 1.3899993896484375
    endloop
  endfacet
  facet normal 0 0 -1
    outer loop
      vertex 7.566725730895996 53.43327331542969 1.3899993896484375
      vertex 8.59203052520752 52.40796661376953 1.3899993896484375
      vertex 8.28715991973877 52.140602111816406 1.3899993896484375
    endloop
  endfacet
  facet normal 0 0 -1
    outer loop
      vertex 7.924400329589844 55.23142623901367 1.3899993896484375
      vertex 9.264025688171387 55.78631591796875 1.3899993896484375
      vertex 7.993777275085449 55.02705001831055 1.3899993896484375
    endloop
  endfacet
  facet normal 0 0 -1
    outer loop
      vertex 9.264025688171387 55.78631591796875 1.3899993896484375
      vertex 7.924400329589844 55.23142623901367 1.3899993896484375
      vertex 9.084678649902344 56.150001525878906 1.3899993896484375
    endloop
  endfacet
  facet normal 0 0 -1
    outer loop
      vertex 9.473478317260742 54.195369720458984 1.3899993896484375
      vertex 8.035883903503418 54.3846321105957 1.3899993896484375
      vertex 8.049999237060547 54.599998474121094 1.3899993896484375
    endloop
  endfacet
  facet normal 0 0 -1
    outer loop
      vertex 9.394369125366211 53.79766082763672 1.3899993896484375
      vertex 7.993777275085449 54.17294692993164 1.3899993896484375
      vertex 8.035883903503418 54.3846321105957 1.3899993896484375
    endloop
  endfacet
  facet normal 0 0 -1
    outer loop
      vertex 7.40445613861084 53.29096603393555 1.3899993896484375
      vertex 8.28715991973877 52.140602111816406 1.3899993896484375
      vertex 7.949999809265137 51.915321350097656 1.3899993896484375
    endloop
  endfacet
  facet normal 0 0 -1
    outer loop
      vertex 9.264025688171387 53.41368103027344 1.3899993896484375
      vertex 7.924400329589844 53.968570709228516 1.3899993896484375
      vertex 7.993777275085449 54.17294692993164 1.3899993896484375
    endloop
  endfacet
  facet normal 0 0 -1
    outer loop
      vertex 9.084678649902344 53.04999923706055 1.3899993896484375
      vertex 7.828941345214844 53.775001525878906 1.3899993896484375
      vertex 7.924400329589844 53.968570709228516 1.3899993896484375
    endloop
  endfacet
  facet normal 0 0 -1
    outer loop
      vertex 8.859395027160645 52.71283721923828 1.3899993896484375
      vertex 7.70903205871582 53.595542907714844 1.3899993896484375
      vertex 7.828941345214844 53.775001525878906 1.3899993896484375
    endloop
  endfacet
  facet normal 0 0 -1
    outer loop
      vertex 7.22499942779541 53.171058654785156 1.3899993896484375
      vertex 7.949999809265137 51.915321350097656 1.3899993896484375
      vertex 7.586318016052246 51.7359733581543 1.3899993896484375
    endloop
  endfacet
  facet normal 0 0 -1
    outer loop
      vertex 8.59203052520752 52.40796661376953 1.3899993896484375
      vertex 7.566725730895996 53.43327331542969 1.3899993896484375
      vertex 7.70903205871582 53.595542907714844 1.3899993896484375
    endloop
  endfacet
  facet normal 0 0 -1
    outer loop
      vertex 8.28715991973877 52.140602111816406 1.3899993896484375
      vertex 7.40445613861084 53.29096603393555 1.3899993896484375
      vertex 7.566725730895996 53.43327331542969 1.3899993896484375
    endloop
  endfacet
  facet normal 0 0 -1
    outer loop
      vertex 7.949999809265137 51.915321350097656 1.3899993896484375
      vertex 7.22499942779541 53.171058654785156 1.3899993896484375
      vertex 7.40445613861084 53.29096603393555 1.3899993896484375
    endloop
  endfacet
  facet normal 0 0 -1
    outer loop
      vertex 7.031427383422852 53.075599670410156 1.3899993896484375
      vertex 7.586318016052246 51.7359733581543 1.3899993896484375
      vertex 7.202338218688965 51.605628967285156 1.3899993896484375
    endloop
  endfacet
  facet normal 0 0 -1
    outer loop
      vertex 7.586318016052246 51.7359733581543 1.3899993896484375
      vertex 7.031427383422852 53.075599670410156 1.3899993896484375
      vertex 7.22499942779541 53.171058654785156 1.3899993896484375
    endloop
  endfacet
  facet normal 0 0 -1
    outer loop
      vertex 7.202338218688965 51.605628967285156 1.3899993896484375
      vertex 6.827051162719727 53.006221771240234 1.3899993896484375
      vertex 7.031427383422852 53.075599670410156 1.3899993896484375
    endloop
  endfacet
  facet normal 0 0 -1
    outer loop
      vertex 6.804630279541016 51.526519775390625 1.3899993896484375
      vertex 6.827051162719727 53.006221771240234 1.3899993896484375
      vertex 7.202338218688965 51.605628967285156 1.3899993896484375
    endloop
  endfacet
  facet normal 0 0 -1
    outer loop
      vertex 6.804630279541016 51.526519775390625 1.3899993896484375
      vertex 6.615367889404297 52.964115142822266 1.3899993896484375
      vertex 6.827051162719727 53.006221771240234 1.3899993896484375
    endloop
  endfacet
  facet normal 0 0 -1
    outer loop
      vertex 6.399999618530273 51.5 1.3899993896484375
      vertex 6.615367889404297 52.964115142822266 1.3899993896484375
      vertex 6.804630279541016 51.526519775390625 1.3899993896484375
    endloop
  endfacet
  facet normal 0 0 -1
    outer loop
      vertex 6.399999618530273 51.5 1.3899993896484375
      vertex 6.399999618530273 52.95000076293945 1.3899993896484375
      vertex 6.615367889404297 52.964115142822266 1.3899993896484375
    endloop
  endfacet
  facet normal 0 0 -1
    outer loop
      vertex 6.399999618530273 51.5 1.3899993896484375
      vertex 6.18463134765625 52.964115142822266 1.3899993896484375
      vertex 6.399999618530273 52.95000076293945 1.3899993896484375
    endloop
  endfacet
  facet normal 0 0 -1
    outer loop
      vertex 5.995368003845215 51.526519775390625 1.3899993896484375
      vertex 6.18463134765625 52.964115142822266 1.3899993896484375
      vertex 6.399999618530273 51.5 1.3899993896484375
    endloop
  endfacet
  facet normal 0 0 -1
    outer loop
      vertex 5.995368003845215 51.526519775390625 1.3899993896484375
      vertex 5.97294807434082 53.006221771240234 1.3899993896484375
      vertex 6.18463134765625 52.964115142822266 1.3899993896484375
    endloop
  endfacet
  facet normal 0 0 -1
    outer loop
      vertex 5.597660064697266 51.605628967285156 1.3899993896484375
      vertex 5.97294807434082 53.006221771240234 1.3899993896484375
      vertex 5.995368003845215 51.526519775390625 1.3899993896484375
    endloop
  endfacet
  facet normal 0 0 -1
    outer loop
      vertex 5.97294807434082 53.006221771240234 1.3899993896484375
      vertex 5.597660064697266 51.605628967285156 1.3899993896484375
      vertex 5.768571853637695 53.075599670410156 1.3899993896484375
    endloop
  endfacet
  facet normal 0 0 -1
    outer loop
      vertex 5.213681221008301 51.7359733581543 1.3899993896484375
      vertex 5.768571853637695 53.075599670410156 1.3899993896484375
      vertex 5.597660064697266 51.605628967285156 1.3899993896484375
    endloop
  endfacet
  facet normal 0 0 -1
    outer loop
      vertex 5.768571853637695 53.075599670410156 1.3899993896484375
      vertex 5.213681221008301 51.7359733581543 1.3899993896484375
      vertex 5.574999809265137 53.171058654785156 1.3899993896484375
    endloop
  endfacet
  facet normal 0 0 -1
    outer loop
      vertex 4.84999942779541 51.915321350097656 1.3899993896484375
      vertex 5.574999809265137 53.171058654785156 1.3899993896484375
      vertex 5.213681221008301 51.7359733581543 1.3899993896484375
    endloop
  endfacet
  facet normal 0 0 -1
    outer loop
      vertex 5.574999809265137 53.171058654785156 1.3899993896484375
      vertex 4.84999942779541 51.915321350097656 1.3899993896484375
      vertex 5.395543098449707 53.29096603393555 1.3899993896484375
    endloop
  endfacet
  facet normal 0 0 -1
    outer loop
      vertex 4.512839317321777 52.140602111816406 1.3899993896484375
      vertex 5.395543098449707 53.29096603393555 1.3899993896484375
      vertex 4.84999942779541 51.915321350097656 1.3899993896484375
    endloop
  endfacet
  facet normal 0 0 -1
    outer loop
      vertex 5.395543098449707 53.29096603393555 1.3899993896484375
      vertex 4.512839317321777 52.140602111816406 1.3899993896484375
      vertex 5.233273506164551 53.43327331542969 1.3899993896484375
    endloop
  endfacet
  facet normal 0 0 -1
    outer loop
      vertex 4.207968711853027 52.40796661376953 1.3899993896484375
      vertex 5.233273506164551 53.43327331542969 1.3899993896484375
      vertex 4.512839317321777 52.140602111816406 1.3899993896484375
    endloop
  endfacet
  facet normal 0 0 -1
    outer loop
      vertex 5.233273506164551 53.43327331542969 1.3899993896484375
      vertex 4.207968711853027 52.40796661376953 1.3899993896484375
      vertex 5.09096622467041 53.595542907714844 1.3899993896484375
    endloop
  endfacet
  facet normal 0 0 -1
    outer loop
      vertex 3.9406042098999023 52.71283721923828 1.3899993896484375
      vertex 5.09096622467041 53.595542907714844 1.3899993896484375
      vertex 4.207968711853027 52.40796661376953 1.3899993896484375
    endloop
  endfacet
  facet normal 0 0 -1
    outer loop
      vertex 5.09096622467041 53.595542907714844 1.3899993896484375
      vertex 3.9406042098999023 52.71283721923828 1.3899993896484375
      vertex 4.971057891845703 53.775001525878906 1.3899993896484375
    endloop
  endfacet
  facet normal 0 0 -1
    outer loop
      vertex 3.715320587158203 53.04999923706055 1.3899993896484375
      vertex 4.971057891845703 53.775001525878906 1.3899993896484375
      vertex 3.9406042098999023 52.71283721923828 1.3899993896484375
    endloop
  endfacet
  facet normal 0 0 -1
    outer loop
      vertex 4.971057891845703 53.775001525878906 1.3899993896484375
      vertex 3.715320587158203 53.04999923706055 1.3899993896484375
      vertex 4.875597953796387 53.968570709228516 1.3899993896484375
    endloop
  endfacet
  facet normal 0 0 -1
    outer loop
      vertex 7.828941345214844 55.42499923706055 1.3899993896484375
      vertex 9.084678649902344 56.150001525878906 1.3899993896484375
      vertex 7.924400329589844 55.23142623901367 1.3899993896484375
    endloop
  endfacet
  facet normal 0 0 -1
    outer loop
      vertex 9.084678649902344 56.150001525878906 1.3899993896484375
      vertex 7.828941345214844 55.42499923706055 1.3899993896484375
      vertex 8.859395027160645 56.487159729003906 1.3899993896484375
    endloop
  endfacet
  facet normal 0 0 -1
    outer loop
      vertex 7.70903205871582 55.604454040527344 1.3899993896484375
      vertex 8.859395027160645 56.487159729003906 1.3899993896484375
      vertex 7.828941345214844 55.42499923706055 1.3899993896484375
    endloop
  endfacet
  facet normal 0 0 -1
    outer loop
      vertex 8.859395027160645 56.487159729003906 1.3899993896484375
      vertex 7.70903205871582 55.604454040527344 1.3899993896484375
      vertex 8.59203052520752 56.792030334472656 1.3899993896484375
    endloop
  endfacet
  facet normal 0 0 -1
    outer loop
      vertex 7.566725730895996 55.7667236328125 1.3899993896484375
      vertex 8.59203052520752 56.792030334472656 1.3899993896484375
      vertex 7.70903205871582 55.604454040527344 1.3899993896484375
    endloop
  endfacet
  facet normal 0 0 -1
    outer loop
      vertex 8.59203052520752 56.792030334472656 1.3899993896484375
      vertex 7.566725730895996 55.7667236328125 1.3899993896484375
      vertex 8.28715991973877 57.05939483642578 1.3899993896484375
    endloop
  endfacet
  facet normal 0 0 -1
    outer loop
      vertex 7.40445613861084 55.909034729003906 1.3899993896484375
      vertex 8.28715991973877 57.05939483642578 1.3899993896484375
      vertex 7.566725730895996 55.7667236328125 1.3899993896484375
    endloop
  endfacet
  facet normal 0 0 -1
    outer loop
      vertex 8.28715991973877 57.05939483642578 1.3899993896484375
      vertex 7.40445613861084 55.909034729003906 1.3899993896484375
      vertex 7.949999809265137 57.2846794128418 1.3899993896484375
    endloop
  endfacet
  facet normal 0 0 -1
    outer loop
      vertex 7.22499942779541 56.0289421081543 1.3899993896484375
      vertex 7.949999809265137 57.2846794128418 1.3899993896484375
      vertex 7.40445613861084 55.909034729003906 1.3899993896484375
    endloop
  endfacet
  facet normal 0 0 -1
    outer loop
      vertex 7.949999809265137 57.2846794128418 1.3899993896484375
      vertex 7.22499942779541 56.0289421081543 1.3899993896484375
      vertex 7.586318016052246 57.464027404785156 1.3899993896484375
    endloop
  endfacet
  facet normal 0 0 -1
    outer loop
      vertex 7.031427383422852 56.1244010925293 1.3899993896484375
      vertex 7.586318016052246 57.464027404785156 1.3899993896484375
      vertex 7.22499942779541 56.0289421081543 1.3899993896484375
    endloop
  endfacet
  facet normal 0 0 -1
    outer loop
      vertex 7.586318016052246 57.464027404785156 1.3899993896484375
      vertex 7.031427383422852 56.1244010925293 1.3899993896484375
      vertex 7.202338218688965 57.59436798095703 1.3899993896484375
    endloop
  endfacet
  facet normal 0 0 -1
    outer loop
      vertex 6.827051162719727 56.19377899169922 1.3899993896484375
      vertex 7.202338218688965 57.59436798095703 1.3899993896484375
      vertex 7.031427383422852 56.1244010925293 1.3899993896484375
    endloop
  endfacet
  facet normal 0 0 -1
    outer loop
      vertex 6.827051162719727 56.19377899169922 1.3899993896484375
      vertex 6.804630279541016 57.67347717285156 1.3899993896484375
      vertex 7.202338218688965 57.59436798095703 1.3899993896484375
    endloop
  endfacet
  facet normal 0 0 -1
    outer loop
      vertex 6.615367889404297 56.23588562011719 1.3899993896484375
      vertex 6.804630279541016 57.67347717285156 1.3899993896484375
      vertex 6.827051162719727 56.19377899169922 1.3899993896484375
    endloop
  endfacet
  facet normal 0 0 -1
    outer loop
      vertex 6.399999618530273 56.25 1.3899993896484375
      vertex 6.804630279541016 57.67347717285156 1.3899993896484375
      vertex 6.615367889404297 56.23588562011719 1.3899993896484375
    endloop
  endfacet
  facet normal 0 0 -1
    outer loop
      vertex 6.399999618530273 56.25 1.3899993896484375
      vertex 6.399999618530273 57.70000076293945 1.3899993896484375
      vertex 6.804630279541016 57.67347717285156 1.3899993896484375
    endloop
  endfacet
  facet normal 0 0 -1
    outer loop
      vertex 6.18463134765625 56.23588562011719 1.3899993896484375
      vertex 6.399999618530273 57.70000076293945 1.3899993896484375
      vertex 6.399999618530273 56.25 1.3899993896484375
    endloop
  endfacet
  facet normal 0 0 -1
    outer loop
      vertex 6.18463134765625 56.23588562011719 1.3899993896484375
      vertex 5.995368003845215 57.67347717285156 1.3899993896484375
      vertex 6.399999618530273 57.70000076293945 1.3899993896484375
    endloop
  endfacet
  facet normal 0 0 -1
    outer loop
      vertex 5.97294807434082 56.19377899169922 1.3899993896484375
      vertex 5.995368003845215 57.67347717285156 1.3899993896484375
      vertex 6.18463134765625 56.23588562011719 1.3899993896484375
    endloop
  endfacet
  facet normal 0 0 -1
    outer loop
      vertex 5.597660064697266 57.59436798095703 1.3899993896484375
      vertex 5.97294807434082 56.19377899169922 1.3899993896484375
      vertex 5.768571853637695 56.1244010925293 1.3899993896484375
    endloop
  endfacet
  facet normal 0 0 -1
    outer loop
      vertex 5.97294807434082 56.19377899169922 1.3899993896484375
      vertex 5.597660064697266 57.59436798095703 1.3899993896484375
      vertex 5.995368003845215 57.67347717285156 1.3899993896484375
    endloop
  endfacet
  facet normal 0 0 -1
    outer loop
      vertex 5.213681221008301 57.464027404785156 1.3899993896484375
      vertex 5.768571853637695 56.1244010925293 1.3899993896484375
      vertex 5.574999809265137 56.0289421081543 1.3899993896484375
    endloop
  endfacet
  facet normal 0 0 -1
    outer loop
      vertex 4.84999942779541 57.2846794128418 1.3899993896484375
      vertex 5.574999809265137 56.0289421081543 1.3899993896484375
      vertex 5.395543098449707 55.909034729003906 1.3899993896484375
    endloop
  endfacet
  facet normal 0 0 -1
    outer loop
      vertex 4.512839317321777 57.05939483642578 1.3899993896484375
      vertex 5.395543098449707 55.909034729003906 1.3899993896484375
      vertex 5.233273506164551 55.7667236328125 1.3899993896484375
    endloop
  endfacet
  facet normal 0 0 -1
    outer loop
      vertex 5.768571853637695 56.1244010925293 1.3899993896484375
      vertex 5.213681221008301 57.464027404785156 1.3899993896484375
      vertex 5.597660064697266 57.59436798095703 1.3899993896484375
    endloop
  endfacet
  facet normal 0 0 -1
    outer loop
      vertex 4.207968711853027 56.792030334472656 1.3899993896484375
      vertex 5.233273506164551 55.7667236328125 1.3899993896484375
      vertex 5.09096622467041 55.604454040527344 1.3899993896484375
    endloop
  endfacet
  facet normal 0 0 -1
    outer loop
      vertex 3.9406042098999023 56.487159729003906 1.3899993896484375
      vertex 5.09096622467041 55.604454040527344 1.3899993896484375
      vertex 4.971057891845703 55.42499923706055 1.3899993896484375
    endloop
  endfacet
  facet normal 0 0 -1
    outer loop
      vertex 3.715320587158203 56.150001525878906 1.3899993896484375
      vertex 4.971057891845703 55.42499923706055 1.3899993896484375
      vertex 4.875597953796387 55.23142623901367 1.3899993896484375
    endloop
  endfacet
  facet normal 0 0 -1
    outer loop
      vertex 5.574999809265137 56.0289421081543 1.3899993896484375
      vertex 4.84999942779541 57.2846794128418 1.3899993896484375
      vertex 5.213681221008301 57.464027404785156 1.3899993896484375
    endloop
  endfacet
  facet normal 0 0 -1
    outer loop
      vertex 3.5359725952148438 55.78631591796875 1.3899993896484375
      vertex 4.875597953796387 55.23142623901367 1.3899993896484375
      vertex 4.806221961975098 55.02705001831055 1.3899993896484375
    endloop
  endfacet
  facet normal 0 0 -1
    outer loop
      vertex 3.4056291580200195 55.402339935302734 1.3899993896484375
      vertex 4.806221961975098 55.02705001831055 1.3899993896484375
      vertex 4.764115333557129 54.81536865234375 1.3899993896484375
    endloop
  endfacet
  facet normal 0 0 -1
    outer loop
      vertex 3.3265209197998047 55.00463104248047 1.3899993896484375
      vertex 4.764115333557129 54.81536865234375 1.3899993896484375
      vertex 4.75 54.599998474121094 1.3899993896484375
    endloop
  endfacet
  facet normal 0 0 -1
    outer loop
      vertex 3.5359725952148438 53.41368103027344 1.3899993896484375
      vertex 4.875597953796387 53.968570709228516 1.3899993896484375
      vertex 3.715320587158203 53.04999923706055 1.3899993896484375
    endloop
  endfacet
  facet normal 0 0 -1
    outer loop
      vertex 5.395543098449707 55.909034729003906 1.3899993896484375
      vertex 4.512839317321777 57.05939483642578 1.3899993896484375
      vertex 4.84999942779541 57.2846794128418 1.3899993896484375
    endloop
  endfacet
  facet normal 0 0 -1
    outer loop
      vertex 4.875597953796387 53.968570709228516 1.3899993896484375
      vertex 3.5359725952148438 53.41368103027344 1.3899993896484375
      vertex 4.806221961975098 54.17294692993164 1.3899993896484375
    endloop
  endfacet
  facet normal 0 0 -1
    outer loop
      vertex 5.233273506164551 55.7667236328125 1.3899993896484375
      vertex 4.207968711853027 56.792030334472656 1.3899993896484375
      vertex 4.512839317321777 57.05939483642578 1.3899993896484375
    endloop
  endfacet
  facet normal 0 0 -1
    outer loop
      vertex 3.4056291580200195 53.79766082763672 1.3899993896484375
      vertex 4.806221961975098 54.17294692993164 1.3899993896484375
      vertex 3.5359725952148438 53.41368103027344 1.3899993896484375
    endloop
  endfacet
  facet normal 0 0 -1
    outer loop
      vertex 5.09096622467041 55.604454040527344 1.3899993896484375
      vertex 3.9406042098999023 56.487159729003906 1.3899993896484375
      vertex 4.207968711853027 56.792030334472656 1.3899993896484375
    endloop
  endfacet
  facet normal 0 0 -1
    outer loop
      vertex 4.806221961975098 54.17294692993164 1.3899993896484375
      vertex 3.4056291580200195 53.79766082763672 1.3899993896484375
      vertex 4.764115333557129 54.3846321105957 1.3899993896484375
    endloop
  endfacet
  facet normal 0 0 -1
    outer loop
      vertex 4.971057891845703 55.42499923706055 1.3899993896484375
      vertex 3.715320587158203 56.150001525878906 1.3899993896484375
      vertex 3.9406042098999023 56.487159729003906 1.3899993896484375
    endloop
  endfacet
  facet normal 0 0 -1
    outer loop
      vertex 3.3265209197998047 54.195369720458984 1.3899993896484375
      vertex 4.764115333557129 54.3846321105957 1.3899993896484375
      vertex 3.4056291580200195 53.79766082763672 1.3899993896484375
    endloop
  endfacet
  facet normal 0 0 -1
    outer loop
      vertex 4.875597953796387 55.23142623901367 1.3899993896484375
      vertex 3.5359725952148438 55.78631591796875 1.3899993896484375
      vertex 3.715320587158203 56.150001525878906 1.3899993896484375
    endloop
  endfacet
  facet normal 0 0 -1
    outer loop
      vertex 4.764115333557129 54.3846321105957 1.3899993896484375
      vertex 3.3265209197998047 54.195369720458984 1.3899993896484375
      vertex 4.75 54.599998474121094 1.3899993896484375
    endloop
  endfacet
  facet normal 0 0 -1
    outer loop
      vertex 4.806221961975098 55.02705001831055 1.3899993896484375
      vertex 3.4056291580200195 55.402339935302734 1.3899993896484375
      vertex 3.5359725952148438 55.78631591796875 1.3899993896484375
    endloop
  endfacet
  facet normal 0 0 -1
    outer loop
      vertex 3.299999237060547 54.599998474121094 1.3899993896484375
      vertex 4.75 54.599998474121094 1.3899993896484375
      vertex 3.3265209197998047 54.195369720458984 1.3899993896484375
    endloop
  endfacet
  facet normal 0 0 -1
    outer loop
      vertex 4.764115333557129 54.81536865234375 1.3899993896484375
      vertex 3.3265209197998047 55.00463104248047 1.3899993896484375
      vertex 3.4056291580200195 55.402339935302734 1.3899993896484375
    endloop
  endfacet
  facet normal 0 0 -1
    outer loop
      vertex 4.75 54.599998474121094 1.3899993896484375
      vertex 3.299999237060547 54.599998474121094 1.3899993896484375
      vertex 3.3265209197998047 55.00463104248047 1.3899993896484375
    endloop
  endfacet
  facet normal -0.65934603353675 -0.7518396159150933 0
    outer loop
      vertex 8.28715991973877 57.05939483642578 0
      vertex 8.59203052520752 56.792030334472656 1.3899993896484375
      vertex 8.28715991973877 57.05939483642578 1.3899993896484375
    endloop
  endfacet
  facet normal -0.65934603353675 -0.7518396159150933 0
    outer loop
      vertex 8.59203052520752 56.792030334472656 1.3899993896484375
      vertex 8.28715991973877 57.05939483642578 0
      vertex 8.59203052520752 56.792030334472656 0
    endloop
  endfacet
  facet normal -0.19509071152015586 0.9807852029259817 0
    outer loop
      vertex 7.202338218688965 51.605628967285156 0
      vertex 6.804630279541016 51.526519775390625 1.3899993896484375
      vertex 7.202338218688965 51.605628967285156 1.3899993896484375
    endloop
  endfacet
  facet normal -0.19509071152015586 0.9807852029259817 0
    outer loop
      vertex 6.804630279541016 51.526519775390625 1.3899993896484375
      vertex 7.202338218688965 51.605628967285156 0
      vertex 6.804630279541016 51.526519775390625 0
    endloop
  endfacet
  facet normal -0.4422886487394447 0.8968727619881408 0
    outer loop
      vertex 7.949999809265137 51.915321350097656 0
      vertex 7.586318016052246 51.7359733581543 1.3899993896484375
      vertex 7.949999809265137 51.915321350097656 1.3899993896484375
    endloop
  endfacet
  facet normal -0.4422886487394447 0.8968727619881408 0
    outer loop
      vertex 7.586318016052246 51.7359733581543 1.3899993896484375
      vertex 7.949999809265137 51.915321350097656 0
      vertex 7.586318016052246 51.7359733581543 0
    endloop
  endfacet
  facet normal 0.8968727619881408 0.4422886487394447 0
    outer loop
      vertex 3.715320587158203 53.04999923706055 1.3899993896484375
      vertex 3.5359725952148438 53.41368103027344 0
      vertex 3.5359725952148438 53.41368103027344 1.3899993896484375
    endloop
  endfacet
  facet normal 0.8968727619881408 0.4422886487394447 0
    outer loop
      vertex 3.5359725952148438 53.41368103027344 0
      vertex 3.715320587158203 53.04999923706055 1.3899993896484375
      vertex 3.715320587158203 53.04999923706055 0
    endloop
  endfacet
  facet normal 0.06540959441879751 -0.9978584994667172 0
    outer loop
      vertex 5.995368003845215 57.67347717285156 0
      vertex 6.399999618530273 57.70000076293945 1.3899993896484375
      vertex 5.995368003845215 57.67347717285156 1.3899993896484375
    endloop
  endfacet
  facet normal 0.06540959441879751 -0.9978584994667172 0
    outer loop
      vertex 6.399999618530273 57.70000076293945 1.3899993896484375
      vertex 5.995368003845215 57.67347717285156 0
      vertex 6.399999618530273 57.70000076293945 0
    endloop
  endfacet
  facet normal -0.9469292628217206 -0.3214420184293161 0
    outer loop
      vertex 9.394369125366211 55.402339935302734 0
      vertex 9.264025688171387 55.78631591796875 1.3899993896484375
      vertex 9.264025688171387 55.78631591796875 0
    endloop
  endfacet
  facet normal -0.9469292628217206 -0.3214420184293161 0
    outer loop
      vertex 9.264025688171387 55.78631591796875 1.3899993896484375
      vertex 9.394369125366211 55.402339935302734 0
      vertex 9.394369125366211 55.402339935302734 1.3899993896484375
    endloop
  endfacet
  facet normal 0.7518396159150933 -0.65934603353675 0
    outer loop
      vertex 3.9406042098999023 56.487159729003906 1.3899993896484375
      vertex 4.207968711853027 56.792030334472656 0
      vertex 4.207968711853027 56.792030334472656 1.3899993896484375
    endloop
  endfacet
  facet normal 0.7518396159150933 -0.65934603353675 0
    outer loop
      vertex 4.207968711853027 56.792030334472656 0
      vertex 3.9406042098999023 56.487159729003906 1.3899993896484375
      vertex 3.9406042098999023 56.487159729003906 0
    endloop
  endfacet
  facet normal -0.9807852924380134 0.19509026151317918 0
    outer loop
      vertex 9.394369125366211 53.79766082763672 0
      vertex 9.473478317260742 54.195369720458984 1.3899993896484375
      vertex 9.473478317260742 54.195369720458984 0
    endloop
  endfacet
  facet normal -0.9807852924380134 0.19509026151317918 0
    outer loop
      vertex 9.473478317260742 54.195369720458984 1.3899993896484375
      vertex 9.394369125366211 53.79766082763672 0
      vertex 9.394369125366211 53.79766082763672 1.3899993896484375
    endloop
  endfacet
  facet normal -0.9807852924380134 -0.19509026151317918 0
    outer loop
      vertex 9.473478317260742 55.00463104248047 0
      vertex 9.394369125366211 55.402339935302734 1.3899993896484375
      vertex 9.394369125366211 55.402339935302734 0
    endloop
  endfacet
  facet normal -0.9807852924380134 -0.19509026151317918 0
    outer loop
      vertex 9.394369125366211 55.402339935302734 1.3899993896484375
      vertex 9.473478317260742 55.00463104248047 0
      vertex 9.473478317260742 55.00463104248047 1.3899993896484375
    endloop
  endfacet
  facet normal 0.8314705636160484 0.5555688092756923 0
    outer loop
      vertex 3.9406042098999023 52.71283721923828 1.3899993896484375
      vertex 3.715320587158203 53.04999923706055 0
      vertex 3.715320587158203 53.04999923706055 1.3899993896484375
    endloop
  endfacet
  facet normal 0.8314705636160484 0.5555688092756923 0
    outer loop
      vertex 3.715320587158203 53.04999923706055 0
      vertex 3.9406042098999023 52.71283721923828 1.3899993896484375
      vertex 3.9406042098999023 52.71283721923828 0
    endloop
  endfacet
  facet normal -0.3214328284049725 -0.946932382392523 0
    outer loop
      vertex 7.202338218688965 57.59436798095703 0
      vertex 7.586318016052246 57.464027404785156 1.3899993896484375
      vertex 7.202338218688965 57.59436798095703 1.3899993896484375
    endloop
  endfacet
  facet normal -0.3214328284049725 -0.946932382392523 0
    outer loop
      vertex 7.586318016052246 57.464027404785156 1.3899993896484375
      vertex 7.202338218688965 57.59436798095703 0
      vertex 7.586318016052246 57.464027404785156 0
    endloop
  endfacet
  facet normal -0.3214412638235625 0.9469295189777913 0
    outer loop
      vertex 7.586318016052246 51.7359733581543 0
      vertex 7.202338218688965 51.605628967285156 1.3899993896484375
      vertex 7.586318016052246 51.7359733581543 1.3899993896484375
    endloop
  endfacet
  facet normal -0.3214412638235625 0.9469295189777913 0
    outer loop
      vertex 7.202338218688965 51.605628967285156 1.3899993896484375
      vertex 7.586318016052246 51.7359733581543 0
      vertex 7.202338218688965 51.605628967285156 0
    endloop
  endfacet
  facet normal 0.9469302348368954 0.32143915497608905 0
    outer loop
      vertex 3.5359725952148438 53.41368103027344 1.3899993896484375
      vertex 3.4056291580200195 53.79766082763672 0
      vertex 3.4056291580200195 53.79766082763672 1.3899993896484375
    endloop
  endfacet
  facet normal 0.9469302348368954 0.32143915497608905 0
    outer loop
      vertex 3.4056291580200195 53.79766082763672 0
      vertex 3.5359725952148438 53.41368103027344 1.3899993896484375
      vertex 3.5359725952148438 53.41368103027344 0
    endloop
  endfacet
  facet normal -0.4422886487394447 -0.8968727619881408 0
    outer loop
      vertex 7.586318016052246 57.464027404785156 0
      vertex 7.949999809265137 57.2846794128418 1.3899993896484375
      vertex 7.586318016052246 57.464027404785156 1.3899993896484375
    endloop
  endfacet
  facet normal -0.4422886487394447 -0.8968727619881408 0
    outer loop
      vertex 7.949999809265137 57.2846794128418 1.3899993896484375
      vertex 7.586318016052246 57.464027404785156 0
      vertex 7.949999809265137 57.2846794128418 0
    endloop
  endfacet
  facet normal -0.06540974792314137 -0.9978584894045003 0
    outer loop
      vertex 6.399999618530273 57.70000076293945 0
      vertex 6.804630279541016 57.67347717285156 1.3899993896484375
      vertex 6.399999618530273 57.70000076293945 1.3899993896484375
    endloop
  endfacet
  facet normal -0.06540974792314137 -0.9978584894045003 0
    outer loop
      vertex 6.804630279541016 57.67347717285156 1.3899993896484375
      vertex 6.399999618530273 57.70000076293945 0
      vertex 6.804630279541016 57.67347717285156 0
    endloop
  endfacet
  facet normal -0.7518396159150933 0.65934603353675 0
    outer loop
      vertex 8.59203052520752 52.40796661376953 0
      vertex 8.859395027160645 52.71283721923828 1.3899993896484375
      vertex 8.859395027160645 52.71283721923828 0
    endloop
  endfacet
  facet normal -0.7518396159150933 0.65934603353675 0
    outer loop
      vertex 8.859395027160645 52.71283721923828 1.3899993896484375
      vertex 8.59203052520752 52.40796661376953 0
      vertex 8.59203052520752 52.40796661376953 1.3899993896484375
    endloop
  endfacet
  facet normal -0.9978587762812391 0.06540537132765142 0
    outer loop
      vertex 9.473478317260742 54.195369720458984 0
      vertex 9.5 54.599998474121094 1.3899993896484375
      vertex 9.5 54.599998474121094 0
    endloop
  endfacet
  facet normal -0.9978587762812391 0.06540537132765142 0
    outer loop
      vertex 9.5 54.599998474121094 1.3899993896484375
      vertex 9.473478317260742 54.195369720458984 0
      vertex 9.473478317260742 54.195369720458984 1.3899993896484375
    endloop
  endfacet
  facet normal -0.8314705636160484 0.5555688092756923 0
    outer loop
      vertex 8.859395027160645 52.71283721923828 0
      vertex 9.084678649902344 53.04999923706055 1.3899993896484375
      vertex 9.084678649902344 53.04999923706055 0
    endloop
  endfacet
  facet normal -0.8314705636160484 0.5555688092756923 0
    outer loop
      vertex 9.084678649902344 53.04999923706055 1.3899993896484375
      vertex 8.859395027160645 52.71283721923828 0
      vertex 8.859395027160645 52.71283721923828 1.3899993896484375
    endloop
  endfacet
  facet normal 0.19509071152015586 0.9807852029259817 0
    outer loop
      vertex 5.995368003845215 51.526519775390625 0
      vertex 5.597660064697266 51.605628967285156 1.3899993896484375
      vertex 5.995368003845215 51.526519775390625 1.3899993896484375
    endloop
  endfacet
  facet normal 0.19509071152015586 0.9807852029259817 0
    outer loop
      vertex 5.597660064697266 51.605628967285156 1.3899993896484375
      vertex 5.995368003845215 51.526519775390625 0
      vertex 5.597660064697266 51.605628967285156 0
    endloop
  endfacet
  facet normal 0.9807857424415698 -0.19508799917816227 0
    outer loop
      vertex 3.3265209197998047 55.00463104248047 1.3899993896484375
      vertex 3.4056291580200195 55.402339935302734 0
      vertex 3.4056291580200195 55.402339935302734 1.3899993896484375
    endloop
  endfacet
  facet normal 0.9807857424415698 -0.19508799917816227 0
    outer loop
      vertex 3.4056291580200195 55.402339935302734 0
      vertex 3.3265209197998047 55.00463104248047 1.3899993896484375
      vertex 3.3265209197998047 55.00463104248047 0
    endloop
  endfacet
  facet normal 0.5555726080271646 -0.8314680253683209 0
    outer loop
      vertex 4.512839317321777 57.05939483642578 0
      vertex 4.84999942779541 57.2846794128418 1.3899993896484375
      vertex 4.512839317321777 57.05939483642578 1.3899993896484375
    endloop
  endfacet
  facet normal 0.5555726080271646 -0.8314680253683209 0
    outer loop
      vertex 4.84999942779541 57.2846794128418 1.3899993896484375
      vertex 4.512839317321777 57.05939483642578 0
      vertex 4.84999942779541 57.2846794128418 0
    endloop
  endfacet
  facet normal 0.65934603353675 -0.7518396159150933 0
    outer loop
      vertex 4.207968711853027 56.792030334472656 0
      vertex 4.512839317321777 57.05939483642578 1.3899993896484375
      vertex 4.207968711853027 56.792030334472656 1.3899993896484375
    endloop
  endfacet
  facet normal 0.65934603353675 -0.7518396159150933 0
    outer loop
      vertex 4.512839317321777 57.05939483642578 1.3899993896484375
      vertex 4.207968711853027 56.792030334472656 0
      vertex 4.512839317321777 57.05939483642578 0
    endloop
  endfacet
  facet normal 0.3214419796859761 0.9469292759734279 0
    outer loop
      vertex 5.597660064697266 51.605628967285156 0
      vertex 5.213681221008301 51.7359733581543 1.3899993896484375
      vertex 5.597660064697266 51.605628967285156 1.3899993896484375
    endloop
  endfacet
  facet normal 0.3214419796859761 0.9469292759734279 0
    outer loop
      vertex 5.213681221008301 51.7359733581543 1.3899993896484375
      vertex 5.597660064697266 51.605628967285156 0
      vertex 5.213681221008301 51.7359733581543 0
    endloop
  endfacet
  facet normal 0.8314676599336025 -0.5555731549350988 0
    outer loop
      vertex 3.715320587158203 56.150001525878906 1.3899993896484375
      vertex 3.9406042098999023 56.487159729003906 0
      vertex 3.9406042098999023 56.487159729003906 1.3899993896484375
    endloop
  endfacet
  facet normal 0.8314676599336025 -0.5555731549350988 0
    outer loop
      vertex 3.9406042098999023 56.487159729003906 0
      vertex 3.715320587158203 56.150001525878906 1.3899993896484375
      vertex 3.715320587158203 56.150001525878906 0
    endloop
  endfacet
  facet normal -0.8314676599336025 -0.5555731549350988 0
    outer loop
      vertex 9.084678649902344 56.150001525878906 0
      vertex 8.859395027160645 56.487159729003906 1.3899993896484375
      vertex 8.859395027160645 56.487159729003906 0
    endloop
  endfacet
  facet normal -0.8314676599336025 -0.5555731549350988 0
    outer loop
      vertex 8.859395027160645 56.487159729003906 1.3899993896484375
      vertex 9.084678649902344 56.150001525878906 0
      vertex 9.084678649902344 56.150001525878906 1.3899993896484375
    endloop
  endfacet
  facet normal 0.4422886487394447 -0.8968727619881408 0
    outer loop
      vertex 4.84999942779541 57.2846794128418 0
      vertex 5.213681221008301 57.464027404785156 1.3899993896484375
      vertex 4.84999942779541 57.2846794128418 1.3899993896484375
    endloop
  endfacet
  facet normal 0.4422886487394447 -0.8968727619881408 0
    outer loop
      vertex 5.213681221008301 57.464027404785156 1.3899993896484375
      vertex 4.84999942779541 57.2846794128418 0
      vertex 5.213681221008301 57.464027404785156 0
    endloop
  endfacet
  facet normal -0.5555726080271646 -0.8314680253683209 0
    outer loop
      vertex 7.949999809265137 57.2846794128418 0
      vertex 8.28715991973877 57.05939483642578 1.3899993896484375
      vertex 7.949999809265137 57.2846794128418 1.3899993896484375
    endloop
  endfacet
  facet normal -0.5555726080271646 -0.8314680253683209 0
    outer loop
      vertex 8.28715991973877 57.05939483642578 1.3899993896484375
      vertex 7.949999809265137 57.2846794128418 0
      vertex 8.28715991973877 57.05939483642578 0
    endloop
  endfacet
  facet normal -0.19509071152015586 -0.9807852029259817 0
    outer loop
      vertex 6.804630279541016 57.67347717285156 0
      vertex 7.202338218688965 57.59436798095703 1.3899993896484375
      vertex 6.804630279541016 57.67347717285156 1.3899993896484375
    endloop
  endfacet
  facet normal -0.19509071152015586 -0.9807852029259817 0
    outer loop
      vertex 7.202338218688965 57.59436798095703 1.3899993896484375
      vertex 6.804630279541016 57.67347717285156 0
      vertex 7.202338218688965 57.59436798095703 0
    endloop
  endfacet
  facet normal 0.3214335442529295 -0.9469321394001791 0
    outer loop
      vertex 5.213681221008301 57.464027404785156 0
      vertex 5.597660064697266 57.59436798095703 1.3899993896484375
      vertex 5.213681221008301 57.464027404785156 1.3899993896484375
    endloop
  endfacet
  facet normal 0.3214335442529295 -0.9469321394001791 0
    outer loop
      vertex 5.597660064697266 57.59436798095703 1.3899993896484375
      vertex 5.213681221008301 57.464027404785156 0
      vertex 5.597660064697266 57.59436798095703 0
    endloop
  endfacet
  facet normal 0.9978587762812391 0.06540537132765142 0
    outer loop
      vertex 3.3265209197998047 54.195369720458984 1.3899993896484375
      vertex 3.299999237060547 54.599998474121094 0
      vertex 3.299999237060547 54.599998474121094 1.3899993896484375
    endloop
  endfacet
  facet normal 0.9978587762812391 0.06540537132765142 0
    outer loop
      vertex 3.299999237060547 54.599998474121094 0
      vertex 3.3265209197998047 54.195369720458984 1.3899993896484375
      vertex 3.3265209197998047 54.195369720458984 0
    endloop
  endfacet
  facet normal -0.9469302348368954 0.32143915497608905 0
    outer loop
      vertex 9.264025688171387 53.41368103027344 0
      vertex 9.394369125366211 53.79766082763672 1.3899993896484375
      vertex 9.394369125366211 53.79766082763672 0
    endloop
  endfacet
  facet normal -0.9469302348368954 0.32143915497608905 0
    outer loop
      vertex 9.394369125366211 53.79766082763672 1.3899993896484375
      vertex 9.264025688171387 53.41368103027344 0
      vertex 9.264025688171387 53.41368103027344 1.3899993896484375
    endloop
  endfacet
  facet normal 0.9807857424415698 0.19508799917816227 0
    outer loop
      vertex 3.4056291580200195 53.79766082763672 1.3899993896484375
      vertex 3.3265209197998047 54.195369720458984 0
      vertex 3.3265209197998047 54.195369720458984 1.3899993896484375
    endloop
  endfacet
  facet normal 0.9807857424415698 0.19508799917816227 0
    outer loop
      vertex 3.3265209197998047 54.195369720458984 0
      vertex 3.4056291580200195 53.79766082763672 1.3899993896484375
      vertex 3.4056291580200195 53.79766082763672 0
    endloop
  endfacet
  facet normal 0.9978588165244973 -0.06540475735242635 0
    outer loop
      vertex 3.299999237060547 54.599998474121094 1.3899993896484375
      vertex 3.3265209197998047 55.00463104248047 0
      vertex 3.3265209197998047 55.00463104248047 1.3899993896484375
    endloop
  endfacet
  facet normal 0.9978588165244973 -0.06540475735242635 0
    outer loop
      vertex 3.3265209197998047 55.00463104248047 0
      vertex 3.299999237060547 54.599998474121094 1.3899993896484375
      vertex 3.299999237060547 54.599998474121094 0
    endloop
  endfacet
  facet normal -0.8968736949105232 0.44228675695474495 0
    outer loop
      vertex 9.084678649902344 53.04999923706055 0
      vertex 9.264025688171387 53.41368103027344 1.3899993896484375
      vertex 9.264025688171387 53.41368103027344 0
    endloop
  endfacet
  facet normal -0.8968736949105232 0.44228675695474495 0
    outer loop
      vertex 9.264025688171387 53.41368103027344 1.3899993896484375
      vertex 9.084678649902344 53.04999923706055 0
      vertex 9.084678649902344 53.04999923706055 1.3899993896484375
    endloop
  endfacet
  facet normal 0.19509071152015586 -0.9807852029259817 0
    outer loop
      vertex 5.597660064697266 57.59436798095703 0
      vertex 5.995368003845215 57.67347717285156 1.3899993896484375
      vertex 5.597660064697266 57.59436798095703 1.3899993896484375
    endloop
  endfacet
  facet normal 0.19509071152015586 -0.9807852029259817 0
    outer loop
      vertex 5.995368003845215 57.67347717285156 1.3899993896484375
      vertex 5.597660064697266 57.59436798095703 0
      vertex 5.995368003845215 57.67347717285156 0
    endloop
  endfacet
  facet normal 0.4422886487394447 0.8968727619881408 0
    outer loop
      vertex 5.213681221008301 51.7359733581543 0
      vertex 4.84999942779541 51.915321350097656 1.3899993896484375
      vertex 5.213681221008301 51.7359733581543 1.3899993896484375
    endloop
  endfacet
  facet normal 0.4422886487394447 0.8968727619881408 0
    outer loop
      vertex 4.84999942779541 51.915321350097656 1.3899993896484375
      vertex 5.213681221008301 51.7359733581543 0
      vertex 4.84999942779541 51.915321350097656 0
    endloop
  endfacet
  facet normal 0.9469292628217206 -0.3214420184293161 0
    outer loop
      vertex 3.4056291580200195 55.402339935302734 1.3899993896484375
      vertex 3.5359725952148438 55.78631591796875 0
      vertex 3.5359725952148438 55.78631591796875 1.3899993896484375
    endloop
  endfacet
  facet normal 0.9469292628217206 -0.3214420184293161 0
    outer loop
      vertex 3.5359725952148438 55.78631591796875 0
      vertex 3.4056291580200195 55.402339935302734 1.3899993896484375
      vertex 3.4056291580200195 55.402339935302734 0
    endloop
  endfacet
  facet normal 0.8968746022322808 -0.44228491707347206 0
    outer loop
      vertex 3.5359725952148438 55.78631591796875 1.3899993896484375
      vertex 3.715320587158203 56.150001525878906 0
      vertex 3.715320587158203 56.150001525878906 1.3899993896484375
    endloop
  endfacet
  facet normal 0.8968746022322808 -0.44228491707347206 0
    outer loop
      vertex 3.715320587158203 56.150001525878906 0
      vertex 3.5359725952148438 55.78631591796875 1.3899993896484375
      vertex 3.5359725952148438 55.78631591796875 0
    endloop
  endfacet
  facet normal -0.65934603353675 0.7518396159150933 0
    outer loop
      vertex 8.59203052520752 52.40796661376953 0
      vertex 8.28715991973877 52.140602111816406 1.3899993896484375
      vertex 8.59203052520752 52.40796661376953 1.3899993896484375
    endloop
  endfacet
  facet normal -0.65934603353675 0.7518396159150933 0
    outer loop
      vertex 8.28715991973877 52.140602111816406 1.3899993896484375
      vertex 8.59203052520752 52.40796661376953 0
      vertex 8.28715991973877 52.140602111816406 0
    endloop
  endfacet
  facet normal 0.0654002272671884 0.9978591134390666 0
    outer loop
      vertex 6.399999618530273 51.5 0
      vertex 5.995368003845215 51.526519775390625 1.3899993896484375
      vertex 6.399999618530273 51.5 1.3899993896484375
    endloop
  endfacet
  facet normal 0.0654002272671884 0.9978591134390666 0
    outer loop
      vertex 5.995368003845215 51.526519775390625 1.3899993896484375
      vertex 6.399999618530273 51.5 0
      vertex 5.995368003845215 51.526519775390625 0
    endloop
  endfacet
  facet normal -0.8968755351408351 -0.4422830252969705 0
    outer loop
      vertex 9.264025688171387 55.78631591796875 0
      vertex 9.084678649902344 56.150001525878906 1.3899993896484375
      vertex 9.084678649902344 56.150001525878906 0
    endloop
  endfacet
  facet normal -0.8968755351408351 -0.4422830252969705 0
    outer loop
      vertex 9.084678649902344 56.150001525878906 1.3899993896484375
      vertex 9.264025688171387 55.78631591796875 0
      vertex 9.264025688171387 55.78631591796875 1.3899993896484375
    endloop
  endfacet
  facet normal 0.7518396159150933 0.65934603353675 0
    outer loop
      vertex 4.207968711853027 52.40796661376953 1.3899993896484375
      vertex 3.9406042098999023 52.71283721923828 0
      vertex 3.9406042098999023 52.71283721923828 1.3899993896484375
    endloop
  endfacet
  facet normal 0.7518396159150933 0.65934603353675 0
    outer loop
      vertex 3.9406042098999023 52.71283721923828 0
      vertex 4.207968711853027 52.40796661376953 1.3899993896484375
      vertex 4.207968711853027 52.40796661376953 0
    endloop
  endfacet
  facet normal 0.65934603353675 0.7518396159150933 0
    outer loop
      vertex 4.512839317321777 52.140602111816406 0
      vertex 4.207968711853027 52.40796661376953 1.3899993896484375
      vertex 4.512839317321777 52.140602111816406 1.3899993896484375
    endloop
  endfacet
  facet normal 0.65934603353675 0.7518396159150933 0
    outer loop
      vertex 4.207968711853027 52.40796661376953 1.3899993896484375
      vertex 4.512839317321777 52.140602111816406 0
      vertex 4.207968711853027 52.40796661376953 0
    endloop
  endfacet
  facet normal 0.5555661042754445 0.8314723710263653 0
    outer loop
      vertex 4.84999942779541 51.915321350097656 0
      vertex 4.512839317321777 52.140602111816406 1.3899993896484375
      vertex 4.84999942779541 51.915321350097656 1.3899993896484375
    endloop
  endfacet
  facet normal 0.5555661042754445 0.8314723710263653 0
    outer loop
      vertex 4.512839317321777 52.140602111816406 1.3899993896484375
      vertex 4.84999942779541 51.915321350097656 0
      vertex 4.512839317321777 52.140602111816406 0
    endloop
  endfacet
  facet normal -0.06540038074973814 0.9978591033797253 0
    outer loop
      vertex 6.804630279541016 51.526519775390625 0
      vertex 6.399999618530273 51.5 1.3899993896484375
      vertex 6.804630279541016 51.526519775390625 1.3899993896484375
    endloop
  endfacet
  facet normal -0.06540038074973814 0.9978591033797253 0
    outer loop
      vertex 6.399999618530273 51.5 1.3899993896484375
      vertex 6.804630279541016 51.526519775390625 0
      vertex 6.399999618530273 51.5 0
    endloop
  endfacet
  facet normal -0.5555661042754445 0.8314723710263653 0
    outer loop
      vertex 8.28715991973877 52.140602111816406 0
      vertex 7.949999809265137 51.915321350097656 1.3899993896484375
      vertex 8.28715991973877 52.140602111816406 1.3899993896484375
    endloop
  endfacet
  facet normal -0.5555661042754445 0.8314723710263653 0
    outer loop
      vertex 7.949999809265137 51.915321350097656 1.3899993896484375
      vertex 8.28715991973877 52.140602111816406 0
      vertex 7.949999809265137 51.915321350097656 0
    endloop
  endfacet
  facet normal 0.3214469908070074 0.9469275748974256 0
    outer loop
      vertex 100.09765625 51.605628967285156 0
      vertex 99.71368408203125 51.7359733581543 1.3899993896484375
      vertex 100.09765625 51.605628967285156 1.3899993896484375
    endloop
  endfacet
  facet normal 0.3214469908070074 0.9469275748974256 0
    outer loop
      vertex 99.71368408203125 51.7359733581543 1.3899993896484375
      vertex 100.09765625 51.605628967285156 0
      vertex 99.71368408203125 51.7359733581543 0
    endloop
  endfacet
  facet normal -0.4422923804607306 0.8968709216974202 0
    outer loop
      vertex 102.44999694824219 51.915321350097656 0
      vertex 102.08631896972656 51.7359733581543 1.3899993896484375
      vertex 102.44999694824219 51.915321350097656 1.3899993896484375
    endloop
  endfacet
  facet normal -0.4422923804607306 0.8968709216974202 0
    outer loop
      vertex 102.08631896972656 51.7359733581543 1.3899993896484375
      vertex 102.44999694824219 51.915321350097656 0
      vertex 102.08631896972656 51.7359733581543 0
    endloop
  endfacet
  facet normal 0.7518396159150933 0.65934603353675 0
    outer loop
      vertex 98.70796966552734 52.40796661376953 1.3899993896484375
      vertex 98.44060516357422 52.71283721923828 0
      vertex 98.44060516357422 52.71283721923828 1.3899993896484375
    endloop
  endfacet
  facet normal 0.7518396159150933 0.65934603353675 0
    outer loop
      vertex 98.44060516357422 52.71283721923828 0
      vertex 98.70796966552734 52.40796661376953 1.3899993896484375
      vertex 98.70796966552734 52.40796661376953 0
    endloop
  endfacet
  facet normal -0.9978591234983373 -0.0654000737853575 0
    outer loop
      vertex 104 54.599998474121094 0
      vertex 103.97348022460938 55.00463104248047 1.3899993896484375
      vertex 103.97348022460938 55.00463104248047 0
    endloop
  endfacet
  facet normal -0.9978591234983373 -0.0654000737853575 0
    outer loop
      vertex 103.97348022460938 55.00463104248047 1.3899993896484375
      vertex 104 54.599998474121094 0
      vertex 104 54.599998474121094 1.3899993896484375
    endloop
  endfacet
  facet normal -0.55556608959542 -0.8314723808351387 0
    outer loop
      vertex 102.44999694824219 57.2846794128418 0
      vertex 102.78716278076172 57.05939483642578 1.3899993896484375
      vertex 102.44999694824219 57.2846794128418 1.3899993896484375
    endloop
  endfacet
  facet normal -0.55556608959542 -0.8314723808351387 0
    outer loop
      vertex 102.78716278076172 57.05939483642578 1.3899993896484375
      vertex 102.44999694824219 57.2846794128418 0
      vertex 102.78716278076172 57.05939483642578 0
    endloop
  endfacet
  facet normal 0.946932382392523 0.3214328284049725 0
    outer loop
      vertex 98.03597259521484 53.41368103027344 1.3899993896484375
      vertex 97.90563201904297 53.79766082763672 0
      vertex 97.90563201904297 53.79766082763672 1.3899993896484375
    endloop
  endfacet
  facet normal 0.946932382392523 0.3214328284049725 0
    outer loop
      vertex 97.90563201904297 53.79766082763672 0
      vertex 98.03597259521484 53.41368103027344 1.3899993896484375
      vertex 98.03597259521484 53.41368103027344 0
    endloop
  endfacet
  facet normal -0.8968764936653734 0.4422810815652251 0
    outer loop
      vertex 103.58467864990234 53.04999923706055 0
      vertex 103.76402282714844 53.41368103027344 1.3899993896484375
      vertex 103.76402282714844 53.41368103027344 0
    endloop
  endfacet
  facet normal -0.8968764936653734 0.4422810815652251 0
    outer loop
      vertex 103.76402282714844 53.41368103027344 1.3899993896484375
      vertex 103.58467864990234 53.04999923706055 0
      vertex 103.58467864990234 53.04999923706055 1.3899993896484375
    endloop
  endfacet
  facet normal 0.1950884615056217 0.9807856504799454 0
    outer loop
      vertex 100.49536895751953 51.526519775390625 0
      vertex 100.09765625 51.605628967285156 1.3899993896484375
      vertex 100.49536895751953 51.526519775390625 1.3899993896484375
    endloop
  endfacet
  facet normal 0.1950884615056217 0.9807856504799454 0
    outer loop
      vertex 100.09765625 51.605628967285156 1.3899993896484375
      vertex 100.49536895751953 51.526519775390625 0
      vertex 100.09765625 51.605628967285156 0
    endloop
  endfacet
  facet normal -0.06540130166013258 0.9978590430221898 0
    outer loop
      vertex 101.30462646484375 51.526519775390625 0
      vertex 100.9000015258789 51.5 1.3899993896484375
      vertex 101.30462646484375 51.526519775390625 1.3899993896484375
    endloop
  endfacet
  facet normal -0.06540130166013258 0.9978590430221898 0
    outer loop
      vertex 100.9000015258789 51.5 1.3899993896484375
      vertex 101.30462646484375 51.526519775390625 0
      vertex 100.9000015258789 51.5 0
    endloop
  endfacet
  facet normal -0.8968783338542005 -0.4422773499320458 0
    outer loop
      vertex 103.76402282714844 55.78631591796875 0
      vertex 103.58467864990234 56.150001525878906 1.3899993896484375
      vertex 103.58467864990234 56.150001525878906 0
    endloop
  endfacet
  facet normal -0.8968783338542005 -0.4422773499320458 0
    outer loop
      vertex 103.58467864990234 56.150001525878906 1.3899993896484375
      vertex 103.76402282714844 55.78631591796875 0
      vertex 103.76402282714844 55.78631591796875 1.3899993896484375
    endloop
  endfacet
  facet normal -0.9807852924380134 -0.19509026151317918 0
    outer loop
      vertex 103.97348022460938 55.00463104248047 0
      vertex 103.89437103271484 55.402339935302734 1.3899993896484375
      vertex 103.89437103271484 55.402339935302734 0
    endloop
  endfacet
  facet normal -0.9807852924380134 -0.19509026151317918 0
    outer loop
      vertex 103.89437103271484 55.402339935302734 1.3899993896484375
      vertex 103.97348022460938 55.00463104248047 0
      vertex 103.97348022460938 55.00463104248047 1.3899993896484375
    endloop
  endfacet
  facet normal -0.06541066896430263 -0.9978584290297108 0
    outer loop
      vertex 100.9000015258789 57.70000076293945 0
      vertex 101.30462646484375 57.67347717285156 1.3899993896484375
      vertex 100.9000015258789 57.70000076293945 1.3899993896484375
    endloop
  endfacet
  facet normal -0.06541066896430263 -0.9978584290297108 0
    outer loop
      vertex 101.30462646484375 57.67347717285156 1.3899993896484375
      vertex 100.9000015258789 57.70000076293945 0
      vertex 101.30462646484375 57.67347717285156 0
    endloop
  endfacet
  facet normal 0.5555747808641495 -0.8314665735119796 0
    outer loop
      vertex 99.0128402709961 57.05939483642578 0
      vertex 99.3499984741211 57.2846794128418 1.3899993896484375
      vertex 99.0128402709961 57.05939483642578 1.3899993896484375
    endloop
  endfacet
  facet normal 0.5555747808641495 -0.8314665735119796 0
    outer loop
      vertex 99.3499984741211 57.2846794128418 1.3899993896484375
      vertex 99.0128402709961 57.05939483642578 0
      vertex 99.3499984741211 57.2846794128418 0
    endloop
  endfacet
  facet normal 0.8314651315705397 0.5555769388504037 0
    outer loop
      vertex 98.44060516357422 52.71283721923828 1.3899993896484375
      vertex 98.21531677246094 53.04999923706055 0
      vertex 98.21531677246094 53.04999923706055 1.3899993896484375
    endloop
  endfacet
  facet normal 0.8314651315705397 0.5555769388504037 0
    outer loop
      vertex 98.21531677246094 53.04999923706055 0
      vertex 98.44060516357422 52.71283721923828 1.3899993896484375
      vertex 98.44060516357422 52.71283721923828 0
    endloop
  endfacet
  facet normal -0.3214328284049725 -0.946932382392523 0
    outer loop
      vertex 101.70233917236328 57.59436798095703 0
      vertex 102.08631896972656 57.464027404785156 1.3899993896484375
      vertex 101.70233917236328 57.59436798095703 1.3899993896484375
    endloop
  endfacet
  facet normal -0.3214328284049725 -0.946932382392523 0
    outer loop
      vertex 102.08631896972656 57.464027404785156 1.3899993896484375
      vertex 101.70233917236328 57.59436798095703 0
      vertex 102.08631896972656 57.464027404785156 0
    endloop
  endfacet
  facet normal 0.44228491707347206 0.8968746022322808 0
    outer loop
      vertex 99.71368408203125 51.7359733581543 0
      vertex 99.3499984741211 51.915321350097656 1.3899993896484375
      vertex 99.71368408203125 51.7359733581543 1.3899993896484375
    endloop
  endfacet
  facet normal 0.44228491707347206 0.8968746022322808 0
    outer loop
      vertex 99.3499984741211 51.915321350097656 1.3899993896484375
      vertex 99.71368408203125 51.7359733581543 0
      vertex 99.3499984741211 51.915321350097656 0
    endloop
  endfacet
  facet normal 0.946931410413406 -0.3214356918148291 0
    outer loop
      vertex 97.90563201904297 55.402339935302734 1.3899993896484375
      vertex 98.03597259521484 55.78631591796875 0
      vertex 98.03597259521484 55.78631591796875 1.3899993896484375
    endloop
  endfacet
  facet normal 0.946931410413406 -0.3214356918148291 0
    outer loop
      vertex 98.03597259521484 55.78631591796875 0
      vertex 97.90563201904297 55.402339935302734 1.3899993896484375
      vertex 97.90563201904297 55.402339935302734 0
    endloop
  endfacet
  facet normal -0.4422923804607306 -0.8968709216974202 0
    outer loop
      vertex 102.08631896972656 57.464027404785156 0
      vertex 102.44999694824219 57.2846794128418 1.3899993896484375
      vertex 102.08631896972656 57.464027404785156 1.3899993896484375
    endloop
  endfacet
  facet normal -0.4422923804607306 -0.8968709216974202 0
    outer loop
      vertex 102.44999694824219 57.2846794128418 1.3899993896484375
      vertex 102.08631896972656 57.464027404785156 0
      vertex 102.44999694824219 57.2846794128418 0
    endloop
  endfacet
  facet normal -0.1950884615056217 -0.9807856504799454 0
    outer loop
      vertex 101.30462646484375 57.67347717285156 0
      vertex 101.70233917236328 57.59436798095703 1.3899993896484375
      vertex 101.30462646484375 57.67347717285156 1.3899993896484375
    endloop
  endfacet
  facet normal -0.1950884615056217 -0.9807856504799454 0
    outer loop
      vertex 101.70233917236328 57.59436798095703 1.3899993896484375
      vertex 101.30462646484375 57.67347717285156 0
      vertex 101.70233917236328 57.59436798095703 0
    endloop
  endfacet
  facet normal -0.7518396159150933 0.65934603353675 0
    outer loop
      vertex 103.09203338623047 52.40796661376953 0
      vertex 103.3593978881836 52.71283721923828 1.3899993896484375
      vertex 103.3593978881836 52.71283721923828 0
    endloop
  endfacet
  facet normal -0.7518396159150933 0.65934603353675 0
    outer loop
      vertex 103.3593978881836 52.71283721923828 1.3899993896484375
      vertex 103.09203338623047 52.40796661376953 0
      vertex 103.09203338623047 52.40796661376953 1.3899993896484375
    endloop
  endfacet
  facet normal -0.8314738228392684 0.5555639314543852 0
    outer loop
      vertex 103.3593978881836 52.71283721923828 0
      vertex 103.58467864990234 53.04999923706055 1.3899993896484375
      vertex 103.58467864990234 53.04999923706055 0
    endloop
  endfacet
  facet normal -0.8314738228392684 0.5555639314543852 0
    outer loop
      vertex 103.58467864990234 53.04999923706055 1.3899993896484375
      vertex 103.3593978881836 52.71283721923828 0
      vertex 103.3593978881836 52.71283721923828 1.3899993896484375
    endloop
  endfacet
  facet normal -0.9807852924380134 0.19509026151317918 0
    outer loop
      vertex 103.89437103271484 53.79766082763672 0
      vertex 103.97348022460938 54.195369720458984 1.3899993896484375
      vertex 103.97348022460938 54.195369720458984 0
    endloop
  endfacet
  facet normal -0.9807852924380134 0.19509026151317918 0
    outer loop
      vertex 103.97348022460938 54.195369720458984 1.3899993896484375
      vertex 103.89437103271484 53.79766082763672 0
      vertex 103.89437103271484 53.79766082763672 1.3899993896484375
    endloop
  endfacet
  facet normal 0.8314622278220853 -0.5555812845166175 0
    outer loop
      vertex 98.21531677246094 56.150001525878906 1.3899993896484375
      vertex 98.44060516357422 56.487159729003906 0
      vertex 98.44060516357422 56.487159729003906 1.3899993896484375
    endloop
  endfacet
  facet normal 0.8314622278220853 -0.5555812845166175 0
    outer loop
      vertex 98.44060516357422 56.487159729003906 0
      vertex 98.21531677246094 56.150001525878906 1.3899993896484375
      vertex 98.21531677246094 56.150001525878906 0
    endloop
  endfacet
  facet normal 0.8968783338542005 -0.4422773499320458 0
    outer loop
      vertex 98.03597259521484 55.78631591796875 1.3899993896484375
      vertex 98.21531677246094 56.150001525878906 0
      vertex 98.21531677246094 56.150001525878906 1.3899993896484375
    endloop
  endfacet
  facet normal 0.8968783338542005 -0.4422773499320458 0
    outer loop
      vertex 98.21531677246094 56.150001525878906 0
      vertex 98.03597259521484 55.78631591796875 1.3899993896484375
      vertex 98.03597259521484 55.78631591796875 0
    endloop
  endfacet
  facet normal 0.44228491707347206 -0.8968746022322808 0
    outer loop
      vertex 99.3499984741211 57.2846794128418 0
      vertex 99.71368408203125 57.464027404785156 1.3899993896484375
      vertex 99.3499984741211 57.2846794128418 1.3899993896484375
    endloop
  endfacet
  facet normal 0.44228491707347206 -0.8968746022322808 0
    outer loop
      vertex 99.71368408203125 57.464027404785156 1.3899993896484375
      vertex 99.3499984741211 57.2846794128418 0
      vertex 99.71368408203125 57.464027404785156 0
    endloop
  endfacet
  facet normal -0.65934603353675 -0.7518396159150933 0
    outer loop
      vertex 102.78716278076172 57.05939483642578 0
      vertex 103.09203338623047 56.792030334472656 1.3899993896484375
      vertex 102.78716278076172 57.05939483642578 1.3899993896484375
    endloop
  endfacet
  facet normal -0.65934603353675 -0.7518396159150933 0
    outer loop
      vertex 103.09203338623047 56.792030334472656 1.3899993896484375
      vertex 102.78716278076172 57.05939483642578 0
      vertex 103.09203338623047 56.792030334472656 0
    endloop
  endfacet
  facet normal -0.99785908326083 0.06540068771699419 0
    outer loop
      vertex 103.97348022460938 54.195369720458984 0
      vertex 104 54.599998474121094 1.3899993896484375
      vertex 104 54.599998474121094 0
    endloop
  endfacet
  facet normal -0.99785908326083 0.06540068771699419 0
    outer loop
      vertex 104 54.599998474121094 1.3899993896484375
      vertex 103.97348022460938 54.195369720458984 0
      vertex 103.97348022460938 54.195369720458984 1.3899993896484375
    endloop
  endfacet
  facet normal 0.9807852924380134 -0.19509026151317918 0
    outer loop
      vertex 97.82652282714844 55.00463104248047 1.3899993896484375
      vertex 97.90563201904297 55.402339935302734 0
      vertex 97.90563201904297 55.402339935302734 1.3899993896484375
    endloop
  endfacet
  facet normal 0.9807852924380134 -0.19509026151317918 0
    outer loop
      vertex 97.90563201904297 55.402339935302734 0
      vertex 97.82652282714844 55.00463104248047 1.3899993896484375
      vertex 97.82652282714844 55.00463104248047 0
    endloop
  endfacet
  facet normal 0.3214385552727629 -0.9469304384083125 0
    outer loop
      vertex 99.71368408203125 57.464027404785156 0
      vertex 100.09765625 57.59436798095703 1.3899993896484375
      vertex 99.71368408203125 57.464027404785156 1.3899993896484375
    endloop
  endfacet
  facet normal 0.3214385552727629 -0.9469304384083125 0
    outer loop
      vertex 100.09765625 57.59436798095703 1.3899993896484375
      vertex 99.71368408203125 57.464027404785156 0
      vertex 100.09765625 57.59436798095703 0
    endloop
  endfacet
  facet normal 0.9807852924380134 0.19509026151317918 0
    outer loop
      vertex 97.90563201904297 53.79766082763672 1.3899993896484375
      vertex 97.82652282714844 54.195369720458984 0
      vertex 97.82652282714844 54.195369720458984 1.3899993896484375
    endloop
  endfacet
  facet normal 0.9807852924380134 0.19509026151317918 0
    outer loop
      vertex 97.82652282714844 54.195369720458984 0
      vertex 97.90563201904297 53.79766082763672 1.3899993896484375
      vertex 97.90563201904297 53.79766082763672 0
    endloop
  endfacet
  facet normal 0.1950884615056217 -0.9807856504799454 0
    outer loop
      vertex 100.09765625 57.59436798095703 0
      vertex 100.49536895751953 57.67347717285156 1.3899993896484375
      vertex 100.09765625 57.59436798095703 1.3899993896484375
    endloop
  endfacet
  facet normal 0.1950884615056217 -0.9807856504799454 0
    outer loop
      vertex 100.49536895751953 57.67347717285156 1.3899993896484375
      vertex 100.09765625 57.59436798095703 0
      vertex 100.49536895751953 57.67347717285156 0
    endloop
  endfacet
  facet normal 0.7518396159150933 -0.65934603353675 0
    outer loop
      vertex 98.44060516357422 56.487159729003906 1.3899993896484375
      vertex 98.70796966552734 56.792030334472656 0
      vertex 98.70796966552734 56.792030334472656 1.3899993896484375
    endloop
  endfacet
  facet normal 0.7518396159150933 -0.65934603353675 0
    outer loop
      vertex 98.70796966552734 56.792030334472656 0
      vertex 98.44060516357422 56.487159729003906 1.3899993896484375
      vertex 98.44060516357422 56.487159729003906 0
    endloop
  endfacet
  facet normal -0.8314709191964281 -0.555568277109706 0
    outer loop
      vertex 103.58467864990234 56.150001525878906 0
      vertex 103.3593978881836 56.487159729003906 1.3899993896484375
      vertex 103.3593978881836 56.487159729003906 0
    endloop
  endfacet
  facet normal -0.8314709191964281 -0.555568277109706 0
    outer loop
      vertex 103.3593978881836 56.487159729003906 1.3899993896484375
      vertex 103.58467864990234 56.150001525878906 0
      vertex 103.58467864990234 56.150001525878906 1.3899993896484375
    endloop
  endfacet
  facet normal 0.06540944091517259 -0.9978585095288632 0
    outer loop
      vertex 100.49536895751953 57.67347717285156 0
      vertex 100.9000015258789 57.70000076293945 1.3899993896484375
      vertex 100.49536895751953 57.67347717285156 1.3899993896484375
    endloop
  endfacet
  facet normal 0.06540944091517259 -0.9978585095288632 0
    outer loop
      vertex 100.9000015258789 57.70000076293945 1.3899993896484375
      vertex 100.49536895751953 57.67347717285156 0
      vertex 100.9000015258789 57.70000076293945 0
    endloop
  endfacet
  facet normal -0.946925683429962 -0.3214525626911372 0
    outer loop
      vertex 103.89437103271484 55.402339935302734 0
      vertex 103.76402282714844 55.78631591796875 1.3899993896484375
      vertex 103.76402282714844 55.78631591796875 0
    endloop
  endfacet
  facet normal -0.946925683429962 -0.3214525626911372 0
    outer loop
      vertex 103.76402282714844 55.78631591796875 1.3899993896484375
      vertex 103.89437103271484 55.402339935302734 0
      vertex 103.89437103271484 55.402339935302734 1.3899993896484375
    endloop
  endfacet
  facet normal 0.0654000737853575 0.9978591234983373 0
    outer loop
      vertex 100.9000015258789 51.5 0
      vertex 100.49536895751953 51.526519775390625 1.3899993896484375
      vertex 100.9000015258789 51.5 1.3899993896484375
    endloop
  endfacet
  facet normal 0.0654000737853575 0.9978591234983373 0
    outer loop
      vertex 100.49536895751953 51.526519775390625 1.3899993896484375
      vertex 100.9000015258789 51.5 0
      vertex 100.49536895751953 51.526519775390625 0
    endloop
  endfacet
  facet normal 0.8968764936653734 0.4422810815652251 0
    outer loop
      vertex 98.21531677246094 53.04999923706055 1.3899993896484375
      vertex 98.03597259521484 53.41368103027344 0
      vertex 98.03597259521484 53.41368103027344 1.3899993896484375
    endloop
  endfacet
  facet normal 0.8968764936653734 0.4422810815652251 0
    outer loop
      vertex 98.03597259521484 53.41368103027344 0
      vertex 98.21531677246094 53.04999923706055 1.3899993896484375
      vertex 98.21531677246094 53.04999923706055 0
    endloop
  endfacet
  facet normal 0 0 -1
    outer loop
      vertex 102.55000305175781 54.599998474121094 1.3899993896484375
      vertex 104 54.599998474121094 1.3899993896484375
      vertex 103.97348022460938 54.195369720458984 1.3899993896484375
    endloop
  endfacet
  facet normal 0 0 -1
    outer loop
      vertex 102.53588104248047 54.3846321105957 1.3899993896484375
      vertex 103.97348022460938 54.195369720458984 1.3899993896484375
      vertex 103.89437103271484 53.79766082763672 1.3899993896484375
    endloop
  endfacet
  facet normal 0 0 -1
    outer loop
      vertex 104 54.599998474121094 1.3899993896484375
      vertex 102.55000305175781 54.599998474121094 1.3899993896484375
      vertex 103.97348022460938 55.00463104248047 1.3899993896484375
    endloop
  endfacet
  facet normal 0 0 -1
    outer loop
      vertex 102.4937744140625 54.17294692993164 1.3899993896484375
      vertex 103.89437103271484 53.79766082763672 1.3899993896484375
      vertex 103.76402282714844 53.41368103027344 1.3899993896484375
    endloop
  endfacet
  facet normal 0 0 -1
    outer loop
      vertex 102.53588104248047 54.81536865234375 1.3899993896484375
      vertex 103.97348022460938 55.00463104248047 1.3899993896484375
      vertex 102.55000305175781 54.599998474121094 1.3899993896484375
    endloop
  endfacet
  facet normal 0 0 -1
    outer loop
      vertex 102.42440032958984 53.968570709228516 1.3899993896484375
      vertex 103.76402282714844 53.41368103027344 1.3899993896484375
      vertex 103.58467864990234 53.04999923706055 1.3899993896484375
    endloop
  endfacet
  facet normal 0 0 -1
    outer loop
      vertex 103.97348022460938 55.00463104248047 1.3899993896484375
      vertex 102.53588104248047 54.81536865234375 1.3899993896484375
      vertex 103.89437103271484 55.402339935302734 1.3899993896484375
    endloop
  endfacet
  facet normal 0 0 -1
    outer loop
      vertex 102.32894134521484 53.775001525878906 1.3899993896484375
      vertex 103.58467864990234 53.04999923706055 1.3899993896484375
      vertex 103.3593978881836 52.71283721923828 1.3899993896484375
    endloop
  endfacet
  facet normal 0 0 -1
    outer loop
      vertex 102.4937744140625 55.02705001831055 1.3899993896484375
      vertex 103.89437103271484 55.402339935302734 1.3899993896484375
      vertex 102.53588104248047 54.81536865234375 1.3899993896484375
    endloop
  endfacet
  facet normal 0 0 -1
    outer loop
      vertex 102.20903015136719 53.595542907714844 1.3899993896484375
      vertex 103.3593978881836 52.71283721923828 1.3899993896484375
      vertex 103.09203338623047 52.40796661376953 1.3899993896484375
    endloop
  endfacet
  facet normal 0 0 -1
    outer loop
      vertex 103.89437103271484 55.402339935302734 1.3899993896484375
      vertex 102.4937744140625 55.02705001831055 1.3899993896484375
      vertex 103.76402282714844 55.78631591796875 1.3899993896484375
    endloop
  endfacet
  facet normal 0 0 -1
    outer loop
      vertex 102.06672668457031 53.43327331542969 1.3899993896484375
      vertex 103.09203338623047 52.40796661376953 1.3899993896484375
      vertex 102.78716278076172 52.140602111816406 1.3899993896484375
    endloop
  endfacet
  facet normal 0 0 -1
    outer loop
      vertex 102.42440032958984 55.23142623901367 1.3899993896484375
      vertex 103.76402282714844 55.78631591796875 1.3899993896484375
      vertex 102.4937744140625 55.02705001831055 1.3899993896484375
    endloop
  endfacet
  facet normal 0 0 -1
    outer loop
      vertex 103.76402282714844 55.78631591796875 1.3899993896484375
      vertex 102.42440032958984 55.23142623901367 1.3899993896484375
      vertex 103.58467864990234 56.150001525878906 1.3899993896484375
    endloop
  endfacet
  facet normal 0 0 -1
    outer loop
      vertex 103.97348022460938 54.195369720458984 1.3899993896484375
      vertex 102.53588104248047 54.3846321105957 1.3899993896484375
      vertex 102.55000305175781 54.599998474121094 1.3899993896484375
    endloop
  endfacet
  facet normal 0 0 -1
    outer loop
      vertex 103.89437103271484 53.79766082763672 1.3899993896484375
      vertex 102.4937744140625 54.17294692993164 1.3899993896484375
      vertex 102.53588104248047 54.3846321105957 1.3899993896484375
    endloop
  endfacet
  facet normal 0 0 -1
    outer loop
      vertex 101.90445709228516 53.29096603393555 1.3899993896484375
      vertex 102.78716278076172 52.140602111816406 1.3899993896484375
      vertex 102.44999694824219 51.915321350097656 1.3899993896484375
    endloop
  endfacet
  facet normal 0 0 -1
    outer loop
      vertex 103.76402282714844 53.41368103027344 1.3899993896484375
      vertex 102.42440032958984 53.968570709228516 1.3899993896484375
      vertex 102.4937744140625 54.17294692993164 1.3899993896484375
    endloop
  endfacet
  facet normal 0 0 -1
    outer loop
      vertex 103.58467864990234 53.04999923706055 1.3899993896484375
      vertex 102.32894134521484 53.775001525878906 1.3899993896484375
      vertex 102.42440032958984 53.968570709228516 1.3899993896484375
    endloop
  endfacet
  facet normal 0 0 -1
    outer loop
      vertex 103.3593978881836 52.71283721923828 1.3899993896484375
      vertex 102.20903015136719 53.595542907714844 1.3899993896484375
      vertex 102.32894134521484 53.775001525878906 1.3899993896484375
    endloop
  endfacet
  facet normal 0 0 -1
    outer loop
      vertex 101.7249984741211 53.171058654785156 1.3899993896484375
      vertex 102.44999694824219 51.915321350097656 1.3899993896484375
      vertex 102.08631896972656 51.7359733581543 1.3899993896484375
    endloop
  endfacet
  facet normal 0 0 -1
    outer loop
      vertex 103.09203338623047 52.40796661376953 1.3899993896484375
      vertex 102.06672668457031 53.43327331542969 1.3899993896484375
      vertex 102.20903015136719 53.595542907714844 1.3899993896484375
    endloop
  endfacet
  facet normal 0 0 -1
    outer loop
      vertex 102.78716278076172 52.140602111816406 1.3899993896484375
      vertex 101.90445709228516 53.29096603393555 1.3899993896484375
      vertex 102.06672668457031 53.43327331542969 1.3899993896484375
    endloop
  endfacet
  facet normal 0 0 -1
    outer loop
      vertex 102.44999694824219 51.915321350097656 1.3899993896484375
      vertex 101.7249984741211 53.171058654785156 1.3899993896484375
      vertex 101.90445709228516 53.29096603393555 1.3899993896484375
    endloop
  endfacet
  facet normal 0 0 -1
    outer loop
      vertex 101.53142547607422 53.075599670410156 1.3899993896484375
      vertex 102.08631896972656 51.7359733581543 1.3899993896484375
      vertex 101.70233917236328 51.605628967285156 1.3899993896484375
    endloop
  endfacet
  facet normal 0 0 -1
    outer loop
      vertex 102.08631896972656 51.7359733581543 1.3899993896484375
      vertex 101.53142547607422 53.075599670410156 1.3899993896484375
      vertex 101.7249984741211 53.171058654785156 1.3899993896484375
    endloop
  endfacet
  facet normal 0 0 -1
    outer loop
      vertex 101.70233917236328 51.605628967285156 1.3899993896484375
      vertex 101.3270492553711 53.006221771240234 1.3899993896484375
      vertex 101.53142547607422 53.075599670410156 1.3899993896484375
    endloop
  endfacet
  facet normal 0 0 -1
    outer loop
      vertex 101.30462646484375 51.526519775390625 1.3899993896484375
      vertex 101.3270492553711 53.006221771240234 1.3899993896484375
      vertex 101.70233917236328 51.605628967285156 1.3899993896484375
    endloop
  endfacet
  facet normal 0 0 -1
    outer loop
      vertex 101.30462646484375 51.526519775390625 1.3899993896484375
      vertex 101.11537170410156 52.964115142822266 1.3899993896484375
      vertex 101.3270492553711 53.006221771240234 1.3899993896484375
    endloop
  endfacet
  facet normal 0 0 -1
    outer loop
      vertex 100.9000015258789 51.5 1.3899993896484375
      vertex 101.11537170410156 52.964115142822266 1.3899993896484375
      vertex 101.30462646484375 51.526519775390625 1.3899993896484375
    endloop
  endfacet
  facet normal 0 0 -1
    outer loop
      vertex 100.9000015258789 51.5 1.3899993896484375
      vertex 100.9000015258789 52.95000076293945 1.3899993896484375
      vertex 101.11537170410156 52.964115142822266 1.3899993896484375
    endloop
  endfacet
  facet normal 0 0 -1
    outer loop
      vertex 100.9000015258789 51.5 1.3899993896484375
      vertex 100.68463134765625 52.964115142822266 1.3899993896484375
      vertex 100.9000015258789 52.95000076293945 1.3899993896484375
    endloop
  endfacet
  facet normal 0 0 -1
    outer loop
      vertex 100.49536895751953 51.526519775390625 1.3899993896484375
      vertex 100.68463134765625 52.964115142822266 1.3899993896484375
      vertex 100.9000015258789 51.5 1.3899993896484375
    endloop
  endfacet
  facet normal 0 0 -1
    outer loop
      vertex 100.49536895751953 51.526519775390625 1.3899993896484375
      vertex 100.47294616699219 53.006221771240234 1.3899993896484375
      vertex 100.68463134765625 52.964115142822266 1.3899993896484375
    endloop
  endfacet
  facet normal 0 0 -1
    outer loop
      vertex 100.09765625 51.605628967285156 1.3899993896484375
      vertex 100.47294616699219 53.006221771240234 1.3899993896484375
      vertex 100.49536895751953 51.526519775390625 1.3899993896484375
    endloop
  endfacet
  facet normal 0 0 -1
    outer loop
      vertex 100.47294616699219 53.006221771240234 1.3899993896484375
      vertex 100.09765625 51.605628967285156 1.3899993896484375
      vertex 100.26856994628906 53.075599670410156 1.3899993896484375
    endloop
  endfacet
  facet normal 0 0 -1
    outer loop
      vertex 99.71368408203125 51.7359733581543 1.3899993896484375
      vertex 100.26856994628906 53.075599670410156 1.3899993896484375
      vertex 100.09765625 51.605628967285156 1.3899993896484375
    endloop
  endfacet
  facet normal 0 0 -1
    outer loop
      vertex 100.26856994628906 53.075599670410156 1.3899993896484375
      vertex 99.71368408203125 51.7359733581543 1.3899993896484375
      vertex 100.07499694824219 53.171058654785156 1.3899993896484375
    endloop
  endfacet
  facet normal 0 0 -1
    outer loop
      vertex 99.3499984741211 51.915321350097656 1.3899993896484375
      vertex 100.07499694824219 53.171058654785156 1.3899993896484375
      vertex 99.71368408203125 51.7359733581543 1.3899993896484375
    endloop
  endfacet
  facet normal 0 0 -1
    outer loop
      vertex 100.07499694824219 53.171058654785156 1.3899993896484375
      vertex 99.3499984741211 51.915321350097656 1.3899993896484375
      vertex 99.89554595947266 53.29096603393555 1.3899993896484375
    endloop
  endfacet
  facet normal 0 0 -1
    outer loop
      vertex 99.0128402709961 52.140602111816406 1.3899993896484375
      vertex 99.89554595947266 53.29096603393555 1.3899993896484375
      vertex 99.3499984741211 51.915321350097656 1.3899993896484375
    endloop
  endfacet
  facet normal 0 0 -1
    outer loop
      vertex 99.89554595947266 53.29096603393555 1.3899993896484375
      vertex 99.0128402709961 52.140602111816406 1.3899993896484375
      vertex 99.7332763671875 53.43327331542969 1.3899993896484375
    endloop
  endfacet
  facet normal 0 0 -1
    outer loop
      vertex 98.70796966552734 52.40796661376953 1.3899993896484375
      vertex 99.7332763671875 53.43327331542969 1.3899993896484375
      vertex 99.0128402709961 52.140602111816406 1.3899993896484375
    endloop
  endfacet
  facet normal 0 0 -1
    outer loop
      vertex 99.7332763671875 53.43327331542969 1.3899993896484375
      vertex 98.70796966552734 52.40796661376953 1.3899993896484375
      vertex 99.5909652709961 53.595542907714844 1.3899993896484375
    endloop
  endfacet
  facet normal 0 0 -1
    outer loop
      vertex 98.44060516357422 52.71283721923828 1.3899993896484375
      vertex 99.5909652709961 53.595542907714844 1.3899993896484375
      vertex 98.70796966552734 52.40796661376953 1.3899993896484375
    endloop
  endfacet
  facet normal 0 0 -1
    outer loop
      vertex 99.5909652709961 53.595542907714844 1.3899993896484375
      vertex 98.44060516357422 52.71283721923828 1.3899993896484375
      vertex 99.47105407714844 53.775001525878906 1.3899993896484375
    endloop
  endfacet
  facet normal 0 0 -1
    outer loop
      vertex 98.21531677246094 53.04999923706055 1.3899993896484375
      vertex 99.47105407714844 53.775001525878906 1.3899993896484375
      vertex 98.44060516357422 52.71283721923828 1.3899993896484375
    endloop
  endfacet
  facet normal 0 0 -1
    outer loop
      vertex 99.47105407714844 53.775001525878906 1.3899993896484375
      vertex 98.21531677246094 53.04999923706055 1.3899993896484375
      vertex 99.37559509277344 53.968570709228516 1.3899993896484375
    endloop
  endfacet
  facet normal 0 0 -1
    outer loop
      vertex 102.32894134521484 55.42499923706055 1.3899993896484375
      vertex 103.58467864990234 56.150001525878906 1.3899993896484375
      vertex 102.42440032958984 55.23142623901367 1.3899993896484375
    endloop
  endfacet
  facet normal 0 0 -1
    outer loop
      vertex 103.58467864990234 56.150001525878906 1.3899993896484375
      vertex 102.32894134521484 55.42499923706055 1.3899993896484375
      vertex 103.3593978881836 56.487159729003906 1.3899993896484375
    endloop
  endfacet
  facet normal 0 0 -1
    outer loop
      vertex 102.20903015136719 55.604454040527344 1.3899993896484375
      vertex 103.3593978881836 56.487159729003906 1.3899993896484375
      vertex 102.32894134521484 55.42499923706055 1.3899993896484375
    endloop
  endfacet
  facet normal 0 0 -1
    outer loop
      vertex 103.3593978881836 56.487159729003906 1.3899993896484375
      vertex 102.20903015136719 55.604454040527344 1.3899993896484375
      vertex 103.09203338623047 56.792030334472656 1.3899993896484375
    endloop
  endfacet
  facet normal 0 0 -1
    outer loop
      vertex 102.06672668457031 55.7667236328125 1.3899993896484375
      vertex 103.09203338623047 56.792030334472656 1.3899993896484375
      vertex 102.20903015136719 55.604454040527344 1.3899993896484375
    endloop
  endfacet
  facet normal 0 0 -1
    outer loop
      vertex 103.09203338623047 56.792030334472656 1.3899993896484375
      vertex 102.06672668457031 55.7667236328125 1.3899993896484375
      vertex 102.78716278076172 57.05939483642578 1.3899993896484375
    endloop
  endfacet
  facet normal 0 0 -1
    outer loop
      vertex 101.90445709228516 55.909034729003906 1.3899993896484375
      vertex 102.78716278076172 57.05939483642578 1.3899993896484375
      vertex 102.06672668457031 55.7667236328125 1.3899993896484375
    endloop
  endfacet
  facet normal 0 0 -1
    outer loop
      vertex 102.78716278076172 57.05939483642578 1.3899993896484375
      vertex 101.90445709228516 55.909034729003906 1.3899993896484375
      vertex 102.44999694824219 57.2846794128418 1.3899993896484375
    endloop
  endfacet
  facet normal 0 0 -1
    outer loop
      vertex 101.7249984741211 56.0289421081543 1.3899993896484375
      vertex 102.44999694824219 57.2846794128418 1.3899993896484375
      vertex 101.90445709228516 55.909034729003906 1.3899993896484375
    endloop
  endfacet
  facet normal 0 0 -1
    outer loop
      vertex 102.44999694824219 57.2846794128418 1.3899993896484375
      vertex 101.7249984741211 56.0289421081543 1.3899993896484375
      vertex 102.08631896972656 57.464027404785156 1.3899993896484375
    endloop
  endfacet
  facet normal 0 0 -1
    outer loop
      vertex 101.53142547607422 56.1244010925293 1.3899993896484375
      vertex 102.08631896972656 57.464027404785156 1.3899993896484375
      vertex 101.7249984741211 56.0289421081543 1.3899993896484375
    endloop
  endfacet
  facet normal 0 0 -1
    outer loop
      vertex 102.08631896972656 57.464027404785156 1.3899993896484375
      vertex 101.53142547607422 56.1244010925293 1.3899993896484375
      vertex 101.70233917236328 57.59436798095703 1.3899993896484375
    endloop
  endfacet
  facet normal 0 0 -1
    outer loop
      vertex 101.3270492553711 56.19377899169922 1.3899993896484375
      vertex 101.70233917236328 57.59436798095703 1.3899993896484375
      vertex 101.53142547607422 56.1244010925293 1.3899993896484375
    endloop
  endfacet
  facet normal 0 0 -1
    outer loop
      vertex 101.3270492553711 56.19377899169922 1.3899993896484375
      vertex 101.30462646484375 57.67347717285156 1.3899993896484375
      vertex 101.70233917236328 57.59436798095703 1.3899993896484375
    endloop
  endfacet
  facet normal 0 0 -1
    outer loop
      vertex 101.11537170410156 56.23588562011719 1.3899993896484375
      vertex 101.30462646484375 57.67347717285156 1.3899993896484375
      vertex 101.3270492553711 56.19377899169922 1.3899993896484375
    endloop
  endfacet
  facet normal 0 0 -1
    outer loop
      vertex 100.9000015258789 56.25 1.3899993896484375
      vertex 101.30462646484375 57.67347717285156 1.3899993896484375
      vertex 101.11537170410156 56.23588562011719 1.3899993896484375
    endloop
  endfacet
  facet normal 0 0 -1
    outer loop
      vertex 100.9000015258789 56.25 1.3899993896484375
      vertex 100.9000015258789 57.70000076293945 1.3899993896484375
      vertex 101.30462646484375 57.67347717285156 1.3899993896484375
    endloop
  endfacet
  facet normal 0 0 -1
    outer loop
      vertex 100.68463134765625 56.23588562011719 1.3899993896484375
      vertex 100.9000015258789 57.70000076293945 1.3899993896484375
      vertex 100.9000015258789 56.25 1.3899993896484375
    endloop
  endfacet
  facet normal 0 0 -1
    outer loop
      vertex 100.68463134765625 56.23588562011719 1.3899993896484375
      vertex 100.49536895751953 57.67347717285156 1.3899993896484375
      vertex 100.9000015258789 57.70000076293945 1.3899993896484375
    endloop
  endfacet
  facet normal 0 0 -1
    outer loop
      vertex 100.47294616699219 56.19377899169922 1.3899993896484375
      vertex 100.49536895751953 57.67347717285156 1.3899993896484375
      vertex 100.68463134765625 56.23588562011719 1.3899993896484375
    endloop
  endfacet
  facet normal 0 0 -1
    outer loop
      vertex 100.09765625 57.59436798095703 1.3899993896484375
      vertex 100.47294616699219 56.19377899169922 1.3899993896484375
      vertex 100.26856994628906 56.1244010925293 1.3899993896484375
    endloop
  endfacet
  facet normal 0 0 -1
    outer loop
      vertex 100.47294616699219 56.19377899169922 1.3899993896484375
      vertex 100.09765625 57.59436798095703 1.3899993896484375
      vertex 100.49536895751953 57.67347717285156 1.3899993896484375
    endloop
  endfacet
  facet normal 0 0 -1
    outer loop
      vertex 99.71368408203125 57.464027404785156 1.3899993896484375
      vertex 100.26856994628906 56.1244010925293 1.3899993896484375
      vertex 100.07499694824219 56.0289421081543 1.3899993896484375
    endloop
  endfacet
  facet normal 0 0 -1
    outer loop
      vertex 99.3499984741211 57.2846794128418 1.3899993896484375
      vertex 100.07499694824219 56.0289421081543 1.3899993896484375
      vertex 99.89554595947266 55.909034729003906 1.3899993896484375
    endloop
  endfacet
  facet normal 0 0 -1
    outer loop
      vertex 99.0128402709961 57.05939483642578 1.3899993896484375
      vertex 99.89554595947266 55.909034729003906 1.3899993896484375
      vertex 99.7332763671875 55.7667236328125 1.3899993896484375
    endloop
  endfacet
  facet normal 0 0 -1
    outer loop
      vertex 100.26856994628906 56.1244010925293 1.3899993896484375
      vertex 99.71368408203125 57.464027404785156 1.3899993896484375
      vertex 100.09765625 57.59436798095703 1.3899993896484375
    endloop
  endfacet
  facet normal 0 0 -1
    outer loop
      vertex 98.70796966552734 56.792030334472656 1.3899993896484375
      vertex 99.7332763671875 55.7667236328125 1.3899993896484375
      vertex 99.5909652709961 55.604454040527344 1.3899993896484375
    endloop
  endfacet
  facet normal 0 0 -1
    outer loop
      vertex 98.44060516357422 56.487159729003906 1.3899993896484375
      vertex 99.5909652709961 55.604454040527344 1.3899993896484375
      vertex 99.47105407714844 55.42499923706055 1.3899993896484375
    endloop
  endfacet
  facet normal 0 0 -1
    outer loop
      vertex 98.21531677246094 56.150001525878906 1.3899993896484375
      vertex 99.47105407714844 55.42499923706055 1.3899993896484375
      vertex 99.37559509277344 55.23142623901367 1.3899993896484375
    endloop
  endfacet
  facet normal 0 0 -1
    outer loop
      vertex 100.07499694824219 56.0289421081543 1.3899993896484375
      vertex 99.3499984741211 57.2846794128418 1.3899993896484375
      vertex 99.71368408203125 57.464027404785156 1.3899993896484375
    endloop
  endfacet
  facet normal 0 0 -1
    outer loop
      vertex 98.03597259521484 55.78631591796875 1.3899993896484375
      vertex 99.37559509277344 55.23142623901367 1.3899993896484375
      vertex 99.30622100830078 55.02705001831055 1.3899993896484375
    endloop
  endfacet
  facet normal 0 0 -1
    outer loop
      vertex 97.90563201904297 55.402339935302734 1.3899993896484375
      vertex 99.30622100830078 55.02705001831055 1.3899993896484375
      vertex 99.26411437988281 54.81536865234375 1.3899993896484375
    endloop
  endfacet
  facet normal 0 0 -1
    outer loop
      vertex 97.82652282714844 55.00463104248047 1.3899993896484375
      vertex 99.26411437988281 54.81536865234375 1.3899993896484375
      vertex 99.25 54.599998474121094 1.3899993896484375
    endloop
  endfacet
  facet normal 0 0 -1
    outer loop
      vertex 98.03597259521484 53.41368103027344 1.3899993896484375
      vertex 99.37559509277344 53.968570709228516 1.3899993896484375
      vertex 98.21531677246094 53.04999923706055 1.3899993896484375
    endloop
  endfacet
  facet normal 0 0 -1
    outer loop
      vertex 99.89554595947266 55.909034729003906 1.3899993896484375
      vertex 99.0128402709961 57.05939483642578 1.3899993896484375
      vertex 99.3499984741211 57.2846794128418 1.3899993896484375
    endloop
  endfacet
  facet normal 0 0 -1
    outer loop
      vertex 99.37559509277344 53.968570709228516 1.3899993896484375
      vertex 98.03597259521484 53.41368103027344 1.3899993896484375
      vertex 99.30622100830078 54.17294692993164 1.3899993896484375
    endloop
  endfacet
  facet normal 0 0 -1
    outer loop
      vertex 99.7332763671875 55.7667236328125 1.3899993896484375
      vertex 98.70796966552734 56.792030334472656 1.3899993896484375
      vertex 99.0128402709961 57.05939483642578 1.3899993896484375
    endloop
  endfacet
  facet normal 0 0 -1
    outer loop
      vertex 97.90563201904297 53.79766082763672 1.3899993896484375
      vertex 99.30622100830078 54.17294692993164 1.3899993896484375
      vertex 98.03597259521484 53.41368103027344 1.3899993896484375
    endloop
  endfacet
  facet normal 0 0 -1
    outer loop
      vertex 99.5909652709961 55.604454040527344 1.3899993896484375
      vertex 98.44060516357422 56.487159729003906 1.3899993896484375
      vertex 98.70796966552734 56.792030334472656 1.3899993896484375
    endloop
  endfacet
  facet normal 0 0 -1
    outer loop
      vertex 99.30622100830078 54.17294692993164 1.3899993896484375
      vertex 97.90563201904297 53.79766082763672 1.3899993896484375
      vertex 99.26411437988281 54.3846321105957 1.3899993896484375
    endloop
  endfacet
  facet normal 0 0 -1
    outer loop
      vertex 99.47105407714844 55.42499923706055 1.3899993896484375
      vertex 98.21531677246094 56.150001525878906 1.3899993896484375
      vertex 98.44060516357422 56.487159729003906 1.3899993896484375
    endloop
  endfacet
  facet normal 0 0 -1
    outer loop
      vertex 97.82652282714844 54.195369720458984 1.3899993896484375
      vertex 99.26411437988281 54.3846321105957 1.3899993896484375
      vertex 97.90563201904297 53.79766082763672 1.3899993896484375
    endloop
  endfacet
  facet normal 0 0 -1
    outer loop
      vertex 99.37559509277344 55.23142623901367 1.3899993896484375
      vertex 98.03597259521484 55.78631591796875 1.3899993896484375
      vertex 98.21531677246094 56.150001525878906 1.3899993896484375
    endloop
  endfacet
  facet normal 0 0 -1
    outer loop
      vertex 99.26411437988281 54.3846321105957 1.3899993896484375
      vertex 97.82652282714844 54.195369720458984 1.3899993896484375
      vertex 99.25 54.599998474121094 1.3899993896484375
    endloop
  endfacet
  facet normal 0 0 -1
    outer loop
      vertex 99.30622100830078 55.02705001831055 1.3899993896484375
      vertex 97.90563201904297 55.402339935302734 1.3899993896484375
      vertex 98.03597259521484 55.78631591796875 1.3899993896484375
    endloop
  endfacet
  facet normal 0 0 -1
    outer loop
      vertex 97.80000305175781 54.599998474121094 1.3899993896484375
      vertex 99.25 54.599998474121094 1.3899993896484375
      vertex 97.82652282714844 54.195369720458984 1.3899993896484375
    endloop
  endfacet
  facet normal 0 0 -1
    outer loop
      vertex 99.26411437988281 54.81536865234375 1.3899993896484375
      vertex 97.82652282714844 55.00463104248047 1.3899993896484375
      vertex 97.90563201904297 55.402339935302734 1.3899993896484375
    endloop
  endfacet
  facet normal 0 0 -1
    outer loop
      vertex 99.25 54.599998474121094 1.3899993896484375
      vertex 97.80000305175781 54.599998474121094 1.3899993896484375
      vertex 97.82652282714844 55.00463104248047 1.3899993896484375
    endloop
  endfacet
  facet normal 0.9978591234983373 -0.0654000737853575 0
    outer loop
      vertex 97.80000305175781 54.599998474121094 1.3899993896484375
      vertex 97.82652282714844 55.00463104248047 0
      vertex 97.82652282714844 55.00463104248047 1.3899993896484375
    endloop
  endfacet
  facet normal 0.9978591234983373 -0.0654000737853575 0
    outer loop
      vertex 97.82652282714844 55.00463104248047 0
      vertex 97.80000305175781 54.599998474121094 1.3899993896484375
      vertex 97.80000305175781 54.599998474121094 0
    endloop
  endfacet
  facet normal -0.1950884615056217 0.9807856504799454 0
    outer loop
      vertex 101.70233917236328 51.605628967285156 0
      vertex 101.30462646484375 51.526519775390625 1.3899993896484375
      vertex 101.70233917236328 51.605628967285156 1.3899993896484375
    endloop
  endfacet
  facet normal -0.1950884615056217 0.9807856504799454 0
    outer loop
      vertex 101.30462646484375 51.526519775390625 1.3899993896484375
      vertex 101.70233917236328 51.605628967285156 0
      vertex 101.30462646484375 51.526519775390625 0
    endloop
  endfacet
  facet normal -0.7518396159150933 -0.65934603353675 0
    outer loop
      vertex 103.3593978881836 56.487159729003906 0
      vertex 103.09203338623047 56.792030334472656 1.3899993896484375
      vertex 103.09203338623047 56.792030334472656 0
    endloop
  endfacet
  facet normal -0.7518396159150933 -0.65934603353675 0
    outer loop
      vertex 103.09203338623047 56.792030334472656 1.3899993896484375
      vertex 103.3593978881836 56.487159729003906 0
      vertex 103.3593978881836 56.487159729003906 1.3899993896484375
    endloop
  endfacet
  facet normal -0.3214412638235625 0.9469295189777913 0
    outer loop
      vertex 102.08631896972656 51.7359733581543 0
      vertex 101.70233917236328 51.605628967285156 1.3899993896484375
      vertex 102.08631896972656 51.7359733581543 1.3899993896484375
    endloop
  endfacet
  facet normal -0.3214412638235625 0.9469295189777913 0
    outer loop
      vertex 101.70233917236328 51.605628967285156 1.3899993896484375
      vertex 102.08631896972656 51.7359733581543 0
      vertex 101.70233917236328 51.605628967285156 0
    endloop
  endfacet
  facet normal -0.9469266555052334 0.3214496991656284 0
    outer loop
      vertex 103.76402282714844 53.41368103027344 0
      vertex 103.89437103271484 53.79766082763672 1.3899993896484375
      vertex 103.89437103271484 53.79766082763672 0
    endloop
  endfacet
  facet normal -0.9469266555052334 0.3214496991656284 0
    outer loop
      vertex 103.89437103271484 53.79766082763672 1.3899993896484375
      vertex 103.76402282714844 53.41368103027344 0
      vertex 103.76402282714844 53.41368103027344 1.3899993896484375
    endloop
  endfacet
  facet normal 0.555568277109706 0.8314709191964281 0
    outer loop
      vertex 99.3499984741211 51.915321350097656 0
      vertex 99.0128402709961 52.140602111816406 1.3899993896484375
      vertex 99.3499984741211 51.915321350097656 1.3899993896484375
    endloop
  endfacet
  facet normal 0.555568277109706 0.8314709191964281 0
    outer loop
      vertex 99.0128402709961 52.140602111816406 1.3899993896484375
      vertex 99.3499984741211 51.915321350097656 0
      vertex 99.0128402709961 52.140602111816406 0
    endloop
  endfacet
  facet normal 0.65934603353675 -0.7518396159150933 0
    outer loop
      vertex 98.70796966552734 56.792030334472656 0
      vertex 99.0128402709961 57.05939483642578 1.3899993896484375
      vertex 98.70796966552734 56.792030334472656 1.3899993896484375
    endloop
  endfacet
  facet normal 0.65934603353675 -0.7518396159150933 0
    outer loop
      vertex 99.0128402709961 57.05939483642578 1.3899993896484375
      vertex 98.70796966552734 56.792030334472656 0
      vertex 99.0128402709961 57.05939483642578 0
    endloop
  endfacet
  facet normal 0.65934603353675 0.7518396159150933 0
    outer loop
      vertex 99.0128402709961 52.140602111816406 0
      vertex 98.70796966552734 52.40796661376953 1.3899993896484375
      vertex 99.0128402709961 52.140602111816406 1.3899993896484375
    endloop
  endfacet
  facet normal 0.65934603353675 0.7518396159150933 0
    outer loop
      vertex 98.70796966552734 52.40796661376953 1.3899993896484375
      vertex 99.0128402709961 52.140602111816406 0
      vertex 98.70796966552734 52.40796661376953 0
    endloop
  endfacet
  facet normal 0.99785908326083 0.06540068771699419 0
    outer loop
      vertex 97.82652282714844 54.195369720458984 1.3899993896484375
      vertex 97.80000305175781 54.599998474121094 0
      vertex 97.80000305175781 54.599998474121094 1.3899993896484375
    endloop
  endfacet
  facet normal 0.99785908326083 0.06540068771699419 0
    outer loop
      vertex 97.80000305175781 54.599998474121094 0
      vertex 97.82652282714844 54.195369720458984 1.3899993896484375
      vertex 97.82652282714844 54.195369720458984 0
    endloop
  endfacet
  facet normal -0.65934603353675 0.7518396159150933 0
    outer loop
      vertex 103.09203338623047 52.40796661376953 0
      vertex 102.78716278076172 52.140602111816406 1.3899993896484375
      vertex 103.09203338623047 52.40796661376953 1.3899993896484375
    endloop
  endfacet
  facet normal -0.65934603353675 0.7518396159150933 0
    outer loop
      vertex 102.78716278076172 52.140602111816406 1.3899993896484375
      vertex 103.09203338623047 52.40796661376953 0
      vertex 102.78716278076172 52.140602111816406 0
    endloop
  endfacet
  facet normal -0.5555595858518722 0.8314767264139726 0
    outer loop
      vertex 102.78716278076172 52.140602111816406 0
      vertex 102.44999694824219 51.915321350097656 1.3899993896484375
      vertex 102.78716278076172 52.140602111816406 1.3899993896484375
    endloop
  endfacet
  facet normal -0.5555595858518722 0.8314767264139726 0
    outer loop
      vertex 102.44999694824219 51.915321350097656 1.3899993896484375
      vertex 102.78716278076172 52.140602111816406 0
      vertex 102.44999694824219 51.915321350097656 0
    endloop
  endfacet
  facet normal 0.8314693858519475 -0.5555705719267221 0
    outer loop
      vertex 15.507179260253906 55.849998474121094 3
      vertex 15.565317153930664 55.937007904052734 0
      vertex 15.565317153930664 55.937007904052734 3
    endloop
  endfacet
  facet normal 0.8314693858519475 -0.5555705719267221 0
    outer loop
      vertex 15.565317153930664 55.937007904052734 0
      vertex 15.507179260253906 55.849998474121094 3
      vertex 15.507179260253906 55.849998474121094 0
    endloop
  endfacet
  facet normal -0.9978592115952324 -0.06539872960953666 0
    outer loop
      vertex 94 55.45000076293945 0
      vertex 93.99315643310547 55.554420471191406 3
      vertex 93.99315643310547 55.554420471191406 0
    endloop
  endfacet
  facet normal -0.9978592115952324 -0.06539872960953666 0
    outer loop
      vertex 93.99315643310547 55.554420471191406 3
      vertex 94 55.45000076293945 0
      vertex 94 55.45000076293945 3
    endloop
  endfacet
  facet normal 0.751846846847434 -0.659337788152303 0
    outer loop
      vertex 15.565317153930664 55.937007904052734 3
      vertex 15.63431453704834 56.01568603515625 0
      vertex 15.63431453704834 56.01568603515625 3
    endloop
  endfacet
  facet normal 0.751846846847434 -0.659337788152303 0
    outer loop
      vertex 15.63431453704834 56.01568603515625 0
      vertex 15.565317153930664 55.937007904052734 3
      vertex 15.565317153930664 55.937007904052734 0
    endloop
  endfacet
  facet normal 0.9469291733380278 -0.32144228203731884 0
    outer loop
      vertex 15.427258491516113 55.65705490112305 3
      vertex 15.460895538330078 55.75614547729492 0
      vertex 15.460895538330078 55.75614547729492 3
    endloop
  endfacet
  facet normal 0.9469291733380278 -0.32144228203731884 0
    outer loop
      vertex 15.460895538330078 55.75614547729492 0
      vertex 15.427258491516113 55.65705490112305 3
      vertex 15.427258491516113 55.65705490112305 0
    endloop
  endfacet
  facet normal 0 1 0
    outer loop
      vertex 93.19999694824219 5.049999237060547 0
      vertex 16.200000762939453 5.049999237060547 3
      vertex 93.19999694824219 5.049999237060547 3
    endloop
  endfacet
  facet normal 0 1 0
    outer loop
      vertex 16.200000762939453 5.049999237060547 3
      vertex 93.19999694824219 5.049999237060547 0
      vertex 16.200000762939453 5.049999237060547 0
    endloop
  endfacet
  facet normal -0.6593558590655403 0.7518309990389751 0
    outer loop
      vertex 93.76568603515625 5.284314155578613 0
      vertex 93.68701171875 5.2153167724609375 3
      vertex 93.76568603515625 5.284314155578613 3
    endloop
  endfacet
  facet normal -0.6593558590655403 0.7518309990389751 0
    outer loop
      vertex 93.68701171875 5.2153167724609375 3
      vertex 93.76568603515625 5.284314155578613 0
      vertex 93.68701171875 5.2153167724609375 0
    endloop
  endfacet
  facet normal 0.9978592505732351 0.06539813487723906 0
    outer loop
      vertex 15.406843185424805 5.745578765869141 3
      vertex 15.399999618530273 5.84999942779541 0
      vertex 15.399999618530273 5.84999942779541 3
    endloop
  endfacet
  facet normal 0.9978592505732351 0.06539813487723906 0
    outer loop
      vertex 15.399999618530273 5.84999942779541 0
      vertex 15.406843185424805 5.745578765869141 3
      vertex 15.406843185424805 5.745578765869141 0
    endloop
  endfacet
  facet normal -0.8314778055204328 0.5555579708067604 0
    outer loop
      vertex 93.83468627929688 5.362990379333496 0
      vertex 93.892822265625 5.449999809265137 3
      vertex 93.892822265625 5.449999809265137 0
    endloop
  endfacet
  facet normal -0.8314778055204328 0.5555579708067604 0
    outer loop
      vertex 93.892822265625 5.449999809265137 3
      vertex 93.83468627929688 5.362990379333496 0
      vertex 93.83468627929688 5.362990379333496 3
    endloop
  endfacet
  facet normal 1 0 0
    outer loop
      vertex 15.399999618530273 5.84999942779541 3
      vertex 15.399999618530273 55.45000076293945 0
      vertex 15.399999618530273 55.45000076293945 3
    endloop
  endfacet
  facet normal 1 0 0
    outer loop
      vertex 15.399999618530273 55.45000076293945 0
      vertex 15.399999618530273 5.84999942779541 3
      vertex 15.399999618530273 5.84999942779541 0
    endloop
  endfacet
  facet normal -1 0 0
    outer loop
      vertex 94 5.84999942779541 0
      vertex 94 55.45000076293945 3
      vertex 94 55.45000076293945 0
    endloop
  endfacet
  facet normal -1 0 0
    outer loop
      vertex 94 55.45000076293945 3
      vertex 94 5.84999942779541 0
      vertex 94 5.84999942779541 3
    endloop
  endfacet
  facet normal 0 -1 0
    outer loop
      vertex 16.200000762939453 56.25 0
      vertex 93.19999694824219 56.25 3
      vertex 16.200000762939453 56.25 3
    endloop
  endfacet
  facet normal 0 -1 0
    outer loop
      vertex 93.19999694824219 56.25 3
      vertex 16.200000762939453 56.25 0
      vertex 93.19999694824219 56.25 0
    endloop
  endfacet
  facet normal -0.1950837944353629 0.9807865787971923 0
    outer loop
      vertex 93.40705871582031 5.077259063720703 0
      vertex 93.3044204711914 5.0568437576293945 3
      vertex 93.40705871582031 5.077259063720703 3
    endloop
  endfacet
  facet normal -0.1950837944353629 0.9807865787971923 0
    outer loop
      vertex 93.3044204711914 5.0568437576293945 3
      vertex 93.40705871582031 5.077259063720703 0
      vertex 93.3044204711914 5.0568437576293945 0
    endloop
  endfacet
  facet normal -0.06540542496655169 0.9978587727654373 0
    outer loop
      vertex 93.3044204711914 5.0568437576293945 0
      vertex 93.19999694824219 5.049999237060547 3
      vertex 93.3044204711914 5.0568437576293945 3
    endloop
  endfacet
  facet normal -0.06540542496655169 0.9978587727654373 0
    outer loop
      vertex 93.19999694824219 5.049999237060547 3
      vertex 93.3044204711914 5.0568437576293945 0
      vertex 93.19999694824219 5.049999237060547 0
    endloop
  endfacet
  facet normal -0.5555537329657584 0.8314806370492405 0
    outer loop
      vertex 93.68701171875 5.2153167724609375 0
      vertex 93.5999984741211 5.15717887878418 3
      vertex 93.68701171875 5.2153167724609375 3
    endloop
  endfacet
  facet normal -0.5555537329657584 0.8314806370492405 0
    outer loop
      vertex 93.5999984741211 5.15717887878418 3
      vertex 93.68701171875 5.2153167724609375 0
      vertex 93.5999984741211 5.15717887878418 0
    endloop
  endfacet
  facet normal -0.5555411318867183 -0.8314890563212627 0
    outer loop
      vertex 93.5999984741211 56.142818450927734 0
      vertex 93.68701171875 56.08468246459961 3
      vertex 93.5999984741211 56.142818450927734 3
    endloop
  endfacet
  facet normal -0.5555411318867183 -0.8314890563212627 0
    outer loop
      vertex 93.68701171875 56.08468246459961 3
      vertex 93.5999984741211 56.142818450927734 0
      vertex 93.68701171875 56.08468246459961 0
    endloop
  endfacet
  facet normal -0.8314778055204328 -0.5555579708067604 0
    outer loop
      vertex 93.892822265625 55.849998474121094 0
      vertex 93.83468627929688 55.937007904052734 3
      vertex 93.83468627929688 55.937007904052734 0
    endloop
  endfacet
  facet normal -0.8314778055204328 -0.5555579708067604 0
    outer loop
      vertex 93.83468627929688 55.937007904052734 3
      vertex 93.892822265625 55.849998474121094 0
      vertex 93.892822265625 55.849998474121094 3
    endloop
  endfacet
  facet normal -0.9469263993155418 -0.32145045384833876 0
    outer loop
      vertex 93.97274017333984 55.65705490112305 0
      vertex 93.93910217285156 55.75614547729492 3
      vertex 93.93910217285156 55.75614547729492 0
    endloop
  endfacet
  facet normal -0.9469263993155418 -0.32145045384833876 0
    outer loop
      vertex 93.93910217285156 55.75614547729492 3
      vertex 93.97274017333984 55.65705490112305 0
      vertex 93.97274017333984 55.65705490112305 3
    endloop
  endfacet
  facet normal 0.6593416720183988 -0.7518434408438914 0
    outer loop
      vertex 15.63431453704834 56.01568603515625 0
      vertex 15.712990760803223 56.08468246459961 3
      vertex 15.63431453704834 56.01568603515625 3
    endloop
  endfacet
  facet normal 0.6593416720183988 -0.7518434408438914 0
    outer loop
      vertex 15.712990760803223 56.08468246459961 3
      vertex 15.63431453704834 56.01568603515625 0
      vertex 15.712990760803223 56.08468246459961 0
    endloop
  endfacet
  facet normal 0.8968706724893842 0.44229288579903664 0
    outer loop
      vertex 15.507179260253906 5.449999809265137 3
      vertex 15.460895538330078 5.543852806091309 0
      vertex 15.460895538330078 5.543852806091309 3
    endloop
  endfacet
  facet normal 0.8968706724893842 0.44229288579903664 0
    outer loop
      vertex 15.460895538330078 5.543852806091309 0
      vertex 15.507179260253906 5.449999809265137 3
      vertex 15.507179260253906 5.449999809265137 0
    endloop
  endfacet
  facet normal -0.4423073466551718 -0.8968635409552903 0
    outer loop
      vertex 93.50614929199219 56.18910217285156 0
      vertex 93.5999984741211 56.142818450927734 3
      vertex 93.50614929199219 56.18910217285156 3
    endloop
  endfacet
  facet normal -0.4423073466551718 -0.8968635409552903 0
    outer loop
      vertex 93.5999984741211 56.142818450927734 3
      vertex 93.50614929199219 56.18910217285156 0
      vertex 93.5999984741211 56.142818450927734 0
    endloop
  endfacet
  facet normal 0.9807851914311655 -0.19509076930837166 0
    outer loop
      vertex 15.406843185424805 55.554420471191406 3
      vertex 15.427258491516113 55.65705490112305 0
      vertex 15.427258491516113 55.65705490112305 3
    endloop
  endfacet
  facet normal 0.9807851914311655 -0.19509076930837166 0
    outer loop
      vertex 15.427258491516113 55.65705490112305 0
      vertex 15.406843185424805 55.554420471191406 3
      vertex 15.406843185424805 55.554420471191406 0
    endloop
  endfacet
  facet normal 0.9807851914311655 0.19509076930837166 0
    outer loop
      vertex 15.427258491516113 5.6429443359375 3
      vertex 15.406843185424805 5.745578765869141 0
      vertex 15.406843185424805 5.745578765869141 3
    endloop
  endfacet
  facet normal 0.9807851914311655 0.19509076930837166 0
    outer loop
      vertex 15.406843185424805 5.745578765869141 0
      vertex 15.427258491516113 5.6429443359375 3
      vertex 15.427258491516113 5.6429443359375 0
    endloop
  endfacet
  facet normal 0.4422819400693621 0.8968760703065285 0
    outer loop
      vertex 15.893853187561035 5.110896110534668 0
      vertex 15.799999237060547 5.15717887878418 3
      vertex 15.893853187561035 5.110896110534668 3
    endloop
  endfacet
  facet normal 0.4422819400693621 0.8968760703065285 0
    outer loop
      vertex 15.799999237060547 5.15717887878418 3
      vertex 15.893853187561035 5.110896110534668 0
      vertex 15.799999237060547 5.15717887878418 0
    endloop
  endfacet
  facet normal 0.9978592115952324 -0.06539872960953666 0
    outer loop
      vertex 15.399999618530273 55.45000076293945 3
      vertex 15.406843185424805 55.554420471191406 0
      vertex 15.406843185424805 55.554420471191406 3
    endloop
  endfacet
  facet normal 0.9978592115952324 -0.06539872960953666 0
    outer loop
      vertex 15.406843185424805 55.554420471191406 0
      vertex 15.399999618530273 55.45000076293945 3
      vertex 15.399999618530273 55.45000076293945 0
    endloop
  endfacet
  facet normal -0.7518332939765967 -0.6593532422520573 0
    outer loop
      vertex 93.83468627929688 55.937007904052734 0
      vertex 93.76568603515625 56.01568603515625 3
      vertex 93.76568603515625 56.01568603515625 0
    endloop
  endfacet
  facet normal -0.7518332939765967 -0.6593532422520573 0
    outer loop
      vertex 93.76568603515625 56.01568603515625 3
      vertex 93.83468627929688 55.937007904052734 0
      vertex 93.83468627929688 55.937007904052734 3
    endloop
  endfacet
  facet normal 0.19509425692820972 0.9807844976923471 0
    outer loop
      vertex 16.095577239990234 5.0568437576293945 0
      vertex 15.992944717407227 5.077259063720703 3
      vertex 16.095577239990234 5.0568437576293945 3
    endloop
  endfacet
  facet normal 0.19509425692820972 0.9807844976923471 0
    outer loop
      vertex 15.992944717407227 5.077259063720703 3
      vertex 16.095577239990234 5.0568437576293945 0
      vertex 15.992944717407227 5.077259063720703 0
    endloop
  endfacet
  facet normal -0.32144228203731884 0.9469291733380278 0
    outer loop
      vertex 93.50614929199219 5.110896110534668 0
      vertex 93.40705871582031 5.077259063720703 3
      vertex 93.50614929199219 5.110896110534668 3
    endloop
  endfacet
  facet normal -0.32144228203731884 0.9469291733380278 0
    outer loop
      vertex 93.40705871582031 5.077259063720703 3
      vertex 93.50614929199219 5.110896110534668 0
      vertex 93.40705871582031 5.077259063720703 0
    endloop
  endfacet
  facet normal -0.9469273410022105 0.32144767982127875 0
    outer loop
      vertex 93.93910217285156 5.543852806091309 0
      vertex 93.97274017333984 5.6429443359375 3
      vertex 93.97274017333984 5.6429443359375 0
    endloop
  endfacet
  facet normal -0.9469273410022105 0.32144767982127875 0
    outer loop
      vertex 93.97274017333984 5.6429443359375 3
      vertex 93.93910217285156 5.543852806091309 0
      vertex 93.93910217285156 5.543852806091309 3
    endloop
  endfacet
  facet normal -0.9807834476157246 -0.19509953583495104 0
    outer loop
      vertex 93.99315643310547 55.554420471191406 0
      vertex 93.97274017333984 55.65705490112305 3
      vertex 93.97274017333984 55.65705490112305 0
    endloop
  endfacet
  facet normal -0.9807834476157246 -0.19509953583495104 0
    outer loop
      vertex 93.97274017333984 55.65705490112305 3
      vertex 93.99315643310547 55.554420471191406 0
      vertex 93.99315643310547 55.554420471191406 3
    endloop
  endfacet
  facet normal 0.5555747817908568 0.8314665728927664 0
    outer loop
      vertex 15.799999237060547 5.15717887878418 0
      vertex 15.712990760803223 5.2153167724609375 3
      vertex 15.799999237060547 5.15717887878418 3
    endloop
  endfacet
  facet normal 0.5555747817908568 0.8314665728927664 0
    outer loop
      vertex 15.712990760803223 5.2153167724609375 3
      vertex 15.799999237060547 5.15717887878418 0
      vertex 15.712990760803223 5.2153167724609375 0
    endloop
  endfacet
  facet normal -0.9807834476157246 0.19509953583495104 0
    outer loop
      vertex 93.97274017333984 5.6429443359375 0
      vertex 93.99315643310547 5.745578765869141 3
      vertex 93.99315643310547 5.745578765869141 0
    endloop
  endfacet
  facet normal -0.9807834476157246 0.19509953583495104 0
    outer loop
      vertex 93.99315643310547 5.745578765869141 3
      vertex 93.97274017333984 5.6429443359375 0
      vertex 93.97274017333984 5.6429443359375 3
    endloop
  endfacet
  facet normal 0.5555621806606691 -0.8314749926603698 0
    outer loop
      vertex 15.712990760803223 56.08468246459961 0
      vertex 15.799999237060547 56.142818450927734 3
      vertex 15.712990760803223 56.08468246459961 3
    endloop
  endfacet
  facet normal 0.5555621806606691 -0.8314749926603698 0
    outer loop
      vertex 15.799999237060547 56.142818450927734 3
      vertex 15.712990760803223 56.08468246459961 0
      vertex 15.799999237060547 56.142818450927734 0
    endloop
  endfacet
  facet normal -0.7518253700066431 0.6593622775184931 0
    outer loop
      vertex 93.76568603515625 5.284314155578613 0
      vertex 93.83468627929688 5.362990379333496 3
      vertex 93.83468627929688 5.362990379333496 0
    endloop
  endfacet
  facet normal -0.7518253700066431 0.6593622775184931 0
    outer loop
      vertex 93.83468627929688 5.362990379333496 3
      vertex 93.76568603515625 5.284314155578613 0
      vertex 93.76568603515625 5.284314155578613 3
    endloop
  endfacet
  facet normal 0.7518389231060841 0.6593468235327169 0
    outer loop
      vertex 15.63431453704834 5.284314155578613 3
      vertex 15.565317153930664 5.362990379333496 0
      vertex 15.565317153930664 5.362990379333496 3
    endloop
  endfacet
  facet normal 0.7518389231060841 0.6593468235327169 0
    outer loop
      vertex 15.565317153930664 5.362990379333496 0
      vertex 15.63431453704834 5.284314155578613 3
      vertex 15.63431453704834 5.284314155578613 0
    endloop
  endfacet
  facet normal 0.8968706724893842 -0.44229288579903664 0
    outer loop
      vertex 15.460895538330078 55.75614547729492 3
      vertex 15.507179260253906 55.849998474121094 0
      vertex 15.507179260253906 55.849998474121094 3
    endloop
  endfacet
  facet normal 0.8968706724893842 -0.44229288579903664 0
    outer loop
      vertex 15.507179260253906 55.849998474121094 0
      vertex 15.460895538330078 55.75614547729492 3
      vertex 15.460895538330078 55.75614547729492 0
    endloop
  endfacet
  facet normal 0.946930114979577 0.32143950806452687 0
    outer loop
      vertex 15.460895538330078 5.543852806091309 3
      vertex 15.427258491516113 5.6429443359375 0
      vertex 15.427258491516113 5.6429443359375 3
    endloop
  endfacet
  facet normal 0.946930114979577 0.32143950806452687 0
    outer loop
      vertex 15.427258491516113 5.6429443359375 0
      vertex 15.460895538330078 5.543852806091309 3
      vertex 15.460895538330078 5.543852806091309 0
    endloop
  endfacet
  facet normal -0.32145045384833876 -0.9469263993155418 0
    outer loop
      vertex 93.40705871582031 56.222740173339844 0
      vertex 93.50614929199219 56.18910217285156 3
      vertex 93.40705871582031 56.222740173339844 3
    endloop
  endfacet
  facet normal -0.32145045384833876 -0.9469263993155418 0
    outer loop
      vertex 93.50614929199219 56.18910217285156 3
      vertex 93.40705871582031 56.222740173339844 0
      vertex 93.50614929199219 56.18910217285156 0
    endloop
  endfacet
  facet normal -0.8968851326840152 0.44226356256238963 0
    outer loop
      vertex 93.892822265625 5.449999809265137 0
      vertex 93.93910217285156 5.543852806091309 3
      vertex 93.93910217285156 5.543852806091309 0
    endloop
  endfacet
  facet normal -0.8968851326840152 0.44226356256238963 0
    outer loop
      vertex 93.93910217285156 5.543852806091309 3
      vertex 93.892822265625 5.449999809265137 0
      vertex 93.892822265625 5.449999809265137 3
    endloop
  endfacet
  facet normal -0.4423000158558808 0.8968671562577635 0
    outer loop
      vertex 93.5999984741211 5.15717887878418 0
      vertex 93.50614929199219 5.110896110534668 3
      vertex 93.5999984741211 5.15717887878418 3
    endloop
  endfacet
  facet normal -0.4423000158558808 0.8968671562577635 0
    outer loop
      vertex 93.50614929199219 5.110896110534668 3
      vertex 93.5999984741211 5.15717887878418 0
      vertex 93.50614929199219 5.110896110534668 0
    endloop
  endfacet
  facet normal 0.06539635074510662 -0.9978593675008632 0
    outer loop
      vertex 16.095577239990234 56.24315643310547 0
      vertex 16.200000762939453 56.25 3
      vertex 16.095577239990234 56.24315643310547 3
    endloop
  endfacet
  facet normal 0.06539635074510662 -0.9978593675008632 0
    outer loop
      vertex 16.200000762939453 56.25 3
      vertex 16.095577239990234 56.24315643310547 0
      vertex 16.200000762939453 56.25 0
    endloop
  endfacet
  facet normal -0.19509256067332406 -0.9807848351039719 0
    outer loop
      vertex 93.3044204711914 56.24315643310547 0
      vertex 93.40705871582031 56.222740173339844 3
      vertex 93.3044204711914 56.24315643310547 3
    endloop
  endfacet
  facet normal -0.19509256067332406 -0.9807848351039719 0
    outer loop
      vertex 93.40705871582031 56.222740173339844 3
      vertex 93.3044204711914 56.24315643310547 0
      vertex 93.40705871582031 56.222740173339844 0
    endloop
  endfacet
  facet normal 0.8314693858519475 0.5555705719267221 0
    outer loop
      vertex 15.565317153930664 5.362990379333496 3
      vertex 15.507179260253906 5.449999809265137 0
      vertex 15.507179260253906 5.449999809265137 3
    endloop
  endfacet
  facet normal 0.8314693858519475 0.5555705719267221 0
    outer loop
      vertex 15.507179260253906 5.449999809265137 0
      vertex 15.565317153930664 5.362990379333496 3
      vertex 15.565317153930664 5.362990379333496 0
    endloop
  endfacet
  facet normal -0.9978592505732351 0.06539813487723906 0
    outer loop
      vertex 93.99315643310547 5.745578765869141 0
      vertex 94 5.84999942779541 3
      vertex 94 5.84999942779541 0
    endloop
  endfacet
  facet normal -0.9978592505732351 0.06539813487723906 0
    outer loop
      vertex 94 5.84999942779541 3
      vertex 93.99315643310547 5.745578765869141 0
      vertex 93.99315643310547 5.745578765869141 3
    endloop
  endfacet
  facet normal -0.6593507075892163 -0.7518355168529881 0
    outer loop
      vertex 93.68701171875 56.08468246459961 0
      vertex 93.76568603515625 56.01568603515625 3
      vertex 93.68701171875 56.08468246459961 3
    endloop
  endfacet
  facet normal -0.6593507075892163 -0.7518355168529881 0
    outer loop
      vertex 93.76568603515625 56.01568603515625 3
      vertex 93.68701171875 56.08468246459961 0
      vertex 93.76568603515625 56.01568603515625 0
    endloop
  endfacet
  facet normal 0.32143950806452687 0.946930114979577 0
    outer loop
      vertex 15.992944717407227 5.077259063720703 0
      vertex 15.893853187561035 5.110896110534668 3
      vertex 15.992944717407227 5.077259063720703 3
    endloop
  endfacet
  facet normal 0.32143950806452687 0.946930114979577 0
    outer loop
      vertex 15.893853187561035 5.110896110534668 3
      vertex 15.992944717407227 5.077259063720703 0
      vertex 15.893853187561035 5.110896110534668 0
    endloop
  endfacet
  facet normal -0.06539635074510662 -0.9978593675008632 0
    outer loop
      vertex 93.19999694824219 56.25 0
      vertex 93.3044204711914 56.24315643310547 3
      vertex 93.19999694824219 56.25 3
    endloop
  endfacet
  facet normal -0.06539635074510662 -0.9978593675008632 0
    outer loop
      vertex 93.3044204711914 56.24315643310547 3
      vertex 93.19999694824219 56.25 0
      vertex 93.3044204711914 56.24315643310547 0
    endloop
  endfacet
  facet normal 0.06540542496655169 0.9978587727654373 0
    outer loop
      vertex 16.200000762939453 5.049999237060547 0
      vertex 16.095577239990234 5.0568437576293945 3
      vertex 16.200000762939453 5.049999237060547 3
    endloop
  endfacet
  facet normal 0.06540542496655169 0.9978587727654373 0
    outer loop
      vertex 16.095577239990234 5.0568437576293945 3
      vertex 16.200000762939453 5.049999237060547 0
      vertex 16.095577239990234 5.0568437576293945 0
    endloop
  endfacet
  facet normal -0.8968851326840152 -0.44226356256238963 0
    outer loop
      vertex 93.93910217285156 55.75614547729492 0
      vertex 93.892822265625 55.849998474121094 3
      vertex 93.892822265625 55.849998474121094 0
    endloop
  endfacet
  facet normal -0.8968851326840152 -0.44226356256238963 0
    outer loop
      vertex 93.892822265625 55.849998474121094 3
      vertex 93.93910217285156 55.75614547729492 0
      vertex 93.93910217285156 55.75614547729492 3
    endloop
  endfacet
  facet normal 0.6593468235327169 0.7518389231060841 0
    outer loop
      vertex 15.712990760803223 5.2153167724609375 0
      vertex 15.63431453704834 5.284314155578613 3
      vertex 15.712990760803223 5.2153167724609375 3
    endloop
  endfacet
  facet normal 0.6593468235327169 0.7518389231060841 0
    outer loop
      vertex 15.63431453704834 5.284314155578613 3
      vertex 15.712990760803223 5.2153167724609375 0
      vertex 15.63431453704834 5.284314155578613 0
    endloop
  endfacet
  facet normal 0.1951030235991048 -0.9807827538157914 0
    outer loop
      vertex 15.992944717407227 56.222740173339844 0
      vertex 16.095577239990234 56.24315643310547 3
      vertex 15.992944717407227 56.222740173339844 3
    endloop
  endfacet
  facet normal 0.1951030235991048 -0.9807827538157914 0
    outer loop
      vertex 16.095577239990234 56.24315643310547 3
      vertex 15.992944717407227 56.222740173339844 0
      vertex 16.095577239990234 56.24315643310547 0
    endloop
  endfacet
  facet normal 0.32144767982127875 -0.9469273410022105 0
    outer loop
      vertex 15.893853187561035 56.18910217285156 0
      vertex 15.992944717407227 56.222740173339844 3
      vertex 15.893853187561035 56.18910217285156 3
    endloop
  endfacet
  facet normal 0.32144767982127875 -0.9469273410022105 0
    outer loop
      vertex 15.992944717407227 56.222740173339844 3
      vertex 15.893853187561035 56.18910217285156 0
      vertex 15.992944717407227 56.222740173339844 0
    endloop
  endfacet
  facet normal 0.44228927071478163 -0.8968724552636158 0
    outer loop
      vertex 15.799999237060547 56.142818450927734 0
      vertex 15.893853187561035 56.18910217285156 3
      vertex 15.799999237060547 56.142818450927734 3
    endloop
  endfacet
  facet normal 0.44228927071478163 -0.8968724552636158 0
    outer loop
      vertex 15.893853187561035 56.18910217285156 3
      vertex 15.799999237060547 56.142818450927734 0
      vertex 15.893853187561035 56.18910217285156 0
    endloop
  endfacet
endsolid OpenSCAD_Model
