solid OpenSCAD_Model
  facet normal -1 0 0
    outer loop
      vertex 0 0 0
      vertex 0 17 3
      vertex 0 17 0
    endloop
  endfacet
  facet normal -1 -0 0
    outer loop
      vertex 0 17 3
      vertex 0 0 0
      vertex 0 0 3
    endloop
  endfacet
  facet normal 0 0 1
    outer loop
      vertex 28 17 3
      vertex 25 11.4395 3
      vertex 28 0 3
    endloop
  endfacet
  facet normal 0 0 1
    outer loop
      vertex 28 17 3
      vertex 3 11.4395 3
      vertex 25 11.4395 3
    endloop
  endfacet
  facet normal 0 0 1
    outer loop
      vertex 3 11.4395 3
      vertex 0 17 3
      vertex 3 5.56054 3
    endloop
  endfacet
  facet normal -0 0 1
    outer loop
      vertex 0 17 3
      vertex 3 11.4395 3
      vertex 28 17 3
    endloop
  endfacet
  facet normal -0 0 1
    outer loop
      vertex 25 5.56054 3
      vertex 28 0 3
      vertex 25 11.4395 3
    endloop
  endfacet
  facet normal -0 0 1
    outer loop
      vertex 3 5.56054 3
      vertex 28 0 3
      vertex 25 5.56054 3
    endloop
  endfacet
  facet normal 0 0 1
    outer loop
      vertex 3 5.56054 3
      vertex 0 0 3
      vertex 28 0 3
    endloop
  endfacet
  facet normal 0 0 1
    outer loop
      vertex 0 0 3
      vertex 3 5.56054 3
      vertex 0 17 3
    endloop
  endfacet
  facet normal 1 -0 0
    outer loop
      vertex 28 0 3
      vertex 28 17 0
      vertex 28 17 3
    endloop
  endfacet
  facet normal 1 0 0
    outer loop
      vertex 28 17 0
      vertex 28 0 3
      vertex 28 0 0
    endloop
  endfacet
  facet normal 0 1 -0
    outer loop
      vertex 28 17 0
      vertex 0 17 3
      vertex 28 17 3
    endloop
  endfacet
  facet normal 0 1 0
    outer loop
      vertex 0 17 3
      vertex 28 17 0
      vertex 0 17 0
    endloop
  endfacet
  facet normal 0 0 -1
    outer loop
      vertex 22.751 6.68439 0
      vertex 22.6824 6.82153 0
      vertex 22.7193 6.75258 0
    endloop
  endfacet
  facet normal 0 0 -1
    outer loop
      vertex 22.751 6.68439 0
      vertex 22.6402 6.89125 0
      vertex 22.6824 6.82153 0
    endloop
  endfacet
  facet normal 0 0 -1
    outer loop
      vertex 20.2589 6.68439 0
      vertex 22.6402 6.89125 0
      vertex 22.751 6.68439 0
    endloop
  endfacet
  facet normal -0 0 -1
    outer loop
      vertex 22.6402 6.89125 0
      vertex 20.2589 6.68439 0
      vertex 22.5927 6.96173 0
    endloop
  endfacet
  facet normal -0 0 -1
    outer loop
      vertex 22.5927 6.96173 0
      vertex 20.2589 6.68439 0
      vertex 22.54 7.03297 0
    endloop
  endfacet
  facet normal -0 0 -1
    outer loop
      vertex 22.54 7.03297 0
      vertex 20.2589 6.68439 0
      vertex 22.482 7.10497 0
    endloop
  endfacet
  facet normal -0 0 -1
    outer loop
      vertex 22.482 7.10497 0
      vertex 20.2589 6.68439 0
      vertex 22.4188 7.17773 0
    endloop
  endfacet
  facet normal -0 0 -1
    outer loop
      vertex 22.4188 7.17773 0
      vertex 20.2589 6.68439 0
      vertex 22.3497 7.25215 0
    endloop
  endfacet
  facet normal -0 0 -1
    outer loop
      vertex 22.3497 7.25215 0
      vertex 20.2589 6.68439 0
      vertex 22.274 7.32913 0
    endloop
  endfacet
  facet normal -0 0 -1
    outer loop
      vertex 22.274 7.32913 0
      vertex 20.2589 6.68439 0
      vertex 22.1919 7.40868 0
    endloop
  endfacet
  facet normal -0 0 -1
    outer loop
      vertex 22.1919 7.40868 0
      vertex 20.2589 6.68439 0
      vertex 22.1032 7.49078 0
    endloop
  endfacet
  facet normal -0 0 -1
    outer loop
      vertex 22.1032 7.49078 0
      vertex 20.2589 6.68439 0
      vertex 22.0081 7.57544 0
    endloop
  endfacet
  facet normal -0 0 -1
    outer loop
      vertex 22.0081 7.57544 0
      vertex 20.2589 6.68439 0
      vertex 21.9064 7.66266 0
    endloop
  endfacet
  facet normal -0 0 -1
    outer loop
      vertex 21.9064 7.66266 0
      vertex 20.2589 6.68439 0
      vertex 21.7983 7.75243 0
    endloop
  endfacet
  facet normal -0 0 -1
    outer loop
      vertex 21.7983 7.75243 0
      vertex 20.2589 6.68439 0
      vertex 21.6051 7.91096 0
    endloop
  endfacet
  facet normal -0 0 -1
    outer loop
      vertex 21.6051 7.91096 0
      vertex 20.2589 6.68439 0
      vertex 21.4307 8.05717 0
    endloop
  endfacet
  facet normal -0 0 -1
    outer loop
      vertex 21.4307 8.05717 0
      vertex 20.2589 6.68439 0
      vertex 21.2749 8.19107 0
    endloop
  endfacet
  facet normal -0 0 -1
    outer loop
      vertex 21.2749 8.19107 0
      vertex 20.2589 6.68439 0
      vertex 21.1379 8.31264 0
    endloop
  endfacet
  facet normal 0 0 -1
    outer loop
      vertex 19.6528 7.63017 0
      vertex 21.1379 8.31264 0
      vertex 20.2589 6.68439 0
    endloop
  endfacet
  facet normal -0 0 -1
    outer loop
      vertex 20.3984 9.30998 0
      vertex 19.696 9.20895 0
      vertex 20.375 9.38879 0
    endloop
  endfacet
  facet normal -0 0 -1
    outer loop
      vertex 20.4269 9.23131 0
      vertex 19.696 9.20895 0
      vertex 20.3984 9.30998 0
    endloop
  endfacet
  facet normal 0 0 -1
    outer loop
      vertex 19.696 9.20895 0
      vertex 20.4269 9.23131 0
      vertex 19.7206 8.89508 0
    endloop
  endfacet
  facet normal -0 0 -1
    outer loop
      vertex 20.4607 9.15277 0
      vertex 19.7206 8.89508 0
      vertex 20.4269 9.23131 0
    endloop
  endfacet
  facet normal -0 0 -1
    outer loop
      vertex 20.4995 9.0743 0
      vertex 19.7206 8.89508 0
      vertex 20.4607 9.15277 0
    endloop
  endfacet
  facet normal -0 0 -1
    outer loop
      vertex 20.5434 8.99582 0
      vertex 19.7206 8.89508 0
      vertex 20.4995 9.0743 0
    endloop
  endfacet
  facet normal 0 0 -1
    outer loop
      vertex 19.7206 8.89508 0
      vertex 20.5434 8.99582 0
      vertex 19.7288 8.55602 0
    endloop
  endfacet
  facet normal -0 0 -1
    outer loop
      vertex 20.5924 8.91736 0
      vertex 19.7288 8.55602 0
      vertex 20.5434 8.99582 0
    endloop
  endfacet
  facet normal -0 0 -1
    outer loop
      vertex 20.6464 8.83888 0
      vertex 19.7288 8.55602 0
      vertex 20.5924 8.91736 0
    endloop
  endfacet
  facet normal -0 0 -1
    outer loop
      vertex 20.7055 8.76041 0
      vertex 19.7288 8.55602 0
      vertex 20.6464 8.83888 0
    endloop
  endfacet
  facet normal 0 -0 -1
    outer loop
      vertex 19.7288 8.55602 0
      vertex 20.7055 8.76041 0
      vertex 19.7203 8.22388 0
    endloop
  endfacet
  facet normal -0 0 -1
    outer loop
      vertex 20.7696 8.68195 0
      vertex 19.7203 8.22388 0
      vertex 20.7055 8.76041 0
    endloop
  endfacet
  facet normal -0 0 -1
    outer loop
      vertex 20.8387 8.60347 0
      vertex 19.7203 8.22388 0
      vertex 20.7696 8.68195 0
    endloop
  endfacet
  facet normal -0 0 -1
    outer loop
      vertex 20.9198 8.51884 0
      vertex 19.7203 8.22388 0
      vertex 20.8387 8.60347 0
    endloop
  endfacet
  facet normal -0 0 -1
    outer loop
      vertex 21.0195 8.42191 0
      vertex 19.7203 8.22388 0
      vertex 20.9198 8.51884 0
    endloop
  endfacet
  facet normal 0 -0 -1
    outer loop
      vertex 19.695 7.91527 0
      vertex 21.1379 8.31264 0
      vertex 19.6528 7.63017 0
    endloop
  endfacet
  facet normal 0 0 -1
    outer loop
      vertex 23.3714 6.70767 0
      vertex 23.3953 9.76306 0
      vertex 23.4224 6.59624 0
    endloop
  endfacet
  facet normal 0 0 -1
    outer loop
      vertex 23.3173 6.81531 0
      vertex 23.3953 9.76306 0
      vertex 23.3714 6.70767 0
    endloop
  endfacet
  facet normal 0 0 -1
    outer loop
      vertex 23.2602 6.91913 0
      vertex 23.3953 9.76306 0
      vertex 23.3173 6.81531 0
    endloop
  endfacet
  facet normal 0 0 -1
    outer loop
      vertex 23.1999 7.01915 0
      vertex 23.3953 9.76306 0
      vertex 23.2602 6.91913 0
    endloop
  endfacet
  facet normal 0 0 -1
    outer loop
      vertex 23.1364 7.11537 0
      vertex 23.3953 9.76306 0
      vertex 23.1999 7.01915 0
    endloop
  endfacet
  facet normal 0 0 -1
    outer loop
      vertex 23.0699 7.20778 0
      vertex 23.3953 9.76306 0
      vertex 23.1364 7.11537 0
    endloop
  endfacet
  facet normal 0 0 -1
    outer loop
      vertex 23.0003 7.29639 0
      vertex 23.3953 9.76306 0
      vertex 23.0699 7.20778 0
    endloop
  endfacet
  facet normal 0 0 -1
    outer loop
      vertex 22.9285 7.38191 0
      vertex 23.3953 9.76306 0
      vertex 23.0003 7.29639 0
    endloop
  endfacet
  facet normal 0 0 -1
    outer loop
      vertex 22.8558 7.4651 0
      vertex 23.3953 9.76306 0
      vertex 22.9285 7.38191 0
    endloop
  endfacet
  facet normal 0 0 -1
    outer loop
      vertex 22.782 7.54593 0
      vertex 23.3953 9.76306 0
      vertex 22.8558 7.4651 0
    endloop
  endfacet
  facet normal 0 0 -1
    outer loop
      vertex 22.7071 7.6244 0
      vertex 23.3953 9.76306 0
      vertex 22.782 7.54593 0
    endloop
  endfacet
  facet normal 0 0 -1
    outer loop
      vertex 22.6313 7.70052 0
      vertex 23.3953 9.76306 0
      vertex 22.7071 7.6244 0
    endloop
  endfacet
  facet normal 0 0 -1
    outer loop
      vertex 22.5544 7.77428 0
      vertex 23.3953 9.76306 0
      vertex 22.6313 7.70052 0
    endloop
  endfacet
  facet normal 0 0 -1
    outer loop
      vertex 22.4764 7.84569 0
      vertex 23.3953 9.76306 0
      vertex 22.5544 7.77428 0
    endloop
  endfacet
  facet normal 0 0 -1
    outer loop
      vertex 23.3953 9.76306 0
      vertex 22.4764 7.84569 0
      vertex 22.7714 9.70541 0
    endloop
  endfacet
  facet normal 0 0 -1
    outer loop
      vertex 22.3981 7.91519 0
      vertex 22.7714 9.70541 0
      vertex 22.4764 7.84569 0
    endloop
  endfacet
  facet normal 0 0 -1
    outer loop
      vertex 22.3199 7.98326 0
      vertex 22.7714 9.70541 0
      vertex 22.3981 7.91519 0
    endloop
  endfacet
  facet normal 0 0 -1
    outer loop
      vertex 22.2419 8.04987 0
      vertex 22.7714 9.70541 0
      vertex 22.3199 7.98326 0
    endloop
  endfacet
  facet normal 0 0 -1
    outer loop
      vertex 22.1642 8.11502 0
      vertex 22.7714 9.70541 0
      vertex 22.2419 8.04987 0
    endloop
  endfacet
  facet normal 0 0 -1
    outer loop
      vertex 22.0867 8.17871 0
      vertex 22.7714 9.70541 0
      vertex 22.1642 8.11502 0
    endloop
  endfacet
  facet normal 0 0 -1
    outer loop
      vertex 22.0093 8.24095 0
      vertex 22.7714 9.70541 0
      vertex 22.0867 8.17871 0
    endloop
  endfacet
  facet normal 0 0 -1
    outer loop
      vertex 21.9322 8.30173 0
      vertex 22.7714 9.70541 0
      vertex 22.0093 8.24095 0
    endloop
  endfacet
  facet normal 0 0 -1
    outer loop
      vertex 21.8563 8.36179 0
      vertex 22.7714 9.70541 0
      vertex 21.9322 8.30173 0
    endloop
  endfacet
  facet normal 0 0 -1
    outer loop
      vertex 21.7825 8.42184 0
      vertex 22.7714 9.70541 0
      vertex 21.8563 8.36179 0
    endloop
  endfacet
  facet normal 0 0 -1
    outer loop
      vertex 21.7108 8.4819 0
      vertex 22.7714 9.70541 0
      vertex 21.7825 8.42184 0
    endloop
  endfacet
  facet normal 0 0 -1
    outer loop
      vertex 21.6413 8.54195 0
      vertex 22.7714 9.70541 0
      vertex 21.7108 8.4819 0
    endloop
  endfacet
  facet normal 0 0 -1
    outer loop
      vertex 21.574 8.60201 0
      vertex 22.7714 9.70541 0
      vertex 21.6413 8.54195 0
    endloop
  endfacet
  facet normal 0 0 -1
    outer loop
      vertex 21.5087 8.66206 0
      vertex 22.7714 9.70541 0
      vertex 21.574 8.60201 0
    endloop
  endfacet
  facet normal 0 0 -1
    outer loop
      vertex 21.4457 8.72212 0
      vertex 22.7714 9.70541 0
      vertex 21.5087 8.66206 0
    endloop
  endfacet
  facet normal 0 0 -1
    outer loop
      vertex 21.3854 8.78261 0
      vertex 22.7714 9.70541 0
      vertex 21.4457 8.72212 0
    endloop
  endfacet
  facet normal 0 0 -1
    outer loop
      vertex 21.3284 8.84392 0
      vertex 22.7714 9.70541 0
      vertex 21.3854 8.78261 0
    endloop
  endfacet
  facet normal 0 0 -1
    outer loop
      vertex 21.2749 8.90607 0
      vertex 22.7714 9.70541 0
      vertex 21.3284 8.84392 0
    endloop
  endfacet
  facet normal 0 0 -1
    outer loop
      vertex 21.2248 8.96902 0
      vertex 22.7714 9.70541 0
      vertex 21.2749 8.90607 0
    endloop
  endfacet
  facet normal 0 0 -1
    outer loop
      vertex 21.178 9.03284 0
      vertex 22.7714 9.70541 0
      vertex 21.2248 8.96902 0
    endloop
  endfacet
  facet normal 0 0 -1
    outer loop
      vertex 21.1347 9.09746 0
      vertex 22.7714 9.70541 0
      vertex 21.178 9.03284 0
    endloop
  endfacet
  facet normal -0 0 -1
    outer loop
      vertex 22.7714 9.70541 0
      vertex 21.1347 9.09746 0
      vertex 22.7545 9.8114 0
    endloop
  endfacet
  facet normal 0 -0 -1
    outer loop
      vertex 22.0438 10.4951 0
      vertex 22.7545 9.8114 0
      vertex 21.1347 9.09746 0
    endloop
  endfacet
  facet normal 0 0 -1
    outer loop
      vertex 22.7545 9.8114 0
      vertex 22.0438 10.4951 0
      vertex 22.7292 9.91039 0
    endloop
  endfacet
  facet normal -0 -0 -1
    outer loop
      vertex 22.1412 10.4735 0
      vertex 22.7292 9.91039 0
      vertex 22.0438 10.4951 0
    endloop
  endfacet
  facet normal -0 -0 -1
    outer loop
      vertex 22.233 10.4432 0
      vertex 22.7292 9.91039 0
      vertex 22.1412 10.4735 0
    endloop
  endfacet
  facet normal -0 -0 -1
    outer loop
      vertex 22.3192 10.4043 0
      vertex 22.6953 10.0024 0
      vertex 22.233 10.4432 0
    endloop
  endfacet
  facet normal 0 0 -1
    outer loop
      vertex 22.602 10.1654 0
      vertex 22.4747 10.3005 0
      vertex 22.5426 10.2364 0
    endloop
  endfacet
  facet normal 0 0 -1
    outer loop
      vertex 22.602 10.1654 0
      vertex 22.3997 10.3567 0
      vertex 22.4747 10.3005 0
    endloop
  endfacet
  facet normal 0 0 -1
    outer loop
      vertex 22.602 10.1654 0
      vertex 22.3192 10.4043 0
      vertex 22.3997 10.3567 0
    endloop
  endfacet
  facet normal 0 0 -1
    outer loop
      vertex 22.6529 10.0874 0
      vertex 22.3192 10.4043 0
      vertex 22.602 10.1654 0
    endloop
  endfacet
  facet normal 0 0 -1
    outer loop
      vertex 22.6953 10.0024 0
      vertex 22.3192 10.4043 0
      vertex 22.6529 10.0874 0
    endloop
  endfacet
  facet normal 0 0 -1
    outer loop
      vertex 22.7292 9.91039 0
      vertex 22.233 10.4432 0
      vertex 22.6953 10.0024 0
    endloop
  endfacet
  facet normal -0 0 -1
    outer loop
      vertex 22.0438 10.4951 0
      vertex 21.1347 9.09746 0
      vertex 21.9408 10.5081 0
    endloop
  endfacet
  facet normal 0 0 -1
    outer loop
      vertex 21.0947 9.16292 0
      vertex 21.9408 10.5081 0
      vertex 21.1347 9.09746 0
    endloop
  endfacet
  facet normal 0 0 -1
    outer loop
      vertex 21.0592 9.23004 0
      vertex 21.9408 10.5081 0
      vertex 21.0947 9.16292 0
    endloop
  endfacet
  facet normal 0 0 -1
    outer loop
      vertex 21.0291 9.29967 0
      vertex 21.9408 10.5081 0
      vertex 21.0592 9.23004 0
    endloop
  endfacet
  facet normal -0 0 -1
    outer loop
      vertex 21.9408 10.5081 0
      vertex 21.0291 9.29967 0
      vertex 21.8322 10.5124 0
    endloop
  endfacet
  facet normal 0 0 -1
    outer loop
      vertex 21.0045 9.37177 0
      vertex 21.8322 10.5124 0
      vertex 21.0291 9.29967 0
    endloop
  endfacet
  facet normal 0 0 -1
    outer loop
      vertex 20.9854 9.44637 0
      vertex 21.8322 10.5124 0
      vertex 21.0045 9.37177 0
    endloop
  endfacet
  facet normal 0 0 -1
    outer loop
      vertex 20.9717 9.52344 0
      vertex 21.8322 10.5124 0
      vertex 20.9854 9.44637 0
    endloop
  endfacet
  facet normal 0 0 -1
    outer loop
      vertex 20.9635 9.60301 0
      vertex 21.8322 10.5124 0
      vertex 20.9717 9.52344 0
    endloop
  endfacet
  facet normal 0 0 -1
    outer loop
      vertex 21.8322 10.5124 0
      vertex 20.9635 9.60301 0
      vertex 21.7186 10.508 0
    endloop
  endfacet
  facet normal 0 0 -1
    outer loop
      vertex 20.9608 9.68507 0
      vertex 21.7186 10.508 0
      vertex 20.9635 9.60301 0
    endloop
  endfacet
  facet normal 0 0 -1
    outer loop
      vertex 21.7186 10.508 0
      vertex 20.9608 9.68507 0
      vertex 21.6124 10.4947 0
    endloop
  endfacet
  facet normal 0 -0 -1
    outer loop
      vertex 20.9655 9.79385 0
      vertex 21.6124 10.4947 0
      vertex 20.9608 9.68507 0
    endloop
  endfacet
  facet normal 0 0 -1
    outer loop
      vertex 21.6124 10.4947 0
      vertex 20.9655 9.79385 0
      vertex 21.5135 10.4726 0
    endloop
  endfacet
  facet normal 0 -0 -1
    outer loop
      vertex 20.9796 9.89545 0
      vertex 21.5135 10.4726 0
      vertex 20.9655 9.79385 0
    endloop
  endfacet
  facet normal 0 0 -1
    outer loop
      vertex 21.5135 10.4726 0
      vertex 20.9796 9.89545 0
      vertex 21.422 10.4416 0
    endloop
  endfacet
  facet normal 0 0 -1
    outer loop
      vertex 21.422 10.4416 0
      vertex 20.9796 9.89545 0
      vertex 21.3378 10.4017 0
    endloop
  endfacet
  facet normal 0 0 -1
    outer loop
      vertex 21.3378 10.4017 0
      vertex 20.9796 9.89545 0
      vertex 21.2609 10.353 0
    endloop
  endfacet
  facet normal 0 0 -1
    outer loop
      vertex 21.2609 10.353 0
      vertex 20.9796 9.89545 0
      vertex 21.1914 10.2954 0
    endloop
  endfacet
  facet normal 0 0 -1
    outer loop
      vertex 21.0784 10.157 0
      vertex 20.9796 9.89545 0
      vertex 21.0361 10.077 0
    endloop
  endfacet
  facet normal 0 0 -1
    outer loop
      vertex 21.0361 10.077 0
      vertex 20.9796 9.89545 0
      vertex 21.0031 9.98984 0
    endloop
  endfacet
  facet normal 0 0 -1
    outer loop
      vertex 21.1914 10.2954 0
      vertex 20.9796 9.89545 0
      vertex 21.1302 10.2298 0
    endloop
  endfacet
  facet normal 0 0 -1
    outer loop
      vertex 21.1302 10.2298 0
      vertex 20.9796 9.89545 0
      vertex 21.0784 10.157 0
    endloop
  endfacet
  facet normal 0 0 -1
    outer loop
      vertex 23.4224 6.59624 0
      vertex 28 0 0
      vertex 23.4224 6.16563 0
    endloop
  endfacet
  facet normal 0 0 -1
    outer loop
      vertex 28 0 0
      vertex 20.2589 6.16563 0
      vertex 23.4224 6.16563 0
    endloop
  endfacet
  facet normal 0 0 -1
    outer loop
      vertex 19.3151 6.72508 0
      vertex 20.2589 6.68439 0
      vertex 20.2589 6.16563 0
    endloop
  endfacet
  facet normal -0 0 -1
    outer loop
      vertex 20.375 9.38879 0
      vertex 19.696 9.20895 0
      vertex 20.3569 9.46774 0
    endloop
  endfacet
  facet normal 0 0 -1
    outer loop
      vertex 21.0195 8.42191 0
      vertex 19.695 7.91527 0
      vertex 19.7203 8.22388 0
    endloop
  endfacet
  facet normal -0 0 -1
    outer loop
      vertex 21.1379 8.31264 0
      vertex 19.695 7.91527 0
      vertex 21.0195 8.42191 0
    endloop
  endfacet
  facet normal 0 0 -1
    outer loop
      vertex 20.2589 6.68439 0
      vertex 19.5937 7.36861 0
      vertex 19.6528 7.63017 0
    endloop
  endfacet
  facet normal 0 0 -1
    outer loop
      vertex 20.2589 6.68439 0
      vertex 19.5177 7.13057 0
      vertex 19.5937 7.36861 0
    endloop
  endfacet
  facet normal 0 0 -1
    outer loop
      vertex 20.2589 6.68439 0
      vertex 19.4249 6.91606 0
      vertex 19.5177 7.13057 0
    endloop
  endfacet
  facet normal 0 0 -1
    outer loop
      vertex 20.2589 6.68439 0
      vertex 19.3151 6.72508 0
      vertex 19.4249 6.91606 0
    endloop
  endfacet
  facet normal 0 0 -1
    outer loop
      vertex 18.3046 6.11063 0
      vertex 20.2589 6.16563 0
      vertex 28 0 0
    endloop
  endfacet
  facet normal 0 0 -1
    outer loop
      vertex 20.2589 6.16563 0
      vertex 19.1886 6.55867 0
      vertex 19.3151 6.72508 0
    endloop
  endfacet
  facet normal 0 0 -1
    outer loop
      vertex 20.2589 6.16563 0
      vertex 19.0452 6.41786 0
      vertex 19.1886 6.55867 0
    endloop
  endfacet
  facet normal 0 0 -1
    outer loop
      vertex 20.2589 6.16563 0
      vertex 18.8852 6.30264 0
      vertex 19.0452 6.41786 0
    endloop
  endfacet
  facet normal 0 0 -1
    outer loop
      vertex 20.2589 6.16563 0
      vertex 18.7084 6.21304 0
      vertex 18.8852 6.30264 0
    endloop
  endfacet
  facet normal -0 0 -1
    outer loop
      vertex 20.2589 6.16563 0
      vertex 18.5148 6.14903 0
      vertex 18.7084 6.21304 0
    endloop
  endfacet
  facet normal 0 0 -1
    outer loop
      vertex 20.2589 6.16563 0
      vertex 18.3046 6.11063 0
      vertex 18.5148 6.14903 0
    endloop
  endfacet
  facet normal 0 0 -1
    outer loop
      vertex 28 0 0
      vertex 18.0775 6.09784 0
      vertex 18.3046 6.11063 0
    endloop
  endfacet
  facet normal 0 0 -1
    outer loop
      vertex 28 0 0
      vertex 17.8503 6.1107 0
      vertex 18.0775 6.09784 0
    endloop
  endfacet
  facet normal 0 0 -1
    outer loop
      vertex 28 0 0
      vertex 17.6395 6.14931 0
      vertex 17.8503 6.1107 0
    endloop
  endfacet
  facet normal 0 0 -1
    outer loop
      vertex 0 0 0
      vertex 17.6395 6.14931 0
      vertex 28 0 0
    endloop
  endfacet
  facet normal -0 0 -1
    outer loop
      vertex 17.6395 6.14931 0
      vertex 0 0 0
      vertex 17.4451 6.21367 0
    endloop
  endfacet
  facet normal 0 0 -1
    outer loop
      vertex 16.418 8.22562 0
      vertex 11.65 8.5 0
      vertex 16.4094 8.55602 0
    endloop
  endfacet
  facet normal 0 0 -1
    outer loop
      vertex 11.6359 8.28463 0
      vertex 16.418 8.22562 0
      vertex 16.4438 7.91832 0
    endloop
  endfacet
  facet normal 0 0 -1
    outer loop
      vertex 11.5938 8.07295 0
      vertex 16.4438 7.91832 0
      vertex 16.4869 7.63412 0
    endloop
  endfacet
  facet normal 0 0 -1
    outer loop
      vertex 11.5244 7.86857 0
      vertex 16.4869 7.63412 0
      vertex 16.5472 7.37305 0
    endloop
  endfacet
  facet normal 0 0 -1
    outer loop
      vertex 11.4289 7.675 0
      vertex 16.5472 7.37305 0
      vertex 16.6247 7.13509 0
    endloop
  endfacet
  facet normal 0 0 -1
    outer loop
      vertex 11.309 7.49554 0
      vertex 16.6247 7.13509 0
      vertex 16.7195 6.92023 0
    endloop
  endfacet
  facet normal 0 0 -1
    outer loop
      vertex 11.1667 7.33327 0
      vertex 16.7195 6.92023 0
      vertex 16.8315 6.72849 0
    endloop
  endfacet
  facet normal 0 0 -1
    outer loop
      vertex 11.0045 7.19097 0
      vertex 16.8315 6.72849 0
      vertex 16.9603 6.56117 0
    endloop
  endfacet
  facet normal 0 0 -1
    outer loop
      vertex 10.825 7.07106 0
      vertex 16.9603 6.56117 0
      vertex 17.1055 6.41959 0
    endloop
  endfacet
  facet normal 0 0 -1
    outer loop
      vertex 10.6314 6.9756 0
      vertex 17.1055 6.41959 0
      vertex 17.2671 6.30376 0
    endloop
  endfacet
  facet normal 0 -0 -1
    outer loop
      vertex 10.2154 6.86412 0
      vertex 17.4451 6.21367 0
      vertex 0 0 0
    endloop
  endfacet
  facet normal 0 0 -1
    outer loop
      vertex 16.418 8.22562 0
      vertex 11.6359 8.28463 0
      vertex 11.65 8.5 0
    endloop
  endfacet
  facet normal 0 0 -1
    outer loop
      vertex 16.4438 7.91832 0
      vertex 11.5938 8.07295 0
      vertex 11.6359 8.28463 0
    endloop
  endfacet
  facet normal 0 0 -1
    outer loop
      vertex 16.4869 7.63412 0
      vertex 11.5244 7.86857 0
      vertex 11.5938 8.07295 0
    endloop
  endfacet
  facet normal 0 0 -1
    outer loop
      vertex 16.5472 7.37305 0
      vertex 11.4289 7.675 0
      vertex 11.5244 7.86857 0
    endloop
  endfacet
  facet normal 0 0 -1
    outer loop
      vertex 16.6247 7.13509 0
      vertex 11.309 7.49554 0
      vertex 11.4289 7.675 0
    endloop
  endfacet
  facet normal 0 0 -1
    outer loop
      vertex 16.7195 6.92023 0
      vertex 11.1667 7.33327 0
      vertex 11.309 7.49554 0
    endloop
  endfacet
  facet normal 0 0 -1
    outer loop
      vertex 16.8315 6.72849 0
      vertex 11.0045 7.19097 0
      vertex 11.1667 7.33327 0
    endloop
  endfacet
  facet normal 0 0 -1
    outer loop
      vertex 16.9603 6.56117 0
      vertex 10.825 7.07106 0
      vertex 11.0045 7.19097 0
    endloop
  endfacet
  facet normal 0 0 -1
    outer loop
      vertex 17.1055 6.41959 0
      vertex 10.6314 6.9756 0
      vertex 10.825 7.07106 0
    endloop
  endfacet
  facet normal 0 0 -1
    outer loop
      vertex 17.2671 6.30376 0
      vertex 10.4271 6.90622 0
      vertex 10.6314 6.9756 0
    endloop
  endfacet
  facet normal 0 -0 -1
    outer loop
      vertex 10.4271 6.90622 0
      vertex 17.4451 6.21367 0
      vertex 10.2154 6.86412 0
    endloop
  endfacet
  facet normal 0 0 -1
    outer loop
      vertex 17.4451 6.21367 0
      vertex 10.4271 6.90622 0
      vertex 17.2671 6.30376 0
    endloop
  endfacet
  facet normal 0 0 -1
    outer loop
      vertex 10.2154 6.86412 0
      vertex 0 0 0
      vertex 10 6.85 0
    endloop
  endfacet
  facet normal -0 0 -1
    outer loop
      vertex 10 6.85 0
      vertex 0 0 0
      vertex 9.78463 6.86412 0
    endloop
  endfacet
  facet normal -0 0 -1
    outer loop
      vertex 9.78463 6.86412 0
      vertex 0 0 0
      vertex 9.57295 6.90622 0
    endloop
  endfacet
  facet normal -0 0 -1
    outer loop
      vertex 8.36412 8.28463 0
      vertex 0 0 0
      vertex 8.35 8.5 0
    endloop
  endfacet
  facet normal -0 0 -1
    outer loop
      vertex 8.40622 8.07295 0
      vertex 0 0 0
      vertex 8.36412 8.28463 0
    endloop
  endfacet
  facet normal -0 0 -1
    outer loop
      vertex 8.4756 7.86857 0
      vertex 0 0 0
      vertex 8.40622 8.07295 0
    endloop
  endfacet
  facet normal -0 0 -1
    outer loop
      vertex 8.57106 7.675 0
      vertex 0 0 0
      vertex 8.4756 7.86857 0
    endloop
  endfacet
  facet normal -0 0 -1
    outer loop
      vertex 8.69097 7.49554 0
      vertex 0 0 0
      vertex 8.57106 7.675 0
    endloop
  endfacet
  facet normal -0 0 -1
    outer loop
      vertex 8.83327 7.33327 0
      vertex 0 0 0
      vertex 8.69097 7.49554 0
    endloop
  endfacet
  facet normal -0 0 -1
    outer loop
      vertex 8.99554 7.19097 0
      vertex 0 0 0
      vertex 8.83327 7.33327 0
    endloop
  endfacet
  facet normal -0 0 -1
    outer loop
      vertex 9.175 7.07106 0
      vertex 0 0 0
      vertex 8.99554 7.19097 0
    endloop
  endfacet
  facet normal -0 0 -1
    outer loop
      vertex 9.36857 6.9756 0
      vertex 0 0 0
      vertex 9.175 7.07106 0
    endloop
  endfacet
  facet normal -0 0 -1
    outer loop
      vertex 9.57295 6.90622 0
      vertex 0 0 0
      vertex 9.36857 6.9756 0
    endloop
  endfacet
  facet normal 0 0 -1
    outer loop
      vertex 23.3953 9.76306 0
      vertex 28 0 0
      vertex 23.4224 6.59624 0
    endloop
  endfacet
  facet normal 0 0 -1
    outer loop
      vertex 28 0 0
      vertex 23.3953 9.76306 0
      vertex 28 17 0
    endloop
  endfacet
  facet normal 0 0 -1
    outer loop
      vertex 23.3687 9.92201 0
      vertex 28 17 0
      vertex 23.3953 9.76306 0
    endloop
  endfacet
  facet normal 0 0 -1
    outer loop
      vertex 23.3279 10.0714 0
      vertex 28 17 0
      vertex 23.3687 9.92201 0
    endloop
  endfacet
  facet normal 0 0 -1
    outer loop
      vertex 23.2727 10.2112 0
      vertex 28 17 0
      vertex 23.3279 10.0714 0
    endloop
  endfacet
  facet normal 0 0 -1
    outer loop
      vertex 23.2032 10.3415 0
      vertex 28 17 0
      vertex 23.2727 10.2112 0
    endloop
  endfacet
  facet normal 0 0 -1
    outer loop
      vertex 23.1194 10.4623 0
      vertex 28 17 0
      vertex 23.2032 10.3415 0
    endloop
  endfacet
  facet normal 0 0 -1
    outer loop
      vertex 23.0212 10.5735 0
      vertex 28 17 0
      vertex 23.1194 10.4623 0
    endloop
  endfacet
  facet normal 0 0 -1
    outer loop
      vertex 22.9087 10.6751 0
      vertex 28 17 0
      vertex 23.0212 10.5735 0
    endloop
  endfacet
  facet normal 0 0 -1
    outer loop
      vertex 22.7842 10.7651 0
      vertex 28 17 0
      vertex 22.9087 10.6751 0
    endloop
  endfacet
  facet normal 0 0 -1
    outer loop
      vertex 22.6499 10.8412 0
      vertex 28 17 0
      vertex 22.7842 10.7651 0
    endloop
  endfacet
  facet normal 0 0 -1
    outer loop
      vertex 22.5059 10.9035 0
      vertex 28 17 0
      vertex 22.6499 10.8412 0
    endloop
  endfacet
  facet normal 0 0 -1
    outer loop
      vertex 22.3521 10.9519 0
      vertex 28 17 0
      vertex 22.5059 10.9035 0
    endloop
  endfacet
  facet normal 0 0 -1
    outer loop
      vertex 22.1885 10.9865 0
      vertex 28 17 0
      vertex 22.3521 10.9519 0
    endloop
  endfacet
  facet normal 0 0 -1
    outer loop
      vertex 22.0152 11.0073 0
      vertex 28 17 0
      vertex 22.1885 10.9865 0
    endloop
  endfacet
  facet normal 0 0 -1
    outer loop
      vertex 21.8322 11.0142 0
      vertex 28 17 0
      vertex 22.0152 11.0073 0
    endloop
  endfacet
  facet normal 0 0 -1
    outer loop
      vertex 21.6326 11.0073 0
      vertex 28 17 0
      vertex 21.8322 11.0142 0
    endloop
  endfacet
  facet normal 0 0 -1
    outer loop
      vertex 21.4467 10.9864 0
      vertex 28 17 0
      vertex 21.6326 11.0073 0
    endloop
  endfacet
  facet normal 0 0 -1
    outer loop
      vertex 18.5151 10.9641 0
      vertex 21.4467 10.9864 0
      vertex 21.2745 10.9516 0
    endloop
  endfacet
  facet normal 0 0 -1
    outer loop
      vertex 18.5151 10.9641 0
      vertex 21.2745 10.9516 0
      vertex 21.1159 10.903 0
    endloop
  endfacet
  facet normal 0 0 -1
    outer loop
      vertex 18.7155 10.9015 0
      vertex 21.1159 10.903 0
      vertex 20.9709 10.8404 0
    endloop
  endfacet
  facet normal 0 0 -1
    outer loop
      vertex 18.8969 10.8138 0
      vertex 20.9709 10.8404 0
      vertex 20.8395 10.7639 0
    endloop
  endfacet
  facet normal 0 0 -1
    outer loop
      vertex 19.0593 10.7011 0
      vertex 20.8395 10.7639 0
      vertex 20.7218 10.6735 0
    endloop
  endfacet
  facet normal 0 0 -1
    outer loop
      vertex 19.655 9.49765 0
      vertex 20.3569 9.46774 0
      vertex 19.696 9.20895 0
    endloop
  endfacet
  facet normal 0 0 -1
    outer loop
      vertex 20.3569 9.46774 0
      vertex 19.655 9.49765 0
      vertex 20.3439 9.54683 0
    endloop
  endfacet
  facet normal -0 0 -1
    outer loop
      vertex 20.3439 9.54683 0
      vertex 19.655 9.49765 0
      vertex 20.3361 9.62605 0
    endloop
  endfacet
  facet normal -0 0 -1
    outer loop
      vertex 20.3361 9.62605 0
      vertex 19.655 9.49765 0
      vertex 20.3335 9.70541 0
    endloop
  endfacet
  facet normal 0 0 -1
    outer loop
      vertex 19.5976 9.76114 0
      vertex 20.3335 9.70541 0
      vertex 19.655 9.49765 0
    endloop
  endfacet
  facet normal 0 0 -1
    outer loop
      vertex 20.3335 9.70541 0
      vertex 19.5976 9.76114 0
      vertex 20.3414 9.8788 0
    endloop
  endfacet
  facet normal 0 0 -1
    outer loop
      vertex 19.5238 9.99945 0
      vertex 20.3414 9.8788 0
      vertex 19.5976 9.76114 0
    endloop
  endfacet
  facet normal 0 0 -1
    outer loop
      vertex 20.3414 9.8788 0
      vertex 19.5238 9.99945 0
      vertex 20.3652 10.0405 0
    endloop
  endfacet
  facet normal -0 0 -1
    outer loop
      vertex 20.3652 10.0405 0
      vertex 19.5238 9.99945 0
      vertex 20.4048 10.1905 0
    endloop
  endfacet
  facet normal 0 0 -1
    outer loop
      vertex 19.4336 10.2126 0
      vertex 20.4048 10.1905 0
      vertex 19.5238 9.99945 0
    endloop
  endfacet
  facet normal 0 0 -1
    outer loop
      vertex 20.4048 10.1905 0
      vertex 19.4336 10.2126 0
      vertex 20.4603 10.3288 0
    endloop
  endfacet
  facet normal 0 0 -1
    outer loop
      vertex 19.327 10.4005 0
      vertex 20.4603 10.3288 0
      vertex 19.4336 10.2126 0
    endloop
  endfacet
  facet normal 0 0 -1
    outer loop
      vertex 20.4603 10.3288 0
      vertex 19.327 10.4005 0
      vertex 20.5316 10.4554 0
    endloop
  endfacet
  facet normal 0 0 -1
    outer loop
      vertex 19.2026 10.5633 0
      vertex 20.5316 10.4554 0
      vertex 19.327 10.4005 0
    endloop
  endfacet
  facet normal 0 0 -1
    outer loop
      vertex 20.5316 10.4554 0
      vertex 19.2026 10.5633 0
      vertex 20.6188 10.5703 0
    endloop
  endfacet
  facet normal -0 0 -1
    outer loop
      vertex 20.6188 10.5703 0
      vertex 19.2026 10.5633 0
      vertex 20.7218 10.6735 0
    endloop
  endfacet
  facet normal 0 0 -1
    outer loop
      vertex 19.0593 10.7011 0
      vertex 20.7218 10.6735 0
      vertex 19.2026 10.5633 0
    endloop
  endfacet
  facet normal -0 0 -1
    outer loop
      vertex 20.8395 10.7639 0
      vertex 19.0593 10.7011 0
      vertex 18.8969 10.8138 0
    endloop
  endfacet
  facet normal -0 0 -1
    outer loop
      vertex 20.9709 10.8404 0
      vertex 18.8969 10.8138 0
      vertex 18.7155 10.9015 0
    endloop
  endfacet
  facet normal -0 0 -1
    outer loop
      vertex 21.1159 10.903 0
      vertex 18.7155 10.9015 0
      vertex 18.5151 10.9641 0
    endloop
  endfacet
  facet normal -0 0 -1
    outer loop
      vertex 21.4467 10.9864 0
      vertex 18.5151 10.9641 0
      vertex 28 17 0
    endloop
  endfacet
  facet normal 0 0 -1
    outer loop
      vertex 18.2956 11.0017 0
      vertex 28 17 0
      vertex 18.5151 10.9641 0
    endloop
  endfacet
  facet normal 0 0 -1
    outer loop
      vertex 18.0572 11.0142 0
      vertex 28 17 0
      vertex 18.2956 11.0017 0
    endloop
  endfacet
  facet normal 0 0 -1
    outer loop
      vertex 17.825 11.0016 0
      vertex 28 17 0
      vertex 18.0572 11.0142 0
    endloop
  endfacet
  facet normal 0 0 -1
    outer loop
      vertex 17.6109 10.9636 0
      vertex 28 17 0
      vertex 17.825 11.0016 0
    endloop
  endfacet
  facet normal 0 0 -1
    outer loop
      vertex 0 17 0
      vertex 17.6109 10.9636 0
      vertex 17.4148 10.9003 0
    endloop
  endfacet
  facet normal 0 0 -1
    outer loop
      vertex 10.4271 10.0938 0
      vertex 17.4148 10.9003 0
      vertex 17.2368 10.8116 0
    endloop
  endfacet
  facet normal 0 0 -1
    outer loop
      vertex 11.65 8.5 0
      vertex 16.4176 8.89162 0
      vertex 16.4094 8.55602 0
    endloop
  endfacet
  facet normal 0 0 -1
    outer loop
      vertex 11.6359 8.71537 0
      vertex 16.4176 8.89162 0
      vertex 11.65 8.5 0
    endloop
  endfacet
  facet normal -0 0 -1
    outer loop
      vertex 16.4176 8.89162 0
      vertex 11.6359 8.71537 0
      vertex 16.4422 9.20287 0
    endloop
  endfacet
  facet normal 0 0 -1
    outer loop
      vertex 11.5938 8.92705 0
      vertex 16.4422 9.20287 0
      vertex 11.6359 8.71537 0
    endloop
  endfacet
  facet normal -0 0 -1
    outer loop
      vertex 16.4422 9.20287 0
      vertex 11.5938 8.92705 0
      vertex 16.4832 9.48976 0
    endloop
  endfacet
  facet normal 0 0 -1
    outer loop
      vertex 11.5244 9.13143 0
      vertex 16.4832 9.48976 0
      vertex 11.5938 8.92705 0
    endloop
  endfacet
  facet normal -0 0 -1
    outer loop
      vertex 16.4832 9.48976 0
      vertex 11.5244 9.13143 0
      vertex 16.5406 9.75229 0
    endloop
  endfacet
  facet normal 0 0 -1
    outer loop
      vertex 11.4289 9.325 0
      vertex 16.5406 9.75229 0
      vertex 11.5244 9.13143 0
    endloop
  endfacet
  facet normal -0 0 -1
    outer loop
      vertex 16.5406 9.75229 0
      vertex 11.4289 9.325 0
      vertex 16.6144 9.99046 0
    endloop
  endfacet
  facet normal 0 0 -1
    outer loop
      vertex 11.309 9.50446 0
      vertex 16.6144 9.99046 0
      vertex 11.4289 9.325 0
    endloop
  endfacet
  facet normal -0 0 -1
    outer loop
      vertex 16.6144 9.99046 0
      vertex 11.309 9.50446 0
      vertex 16.7046 10.2043 0
    endloop
  endfacet
  facet normal 0 0 -1
    outer loop
      vertex 11.1667 9.66673 0
      vertex 16.7046 10.2043 0
      vertex 11.309 9.50446 0
    endloop
  endfacet
  facet normal -0 0 -1
    outer loop
      vertex 16.7046 10.2043 0
      vertex 11.1667 9.66673 0
      vertex 16.8112 10.3937 0
    endloop
  endfacet
  facet normal 0 0 -1
    outer loop
      vertex 11.0045 9.80903 0
      vertex 16.8112 10.3937 0
      vertex 11.1667 9.66673 0
    endloop
  endfacet
  facet normal -0 0 -1
    outer loop
      vertex 16.8112 10.3937 0
      vertex 11.0045 9.80903 0
      vertex 16.935 10.5583 0
    endloop
  endfacet
  facet normal 0 0 -1
    outer loop
      vertex 10.825 9.92894 0
      vertex 16.935 10.5583 0
      vertex 11.0045 9.80903 0
    endloop
  endfacet
  facet normal -0 0 -1
    outer loop
      vertex 16.935 10.5583 0
      vertex 10.825 9.92894 0
      vertex 17.0769 10.6976 0
    endloop
  endfacet
  facet normal 0 0 -1
    outer loop
      vertex 10.6314 10.0244 0
      vertex 17.0769 10.6976 0
      vertex 10.825 9.92894 0
    endloop
  endfacet
  facet normal -0 0 -1
    outer loop
      vertex 17.0769 10.6976 0
      vertex 10.6314 10.0244 0
      vertex 17.2368 10.8116 0
    endloop
  endfacet
  facet normal 0 0 -1
    outer loop
      vertex 10.4271 10.0938 0
      vertex 17.2368 10.8116 0
      vertex 10.6314 10.0244 0
    endloop
  endfacet
  facet normal 0 0 -1
    outer loop
      vertex 17.4148 10.9003 0
      vertex 10.4271 10.0938 0
      vertex 10.2154 10.1359 0
    endloop
  endfacet
  facet normal -0 0 -1
    outer loop
      vertex 17.4148 10.9003 0
      vertex 10.2154 10.1359 0
      vertex 0 17 0
    endloop
  endfacet
  facet normal 0 0 -1
    outer loop
      vertex 0 17 0
      vertex 10.2154 10.1359 0
      vertex 10 10.15 0
    endloop
  endfacet
  facet normal 0 0 -1
    outer loop
      vertex 0 17 0
      vertex 10 10.15 0
      vertex 9.78463 10.1359 0
    endloop
  endfacet
  facet normal 0 0 -1
    outer loop
      vertex 0 17 0
      vertex 9.78463 10.1359 0
      vertex 9.57295 10.0938 0
    endloop
  endfacet
  facet normal 0 0 -1
    outer loop
      vertex 0 17 0
      vertex 9.57295 10.0938 0
      vertex 9.36857 10.0244 0
    endloop
  endfacet
  facet normal 0 0 -1
    outer loop
      vertex 0 17 0
      vertex 8.35 8.5 0
      vertex 0 0 0
    endloop
  endfacet
  facet normal 0 0 -1
    outer loop
      vertex 8.35 8.5 0
      vertex 0 17 0
      vertex 8.36412 8.71537 0
    endloop
  endfacet
  facet normal 0 0 -1
    outer loop
      vertex 8.36412 8.71537 0
      vertex 0 17 0
      vertex 8.40622 8.92705 0
    endloop
  endfacet
  facet normal 0 0 -1
    outer loop
      vertex 8.40622 8.92705 0
      vertex 0 17 0
      vertex 8.4756 9.13143 0
    endloop
  endfacet
  facet normal 0 0 -1
    outer loop
      vertex 8.4756 9.13143 0
      vertex 0 17 0
      vertex 8.57106 9.325 0
    endloop
  endfacet
  facet normal 0 0 -1
    outer loop
      vertex 8.57106 9.325 0
      vertex 0 17 0
      vertex 8.69097 9.50446 0
    endloop
  endfacet
  facet normal 0 0 -1
    outer loop
      vertex 17.6109 10.9636 0
      vertex 0 17 0
      vertex 28 17 0
    endloop
  endfacet
  facet normal 0 0 -1
    outer loop
      vertex 9.175 9.92894 0
      vertex 0 17 0
      vertex 9.36857 10.0244 0
    endloop
  endfacet
  facet normal 0 0 -1
    outer loop
      vertex 8.99554 9.80903 0
      vertex 0 17 0
      vertex 9.175 9.92894 0
    endloop
  endfacet
  facet normal 0 0 -1
    outer loop
      vertex 8.83327 9.66673 0
      vertex 0 17 0
      vertex 8.99554 9.80903 0
    endloop
  endfacet
  facet normal 0 0 -1
    outer loop
      vertex 8.69097 9.50446 0
      vertex 0 17 0
      vertex 8.83327 9.66673 0
    endloop
  endfacet
  facet normal 0 0 -1
    outer loop
      vertex 17.0298 8.55602 0
      vertex 19.1117 8.55602 0
      vertex 19.1066 8.27655 0
    endloop
  endfacet
  facet normal 0 0 -1
    outer loop
      vertex 19.1117 8.55602 0
      vertex 17.0298 8.55602 0
      vertex 19.1066 8.84332 0
    endloop
  endfacet
  facet normal 0 0 -1
    outer loop
      vertex 17.0349 8.28174 0
      vertex 19.1066 8.27655 0
      vertex 19.0913 8.01933 0
    endloop
  endfacet
  facet normal 0 -0 -1
    outer loop
      vertex 17.0347 8.83986 0
      vertex 19.1066 8.84332 0
      vertex 17.0298 8.55602 0
    endloop
  endfacet
  facet normal 0 0 -1
    outer loop
      vertex 17.0759 7.79625 0
      vertex 19.0913 8.01933 0
      vertex 19.0659 7.78441 0
    endloop
  endfacet
  facet normal -0 0 -1
    outer loop
      vertex 19.1066 8.84332 0
      vertex 17.0347 8.83986 0
      vertex 19.0916 9.10654 0
    endloop
  endfacet
  facet normal 0 0 -1
    outer loop
      vertex 17.1117 7.58505 0
      vertex 19.0659 7.78441 0
      vertex 19.0303 7.57178 0
    endloop
  endfacet
  facet normal 0 -0 -1
    outer loop
      vertex 17.0493 9.10046 0
      vertex 19.0916 9.10654 0
      vertex 17.0347 8.83986 0
    endloop
  endfacet
  facet normal 0 0 -1
    outer loop
      vertex 17.1578 7.3949 0
      vertex 19.0303 7.57178 0
      vertex 18.9845 7.38141 0
    endloop
  endfacet
  facet normal -0 0 -1
    outer loop
      vertex 19.0916 9.10654 0
      vertex 17.0493 9.10046 0
      vertex 19.0665 9.34567 0
    endloop
  endfacet
  facet normal 0 0 -1
    outer loop
      vertex 17.2141 7.22577 0
      vertex 18.9845 7.38141 0
      vertex 18.9286 7.21333 0
    endloop
  endfacet
  facet normal 0 -0 -1
    outer loop
      vertex 17.0737 9.3378 0
      vertex 19.0665 9.34567 0
      vertex 17.0493 9.10046 0
    endloop
  endfacet
  facet normal 0 0 -1
    outer loop
      vertex 17.2807 7.07768 0
      vertex 18.9286 7.21333 0
      vertex 18.8625 7.06754 0
    endloop
  endfacet
  facet normal -0 0 -1
    outer loop
      vertex 19.0665 9.34567 0
      vertex 17.0737 9.3378 0
      vertex 19.0314 9.56073 0
    endloop
  endfacet
  facet normal 0 0 -1
    outer loop
      vertex 18.0708 6.59624 0
      vertex 18.8625 7.06754 0
      vertex 18.7853 6.94249 0
    endloop
  endfacet
  facet normal 0 -0 -1
    outer loop
      vertex 17.1079 9.5519 0
      vertex 19.0314 9.56073 0
      vertex 17.0737 9.3378 0
    endloop
  endfacet
  facet normal 0 0 -1
    outer loop
      vertex 18.2198 6.60585 0
      vertex 18.7853 6.94249 0
      vertex 18.6961 6.83669 0
    endloop
  endfacet
  facet normal -0 0 -1
    outer loop
      vertex 19.0314 9.56073 0
      vertex 17.1079 9.5519 0
      vertex 18.9863 9.75171 0
    endloop
  endfacet
  facet normal 0 0 -1
    outer loop
      vertex 18.3568 6.6347 0
      vertex 18.6961 6.83669 0
      vertex 18.595 6.75012 0
    endloop
  endfacet
  facet normal 0 0 -1
    outer loop
      vertex 18.3568 6.6347 0
      vertex 18.595 6.75012 0
      vertex 18.4819 6.6828 0
    endloop
  endfacet
  facet normal 0 -0 -1
    outer loop
      vertex 17.1518 9.74274 0
      vertex 18.9863 9.75171 0
      vertex 17.1079 9.5519 0
    endloop
  endfacet
  facet normal 0 0 -1
    outer loop
      vertex 18.6961 6.83669 0
      vertex 18.3568 6.6347 0
      vertex 18.2198 6.60585 0
    endloop
  endfacet
  facet normal -0 0 -1
    outer loop
      vertex 18.9863 9.75171 0
      vertex 17.1518 9.74274 0
      vertex 18.9311 9.91861 0
    endloop
  endfacet
  facet normal 0 0 -1
    outer loop
      vertex 18.0708 6.59624 0
      vertex 18.7853 6.94249 0
      vertex 18.2198 6.60585 0
    endloop
  endfacet
  facet normal 0 -0 -1
    outer loop
      vertex 17.2054 9.91032 0
      vertex 18.9311 9.91861 0
      vertex 17.1518 9.74274 0
    endloop
  endfacet
  facet normal -0 0 -1
    outer loop
      vertex 18.8625 7.06754 0
      vertex 18.0708 6.59624 0
      vertex 17.2807 7.07768 0
    endloop
  endfacet
  facet normal 0 -0 -1
    outer loop
      vertex 18.0572 10.5192 0
      vertex 18.9311 9.91861 0
      vertex 17.2054 9.91032 0
    endloop
  endfacet
  facet normal 0 0 -1
    outer loop
      vertex 17.2807 7.07768 0
      vertex 18.0708 6.59624 0
      vertex 17.9226 6.60606 0
    endloop
  endfacet
  facet normal 0 0 -1
    outer loop
      vertex 18.9311 9.91861 0
      vertex 18.0572 10.5192 0
      vertex 18.8659 10.0614 0
    endloop
  endfacet
  facet normal 0 0 -1
    outer loop
      vertex 17.3583 6.94995 0
      vertex 17.9226 6.60606 0
      vertex 17.7862 6.63553 0
    endloop
  endfacet
  facet normal 0 0 -1
    outer loop
      vertex 18.8659 10.0614 0
      vertex 18.2115 10.5098 0
      vertex 18.7891 10.1829 0
    endloop
  endfacet
  facet normal 0 0 -1
    outer loop
      vertex 17.4476 6.84187 0
      vertex 17.7862 6.63553 0
      vertex 17.6616 6.68466 0
    endloop
  endfacet
  facet normal -0 -0 -1
    outer loop
      vertex 18.3529 10.4818 0
      vertex 18.7891 10.1829 0
      vertex 18.2115 10.5098 0
    endloop
  endfacet
  facet normal 0 0 -1
    outer loop
      vertex 17.4476 6.84187 0
      vertex 17.6616 6.68466 0
      vertex 17.5487 6.75343 0
    endloop
  endfacet
  facet normal 0 0 -1
    outer loop
      vertex 18.7891 10.1829 0
      vertex 18.3529 10.4818 0
      vertex 18.6995 10.2856 0
    endloop
  endfacet
  facet normal 0 0 -1
    outer loop
      vertex 17.7862 6.63553 0
      vertex 17.4476 6.84187 0
      vertex 17.3583 6.94995 0
    endloop
  endfacet
  facet normal 0 0 -1
    outer loop
      vertex 18.5969 10.3697 0
      vertex 18.3529 10.4818 0
      vertex 18.4814 10.4351 0
    endloop
  endfacet
  facet normal 0 0 -1
    outer loop
      vertex 17.9226 6.60606 0
      vertex 17.3583 6.94995 0
      vertex 17.2807 7.07768 0
    endloop
  endfacet
  facet normal 0 0 -1
    outer loop
      vertex 18.6995 10.2856 0
      vertex 18.3529 10.4818 0
      vertex 18.5969 10.3697 0
    endloop
  endfacet
  facet normal -0 0 -1
    outer loop
      vertex 18.9286 7.21333 0
      vertex 17.2807 7.07768 0
      vertex 17.2141 7.22577 0
    endloop
  endfacet
  facet normal 0 0 -1
    outer loop
      vertex 18.8659 10.0614 0
      vertex 18.0572 10.5192 0
      vertex 18.2115 10.5098 0
    endloop
  endfacet
  facet normal -0 0 -1
    outer loop
      vertex 18.9845 7.38141 0
      vertex 17.2141 7.22577 0
      vertex 17.1578 7.3949 0
    endloop
  endfacet
  facet normal 0 -0 -1
    outer loop
      vertex 17.2689 10.0547 0
      vertex 18.0572 10.5192 0
      vertex 17.2054 9.91032 0
    endloop
  endfacet
  facet normal -0 0 -1
    outer loop
      vertex 19.0303 7.57178 0
      vertex 17.1578 7.3949 0
      vertex 17.1117 7.58505 0
    endloop
  endfacet
  facet normal 0 0 -1
    outer loop
      vertex 18.0572 10.5192 0
      vertex 17.2689 10.0547 0
      vertex 17.9066 10.5097 0
    endloop
  endfacet
  facet normal -0 0 -1
    outer loop
      vertex 19.0659 7.78441 0
      vertex 17.1117 7.58505 0
      vertex 17.0759 7.79625 0
    endloop
  endfacet
  facet normal 0 0 -1
    outer loop
      vertex 19.1066 8.27655 0
      vertex 17.0349 8.28174 0
      vertex 17.0298 8.55602 0
    endloop
  endfacet
  facet normal -0 0 -1
    outer loop
      vertex 19.0913 8.01933 0
      vertex 17.0759 7.79625 0
      vertex 17.0503 8.02847 0
    endloop
  endfacet
  facet normal 0 0 -1
    outer loop
      vertex 19.0913 8.01933 0
      vertex 17.0503 8.02847 0
      vertex 17.0349 8.28174 0
    endloop
  endfacet
  facet normal 0 0 -1
    outer loop
      vertex 17.9066 10.5097 0
      vertex 17.2689 10.0547 0
      vertex 17.7686 10.4812 0
    endloop
  endfacet
  facet normal 0 0 -1
    outer loop
      vertex 17.5307 10.3675 0
      vertex 17.3435 10.1779 0
      vertex 17.4308 10.2822 0
    endloop
  endfacet
  facet normal 0 0 -1
    outer loop
      vertex 17.7686 10.4812 0
      vertex 17.3435 10.1779 0
      vertex 17.6433 10.4339 0
    endloop
  endfacet
  facet normal 0 0 -1
    outer loop
      vertex 17.6433 10.4339 0
      vertex 17.3435 10.1779 0
      vertex 17.5307 10.3675 0
    endloop
  endfacet
  facet normal 0 -0 -1
    outer loop
      vertex 17.3435 10.1779 0
      vertex 17.7686 10.4812 0
      vertex 17.2689 10.0547 0
    endloop
  endfacet
  facet normal 0 -1 0
    outer loop
      vertex 0 0 0
      vertex 28 0 3
      vertex 0 0 3
    endloop
  endfacet
  facet normal 0 -1 -0
    outer loop
      vertex 28 0 3
      vertex 0 0 0
      vertex 28 0 0
    endloop
  endfacet
  facet normal 0 -0.930155 -0.367167
    outer loop
      vertex 3 5.56054 3
      vertex 25 4.10001 6.7
      vertex 3 4.10001 6.7
    endloop
  endfacet
  facet normal 0 -0.930155 -0.367167
    outer loop
      vertex 25 4.10001 6.7
      vertex 3 5.56054 3
      vertex 25 5.56054 3
    endloop
  endfacet
  facet normal 0 0.930157 -0.367161
    outer loop
      vertex 25 11.4395 3
      vertex 3 12.9 6.7
      vertex 25 12.9 6.7
    endloop
  endfacet
  facet normal 0 0.930157 -0.367161
    outer loop
      vertex 3 12.9 6.7
      vertex 25 11.4395 3
      vertex 3 11.4395 3
    endloop
  endfacet
  facet normal -1 0 0
    outer loop
      vertex 3 5.56054 3
      vertex 3 12.9 6.7
      vertex 3 11.4395 3
    endloop
  endfacet
  facet normal -1 -0 0
    outer loop
      vertex 3 12.9 6.7
      vertex 3 5.56054 3
      vertex 3 4.10001 6.7
    endloop
  endfacet
  facet normal 1 0 0
    outer loop
      vertex 25 12.9 6.7
      vertex 25 5.56054 3
      vertex 25 11.4395 3
    endloop
  endfacet
  facet normal 1 0 -0
    outer loop
      vertex 25 5.56054 3
      vertex 25 12.9 6.7
      vertex 25 4.10001 6.7
    endloop
  endfacet
  facet normal 0 0 1
    outer loop
      vertex 25 12.9 6.7
      vertex 11.65 8.5 6.7
      vertex 25 4.10001 6.7
    endloop
  endfacet
  facet normal 0 0 1
    outer loop
      vertex 25 12.9 6.7
      vertex 11.6359 8.71537 6.7
      vertex 11.65 8.5 6.7
    endloop
  endfacet
  facet normal 0 0 1
    outer loop
      vertex 25 12.9 6.7
      vertex 11.5938 8.92705 6.7
      vertex 11.6359 8.71537 6.7
    endloop
  endfacet
  facet normal 0 0 1
    outer loop
      vertex 25 12.9 6.7
      vertex 11.5244 9.13143 6.7
      vertex 11.5938 8.92705 6.7
    endloop
  endfacet
  facet normal 0 0 1
    outer loop
      vertex 25 12.9 6.7
      vertex 11.4289 9.325 6.7
      vertex 11.5244 9.13143 6.7
    endloop
  endfacet
  facet normal 0 0 1
    outer loop
      vertex 25 12.9 6.7
      vertex 11.309 9.50446 6.7
      vertex 11.4289 9.325 6.7
    endloop
  endfacet
  facet normal 0 0 1
    outer loop
      vertex 25 12.9 6.7
      vertex 11.1667 9.66673 6.7
      vertex 11.309 9.50446 6.7
    endloop
  endfacet
  facet normal 0 0 1
    outer loop
      vertex 25 12.9 6.7
      vertex 11.0045 9.80903 6.7
      vertex 11.1667 9.66673 6.7
    endloop
  endfacet
  facet normal 0 0 1
    outer loop
      vertex 25 12.9 6.7
      vertex 10.825 9.92894 6.7
      vertex 11.0045 9.80903 6.7
    endloop
  endfacet
  facet normal 0 0 1
    outer loop
      vertex 25 12.9 6.7
      vertex 10.6314 10.0244 6.7
      vertex 10.825 9.92894 6.7
    endloop
  endfacet
  facet normal 0 0 1
    outer loop
      vertex 25 12.9 6.7
      vertex 10.4271 10.0938 6.7
      vertex 10.6314 10.0244 6.7
    endloop
  endfacet
  facet normal 0 0 1
    outer loop
      vertex 25 12.9 6.7
      vertex 10.2154 10.1359 6.7
      vertex 10.4271 10.0938 6.7
    endloop
  endfacet
  facet normal -0 0 1
    outer loop
      vertex 3 12.9 6.7
      vertex 10.2154 10.1359 6.7
      vertex 25 12.9 6.7
    endloop
  endfacet
  facet normal 0 0 1
    outer loop
      vertex 10.2154 10.1359 6.7
      vertex 3 12.9 6.7
      vertex 10 10.15 6.7
    endloop
  endfacet
  facet normal 0 0 1
    outer loop
      vertex 8.36412 8.71537 6.7
      vertex 3 12.9 6.7
      vertex 8.35 8.5 6.7
    endloop
  endfacet
  facet normal 0 0 1
    outer loop
      vertex 8.40622 8.92705 6.7
      vertex 3 12.9 6.7
      vertex 8.36412 8.71537 6.7
    endloop
  endfacet
  facet normal 0 0 1
    outer loop
      vertex 8.4756 9.13143 6.7
      vertex 3 12.9 6.7
      vertex 8.40622 8.92705 6.7
    endloop
  endfacet
  facet normal 0 0 1
    outer loop
      vertex 8.57106 9.325 6.7
      vertex 3 12.9 6.7
      vertex 8.4756 9.13143 6.7
    endloop
  endfacet
  facet normal 0 0 1
    outer loop
      vertex 8.69097 9.50446 6.7
      vertex 3 12.9 6.7
      vertex 8.57106 9.325 6.7
    endloop
  endfacet
  facet normal 0 0 1
    outer loop
      vertex 8.83327 9.66673 6.7
      vertex 3 12.9 6.7
      vertex 8.69097 9.50446 6.7
    endloop
  endfacet
  facet normal 0 0 1
    outer loop
      vertex 8.99554 9.80903 6.7
      vertex 3 12.9 6.7
      vertex 8.83327 9.66673 6.7
    endloop
  endfacet
  facet normal 0 0 1
    outer loop
      vertex 9.175 9.92894 6.7
      vertex 3 12.9 6.7
      vertex 8.99554 9.80903 6.7
    endloop
  endfacet
  facet normal 0 0 1
    outer loop
      vertex 9.36857 10.0244 6.7
      vertex 3 12.9 6.7
      vertex 9.175 9.92894 6.7
    endloop
  endfacet
  facet normal 0 0 1
    outer loop
      vertex 9.57295 10.0938 6.7
      vertex 3 12.9 6.7
      vertex 9.36857 10.0244 6.7
    endloop
  endfacet
  facet normal 0 0 1
    outer loop
      vertex 9.78463 10.1359 6.7
      vertex 3 12.9 6.7
      vertex 9.57295 10.0938 6.7
    endloop
  endfacet
  facet normal 0 0 1
    outer loop
      vertex 10 10.15 6.7
      vertex 3 12.9 6.7
      vertex 9.78463 10.1359 6.7
    endloop
  endfacet
  facet normal -0 0 1
    outer loop
      vertex 11.6359 8.28463 6.7
      vertex 25 4.10001 6.7
      vertex 11.65 8.5 6.7
    endloop
  endfacet
  facet normal -0 0 1
    outer loop
      vertex 11.5938 8.07295 6.7
      vertex 25 4.10001 6.7
      vertex 11.6359 8.28463 6.7
    endloop
  endfacet
  facet normal -0 0 1
    outer loop
      vertex 11.5244 7.86857 6.7
      vertex 25 4.10001 6.7
      vertex 11.5938 8.07295 6.7
    endloop
  endfacet
  facet normal -0 0 1
    outer loop
      vertex 11.4289 7.675 6.7
      vertex 25 4.10001 6.7
      vertex 11.5244 7.86857 6.7
    endloop
  endfacet
  facet normal -0 0 1
    outer loop
      vertex 11.309 7.49554 6.7
      vertex 25 4.10001 6.7
      vertex 11.4289 7.675 6.7
    endloop
  endfacet
  facet normal -0 0 1
    outer loop
      vertex 11.1667 7.33327 6.7
      vertex 25 4.10001 6.7
      vertex 11.309 7.49554 6.7
    endloop
  endfacet
  facet normal -0 0 1
    outer loop
      vertex 11.0045 7.19097 6.7
      vertex 25 4.10001 6.7
      vertex 11.1667 7.33327 6.7
    endloop
  endfacet
  facet normal -0 0 1
    outer loop
      vertex 10.825 7.07106 6.7
      vertex 25 4.10001 6.7
      vertex 11.0045 7.19097 6.7
    endloop
  endfacet
  facet normal -0 0 1
    outer loop
      vertex 10.6314 6.9756 6.7
      vertex 25 4.10001 6.7
      vertex 10.825 7.07106 6.7
    endloop
  endfacet
  facet normal -0 0 1
    outer loop
      vertex 10.4271 6.90622 6.7
      vertex 25 4.10001 6.7
      vertex 10.6314 6.9756 6.7
    endloop
  endfacet
  facet normal -0 0 1
    outer loop
      vertex 10.2154 6.86412 6.7
      vertex 25 4.10001 6.7
      vertex 10.4271 6.90622 6.7
    endloop
  endfacet
  facet normal 0 0 1
    outer loop
      vertex 3 4.10001 6.7
      vertex 10.2154 6.86412 6.7
      vertex 10 6.85 6.7
    endloop
  endfacet
  facet normal 0 0 1
    outer loop
      vertex 3 4.10001 6.7
      vertex 10 6.85 6.7
      vertex 9.78463 6.86412 6.7
    endloop
  endfacet
  facet normal 0 0 1
    outer loop
      vertex 3 4.10001 6.7
      vertex 8.35 8.5 6.7
      vertex 3 12.9 6.7
    endloop
  endfacet
  facet normal 0 0 1
    outer loop
      vertex 8.35 8.5 6.7
      vertex 3 4.10001 6.7
      vertex 8.36412 8.28463 6.7
    endloop
  endfacet
  facet normal 0 0 1
    outer loop
      vertex 8.36412 8.28463 6.7
      vertex 3 4.10001 6.7
      vertex 8.40622 8.07295 6.7
    endloop
  endfacet
  facet normal 0 0 1
    outer loop
      vertex 8.40622 8.07295 6.7
      vertex 3 4.10001 6.7
      vertex 8.4756 7.86857 6.7
    endloop
  endfacet
  facet normal 0 0 1
    outer loop
      vertex 8.4756 7.86857 6.7
      vertex 3 4.10001 6.7
      vertex 8.57106 7.675 6.7
    endloop
  endfacet
  facet normal 0 0 1
    outer loop
      vertex 8.57106 7.675 6.7
      vertex 3 4.10001 6.7
      vertex 8.69097 7.49554 6.7
    endloop
  endfacet
  facet normal 0 0 1
    outer loop
      vertex 10.2154 6.86412 6.7
      vertex 3 4.10001 6.7
      vertex 25 4.10001 6.7
    endloop
  endfacet
  facet normal 0 0 1
    outer loop
      vertex 9.57295 6.90622 6.7
      vertex 3 4.10001 6.7
      vertex 9.78463 6.86412 6.7
    endloop
  endfacet
  facet normal 0 0 1
    outer loop
      vertex 9.36857 6.9756 6.7
      vertex 3 4.10001 6.7
      vertex 9.57295 6.90622 6.7
    endloop
  endfacet
  facet normal 0 0 1
    outer loop
      vertex 9.175 7.07106 6.7
      vertex 3 4.10001 6.7
      vertex 9.36857 6.9756 6.7
    endloop
  endfacet
  facet normal 0 0 1
    outer loop
      vertex 8.99554 7.19097 6.7
      vertex 3 4.10001 6.7
      vertex 9.175 7.07106 6.7
    endloop
  endfacet
  facet normal 0 0 1
    outer loop
      vertex 8.83327 7.33327 6.7
      vertex 3 4.10001 6.7
      vertex 8.99554 7.19097 6.7
    endloop
  endfacet
  facet normal 0 0 1
    outer loop
      vertex 8.69097 7.49554 6.7
      vertex 3 4.10001 6.7
      vertex 8.83327 7.33327 6.7
    endloop
  endfacet
  facet normal -0.896796 -0.442445 0
    outer loop
      vertex 11.5244 9.13143 0
      vertex 11.4289 9.325 6.7
      vertex 11.4289 9.325 0
    endloop
  endfacet
  facet normal -0.896796 -0.442445 0
    outer loop
      vertex 11.4289 9.325 6.7
      vertex 11.5244 9.13143 0
      vertex 11.5244 9.13143 6.7
    endloop
  endfacet
  facet normal -0.831494 -0.555534 0
    outer loop
      vertex 11.4289 9.325 0
      vertex 11.309 9.50446 6.7
      vertex 11.309 9.50446 0
    endloop
  endfacet
  facet normal -0.831494 -0.555534 0
    outer loop
      vertex 11.309 9.50446 6.7
      vertex 11.4289 9.325 0
      vertex 11.4289 9.325 6.7
    endloop
  endfacet
  facet normal -0.321645 -0.94686 0
    outer loop
      vertex 10.4271 10.0938 0
      vertex 10.6314 10.0244 6.7
      vertex 10.4271 10.0938 6.7
    endloop
  endfacet
  facet normal -0.321645 -0.94686 -0
    outer loop
      vertex 10.6314 10.0244 6.7
      vertex 10.4271 10.0938 0
      vertex 10.6314 10.0244 0
    endloop
  endfacet
  facet normal 0.442296 -0.896869 0
    outer loop
      vertex 9.175 9.92894 0
      vertex 9.36857 10.0244 6.7
      vertex 9.175 9.92894 6.7
    endloop
  endfacet
  facet normal 0.442296 -0.896869 0
    outer loop
      vertex 9.36857 10.0244 6.7
      vertex 9.175 9.92894 0
      vertex 9.36857 10.0244 0
    endloop
  endfacet
  facet normal 0.946927 -0.321449 0
    outer loop
      vertex 8.40622 8.92705 6.7
      vertex 8.4756 9.13143 0
      vertex 8.4756 9.13143 6.7
    endloop
  endfacet
  facet normal 0.946927 -0.321449 0
    outer loop
      vertex 8.4756 9.13143 0
      vertex 8.40622 8.92705 6.7
      vertex 8.40622 8.92705 0
    endloop
  endfacet
  facet normal -0.98079 0.195065 0
    outer loop
      vertex 11.5938 8.07295 0
      vertex 11.6359 8.28463 6.7
      vertex 11.6359 8.28463 0
    endloop
  endfacet
  facet normal -0.98079 0.195065 0
    outer loop
      vertex 11.6359 8.28463 6.7
      vertex 11.5938 8.07295 0
      vertex 11.5938 8.07295 6.7
    endloop
  endfacet
  facet normal -0.659488 -0.751715 0
    outer loop
      vertex 11.0045 9.80903 0
      vertex 11.1667 9.66673 6.7
      vertex 11.0045 9.80903 6.7
    endloop
  endfacet
  facet normal -0.659488 -0.751715 -0
    outer loop
      vertex 11.1667 9.66673 6.7
      vertex 11.0045 9.80903 0
      vertex 11.1667 9.66673 0
    endloop
  endfacet
  facet normal 0.0653289 -0.997864 0
    outer loop
      vertex 9.78463 10.1359 0
      vertex 10 10.15 6.7
      vertex 9.78463 10.1359 6.7
    endloop
  endfacet
  facet normal 0.0653289 -0.997864 0
    outer loop
      vertex 10 10.15 6.7
      vertex 9.78463 10.1359 0
      vertex 10 10.15 0
    endloop
  endfacet
  facet normal -0.55548 -0.83153 0
    outer loop
      vertex 10.825 9.92894 0
      vertex 11.0045 9.80903 6.7
      vertex 10.825 9.92894 6.7
    endloop
  endfacet
  facet normal -0.55548 -0.83153 -0
    outer loop
      vertex 11.0045 9.80903 6.7
      vertex 10.825 9.92894 0
      vertex 11.0045 9.80903 0
    endloop
  endfacet
  facet normal 0.997858 0.0654211 0
    outer loop
      vertex 8.36412 8.28463 6.7
      vertex 8.35 8.5 0
      vertex 8.35 8.5 6.7
    endloop
  endfacet
  facet normal 0.997858 0.0654211 0
    outer loop
      vertex 8.35 8.5 0
      vertex 8.36412 8.28463 6.7
      vertex 8.36412 8.28463 0
    endloop
  endfacet
  facet normal 0.831472 -0.555566 0
    outer loop
      vertex 8.57106 9.325 6.7
      vertex 8.69097 9.50446 0
      vertex 8.69097 9.50446 6.7
    endloop
  endfacet
  facet normal 0.831472 -0.555566 0
    outer loop
      vertex 8.69097 9.50446 0
      vertex 8.57106 9.325 6.7
      vertex 8.57106 9.325 0
    endloop
  endfacet
  facet normal 0.321532 -0.946899 0
    outer loop
      vertex 9.36857 10.0244 0
      vertex 9.57295 10.0938 6.7
      vertex 9.36857 10.0244 6.7
    endloop
  endfacet
  facet normal 0.321532 -0.946899 0
    outer loop
      vertex 9.57295 10.0938 6.7
      vertex 9.36857 10.0244 0
      vertex 9.57295 10.0938 0
    endloop
  endfacet
  facet normal 0.751856 -0.659328 0
    outer loop
      vertex 8.69097 9.50446 6.7
      vertex 8.83327 9.66673 0
      vertex 8.83327 9.66673 6.7
    endloop
  endfacet
  facet normal 0.751856 -0.659328 0
    outer loop
      vertex 8.83327 9.66673 0
      vertex 8.69097 9.50446 6.7
      vertex 8.69097 9.50446 0
    endloop
  endfacet
  facet normal -0.997864 -0.0653289 0
    outer loop
      vertex 11.65 8.5 0
      vertex 11.6359 8.71537 6.7
      vertex 11.6359 8.71537 0
    endloop
  endfacet
  facet normal -0.997864 -0.0653289 0
    outer loop
      vertex 11.6359 8.71537 6.7
      vertex 11.65 8.5 0
      vertex 11.65 8.5 6.7
    endloop
  endfacet
  facet normal -0.98079 -0.195065 0
    outer loop
      vertex 11.6359 8.71537 0
      vertex 11.5938 8.92705 6.7
      vertex 11.5938 8.92705 0
    endloop
  endfacet
  facet normal -0.98079 -0.195065 0
    outer loop
      vertex 11.5938 8.92705 6.7
      vertex 11.6359 8.71537 0
      vertex 11.6359 8.71537 6.7
    endloop
  endfacet
  facet normal -0.946899 -0.321532 0
    outer loop
      vertex 11.5938 8.92705 0
      vertex 11.5244 9.13143 6.7
      vertex 11.5244 9.13143 0
    endloop
  endfacet
  facet normal -0.946899 -0.321532 0
    outer loop
      vertex 11.5244 9.13143 6.7
      vertex 11.5938 8.92705 0
      vertex 11.5938 8.92705 6.7
    endloop
  endfacet
  facet normal -0.751856 -0.659328 0
    outer loop
      vertex 11.309 9.50446 0
      vertex 11.1667 9.66673 6.7
      vertex 11.1667 9.66673 0
    endloop
  endfacet
  facet normal -0.751856 -0.659328 0
    outer loop
      vertex 11.1667 9.66673 6.7
      vertex 11.309 9.50446 0
      vertex 11.309 9.50446 6.7
    endloop
  endfacet
  facet normal -0.195047 -0.980794 0
    outer loop
      vertex 10.2154 10.1359 0
      vertex 10.4271 10.0938 6.7
      vertex 10.2154 10.1359 6.7
    endloop
  endfacet
  facet normal -0.195047 -0.980794 -0
    outer loop
      vertex 10.4271 10.0938 6.7
      vertex 10.2154 10.1359 0
      vertex 10.4271 10.0938 0
    endloop
  endfacet
  facet normal -0.0653198 -0.997864 0
    outer loop
      vertex 10 10.15 0
      vertex 10.2154 10.1359 6.7
      vertex 10 10.15 6.7
    endloop
  endfacet
  facet normal -0.0653198 -0.997864 -0
    outer loop
      vertex 10.2154 10.1359 6.7
      vertex 10 10.15 0
      vertex 10.2154 10.1359 0
    endloop
  endfacet
  facet normal -0.44224 -0.896897 0
    outer loop
      vertex 10.6314 10.0244 0
      vertex 10.825 9.92894 6.7
      vertex 10.6314 10.0244 6.7
    endloop
  endfacet
  facet normal -0.44224 -0.896897 -0
    outer loop
      vertex 10.825 9.92894 6.7
      vertex 10.6314 10.0244 0
      vertex 10.825 9.92894 0
    endloop
  endfacet
  facet normal 0.98079 -0.195065 0
    outer loop
      vertex 8.36412 8.71537 6.7
      vertex 8.40622 8.92705 0
      vertex 8.40622 8.92705 6.7
    endloop
  endfacet
  facet normal 0.98079 -0.195065 0
    outer loop
      vertex 8.40622 8.92705 0
      vertex 8.36412 8.71537 6.7
      vertex 8.36412 8.71537 0
    endloop
  endfacet
  facet normal 0.997858 -0.0654211 0
    outer loop
      vertex 8.35 8.5 6.7
      vertex 8.36412 8.71537 0
      vertex 8.36412 8.71537 6.7
    endloop
  endfacet
  facet normal 0.997858 -0.0654211 0
    outer loop
      vertex 8.36412 8.71537 0
      vertex 8.35 8.5 6.7
      vertex 8.35 8.5 0
    endloop
  endfacet
  facet normal 0.896869 -0.442296 0
    outer loop
      vertex 8.4756 9.13143 6.7
      vertex 8.57106 9.325 0
      vertex 8.57106 9.325 6.7
    endloop
  endfacet
  facet normal 0.896869 -0.442296 0
    outer loop
      vertex 8.57106 9.325 0
      vertex 8.4756 9.13143 6.7
      vertex 8.4756 9.13143 0
    endloop
  endfacet
  facet normal 0.195065 -0.98079 0
    outer loop
      vertex 9.57295 10.0938 0
      vertex 9.78463 10.1359 6.7
      vertex 9.57295 10.0938 6.7
    endloop
  endfacet
  facet normal 0.195065 -0.98079 0
    outer loop
      vertex 9.78463 10.1359 6.7
      vertex 9.57295 10.0938 0
      vertex 9.78463 10.1359 0
    endloop
  endfacet
  facet normal 0.659328 -0.751856 0
    outer loop
      vertex 8.83327 9.66673 0
      vertex 8.99554 9.80903 6.7
      vertex 8.83327 9.66673 6.7
    endloop
  endfacet
  facet normal 0.659328 -0.751856 0
    outer loop
      vertex 8.99554 9.80903 6.7
      vertex 8.83327 9.66673 0
      vertex 8.99554 9.80903 0
    endloop
  endfacet
  facet normal 0.555566 -0.831472 0
    outer loop
      vertex 8.99554 9.80903 0
      vertex 9.175 9.92894 6.7
      vertex 8.99554 9.80903 6.7
    endloop
  endfacet
  facet normal 0.555566 -0.831472 0
    outer loop
      vertex 9.175 9.92894 6.7
      vertex 8.99554 9.80903 0
      vertex 9.175 9.92894 0
    endloop
  endfacet
  facet normal -0.997864 0.0653289 0
    outer loop
      vertex 11.6359 8.28463 0
      vertex 11.65 8.5 6.7
      vertex 11.65 8.5 0
    endloop
  endfacet
  facet normal -0.997864 0.0653289 0
    outer loop
      vertex 11.65 8.5 6.7
      vertex 11.6359 8.28463 0
      vertex 11.6359 8.28463 6.7
    endloop
  endfacet
  facet normal 0.831472 0.555566 0
    outer loop
      vertex 8.69097 7.49554 6.7
      vertex 8.57106 7.675 0
      vertex 8.57106 7.675 6.7
    endloop
  endfacet
  facet normal 0.831472 0.555566 0
    outer loop
      vertex 8.57106 7.675 0
      vertex 8.69097 7.49554 6.7
      vertex 8.69097 7.49554 0
    endloop
  endfacet
  facet normal -0.195047 0.980794 0
    outer loop
      vertex 10.4271 6.90622 0
      vertex 10.2154 6.86412 6.7
      vertex 10.4271 6.90622 6.7
    endloop
  endfacet
  facet normal -0.195047 0.980794 0
    outer loop
      vertex 10.2154 6.86412 6.7
      vertex 10.4271 6.90622 0
      vertex 10.2154 6.86412 0
    endloop
  endfacet
  facet normal -0.44224 0.896897 0
    outer loop
      vertex 10.825 7.07106 0
      vertex 10.6314 6.9756 6.7
      vertex 10.825 7.07106 6.7
    endloop
  endfacet
  facet normal -0.44224 0.896897 0
    outer loop
      vertex 10.6314 6.9756 6.7
      vertex 10.825 7.07106 0
      vertex 10.6314 6.9756 0
    endloop
  endfacet
  facet normal -0.896796 0.442445 0
    outer loop
      vertex 11.4289 7.675 0
      vertex 11.5244 7.86857 6.7
      vertex 11.5244 7.86857 0
    endloop
  endfacet
  facet normal -0.896796 0.442445 0
    outer loop
      vertex 11.5244 7.86857 6.7
      vertex 11.4289 7.675 0
      vertex 11.4289 7.675 6.7
    endloop
  endfacet
  facet normal -0.946899 0.321532 0
    outer loop
      vertex 11.5244 7.86857 0
      vertex 11.5938 8.07295 6.7
      vertex 11.5938 8.07295 0
    endloop
  endfacet
  facet normal -0.946899 0.321532 0
    outer loop
      vertex 11.5938 8.07295 6.7
      vertex 11.5244 7.86857 0
      vertex 11.5244 7.86857 6.7
    endloop
  endfacet
  facet normal -0.751856 0.659328 0
    outer loop
      vertex 11.1667 7.33327 0
      vertex 11.309 7.49554 6.7
      vertex 11.309 7.49554 0
    endloop
  endfacet
  facet normal -0.751856 0.659328 0
    outer loop
      vertex 11.309 7.49554 6.7
      vertex 11.1667 7.33327 0
      vertex 11.1667 7.33327 6.7
    endloop
  endfacet
  facet normal -0.831494 0.555534 0
    outer loop
      vertex 11.309 7.49554 0
      vertex 11.4289 7.675 6.7
      vertex 11.4289 7.675 0
    endloop
  endfacet
  facet normal -0.831494 0.555534 0
    outer loop
      vertex 11.4289 7.675 6.7
      vertex 11.309 7.49554 0
      vertex 11.309 7.49554 6.7
    endloop
  endfacet
  facet normal -0.0654121 0.997858 0
    outer loop
      vertex 10.2154 6.86412 0
      vertex 10 6.85 6.7
      vertex 10.2154 6.86412 6.7
    endloop
  endfacet
  facet normal -0.0654121 0.997858 0
    outer loop
      vertex 10 6.85 6.7
      vertex 10.2154 6.86412 0
      vertex 10 6.85 0
    endloop
  endfacet
  facet normal 0.98079 0.195065 0
    outer loop
      vertex 8.40622 8.07295 6.7
      vertex 8.36412 8.28463 0
      vertex 8.36412 8.28463 6.7
    endloop
  endfacet
  facet normal 0.98079 0.195065 0
    outer loop
      vertex 8.36412 8.28463 0
      vertex 8.40622 8.07295 6.7
      vertex 8.40622 8.07295 0
    endloop
  endfacet
  facet normal 0.896869 0.442296 0
    outer loop
      vertex 8.57106 7.675 6.7
      vertex 8.4756 7.86857 0
      vertex 8.4756 7.86857 6.7
    endloop
  endfacet
  facet normal 0.896869 0.442296 0
    outer loop
      vertex 8.4756 7.86857 0
      vertex 8.57106 7.675 6.7
      vertex 8.57106 7.675 0
    endloop
  endfacet
  facet normal -0.321562 0.946889 0
    outer loop
      vertex 10.6314 6.9756 0
      vertex 10.4271 6.90622 6.7
      vertex 10.6314 6.9756 6.7
    endloop
  endfacet
  facet normal -0.321562 0.946889 0
    outer loop
      vertex 10.4271 6.90622 6.7
      vertex 10.6314 6.9756 0
      vertex 10.4271 6.90622 0
    endloop
  endfacet
  facet normal -0.659488 0.751715 0
    outer loop
      vertex 11.1667 7.33327 0
      vertex 11.0045 7.19097 6.7
      vertex 11.1667 7.33327 6.7
    endloop
  endfacet
  facet normal -0.659488 0.751715 0
    outer loop
      vertex 11.0045 7.19097 6.7
      vertex 11.1667 7.33327 0
      vertex 11.0045 7.19097 0
    endloop
  endfacet
  facet normal -0.55548 0.83153 0
    outer loop
      vertex 11.0045 7.19097 0
      vertex 10.825 7.07106 6.7
      vertex 11.0045 7.19097 6.7
    endloop
  endfacet
  facet normal -0.55548 0.83153 0
    outer loop
      vertex 10.825 7.07106 6.7
      vertex 11.0045 7.19097 0
      vertex 10.825 7.07106 0
    endloop
  endfacet
  facet normal 0.555566 0.831472 -0
    outer loop
      vertex 9.175 7.07106 0
      vertex 8.99554 7.19097 6.7
      vertex 9.175 7.07106 6.7
    endloop
  endfacet
  facet normal 0.555566 0.831472 0
    outer loop
      vertex 8.99554 7.19097 6.7
      vertex 9.175 7.07106 0
      vertex 8.99554 7.19097 0
    endloop
  endfacet
  facet normal 0.195065 0.98079 -0
    outer loop
      vertex 9.78463 6.86412 0
      vertex 9.57295 6.90622 6.7
      vertex 9.78463 6.86412 6.7
    endloop
  endfacet
  facet normal 0.195065 0.98079 0
    outer loop
      vertex 9.57295 6.90622 6.7
      vertex 9.78463 6.86412 0
      vertex 9.57295 6.90622 0
    endloop
  endfacet
  facet normal 0.751856 0.659328 0
    outer loop
      vertex 8.83327 7.33327 6.7
      vertex 8.69097 7.49554 0
      vertex 8.69097 7.49554 6.7
    endloop
  endfacet
  facet normal 0.751856 0.659328 0
    outer loop
      vertex 8.69097 7.49554 0
      vertex 8.83327 7.33327 6.7
      vertex 8.83327 7.33327 0
    endloop
  endfacet
  facet normal 0.659328 0.751856 -0
    outer loop
      vertex 8.99554 7.19097 0
      vertex 8.83327 7.33327 6.7
      vertex 8.99554 7.19097 6.7
    endloop
  endfacet
  facet normal 0.659328 0.751856 0
    outer loop
      vertex 8.83327 7.33327 6.7
      vertex 8.99554 7.19097 0
      vertex 8.83327 7.33327 0
    endloop
  endfacet
  facet normal 0.946927 0.321449 0
    outer loop
      vertex 8.4756 7.86857 6.7
      vertex 8.40622 8.07295 0
      vertex 8.40622 8.07295 6.7
    endloop
  endfacet
  facet normal 0.946927 0.321449 0
    outer loop
      vertex 8.40622 8.07295 0
      vertex 8.4756 7.86857 6.7
      vertex 8.4756 7.86857 0
    endloop
  endfacet
  facet normal 0.442296 0.896869 -0
    outer loop
      vertex 9.36857 6.9756 0
      vertex 9.175 7.07106 6.7
      vertex 9.36857 6.9756 6.7
    endloop
  endfacet
  facet normal 0.442296 0.896869 0
    outer loop
      vertex 9.175 7.07106 6.7
      vertex 9.36857 6.9756 0
      vertex 9.175 7.07106 0
    endloop
  endfacet
  facet normal 0.0654211 0.997858 -0
    outer loop
      vertex 10 6.85 0
      vertex 9.78463 6.86412 6.7
      vertex 10 6.85 6.7
    endloop
  endfacet
  facet normal 0.0654211 0.997858 0
    outer loop
      vertex 9.78463 6.86412 6.7
      vertex 10 6.85 0
      vertex 9.78463 6.86412 0
    endloop
  endfacet
  facet normal 0.321449 0.946927 -0
    outer loop
      vertex 9.57295 6.90622 0
      vertex 9.36857 6.9756 6.7
      vertex 9.57295 6.90622 6.7
    endloop
  endfacet
  facet normal 0.321449 0.946927 0
    outer loop
      vertex 9.36857 6.9756 6.7
      vertex 9.57295 6.90622 0
      vertex 9.36857 6.9756 0
    endloop
  endfacet
  facet normal 0 0 -1
    outer loop
      vertex 22.751 6.68439 0.389999
      vertex 23.4224 6.59624 0.389999
      vertex 23.4224 6.16563 0.389999
    endloop
  endfacet
  facet normal 0 0 -1
    outer loop
      vertex 23.4224 6.59624 0.389999
      vertex 22.751 6.68439 0.389999
      vertex 23.3714 6.70767 0.389999
    endloop
  endfacet
  facet normal -0 0 -1
    outer loop
      vertex 23.3714 6.70767 0.389999
      vertex 22.751 6.68439 0.389999
      vertex 23.3173 6.81531 0.389999
    endloop
  endfacet
  facet normal -0 0 -1
    outer loop
      vertex 23.3173 6.81531 0.389999
      vertex 22.751 6.68439 0.389999
      vertex 23.2602 6.91913 0.389999
    endloop
  endfacet
  facet normal -0 0 -1
    outer loop
      vertex 23.2602 6.91913 0.389999
      vertex 22.751 6.68439 0.389999
      vertex 23.1999 7.01915 0.389999
    endloop
  endfacet
  facet normal 0 0 -1
    outer loop
      vertex 22.7193 6.75258 0.389999
      vertex 23.1999 7.01915 0.389999
      vertex 22.751 6.68439 0.389999
    endloop
  endfacet
  facet normal -0 0 -1
    outer loop
      vertex 23.1999 7.01915 0.389999
      vertex 22.7193 6.75258 0.389999
      vertex 23.1364 7.11537 0.389999
    endloop
  endfacet
  facet normal 0 0 -1
    outer loop
      vertex 22.6824 6.82153 0.389999
      vertex 23.1364 7.11537 0.389999
      vertex 22.7193 6.75258 0.389999
    endloop
  endfacet
  facet normal 0 0 -1
    outer loop
      vertex 22.6402 6.89125 0.389999
      vertex 23.1364 7.11537 0.389999
      vertex 22.6824 6.82153 0.389999
    endloop
  endfacet
  facet normal -0 0 -1
    outer loop
      vertex 23.1364 7.11537 0.389999
      vertex 22.6402 6.89125 0.389999
      vertex 23.0699 7.20778 0.389999
    endloop
  endfacet
  facet normal 0 0 -1
    outer loop
      vertex 22.5927 6.96173 0.389999
      vertex 23.0699 7.20778 0.389999
      vertex 22.6402 6.89125 0.389999
    endloop
  endfacet
  facet normal 0 0 -1
    outer loop
      vertex 20.2589 6.16563 0.389999
      vertex 22.751 6.68439 0.389999
      vertex 23.4224 6.16563 0.389999
    endloop
  endfacet
  facet normal -0 0 -1
    outer loop
      vertex 22.751 6.68439 0.389999
      vertex 20.2589 6.16563 0.389999
      vertex 20.2589 6.68439 0.389999
    endloop
  endfacet
  facet normal -0 0 -1
    outer loop
      vertex 23.0699 7.20778 0.389999
      vertex 22.5927 6.96173 0.389999
      vertex 23.0003 7.29639 0.389999
    endloop
  endfacet
  facet normal 0 0 -1
    outer loop
      vertex 22.54 7.03297 0.389999
      vertex 23.0003 7.29639 0.389999
      vertex 22.5927 6.96173 0.389999
    endloop
  endfacet
  facet normal -0 0 -1
    outer loop
      vertex 23.0003 7.29639 0.389999
      vertex 22.54 7.03297 0.389999
      vertex 22.9285 7.38191 0.389999
    endloop
  endfacet
  facet normal 0 0 -1
    outer loop
      vertex 22.482 7.10497 0.389999
      vertex 22.9285 7.38191 0.389999
      vertex 22.54 7.03297 0.389999
    endloop
  endfacet
  facet normal -0 0 -1
    outer loop
      vertex 22.9285 7.38191 0.389999
      vertex 22.482 7.10497 0.389999
      vertex 22.8558 7.4651 0.389999
    endloop
  endfacet
  facet normal 0 0 -1
    outer loop
      vertex 22.4188 7.17773 0.389999
      vertex 22.8558 7.4651 0.389999
      vertex 22.482 7.10497 0.389999
    endloop
  endfacet
  facet normal -0 0 -1
    outer loop
      vertex 22.8558 7.4651 0.389999
      vertex 22.4188 7.17773 0.389999
      vertex 22.782 7.54593 0.389999
    endloop
  endfacet
  facet normal 0 0 -1
    outer loop
      vertex 22.3497 7.25215 0.389999
      vertex 22.782 7.54593 0.389999
      vertex 22.4188 7.17773 0.389999
    endloop
  endfacet
  facet normal -0 0 -1
    outer loop
      vertex 22.782 7.54593 0.389999
      vertex 22.3497 7.25215 0.389999
      vertex 22.7071 7.6244 0.389999
    endloop
  endfacet
  facet normal 0 0 -1
    outer loop
      vertex 22.274 7.32913 0.389999
      vertex 22.7071 7.6244 0.389999
      vertex 22.3497 7.25215 0.389999
    endloop
  endfacet
  facet normal -0 0 -1
    outer loop
      vertex 22.7071 7.6244 0.389999
      vertex 22.274 7.32913 0.389999
      vertex 22.6313 7.70052 0.389999
    endloop
  endfacet
  facet normal -0 0 -1
    outer loop
      vertex 22.6313 7.70052 0.389999
      vertex 22.274 7.32913 0.389999
      vertex 22.5544 7.77428 0.389999
    endloop
  endfacet
  facet normal 0 0 -1
    outer loop
      vertex 22.1919 7.40868 0.389999
      vertex 22.5544 7.77428 0.389999
      vertex 22.274 7.32913 0.389999
    endloop
  endfacet
  facet normal -0 0 -1
    outer loop
      vertex 22.5544 7.77428 0.389999
      vertex 22.1919 7.40868 0.389999
      vertex 22.4764 7.84569 0.389999
    endloop
  endfacet
  facet normal 0 0 -1
    outer loop
      vertex 22.1032 7.49078 0.389999
      vertex 22.4764 7.84569 0.389999
      vertex 22.1919 7.40868 0.389999
    endloop
  endfacet
  facet normal -0 0 -1
    outer loop
      vertex 22.4764 7.84569 0.389999
      vertex 22.1032 7.49078 0.389999
      vertex 22.3981 7.91519 0.389999
    endloop
  endfacet
  facet normal 0 0 -1
    outer loop
      vertex 22.0081 7.57544 0.389999
      vertex 22.3981 7.91519 0.389999
      vertex 22.1032 7.49078 0.389999
    endloop
  endfacet
  facet normal -0 0 -1
    outer loop
      vertex 22.3981 7.91519 0.389999
      vertex 22.0081 7.57544 0.389999
      vertex 22.3199 7.98326 0.389999
    endloop
  endfacet
  facet normal 0 0 -1
    outer loop
      vertex 21.9064 7.66266 0.389999
      vertex 22.3199 7.98326 0.389999
      vertex 22.0081 7.57544 0.389999
    endloop
  endfacet
  facet normal -0 0 -1
    outer loop
      vertex 22.3199 7.98326 0.389999
      vertex 21.9064 7.66266 0.389999
      vertex 22.2419 8.04987 0.389999
    endloop
  endfacet
  facet normal -0 0 -1
    outer loop
      vertex 22.2419 8.04987 0.389999
      vertex 21.9064 7.66266 0.389999
      vertex 22.1642 8.11502 0.389999
    endloop
  endfacet
  facet normal 0 0 -1
    outer loop
      vertex 21.7983 7.75243 0.389999
      vertex 22.1642 8.11502 0.389999
      vertex 21.9064 7.66266 0.389999
    endloop
  endfacet
  facet normal -0 0 -1
    outer loop
      vertex 22.1642 8.11502 0.389999
      vertex 21.7983 7.75243 0.389999
      vertex 22.0867 8.17871 0.389999
    endloop
  endfacet
  facet normal -0 0 -1
    outer loop
      vertex 22.0867 8.17871 0.389999
      vertex 21.7983 7.75243 0.389999
      vertex 22.0093 8.24095 0.389999
    endloop
  endfacet
  facet normal 0 0 -1
    outer loop
      vertex 21.6051 7.91096 0.389999
      vertex 22.0093 8.24095 0.389999
      vertex 21.7983 7.75243 0.389999
    endloop
  endfacet
  facet normal -0 0 -1
    outer loop
      vertex 22.0093 8.24095 0.389999
      vertex 21.6051 7.91096 0.389999
      vertex 21.9322 8.30173 0.389999
    endloop
  endfacet
  facet normal -0 0 -1
    outer loop
      vertex 21.9322 8.30173 0.389999
      vertex 21.6051 7.91096 0.389999
      vertex 21.8563 8.36179 0.389999
    endloop
  endfacet
  facet normal 0 0 -1
    outer loop
      vertex 21.4307 8.05717 0.389999
      vertex 21.8563 8.36179 0.389999
      vertex 21.6051 7.91096 0.389999
    endloop
  endfacet
  facet normal -0 0 -1
    outer loop
      vertex 21.8563 8.36179 0.389999
      vertex 21.4307 8.05717 0.389999
      vertex 21.7825 8.42184 0.389999
    endloop
  endfacet
  facet normal -0 0 -1
    outer loop
      vertex 21.7825 8.42184 0.389999
      vertex 21.4307 8.05717 0.389999
      vertex 21.7108 8.4819 0.389999
    endloop
  endfacet
  facet normal 0 0 -1
    outer loop
      vertex 21.2749 8.19107 0.389999
      vertex 21.7108 8.4819 0.389999
      vertex 21.4307 8.05717 0.389999
    endloop
  endfacet
  facet normal -0 0 -1
    outer loop
      vertex 21.7108 8.4819 0.389999
      vertex 21.2749 8.19107 0.389999
      vertex 21.6413 8.54195 0.389999
    endloop
  endfacet
  facet normal -0 0 -1
    outer loop
      vertex 21.6413 8.54195 0.389999
      vertex 21.2749 8.19107 0.389999
      vertex 21.574 8.60201 0.389999
    endloop
  endfacet
  facet normal 0 0 -1
    outer loop
      vertex 21.1379 8.31264 0.389999
      vertex 21.574 8.60201 0.389999
      vertex 21.2749 8.19107 0.389999
    endloop
  endfacet
  facet normal -0 0 -1
    outer loop
      vertex 21.574 8.60201 0.389999
      vertex 21.1379 8.31264 0.389999
      vertex 21.5087 8.66206 0.389999
    endloop
  endfacet
  facet normal -0 0 -1
    outer loop
      vertex 21.5087 8.66206 0.389999
      vertex 21.1379 8.31264 0.389999
      vertex 21.4457 8.72212 0.389999
    endloop
  endfacet
  facet normal 0 0 -1
    outer loop
      vertex 21.0195 8.42191 0.389999
      vertex 21.4457 8.72212 0.389999
      vertex 21.1379 8.31264 0.389999
    endloop
  endfacet
  facet normal -0 0 -1
    outer loop
      vertex 21.4457 8.72212 0.389999
      vertex 21.0195 8.42191 0.389999
      vertex 21.3854 8.78261 0.389999
    endloop
  endfacet
  facet normal -0 0 -1
    outer loop
      vertex 21.3854 8.78261 0.389999
      vertex 21.0195 8.42191 0.389999
      vertex 21.3284 8.84392 0.389999
    endloop
  endfacet
  facet normal 0 0 -1
    outer loop
      vertex 20.9198 8.51884 0.389999
      vertex 21.3284 8.84392 0.389999
      vertex 21.0195 8.42191 0.389999
    endloop
  endfacet
  facet normal -0 0 -1
    outer loop
      vertex 21.3284 8.84392 0.389999
      vertex 20.9198 8.51884 0.389999
      vertex 21.2749 8.90607 0.389999
    endloop
  endfacet
  facet normal 0 0 -1
    outer loop
      vertex 20.8387 8.60347 0.389999
      vertex 21.2749 8.90607 0.389999
      vertex 20.9198 8.51884 0.389999
    endloop
  endfacet
  facet normal -0 0 -1
    outer loop
      vertex 21.2749 8.90607 0.389999
      vertex 20.8387 8.60347 0.389999
      vertex 21.2248 8.96902 0.389999
    endloop
  endfacet
  facet normal 0 0 -1
    outer loop
      vertex 20.7696 8.68195 0.389999
      vertex 21.2248 8.96902 0.389999
      vertex 20.8387 8.60347 0.389999
    endloop
  endfacet
  facet normal -0 0 -1
    outer loop
      vertex 21.2248 8.96902 0.389999
      vertex 20.7696 8.68195 0.389999
      vertex 21.178 9.03284 0.389999
    endloop
  endfacet
  facet normal 0 0 -1
    outer loop
      vertex 20.7055 8.76041 0.389999
      vertex 21.178 9.03284 0.389999
      vertex 20.7696 8.68195 0.389999
    endloop
  endfacet
  facet normal -0 0 -1
    outer loop
      vertex 21.178 9.03284 0.389999
      vertex 20.7055 8.76041 0.389999
      vertex 21.1347 9.09746 0.389999
    endloop
  endfacet
  facet normal 0 0 -1
    outer loop
      vertex 20.6464 8.83888 0.389999
      vertex 21.1347 9.09746 0.389999
      vertex 20.7055 8.76041 0.389999
    endloop
  endfacet
  facet normal -0 0 -1
    outer loop
      vertex 21.1347 9.09746 0.389999
      vertex 20.6464 8.83888 0.389999
      vertex 21.0947 9.16292 0.389999
    endloop
  endfacet
  facet normal 0 0 -1
    outer loop
      vertex 20.5924 8.91736 0.389999
      vertex 21.0947 9.16292 0.389999
      vertex 20.6464 8.83888 0.389999
    endloop
  endfacet
  facet normal 0 0 -1
    outer loop
      vertex 20.5434 8.99582 0.389999
      vertex 21.0592 9.23004 0.389999
      vertex 20.5924 8.91736 0.389999
    endloop
  endfacet
  facet normal -0 0 -1
    outer loop
      vertex 21.0947 9.16292 0.389999
      vertex 20.5924 8.91736 0.389999
      vertex 21.0592 9.23004 0.389999
    endloop
  endfacet
  facet normal 0 0 -1
    outer loop
      vertex 22.7714 9.70541 0.389999
      vertex 23.3687 9.92201 0.389999
      vertex 23.3953 9.76306 0.389999
    endloop
  endfacet
  facet normal -0 0 -1
    outer loop
      vertex 23.3687 9.92201 0.389999
      vertex 22.7545 9.8114 0.389999
      vertex 23.3279 10.0714 0.389999
    endloop
  endfacet
  facet normal 0 0 -1
    outer loop
      vertex 22.7292 9.91039 0.389999
      vertex 23.3279 10.0714 0.389999
      vertex 22.7545 9.8114 0.389999
    endloop
  endfacet
  facet normal 0 0 -1
    outer loop
      vertex 22.6953 10.0024 0.389999
      vertex 23.2727 10.2112 0.389999
      vertex 22.7292 9.91039 0.389999
    endloop
  endfacet
  facet normal -0 0 -1
    outer loop
      vertex 23.2727 10.2112 0.389999
      vertex 22.6953 10.0024 0.389999
      vertex 23.2032 10.3415 0.389999
    endloop
  endfacet
  facet normal -0 0 -1
    outer loop
      vertex 23.2032 10.3415 0.389999
      vertex 22.6529 10.0874 0.389999
      vertex 23.1194 10.4623 0.389999
    endloop
  endfacet
  facet normal 0 0 -1
    outer loop
      vertex 22.602 10.1654 0.389999
      vertex 23.1194 10.4623 0.389999
      vertex 22.6529 10.0874 0.389999
    endloop
  endfacet
  facet normal 0 0 -1
    outer loop
      vertex 23.3687 9.92201 0.389999
      vertex 22.7714 9.70541 0.389999
      vertex 22.7545 9.8114 0.389999
    endloop
  endfacet
  facet normal -0 0 -1
    outer loop
      vertex 23.3279 10.0714 0.389999
      vertex 22.7292 9.91039 0.389999
      vertex 23.2727 10.2112 0.389999
    endloop
  endfacet
  facet normal 0 0 -1
    outer loop
      vertex 22.6529 10.0874 0.389999
      vertex 23.2032 10.3415 0.389999
      vertex 22.6953 10.0024 0.389999
    endloop
  endfacet
  facet normal -0 0 -1
    outer loop
      vertex 23.1194 10.4623 0.389999
      vertex 22.602 10.1654 0.389999
      vertex 23.0212 10.5735 0.389999
    endloop
  endfacet
  facet normal 0 0 -1
    outer loop
      vertex 22.5426 10.2364 0.389999
      vertex 23.0212 10.5735 0.389999
      vertex 22.602 10.1654 0.389999
    endloop
  endfacet
  facet normal -0 0 -1
    outer loop
      vertex 23.0212 10.5735 0.389999
      vertex 22.5426 10.2364 0.389999
      vertex 22.9087 10.6751 0.389999
    endloop
  endfacet
  facet normal 0 0 -1
    outer loop
      vertex 22.4747 10.3005 0.389999
      vertex 22.9087 10.6751 0.389999
      vertex 22.5426 10.2364 0.389999
    endloop
  endfacet
  facet normal -0 0 -1
    outer loop
      vertex 22.9087 10.6751 0.389999
      vertex 22.4747 10.3005 0.389999
      vertex 22.7842 10.7651 0.389999
    endloop
  endfacet
  facet normal 0 0 -1
    outer loop
      vertex 22.3997 10.3567 0.389999
      vertex 22.7842 10.7651 0.389999
      vertex 22.4747 10.3005 0.389999
    endloop
  endfacet
  facet normal -0 0 -1
    outer loop
      vertex 22.7842 10.7651 0.389999
      vertex 22.3997 10.3567 0.389999
      vertex 22.6499 10.8412 0.389999
    endloop
  endfacet
  facet normal 0 0 -1
    outer loop
      vertex 22.3192 10.4043 0.389999
      vertex 22.6499 10.8412 0.389999
      vertex 22.3997 10.3567 0.389999
    endloop
  endfacet
  facet normal -0 0 -1
    outer loop
      vertex 22.6499 10.8412 0.389999
      vertex 22.3192 10.4043 0.389999
      vertex 22.5059 10.9035 0.389999
    endloop
  endfacet
  facet normal 0 0 -1
    outer loop
      vertex 22.233 10.4432 0.389999
      vertex 22.5059 10.9035 0.389999
      vertex 22.3192 10.4043 0.389999
    endloop
  endfacet
  facet normal -0 0 -1
    outer loop
      vertex 22.5059 10.9035 0.389999
      vertex 22.233 10.4432 0.389999
      vertex 22.3521 10.9519 0.389999
    endloop
  endfacet
  facet normal 0 0 -1
    outer loop
      vertex 22.1412 10.4735 0.389999
      vertex 22.3521 10.9519 0.389999
      vertex 22.233 10.4432 0.389999
    endloop
  endfacet
  facet normal -0 0 -1
    outer loop
      vertex 22.3521 10.9519 0.389999
      vertex 22.1412 10.4735 0.389999
      vertex 22.1885 10.9865 0.389999
    endloop
  endfacet
  facet normal 0 0 -1
    outer loop
      vertex 22.0438 10.4951 0.389999
      vertex 22.1885 10.9865 0.389999
      vertex 22.1412 10.4735 0.389999
    endloop
  endfacet
  facet normal 0 0 -1
    outer loop
      vertex 22.0438 10.4951 0.389999
      vertex 22.0152 11.0073 0.389999
      vertex 22.1885 10.9865 0.389999
    endloop
  endfacet
  facet normal 0 0 -1
    outer loop
      vertex 21.9408 10.5081 0.389999
      vertex 22.0152 11.0073 0.389999
      vertex 22.0438 10.4951 0.389999
    endloop
  endfacet
  facet normal 0 0 -1
    outer loop
      vertex 21.8322 11.0142 0.389999
      vertex 21.9408 10.5081 0.389999
      vertex 21.8322 10.5124 0.389999
    endloop
  endfacet
  facet normal 0 0 -1
    outer loop
      vertex 21.9408 10.5081 0.389999
      vertex 21.8322 11.0142 0.389999
      vertex 22.0152 11.0073 0.389999
    endloop
  endfacet
  facet normal 0 0 -1
    outer loop
      vertex 21.7186 10.508 0.389999
      vertex 21.8322 11.0142 0.389999
      vertex 21.8322 10.5124 0.389999
    endloop
  endfacet
  facet normal 0 0 -1
    outer loop
      vertex 21.7186 10.508 0.389999
      vertex 21.6326 11.0073 0.389999
      vertex 21.8322 11.0142 0.389999
    endloop
  endfacet
  facet normal 0 0 -1
    outer loop
      vertex 21.6124 10.4947 0.389999
      vertex 21.6326 11.0073 0.389999
      vertex 21.7186 10.508 0.389999
    endloop
  endfacet
  facet normal 0 0 -1
    outer loop
      vertex 21.4467 10.9864 0.389999
      vertex 21.6124 10.4947 0.389999
      vertex 21.5135 10.4726 0.389999
    endloop
  endfacet
  facet normal 0 0 -1
    outer loop
      vertex 21.6124 10.4947 0.389999
      vertex 21.4467 10.9864 0.389999
      vertex 21.6326 11.0073 0.389999
    endloop
  endfacet
  facet normal 0 0 -1
    outer loop
      vertex 21.2745 10.9516 0.389999
      vertex 21.5135 10.4726 0.389999
      vertex 21.422 10.4416 0.389999
    endloop
  endfacet
  facet normal 0 0 -1
    outer loop
      vertex 21.1159 10.903 0.389999
      vertex 21.422 10.4416 0.389999
      vertex 21.3378 10.4017 0.389999
    endloop
  endfacet
  facet normal 0 0 -1
    outer loop
      vertex 21.5135 10.4726 0.389999
      vertex 21.2745 10.9516 0.389999
      vertex 21.4467 10.9864 0.389999
    endloop
  endfacet
  facet normal 0 0 -1
    outer loop
      vertex 20.9709 10.8404 0.389999
      vertex 21.3378 10.4017 0.389999
      vertex 21.2609 10.353 0.389999
    endloop
  endfacet
  facet normal 0 0 -1
    outer loop
      vertex 20.8395 10.7639 0.389999
      vertex 21.2609 10.353 0.389999
      vertex 21.1914 10.2954 0.389999
    endloop
  endfacet
  facet normal 0 0 -1
    outer loop
      vertex 20.7218 10.6735 0.389999
      vertex 21.1914 10.2954 0.389999
      vertex 21.1302 10.2298 0.389999
    endloop
  endfacet
  facet normal 0 0 -1
    outer loop
      vertex 21.422 10.4416 0.389999
      vertex 21.1159 10.903 0.389999
      vertex 21.2745 10.9516 0.389999
    endloop
  endfacet
  facet normal 0 0 -1
    outer loop
      vertex 20.6188 10.5703 0.389999
      vertex 21.1302 10.2298 0.389999
      vertex 21.0784 10.157 0.389999
    endloop
  endfacet
  facet normal 0 0 -1
    outer loop
      vertex 20.5316 10.4554 0.389999
      vertex 21.0784 10.157 0.389999
      vertex 21.0361 10.077 0.389999
    endloop
  endfacet
  facet normal 0 0 -1
    outer loop
      vertex 20.4603 10.3288 0.389999
      vertex 21.0361 10.077 0.389999
      vertex 21.0031 9.98984 0.389999
    endloop
  endfacet
  facet normal 0 0 -1
    outer loop
      vertex 20.3652 10.0405 0.389999
      vertex 21.0031 9.98984 0.389999
      vertex 20.9796 9.89545 0.389999
    endloop
  endfacet
  facet normal 0 0 -1
    outer loop
      vertex 21.3378 10.4017 0.389999
      vertex 20.9709 10.8404 0.389999
      vertex 21.1159 10.903 0.389999
    endloop
  endfacet
  facet normal 0 0 -1
    outer loop
      vertex 20.3414 9.8788 0.389999
      vertex 20.9796 9.89545 0.389999
      vertex 20.9655 9.79385 0.389999
    endloop
  endfacet
  facet normal 0 0 -1
    outer loop
      vertex 20.3335 9.70541 0.389999
      vertex 20.9655 9.79385 0.389999
      vertex 20.9608 9.68507 0.389999
    endloop
  endfacet
  facet normal -0 0 -1
    outer loop
      vertex 21.0592 9.23004 0.389999
      vertex 20.5434 8.99582 0.389999
      vertex 21.0291 9.29967 0.389999
    endloop
  endfacet
  facet normal 0 0 -1
    outer loop
      vertex 20.4995 9.0743 0.389999
      vertex 21.0291 9.29967 0.389999
      vertex 20.5434 8.99582 0.389999
    endloop
  endfacet
  facet normal -0 0 -1
    outer loop
      vertex 21.0291 9.29967 0.389999
      vertex 20.4995 9.0743 0.389999
      vertex 21.0045 9.37177 0.389999
    endloop
  endfacet
  facet normal 0 0 -1
    outer loop
      vertex 20.4607 9.15277 0.389999
      vertex 21.0045 9.37177 0.389999
      vertex 20.4995 9.0743 0.389999
    endloop
  endfacet
  facet normal 0 0 -1
    outer loop
      vertex 20.4269 9.23131 0.389999
      vertex 21.0045 9.37177 0.389999
      vertex 20.4607 9.15277 0.389999
    endloop
  endfacet
  facet normal -0 0 -1
    outer loop
      vertex 21.0045 9.37177 0.389999
      vertex 20.4269 9.23131 0.389999
      vertex 20.9854 9.44637 0.389999
    endloop
  endfacet
  facet normal 0 0 -1
    outer loop
      vertex 20.3984 9.30998 0.389999
      vertex 20.9854 9.44637 0.389999
      vertex 20.4269 9.23131 0.389999
    endloop
  endfacet
  facet normal -0 0 -1
    outer loop
      vertex 20.9854 9.44637 0.389999
      vertex 20.3984 9.30998 0.389999
      vertex 20.9717 9.52344 0.389999
    endloop
  endfacet
  facet normal 0 0 -1
    outer loop
      vertex 20.375 9.38879 0.389999
      vertex 20.9717 9.52344 0.389999
      vertex 20.3984 9.30998 0.389999
    endloop
  endfacet
  facet normal 0 0 -1
    outer loop
      vertex 20.3569 9.46774 0.389999
      vertex 20.9717 9.52344 0.389999
      vertex 20.375 9.38879 0.389999
    endloop
  endfacet
  facet normal 0 0 -1
    outer loop
      vertex 21.0031 9.98984 0.389999
      vertex 20.3652 10.0405 0.389999
      vertex 20.4048 10.1905 0.389999
    endloop
  endfacet
  facet normal 0 0 -1
    outer loop
      vertex 21.2609 10.353 0.389999
      vertex 20.8395 10.7639 0.389999
      vertex 20.9709 10.8404 0.389999
    endloop
  endfacet
  facet normal 0 0 -1
    outer loop
      vertex 21.1914 10.2954 0.389999
      vertex 20.7218 10.6735 0.389999
      vertex 20.8395 10.7639 0.389999
    endloop
  endfacet
  facet normal 0 0 -1
    outer loop
      vertex 21.1302 10.2298 0.389999
      vertex 20.6188 10.5703 0.389999
      vertex 20.7218 10.6735 0.389999
    endloop
  endfacet
  facet normal -0 0 -1
    outer loop
      vertex 20.9796 9.89545 0.389999
      vertex 20.3414 9.8788 0.389999
      vertex 20.3652 10.0405 0.389999
    endloop
  endfacet
  facet normal 0 0 -1
    outer loop
      vertex 21.0784 10.157 0.389999
      vertex 20.5316 10.4554 0.389999
      vertex 20.6188 10.5703 0.389999
    endloop
  endfacet
  facet normal -0 0 -1
    outer loop
      vertex 20.9717 9.52344 0.389999
      vertex 20.3569 9.46774 0.389999
      vertex 20.9635 9.60301 0.389999
    endloop
  endfacet
  facet normal 0 0 -1
    outer loop
      vertex 20.3439 9.54683 0.389999
      vertex 20.9635 9.60301 0.389999
      vertex 20.3569 9.46774 0.389999
    endloop
  endfacet
  facet normal 0 0 -1
    outer loop
      vertex 21.0031 9.98984 0.389999
      vertex 20.4048 10.1905 0.389999
      vertex 20.4603 10.3288 0.389999
    endloop
  endfacet
  facet normal 0 0 -1
    outer loop
      vertex 20.3361 9.62605 0.389999
      vertex 20.9635 9.60301 0.389999
      vertex 20.3439 9.54683 0.389999
    endloop
  endfacet
  facet normal 0 0 -1
    outer loop
      vertex 20.9635 9.60301 0.389999
      vertex 20.3361 9.62605 0.389999
      vertex 20.9608 9.68507 0.389999
    endloop
  endfacet
  facet normal 0 0 -1
    outer loop
      vertex 21.0361 10.077 0.389999
      vertex 20.4603 10.3288 0.389999
      vertex 20.5316 10.4554 0.389999
    endloop
  endfacet
  facet normal -0 0 -1
    outer loop
      vertex 20.9608 9.68507 0.389999
      vertex 20.3361 9.62605 0.389999
      vertex 20.3335 9.70541 0.389999
    endloop
  endfacet
  facet normal -0 0 -1
    outer loop
      vertex 20.9655 9.79385 0.389999
      vertex 20.3335 9.70541 0.389999
      vertex 20.3414 9.8788 0.389999
    endloop
  endfacet
  facet normal -0 0 -1
    outer loop
      vertex 19.7288 8.55602 0.389999
      vertex 19.1066 8.27655 0.389999
      vertex 19.1117 8.55602 0.389999
    endloop
  endfacet
  facet normal 0 0 -1
    outer loop
      vertex 19.3151 6.72508 0.389999
      vertex 19.0913 8.01933 0.389999
      vertex 19.1066 8.27655 0.389999
    endloop
  endfacet
  facet normal 0 0 -1
    outer loop
      vertex 19.3151 6.72508 0.389999
      vertex 19.0659 7.78441 0.389999
      vertex 19.0913 8.01933 0.389999
    endloop
  endfacet
  facet normal 0 0 -1
    outer loop
      vertex 18.6961 6.83669 0.389999
      vertex 19.1886 6.55867 0.389999
      vertex 19.0452 6.41786 0.389999
    endloop
  endfacet
  facet normal 0 0 -1
    outer loop
      vertex 19.3151 6.72508 0.389999
      vertex 19.0303 7.57178 0.389999
      vertex 19.0659 7.78441 0.389999
    endloop
  endfacet
  facet normal 0 0 -1
    outer loop
      vertex 19.3151 6.72508 0.389999
      vertex 18.9845 7.38141 0.389999
      vertex 19.0303 7.57178 0.389999
    endloop
  endfacet
  facet normal 0 0 -1
    outer loop
      vertex 19.3151 6.72508 0.389999
      vertex 18.9286 7.21333 0.389999
      vertex 18.9845 7.38141 0.389999
    endloop
  endfacet
  facet normal 0 0 -1
    outer loop
      vertex 18.595 6.75012 0.389999
      vertex 19.0452 6.41786 0.389999
      vertex 18.8852 6.30264 0.389999
    endloop
  endfacet
  facet normal 0 0 -1
    outer loop
      vertex 19.3151 6.72508 0.389999
      vertex 18.8625 7.06754 0.389999
      vertex 18.9286 7.21333 0.389999
    endloop
  endfacet
  facet normal 0 0 -1
    outer loop
      vertex 19.3151 6.72508 0.389999
      vertex 18.7853 6.94249 0.389999
      vertex 18.8625 7.06754 0.389999
    endloop
  endfacet
  facet normal 0 0 -1
    outer loop
      vertex 18.595 6.75012 0.389999
      vertex 18.8852 6.30264 0.389999
      vertex 18.7084 6.21304 0.389999
    endloop
  endfacet
  facet normal 0 0 -1
    outer loop
      vertex 19.1886 6.55867 0.389999
      vertex 18.6961 6.83669 0.389999
      vertex 18.7853 6.94249 0.389999
    endloop
  endfacet
  facet normal 0 0 -1
    outer loop
      vertex 19.0452 6.41786 0.389999
      vertex 18.595 6.75012 0.389999
      vertex 18.6961 6.83669 0.389999
    endloop
  endfacet
  facet normal 0 0 -1
    outer loop
      vertex 18.4819 6.6828 0.389999
      vertex 18.7084 6.21304 0.389999
      vertex 18.5148 6.14903 0.389999
    endloop
  endfacet
  facet normal 0 0 -1
    outer loop
      vertex 18.7084 6.21304 0.389999
      vertex 18.4819 6.6828 0.389999
      vertex 18.595 6.75012 0.389999
    endloop
  endfacet
  facet normal 0 0 -1
    outer loop
      vertex 18.5148 6.14903 0.389999
      vertex 18.3568 6.6347 0.389999
      vertex 18.4819 6.6828 0.389999
    endloop
  endfacet
  facet normal 0 0 -1
    outer loop
      vertex 18.3046 6.11063 0.389999
      vertex 18.3568 6.6347 0.389999
      vertex 18.5148 6.14903 0.389999
    endloop
  endfacet
  facet normal 0 0 -1
    outer loop
      vertex 18.3046 6.11063 0.389999
      vertex 18.2198 6.60585 0.389999
      vertex 18.3568 6.6347 0.389999
    endloop
  endfacet
  facet normal 0 0 -1
    outer loop
      vertex 18.0775 6.09784 0.389999
      vertex 18.2198 6.60585 0.389999
      vertex 18.3046 6.11063 0.389999
    endloop
  endfacet
  facet normal 0 0 -1
    outer loop
      vertex 18.0775 6.09784 0.389999
      vertex 18.0708 6.59624 0.389999
      vertex 18.2198 6.60585 0.389999
    endloop
  endfacet
  facet normal 0 0 -1
    outer loop
      vertex 18.0775 6.09784 0.389999
      vertex 17.9226 6.60606 0.389999
      vertex 18.0708 6.59624 0.389999
    endloop
  endfacet
  facet normal 0 0 -1
    outer loop
      vertex 17.8503 6.1107 0.389999
      vertex 17.9226 6.60606 0.389999
      vertex 18.0775 6.09784 0.389999
    endloop
  endfacet
  facet normal 0 0 -1
    outer loop
      vertex 17.8503 6.1107 0.389999
      vertex 17.7862 6.63553 0.389999
      vertex 17.9226 6.60606 0.389999
    endloop
  endfacet
  facet normal 0 0 -1
    outer loop
      vertex 17.6395 6.14931 0.389999
      vertex 17.7862 6.63553 0.389999
      vertex 17.8503 6.1107 0.389999
    endloop
  endfacet
  facet normal -0 0 -1
    outer loop
      vertex 17.7862 6.63553 0.389999
      vertex 17.6395 6.14931 0.389999
      vertex 17.6616 6.68466 0.389999
    endloop
  endfacet
  facet normal 0 0 -1
    outer loop
      vertex 17.4451 6.21367 0.389999
      vertex 17.6616 6.68466 0.389999
      vertex 17.6395 6.14931 0.389999
    endloop
  endfacet
  facet normal 0 0 -1
    outer loop
      vertex 17.2671 6.30376 0.389999
      vertex 17.6616 6.68466 0.389999
      vertex 17.4451 6.21367 0.389999
    endloop
  endfacet
  facet normal -0 0 -1
    outer loop
      vertex 17.6616 6.68466 0.389999
      vertex 17.2671 6.30376 0.389999
      vertex 17.5487 6.75343 0.389999
    endloop
  endfacet
  facet normal 0 0 -1
    outer loop
      vertex 17.1055 6.41959 0.389999
      vertex 17.5487 6.75343 0.389999
      vertex 17.2671 6.30376 0.389999
    endloop
  endfacet
  facet normal -0 0 -1
    outer loop
      vertex 17.5487 6.75343 0.389999
      vertex 17.1055 6.41959 0.389999
      vertex 17.4476 6.84187 0.389999
    endloop
  endfacet
  facet normal 0 0 -1
    outer loop
      vertex 16.9603 6.56117 0.389999
      vertex 17.4476 6.84187 0.389999
      vertex 17.1055 6.41959 0.389999
    endloop
  endfacet
  facet normal -0 0 -1
    outer loop
      vertex 17.4476 6.84187 0.389999
      vertex 16.9603 6.56117 0.389999
      vertex 17.3583 6.94995 0.389999
    endloop
  endfacet
  facet normal 0 0 -1
    outer loop
      vertex 16.8315 6.72849 0.389999
      vertex 17.3583 6.94995 0.389999
      vertex 16.9603 6.56117 0.389999
    endloop
  endfacet
  facet normal -0 0 -1
    outer loop
      vertex 17.3583 6.94995 0.389999
      vertex 16.8315 6.72849 0.389999
      vertex 17.2807 7.07768 0.389999
    endloop
  endfacet
  facet normal 0 0 -1
    outer loop
      vertex 16.7195 6.92023 0.389999
      vertex 17.2807 7.07768 0.389999
      vertex 16.8315 6.72849 0.389999
    endloop
  endfacet
  facet normal -0 0 -1
    outer loop
      vertex 17.2807 7.07768 0.389999
      vertex 16.7195 6.92023 0.389999
      vertex 17.2141 7.22577 0.389999
    endloop
  endfacet
  facet normal 0 0 -1
    outer loop
      vertex 16.6247 7.13509 0.389999
      vertex 17.2141 7.22577 0.389999
      vertex 16.7195 6.92023 0.389999
    endloop
  endfacet
  facet normal -0 0 -1
    outer loop
      vertex 17.2141 7.22577 0.389999
      vertex 16.6247 7.13509 0.389999
      vertex 17.1578 7.3949 0.389999
    endloop
  endfacet
  facet normal -0 0 -1
    outer loop
      vertex 17.1578 7.3949 0.389999
      vertex 16.5472 7.37305 0.389999
      vertex 17.1117 7.58505 0.389999
    endloop
  endfacet
  facet normal 0 0 -1
    outer loop
      vertex 16.5472 7.37305 0.389999
      vertex 17.1578 7.3949 0.389999
      vertex 16.6247 7.13509 0.389999
    endloop
  endfacet
  facet normal 0 0 -1
    outer loop
      vertex 19.1066 8.27655 0.389999
      vertex 19.7288 8.55602 0.389999
      vertex 19.7203 8.22388 0.389999
    endloop
  endfacet
  facet normal 0 0 -1
    outer loop
      vertex 19.1066 8.84332 0.389999
      vertex 19.7288 8.55602 0.389999
      vertex 19.1117 8.55602 0.389999
    endloop
  endfacet
  facet normal 0 0 -1
    outer loop
      vertex 19.1066 8.27655 0.389999
      vertex 19.7203 8.22388 0.389999
      vertex 19.695 7.91527 0.389999
    endloop
  endfacet
  facet normal 0 0 -1
    outer loop
      vertex 19.7288 8.55602 0.389999
      vertex 19.1066 8.84332 0.389999
      vertex 19.7206 8.89508 0.389999
    endloop
  endfacet
  facet normal 0 0 -1
    outer loop
      vertex 19.1066 8.27655 0.389999
      vertex 19.695 7.91527 0.389999
      vertex 19.6528 7.63017 0.389999
    endloop
  endfacet
  facet normal 0 0 -1
    outer loop
      vertex 19.0916 9.10654 0.389999
      vertex 19.7206 8.89508 0.389999
      vertex 19.1066 8.84332 0.389999
    endloop
  endfacet
  facet normal 0 0 -1
    outer loop
      vertex 19.1066 8.27655 0.389999
      vertex 19.6528 7.63017 0.389999
      vertex 19.5937 7.36861 0.389999
    endloop
  endfacet
  facet normal 0 0 -1
    outer loop
      vertex 19.7206 8.89508 0.389999
      vertex 19.0916 9.10654 0.389999
      vertex 19.696 9.20895 0.389999
    endloop
  endfacet
  facet normal 0 0 -1
    outer loop
      vertex 19.1066 8.27655 0.389999
      vertex 19.5937 7.36861 0.389999
      vertex 19.5177 7.13057 0.389999
    endloop
  endfacet
  facet normal 0 0 -1
    outer loop
      vertex 19.0665 9.34567 0.389999
      vertex 19.696 9.20895 0.389999
      vertex 19.0916 9.10654 0.389999
    endloop
  endfacet
  facet normal 0 0 -1
    outer loop
      vertex 19.1066 8.27655 0.389999
      vertex 19.5177 7.13057 0.389999
      vertex 19.4249 6.91606 0.389999
    endloop
  endfacet
  facet normal 0 0 -1
    outer loop
      vertex 19.696 9.20895 0.389999
      vertex 19.0665 9.34567 0.389999
      vertex 19.655 9.49765 0.389999
    endloop
  endfacet
  facet normal 0 0 -1
    outer loop
      vertex 19.1066 8.27655 0.389999
      vertex 19.4249 6.91606 0.389999
      vertex 19.3151 6.72508 0.389999
    endloop
  endfacet
  facet normal 0 0 -1
    outer loop
      vertex 19.0314 9.56073 0.389999
      vertex 19.655 9.49765 0.389999
      vertex 19.0665 9.34567 0.389999
    endloop
  endfacet
  facet normal 0 0 -1
    outer loop
      vertex 18.7853 6.94249 0.389999
      vertex 19.3151 6.72508 0.389999
      vertex 19.1886 6.55867 0.389999
    endloop
  endfacet
  facet normal 0 0 -1
    outer loop
      vertex 19.655 9.49765 0.389999
      vertex 19.0314 9.56073 0.389999
      vertex 19.5976 9.76114 0.389999
    endloop
  endfacet
  facet normal 0 0 -1
    outer loop
      vertex 18.9863 9.75171 0.389999
      vertex 19.5976 9.76114 0.389999
      vertex 19.0314 9.56073 0.389999
    endloop
  endfacet
  facet normal -0 0 -1
    outer loop
      vertex 19.5976 9.76114 0.389999
      vertex 18.9863 9.75171 0.389999
      vertex 19.5238 9.99945 0.389999
    endloop
  endfacet
  facet normal 0 0 -1
    outer loop
      vertex 18.9311 9.91861 0.389999
      vertex 19.5238 9.99945 0.389999
      vertex 18.9863 9.75171 0.389999
    endloop
  endfacet
  facet normal -0 0 -1
    outer loop
      vertex 19.5238 9.99945 0.389999
      vertex 18.9311 9.91861 0.389999
      vertex 19.4336 10.2126 0.389999
    endloop
  endfacet
  facet normal 0 0 -1
    outer loop
      vertex 18.8659 10.0614 0.389999
      vertex 19.4336 10.2126 0.389999
      vertex 18.9311 9.91861 0.389999
    endloop
  endfacet
  facet normal -0 0 -1
    outer loop
      vertex 19.4336 10.2126 0.389999
      vertex 18.8659 10.0614 0.389999
      vertex 19.327 10.4005 0.389999
    endloop
  endfacet
  facet normal 0 0 -1
    outer loop
      vertex 18.7891 10.1829 0.389999
      vertex 19.327 10.4005 0.389999
      vertex 18.8659 10.0614 0.389999
    endloop
  endfacet
  facet normal -0 0 -1
    outer loop
      vertex 19.327 10.4005 0.389999
      vertex 18.7891 10.1829 0.389999
      vertex 19.2026 10.5633 0.389999
    endloop
  endfacet
  facet normal 0 0 -1
    outer loop
      vertex 18.6995 10.2856 0.389999
      vertex 19.2026 10.5633 0.389999
      vertex 18.7891 10.1829 0.389999
    endloop
  endfacet
  facet normal -0 0 -1
    outer loop
      vertex 19.2026 10.5633 0.389999
      vertex 18.6995 10.2856 0.389999
      vertex 19.0593 10.7011 0.389999
    endloop
  endfacet
  facet normal -0 0 -1
    outer loop
      vertex 19.0593 10.7011 0.389999
      vertex 18.6995 10.2856 0.389999
      vertex 18.8969 10.8138 0.389999
    endloop
  endfacet
  facet normal 0 0 -1
    outer loop
      vertex 18.5969 10.3697 0.389999
      vertex 18.8969 10.8138 0.389999
      vertex 18.6995 10.2856 0.389999
    endloop
  endfacet
  facet normal -0 0 -1
    outer loop
      vertex 18.8969 10.8138 0.389999
      vertex 18.5969 10.3697 0.389999
      vertex 18.7155 10.9015 0.389999
    endloop
  endfacet
  facet normal 0 0 -1
    outer loop
      vertex 18.4814 10.4351 0.389999
      vertex 18.7155 10.9015 0.389999
      vertex 18.5969 10.3697 0.389999
    endloop
  endfacet
  facet normal -0 0 -1
    outer loop
      vertex 18.7155 10.9015 0.389999
      vertex 18.4814 10.4351 0.389999
      vertex 18.5151 10.9641 0.389999
    endloop
  endfacet
  facet normal 0 0 -1
    outer loop
      vertex 18.3529 10.4818 0.389999
      vertex 18.5151 10.9641 0.389999
      vertex 18.4814 10.4351 0.389999
    endloop
  endfacet
  facet normal 0 0 -1
    outer loop
      vertex 18.3529 10.4818 0.389999
      vertex 18.2956 11.0017 0.389999
      vertex 18.5151 10.9641 0.389999
    endloop
  endfacet
  facet normal 0 0 -1
    outer loop
      vertex 18.2115 10.5098 0.389999
      vertex 18.2956 11.0017 0.389999
      vertex 18.3529 10.4818 0.389999
    endloop
  endfacet
  facet normal 0 0 -1
    outer loop
      vertex 18.0572 11.0142 0.389999
      vertex 18.2115 10.5098 0.389999
      vertex 18.0572 10.5192 0.389999
    endloop
  endfacet
  facet normal 0 0 -1
    outer loop
      vertex 18.2115 10.5098 0.389999
      vertex 18.0572 11.0142 0.389999
      vertex 18.2956 11.0017 0.389999
    endloop
  endfacet
  facet normal 0 0 -1
    outer loop
      vertex 17.9066 10.5097 0.389999
      vertex 18.0572 11.0142 0.389999
      vertex 18.0572 10.5192 0.389999
    endloop
  endfacet
  facet normal 0 0 -1
    outer loop
      vertex 17.9066 10.5097 0.389999
      vertex 17.825 11.0016 0.389999
      vertex 18.0572 11.0142 0.389999
    endloop
  endfacet
  facet normal 0 0 -1
    outer loop
      vertex 17.7686 10.4812 0.389999
      vertex 17.825 11.0016 0.389999
      vertex 17.9066 10.5097 0.389999
    endloop
  endfacet
  facet normal 0 0 -1
    outer loop
      vertex 17.6109 10.9636 0.389999
      vertex 17.7686 10.4812 0.389999
      vertex 17.6433 10.4339 0.389999
    endloop
  endfacet
  facet normal 0 0 -1
    outer loop
      vertex 17.7686 10.4812 0.389999
      vertex 17.6109 10.9636 0.389999
      vertex 17.825 11.0016 0.389999
    endloop
  endfacet
  facet normal 0 0 -1
    outer loop
      vertex 17.4148 10.9003 0.389999
      vertex 17.6433 10.4339 0.389999
      vertex 17.5307 10.3675 0.389999
    endloop
  endfacet
  facet normal 0 0 -1
    outer loop
      vertex 17.0769 10.6976 0.389999
      vertex 17.5307 10.3675 0.389999
      vertex 17.4308 10.2822 0.389999
    endloop
  endfacet
  facet normal 0 0 -1
    outer loop
      vertex 17.6433 10.4339 0.389999
      vertex 17.4148 10.9003 0.389999
      vertex 17.6109 10.9636 0.389999
    endloop
  endfacet
  facet normal 0 0 -1
    outer loop
      vertex 16.935 10.5583 0.389999
      vertex 17.4308 10.2822 0.389999
      vertex 17.3435 10.1779 0.389999
    endloop
  endfacet
  facet normal 0 0 -1
    outer loop
      vertex 16.8112 10.3937 0.389999
      vertex 17.3435 10.1779 0.389999
      vertex 17.2689 10.0547 0.389999
    endloop
  endfacet
  facet normal 0 0 -1
    outer loop
      vertex 17.5307 10.3675 0.389999
      vertex 17.2368 10.8116 0.389999
      vertex 17.4148 10.9003 0.389999
    endloop
  endfacet
  facet normal 0 0 -1
    outer loop
      vertex 16.7046 10.2043 0.389999
      vertex 17.2689 10.0547 0.389999
      vertex 17.2054 9.91032 0.389999
    endloop
  endfacet
  facet normal 0 0 -1
    outer loop
      vertex 16.6144 9.99046 0.389999
      vertex 17.2054 9.91032 0.389999
      vertex 17.1518 9.74274 0.389999
    endloop
  endfacet
  facet normal 0 0 -1
    outer loop
      vertex 16.5406 9.75229 0.389999
      vertex 17.1518 9.74274 0.389999
      vertex 17.1079 9.5519 0.389999
    endloop
  endfacet
  facet normal 0 0 -1
    outer loop
      vertex 17.5307 10.3675 0.389999
      vertex 17.0769 10.6976 0.389999
      vertex 17.2368 10.8116 0.389999
    endloop
  endfacet
  facet normal 0 0 -1
    outer loop
      vertex 16.4832 9.48976 0.389999
      vertex 17.1079 9.5519 0.389999
      vertex 17.0737 9.3378 0.389999
    endloop
  endfacet
  facet normal 0 0 -1
    outer loop
      vertex 16.4422 9.20287 0.389999
      vertex 17.0737 9.3378 0.389999
      vertex 17.0493 9.10046 0.389999
    endloop
  endfacet
  facet normal 0 0 -1
    outer loop
      vertex 16.4176 8.89162 0.389999
      vertex 17.0493 9.10046 0.389999
      vertex 17.0347 8.83986 0.389999
    endloop
  endfacet
  facet normal 0 0 -1
    outer loop
      vertex 16.4869 7.63412 0.389999
      vertex 17.1117 7.58505 0.389999
      vertex 16.5472 7.37305 0.389999
    endloop
  endfacet
  facet normal 0 0 -1
    outer loop
      vertex 16.4438 7.91832 0.389999
      vertex 17.0759 7.79625 0.389999
      vertex 16.4869 7.63412 0.389999
    endloop
  endfacet
  facet normal 0 -0 -1
    outer loop
      vertex 16.4176 8.89162 0.389999
      vertex 17.0347 8.83986 0.389999
      vertex 16.4094 8.55602 0.389999
    endloop
  endfacet
  facet normal 0 0 -1
    outer loop
      vertex 17.1117 7.58505 0.389999
      vertex 16.4869 7.63412 0.389999
      vertex 17.0759 7.79625 0.389999
    endloop
  endfacet
  facet normal -0 0 -1
    outer loop
      vertex 17.0493 9.10046 0.389999
      vertex 16.4176 8.89162 0.389999
      vertex 16.4422 9.20287 0.389999
    endloop
  endfacet
  facet normal 0 0 -1
    outer loop
      vertex 17.0759 7.79625 0.389999
      vertex 16.4438 7.91832 0.389999
      vertex 17.0503 8.02847 0.389999
    endloop
  endfacet
  facet normal -0 0 -1
    outer loop
      vertex 17.0737 9.3378 0.389999
      vertex 16.4422 9.20287 0.389999
      vertex 16.4832 9.48976 0.389999
    endloop
  endfacet
  facet normal 0 0 -1
    outer loop
      vertex 16.418 8.22562 0.389999
      vertex 17.0503 8.02847 0.389999
      vertex 16.4438 7.91832 0.389999
    endloop
  endfacet
  facet normal -0 0 -1
    outer loop
      vertex 17.1079 9.5519 0.389999
      vertex 16.4832 9.48976 0.389999
      vertex 16.5406 9.75229 0.389999
    endloop
  endfacet
  facet normal 0 0 -1
    outer loop
      vertex 17.0503 8.02847 0.389999
      vertex 16.418 8.22562 0.389999
      vertex 17.0349 8.28174 0.389999
    endloop
  endfacet
  facet normal 0 0 -1
    outer loop
      vertex 17.1518 9.74274 0.389999
      vertex 16.5406 9.75229 0.389999
      vertex 16.6144 9.99046 0.389999
    endloop
  endfacet
  facet normal 0 0 -1
    outer loop
      vertex 16.4094 8.55602 0.389999
      vertex 17.0349 8.28174 0.389999
      vertex 16.418 8.22562 0.389999
    endloop
  endfacet
  facet normal 0 0 -1
    outer loop
      vertex 17.0349 8.28174 0.389999
      vertex 16.4094 8.55602 0.389999
      vertex 17.0298 8.55602 0.389999
    endloop
  endfacet
  facet normal 0 0 -1
    outer loop
      vertex 17.0298 8.55602 0.389999
      vertex 16.4094 8.55602 0.389999
      vertex 17.0347 8.83986 0.389999
    endloop
  endfacet
  facet normal 0 0 -1
    outer loop
      vertex 17.4308 10.2822 0.389999
      vertex 16.935 10.5583 0.389999
      vertex 17.0769 10.6976 0.389999
    endloop
  endfacet
  facet normal 0 0 -1
    outer loop
      vertex 17.2054 9.91032 0.389999
      vertex 16.6144 9.99046 0.389999
      vertex 16.7046 10.2043 0.389999
    endloop
  endfacet
  facet normal 0 0 -1
    outer loop
      vertex 17.3435 10.1779 0.389999
      vertex 16.8112 10.3937 0.389999
      vertex 16.935 10.5583 0.389999
    endloop
  endfacet
  facet normal 0 0 -1
    outer loop
      vertex 17.2689 10.0547 0.389999
      vertex 16.7046 10.2043 0.389999
      vertex 16.8112 10.3937 0.389999
    endloop
  endfacet
  facet normal 0 -1 0
    outer loop
      vertex 20.2589 6.68439 0
      vertex 22.751 6.68439 0.389999
      vertex 20.2589 6.68439 0.389999
    endloop
  endfacet
  facet normal 0 -1 -0
    outer loop
      vertex 22.751 6.68439 0.389999
      vertex 20.2589 6.68439 0
      vertex 22.751 6.68439 0
    endloop
  endfacet
  facet normal 0.906804 0.421553 0
    outer loop
      vertex 22.751 6.68439 0.389999
      vertex 22.7193 6.75258 0
      vertex 22.7193 6.75258 0.389999
    endloop
  endfacet
  facet normal 0.906804 0.421553 0
    outer loop
      vertex 22.7193 6.75258 0
      vertex 22.751 6.68439 0.389999
      vertex 22.751 6.68439 0
    endloop
  endfacet
  facet normal 0.881679 0.471849 0
    outer loop
      vertex 22.7193 6.75258 0.389999
      vertex 22.6824 6.82153 0
      vertex 22.6824 6.82153 0.389999
    endloop
  endfacet
  facet normal 0.881679 0.471849 0
    outer loop
      vertex 22.6824 6.82153 0
      vertex 22.7193 6.75258 0.389999
      vertex 22.7193 6.75258 0
    endloop
  endfacet
  facet normal 0.855494 0.517812 0
    outer loop
      vertex 22.6824 6.82153 0.389999
      vertex 22.6402 6.89125 0
      vertex 22.6402 6.89125 0.389999
    endloop
  endfacet
  facet normal 0.855494 0.517812 0
    outer loop
      vertex 22.6402 6.89125 0
      vertex 22.6824 6.82153 0.389999
      vertex 22.6824 6.82153 0
    endloop
  endfacet
  facet normal 0.829252 0.558875 0
    outer loop
      vertex 22.6402 6.89125 0.389999
      vertex 22.5927 6.96173 0
      vertex 22.5927 6.96173 0.389999
    endloop
  endfacet
  facet normal 0.829252 0.558875 0
    outer loop
      vertex 22.5927 6.96173 0
      vertex 22.6402 6.89125 0.389999
      vertex 22.6402 6.89125 0
    endloop
  endfacet
  facet normal 0.803937 0.594715 0
    outer loop
      vertex 22.5927 6.96173 0.389999
      vertex 22.54 7.03297 0
      vertex 22.54 7.03297 0.389999
    endloop
  endfacet
  facet normal 0.803937 0.594715 0
    outer loop
      vertex 22.54 7.03297 0
      vertex 22.5927 6.96173 0.389999
      vertex 22.5927 6.96173 0
    endloop
  endfacet
  facet normal 0.778754 0.62733 0
    outer loop
      vertex 22.54 7.03297 0.389999
      vertex 22.482 7.10497 0
      vertex 22.482 7.10497 0.389999
    endloop
  endfacet
  facet normal 0.778754 0.62733 0
    outer loop
      vertex 22.482 7.10497 0
      vertex 22.54 7.03297 0.389999
      vertex 22.54 7.03297 0
    endloop
  endfacet
  facet normal 0.754963 0.655768 0
    outer loop
      vertex 22.482 7.10497 0.389999
      vertex 22.4188 7.17773 0
      vertex 22.4188 7.17773 0.389999
    endloop
  endfacet
  facet normal 0.754963 0.655768 0
    outer loop
      vertex 22.4188 7.17773 0
      vertex 22.482 7.10497 0.389999
      vertex 22.482 7.10497 0
    endloop
  endfacet
  facet normal 0.732815 0.680428 0
    outer loop
      vertex 22.4188 7.17773 0.389999
      vertex 22.3497 7.25215 0
      vertex 22.3497 7.25215 0.389999
    endloop
  endfacet
  facet normal 0.732815 0.680428 0
    outer loop
      vertex 22.3497 7.25215 0
      vertex 22.4188 7.17773 0.389999
      vertex 22.4188 7.17773 0
    endloop
  endfacet
  facet normal 0.71301 0.701154 0
    outer loop
      vertex 22.3497 7.25215 0.389999
      vertex 22.274 7.32913 0
      vertex 22.274 7.32913 0.389999
    endloop
  endfacet
  facet normal 0.71301 0.701154 0
    outer loop
      vertex 22.274 7.32913 0
      vertex 22.3497 7.25215 0.389999
      vertex 22.3497 7.25215 0
    endloop
  endfacet
  facet normal 0.695866 0.718172 -0
    outer loop
      vertex 22.274 7.32913 0
      vertex 22.1919 7.40868 0.389999
      vertex 22.274 7.32913 0.389999
    endloop
  endfacet
  facet normal 0.695866 0.718172 0
    outer loop
      vertex 22.1919 7.40868 0.389999
      vertex 22.274 7.32913 0
      vertex 22.1919 7.40868 0
    endloop
  endfacet
  facet normal 0.679276 0.733883 -0
    outer loop
      vertex 22.1919 7.40868 0
      vertex 22.1032 7.49078 0.389999
      vertex 22.1919 7.40868 0.389999
    endloop
  endfacet
  facet normal 0.679276 0.733883 0
    outer loop
      vertex 22.1032 7.49078 0.389999
      vertex 22.1919 7.40868 0
      vertex 22.1032 7.49078 0
    endloop
  endfacet
  facet normal 0.664919 0.746915 -0
    outer loop
      vertex 22.1032 7.49078 0
      vertex 22.0081 7.57544 0.389999
      vertex 22.1032 7.49078 0.389999
    endloop
  endfacet
  facet normal 0.664919 0.746915 0
    outer loop
      vertex 22.0081 7.57544 0.389999
      vertex 22.1032 7.49078 0
      vertex 22.0081 7.57544 0
    endloop
  endfacet
  facet normal 0.651 0.759077 -0
    outer loop
      vertex 22.0081 7.57544 0
      vertex 21.9064 7.66266 0.389999
      vertex 22.0081 7.57544 0.389999
    endloop
  endfacet
  facet normal 0.651 0.759077 0
    outer loop
      vertex 21.9064 7.66266 0.389999
      vertex 22.0081 7.57544 0
      vertex 21.9064 7.66266 0
    endloop
  endfacet
  facet normal 0.638867 0.769317 -0
    outer loop
      vertex 21.9064 7.66266 0
      vertex 21.7983 7.75243 0.389999
      vertex 21.9064 7.66266 0.389999
    endloop
  endfacet
  facet normal 0.638867 0.769317 0
    outer loop
      vertex 21.7983 7.75243 0.389999
      vertex 21.9064 7.66266 0
      vertex 21.7983 7.75243 0
    endloop
  endfacet
  facet normal 0.634333 0.77306 -0
    outer loop
      vertex 21.7983 7.75243 0
      vertex 21.6051 7.91096 0.389999
      vertex 21.7983 7.75243 0.389999
    endloop
  endfacet
  facet normal 0.634333 0.77306 0
    outer loop
      vertex 21.6051 7.91096 0.389999
      vertex 21.7983 7.75243 0
      vertex 21.6051 7.91096 0
    endloop
  endfacet
  facet normal 0.642455 0.766323 -0
    outer loop
      vertex 21.6051 7.91096 0
      vertex 21.4307 8.05717 0.389999
      vertex 21.6051 7.91096 0.389999
    endloop
  endfacet
  facet normal 0.642455 0.766323 0
    outer loop
      vertex 21.4307 8.05717 0.389999
      vertex 21.6051 7.91096 0
      vertex 21.4307 8.05717 0
    endloop
  endfacet
  facet normal 0.651793 0.758397 -0
    outer loop
      vertex 21.4307 8.05717 0
      vertex 21.2749 8.19107 0.389999
      vertex 21.4307 8.05717 0.389999
    endloop
  endfacet
  facet normal 0.651793 0.758397 0
    outer loop
      vertex 21.2749 8.19107 0.389999
      vertex 21.4307 8.05717 0
      vertex 21.2749 8.19107 0
    endloop
  endfacet
  facet normal 0.66373 0.747972 -0
    outer loop
      vertex 21.2749 8.19107 0
      vertex 21.1379 8.31264 0.389999
      vertex 21.2749 8.19107 0.389999
    endloop
  endfacet
  facet normal 0.66373 0.747972 0
    outer loop
      vertex 21.1379 8.31264 0.389999
      vertex 21.2749 8.19107 0
      vertex 21.1379 8.31264 0
    endloop
  endfacet
  facet normal 0.678205 0.734872 -0
    outer loop
      vertex 21.1379 8.31264 0
      vertex 21.0195 8.42191 0.389999
      vertex 21.1379 8.31264 0.389999
    endloop
  endfacet
  facet normal 0.678205 0.734872 0
    outer loop
      vertex 21.0195 8.42191 0.389999
      vertex 21.1379 8.31264 0
      vertex 21.0195 8.42191 0
    endloop
  endfacet
  facet normal 0.697076 0.716997 -0
    outer loop
      vertex 21.0195 8.42191 0
      vertex 20.9198 8.51884 0.389999
      vertex 21.0195 8.42191 0.389999
    endloop
  endfacet
  facet normal 0.697076 0.716997 0
    outer loop
      vertex 20.9198 8.51884 0.389999
      vertex 21.0195 8.42191 0
      vertex 20.9198 8.51884 0
    endloop
  endfacet
  facet normal 0.722004 0.691889 0
    outer loop
      vertex 20.9198 8.51884 0.389999
      vertex 20.8387 8.60347 0
      vertex 20.8387 8.60347 0.389999
    endloop
  endfacet
  facet normal 0.722004 0.691889 0
    outer loop
      vertex 20.8387 8.60347 0
      vertex 20.9198 8.51884 0.389999
      vertex 20.9198 8.51884 0
    endloop
  endfacet
  facet normal 0.750535 0.660831 0
    outer loop
      vertex 20.8387 8.60347 0.389999
      vertex 20.7696 8.68195 0
      vertex 20.7696 8.68195 0.389999
    endloop
  endfacet
  facet normal 0.750535 0.660831 0
    outer loop
      vertex 20.7696 8.68195 0
      vertex 20.8387 8.60347 0.389999
      vertex 20.8387 8.60347 0
    endloop
  endfacet
  facet normal 0.774414 0.632679 0
    outer loop
      vertex 20.7696 8.68195 0.389999
      vertex 20.7055 8.76041 0
      vertex 20.7055 8.76041 0.389999
    endloop
  endfacet
  facet normal 0.774414 0.632679 0
    outer loop
      vertex 20.7055 8.76041 0
      vertex 20.7696 8.68195 0.389999
      vertex 20.7696 8.68195 0
    endloop
  endfacet
  facet normal 0.798789 0.601611 0
    outer loop
      vertex 20.7055 8.76041 0.389999
      vertex 20.6464 8.83888 0
      vertex 20.6464 8.83888 0.389999
    endloop
  endfacet
  facet normal 0.798789 0.601611 0
    outer loop
      vertex 20.6464 8.83888 0
      vertex 20.7055 8.76041 0.389999
      vertex 20.7055 8.76041 0
    endloop
  endfacet
  facet normal 0.823821 0.56685 0
    outer loop
      vertex 20.6464 8.83888 0.389999
      vertex 20.5924 8.91736 0
      vertex 20.5924 8.91736 0.389999
    endloop
  endfacet
  facet normal 0.823821 0.56685 0
    outer loop
      vertex 20.5924 8.91736 0
      vertex 20.6464 8.83888 0.389999
      vertex 20.6464 8.83888 0
    endloop
  endfacet
  facet normal 0.84818 0.529707 0
    outer loop
      vertex 20.5924 8.91736 0.389999
      vertex 20.5434 8.99582 0
      vertex 20.5434 8.99582 0.389999
    endloop
  endfacet
  facet normal 0.84818 0.529707 0
    outer loop
      vertex 20.5434 8.99582 0
      vertex 20.5924 8.91736 0.389999
      vertex 20.5924 8.91736 0
    endloop
  endfacet
  facet normal 0.872737 0.48819 0
    outer loop
      vertex 20.5434 8.99582 0.389999
      vertex 20.4995 9.0743 0
      vertex 20.4995 9.0743 0.389999
    endloop
  endfacet
  facet normal 0.872737 0.48819 0
    outer loop
      vertex 20.4995 9.0743 0
      vertex 20.5434 8.99582 0.389999
      vertex 20.5434 8.99582 0
    endloop
  endfacet
  facet normal 0.896406 0.443234 0
    outer loop
      vertex 20.4995 9.0743 0.389999
      vertex 20.4607 9.15277 0
      vertex 20.4607 9.15277 0.389999
    endloop
  endfacet
  facet normal 0.896406 0.443234 0
    outer loop
      vertex 20.4607 9.15277 0
      vertex 20.4995 9.0743 0.389999
      vertex 20.4995 9.0743 0
    endloop
  endfacet
  facet normal 0.918551 0.395302 0
    outer loop
      vertex 20.4607 9.15277 0.389999
      vertex 20.4269 9.23131 0
      vertex 20.4269 9.23131 0.389999
    endloop
  endfacet
  facet normal 0.918551 0.395302 0
    outer loop
      vertex 20.4269 9.23131 0
      vertex 20.4607 9.15277 0.389999
      vertex 20.4607 9.15277 0
    endloop
  endfacet
  facet normal 0.940204 0.34061 0
    outer loop
      vertex 20.4269 9.23131 0.389999
      vertex 20.3984 9.30998 0
      vertex 20.3984 9.30998 0.389999
    endloop
  endfacet
  facet normal 0.940204 0.34061 0
    outer loop
      vertex 20.3984 9.30998 0
      vertex 20.4269 9.23131 0.389999
      vertex 20.4269 9.23131 0
    endloop
  endfacet
  facet normal 0.958636 0.284635 0
    outer loop
      vertex 20.3984 9.30998 0.389999
      vertex 20.375 9.38879 0
      vertex 20.375 9.38879 0.389999
    endloop
  endfacet
  facet normal 0.958636 0.284635 0
    outer loop
      vertex 20.375 9.38879 0
      vertex 20.3984 9.30998 0.389999
      vertex 20.3984 9.30998 0
    endloop
  endfacet
  facet normal 0.974713 0.223462 0
    outer loop
      vertex 20.375 9.38879 0.389999
      vertex 20.3569 9.46774 0
      vertex 20.3569 9.46774 0.389999
    endloop
  endfacet
  facet normal 0.974713 0.223462 0
    outer loop
      vertex 20.3569 9.46774 0
      vertex 20.375 9.38879 0.389999
      vertex 20.375 9.38879 0
    endloop
  endfacet
  facet normal 0.986759 0.162193 0
    outer loop
      vertex 20.3569 9.46774 0.389999
      vertex 20.3439 9.54683 0
      vertex 20.3439 9.54683 0.389999
    endloop
  endfacet
  facet normal 0.986759 0.162193 0
    outer loop
      vertex 20.3439 9.54683 0
      vertex 20.3569 9.46774 0.389999
      vertex 20.3569 9.46774 0
    endloop
  endfacet
  facet normal 0.995188 0.0979862 0
    outer loop
      vertex 20.3439 9.54683 0.389999
      vertex 20.3361 9.62605 0
      vertex 20.3361 9.62605 0.389999
    endloop
  endfacet
  facet normal 0.995188 0.0979862 0
    outer loop
      vertex 20.3361 9.62605 0
      vertex 20.3439 9.54683 0.389999
      vertex 20.3439 9.54683 0
    endloop
  endfacet
  facet normal 0.999464 0.0327445 0
    outer loop
      vertex 20.3361 9.62605 0.389999
      vertex 20.3335 9.70541 0
      vertex 20.3335 9.70541 0.389999
    endloop
  endfacet
  facet normal 0.999464 0.0327445 0
    outer loop
      vertex 20.3335 9.70541 0
      vertex 20.3361 9.62605 0.389999
      vertex 20.3361 9.62605 0
    endloop
  endfacet
  facet normal 0.998964 -0.0455148 0
    outer loop
      vertex 20.3335 9.70541 0.389999
      vertex 20.3414 9.8788 0
      vertex 20.3414 9.8788 0.389999
    endloop
  endfacet
  facet normal 0.998964 -0.0455148 0
    outer loop
      vertex 20.3414 9.8788 0
      vertex 20.3335 9.70541 0.389999
      vertex 20.3335 9.70541 0
    endloop
  endfacet
  facet normal 0.989341 -0.145617 0
    outer loop
      vertex 20.3414 9.8788 0.389999
      vertex 20.3652 10.0405 0
      vertex 20.3652 10.0405 0.389999
    endloop
  endfacet
  facet normal 0.989341 -0.145617 0
    outer loop
      vertex 20.3652 10.0405 0
      vertex 20.3414 9.8788 0.389999
      vertex 20.3414 9.8788 0
    endloop
  endfacet
  facet normal 0.966874 -0.255255 0
    outer loop
      vertex 20.3652 10.0405 0.389999
      vertex 20.4048 10.1905 0
      vertex 20.4048 10.1905 0.389999
    endloop
  endfacet
  facet normal 0.966874 -0.255255 0
    outer loop
      vertex 20.4048 10.1905 0
      vertex 20.3652 10.0405 0.389999
      vertex 20.3652 10.0405 0
    endloop
  endfacet
  facet normal 0.92806 -0.372432 0
    outer loop
      vertex 20.4048 10.1905 0.389999
      vertex 20.4603 10.3288 0
      vertex 20.4603 10.3288 0.389999
    endloop
  endfacet
  facet normal 0.92806 -0.372432 0
    outer loop
      vertex 20.4603 10.3288 0
      vertex 20.4048 10.1905 0.389999
      vertex 20.4048 10.1905 0
    endloop
  endfacet
  facet normal 0.871318 -0.490719 0
    outer loop
      vertex 20.4603 10.3288 0.389999
      vertex 20.5316 10.4554 0
      vertex 20.5316 10.4554 0.389999
    endloop
  endfacet
  facet normal 0.871318 -0.490719 0
    outer loop
      vertex 20.5316 10.4554 0
      vertex 20.4603 10.3288 0.389999
      vertex 20.4603 10.3288 0
    endloop
  endfacet
  facet normal 0.796576 -0.604538 0
    outer loop
      vertex 20.5316 10.4554 0.389999
      vertex 20.6188 10.5703 0
      vertex 20.6188 10.5703 0.389999
    endloop
  endfacet
  facet normal 0.796576 -0.604538 0
    outer loop
      vertex 20.6188 10.5703 0
      vertex 20.5316 10.4554 0.389999
      vertex 20.5316 10.4554 0
    endloop
  endfacet
  facet normal 0.707792 -0.706421 0
    outer loop
      vertex 20.6188 10.5703 0.389999
      vertex 20.7218 10.6735 0
      vertex 20.7218 10.6735 0.389999
    endloop
  endfacet
  facet normal 0.707792 -0.706421 0
    outer loop
      vertex 20.7218 10.6735 0
      vertex 20.6188 10.5703 0.389999
      vertex 20.6188 10.5703 0
    endloop
  endfacet
  facet normal 0.609124 -0.793075 0
    outer loop
      vertex 20.7218 10.6735 0
      vertex 20.8395 10.7639 0.389999
      vertex 20.7218 10.6735 0.389999
    endloop
  endfacet
  facet normal 0.609124 -0.793075 0
    outer loop
      vertex 20.8395 10.7639 0.389999
      vertex 20.7218 10.6735 0
      vertex 20.8395 10.7639 0
    endloop
  endfacet
  facet normal 0.503135 -0.864208 0
    outer loop
      vertex 20.8395 10.7639 0
      vertex 20.9709 10.8404 0.389999
      vertex 20.8395 10.7639 0.389999
    endloop
  endfacet
  facet normal 0.503135 -0.864208 0
    outer loop
      vertex 20.9709 10.8404 0.389999
      vertex 20.8395 10.7639 0
      vertex 20.9709 10.8404 0
    endloop
  endfacet
  facet normal 0.396363 -0.918094 0
    outer loop
      vertex 20.9709 10.8404 0
      vertex 21.1159 10.903 0.389999
      vertex 20.9709 10.8404 0.389999
    endloop
  endfacet
  facet normal 0.396363 -0.918094 0
    outer loop
      vertex 21.1159 10.903 0.389999
      vertex 20.9709 10.8404 0
      vertex 21.1159 10.903 0
    endloop
  endfacet
  facet normal 0.292984 -0.956117 0
    outer loop
      vertex 21.1159 10.903 0
      vertex 21.2745 10.9516 0.389999
      vertex 21.1159 10.903 0.389999
    endloop
  endfacet
  facet normal 0.292984 -0.956117 0
    outer loop
      vertex 21.2745 10.9516 0.389999
      vertex 21.1159 10.903 0
      vertex 21.2745 10.9516 0
    endloop
  endfacet
  facet normal 0.198086 -0.980185 0
    outer loop
      vertex 21.2745 10.9516 0
      vertex 21.4467 10.9864 0.389999
      vertex 21.2745 10.9516 0.389999
    endloop
  endfacet
  facet normal 0.198086 -0.980185 0
    outer loop
      vertex 21.4467 10.9864 0.389999
      vertex 21.2745 10.9516 0
      vertex 21.4467 10.9864 0
    endloop
  endfacet
  facet normal 0.111722 -0.993739 0
    outer loop
      vertex 21.4467 10.9864 0
      vertex 21.6326 11.0073 0.389999
      vertex 21.4467 10.9864 0.389999
    endloop
  endfacet
  facet normal 0.111722 -0.993739 0
    outer loop
      vertex 21.6326 11.0073 0.389999
      vertex 21.4467 10.9864 0
      vertex 21.6326 11.0073 0
    endloop
  endfacet
  facet normal 0.0345485 -0.999403 0
    outer loop
      vertex 21.6326 11.0073 0
      vertex 21.8322 11.0142 0.389999
      vertex 21.6326 11.0073 0.389999
    endloop
  endfacet
  facet normal 0.0345485 -0.999403 0
    outer loop
      vertex 21.8322 11.0142 0.389999
      vertex 21.6326 11.0073 0
      vertex 21.8322 11.0142 0
    endloop
  endfacet
  facet normal -0.0376781 -0.99929 0
    outer loop
      vertex 21.8322 11.0142 0
      vertex 22.0152 11.0073 0.389999
      vertex 21.8322 11.0142 0.389999
    endloop
  endfacet
  facet normal -0.0376781 -0.99929 -0
    outer loop
      vertex 22.0152 11.0073 0.389999
      vertex 21.8322 11.0142 0
      vertex 22.0152 11.0073 0
    endloop
  endfacet
  facet normal -0.119168 -0.992874 0
    outer loop
      vertex 22.0152 11.0073 0
      vertex 22.1885 10.9865 0.389999
      vertex 22.0152 11.0073 0.389999
    endloop
  endfacet
  facet normal -0.119168 -0.992874 -0
    outer loop
      vertex 22.1885 10.9865 0.389999
      vertex 22.0152 11.0073 0
      vertex 22.1885 10.9865 0
    endloop
  endfacet
  facet normal -0.206915 -0.978359 0
    outer loop
      vertex 22.1885 10.9865 0
      vertex 22.3521 10.9519 0.389999
      vertex 22.1885 10.9865 0.389999
    endloop
  endfacet
  facet normal -0.206915 -0.978359 -0
    outer loop
      vertex 22.3521 10.9519 0.389999
      vertex 22.1885 10.9865 0
      vertex 22.3521 10.9519 0
    endloop
  endfacet
  facet normal -0.300181 -0.953882 0
    outer loop
      vertex 22.3521 10.9519 0
      vertex 22.5059 10.9035 0.389999
      vertex 22.3521 10.9519 0.389999
    endloop
  endfacet
  facet normal -0.300181 -0.953882 -0
    outer loop
      vertex 22.5059 10.9035 0.389999
      vertex 22.3521 10.9519 0
      vertex 22.5059 10.9035 0
    endloop
  endfacet
  facet normal -0.397071 -0.917788 0
    outer loop
      vertex 22.5059 10.9035 0
      vertex 22.6499 10.8412 0.389999
      vertex 22.5059 10.9035 0.389999
    endloop
  endfacet
  facet normal -0.397071 -0.917788 -0
    outer loop
      vertex 22.6499 10.8412 0.389999
      vertex 22.5059 10.9035 0
      vertex 22.6499 10.8412 0
    endloop
  endfacet
  facet normal -0.492996 -0.870031 0
    outer loop
      vertex 22.6499 10.8412 0
      vertex 22.7842 10.7651 0.389999
      vertex 22.6499 10.8412 0.389999
    endloop
  endfacet
  facet normal -0.492996 -0.870031 -0
    outer loop
      vertex 22.7842 10.7651 0.389999
      vertex 22.6499 10.8412 0
      vertex 22.7842 10.7651 0
    endloop
  endfacet
  facet normal -0.585847 -0.810422 0
    outer loop
      vertex 22.7842 10.7651 0
      vertex 22.9087 10.6751 0.389999
      vertex 22.7842 10.7651 0.389999
    endloop
  endfacet
  facet normal -0.585847 -0.810422 -0
    outer loop
      vertex 22.9087 10.6751 0.389999
      vertex 22.7842 10.7651 0
      vertex 22.9087 10.6751 0
    endloop
  endfacet
  facet normal -0.670239 -0.742145 0
    outer loop
      vertex 22.9087 10.6751 0
      vertex 23.0212 10.5735 0.389999
      vertex 22.9087 10.6751 0.389999
    endloop
  endfacet
  facet normal -0.670239 -0.742145 -0
    outer loop
      vertex 23.0212 10.5735 0.389999
      vertex 22.9087 10.6751 0
      vertex 23.0212 10.5735 0
    endloop
  endfacet
  facet normal -0.749562 -0.661934 0
    outer loop
      vertex 23.1194 10.4623 0
      vertex 23.0212 10.5735 0.389999
      vertex 23.0212 10.5735 0
    endloop
  endfacet
  facet normal -0.749562 -0.661934 0
    outer loop
      vertex 23.0212 10.5735 0.389999
      vertex 23.1194 10.4623 0
      vertex 23.1194 10.4623 0.389999
    endloop
  endfacet
  facet normal -0.821653 -0.569988 0
    outer loop
      vertex 23.2032 10.3415 0
      vertex 23.1194 10.4623 0.389999
      vertex 23.1194 10.4623 0
    endloop
  endfacet
  facet normal -0.821653 -0.569988 0
    outer loop
      vertex 23.1194 10.4623 0.389999
      vertex 23.2032 10.3415 0
      vertex 23.2032 10.3415 0.389999
    endloop
  endfacet
  facet normal -0.882334 -0.470623 0
    outer loop
      vertex 23.2727 10.2112 0
      vertex 23.2032 10.3415 0.389999
      vertex 23.2032 10.3415 0
    endloop
  endfacet
  facet normal -0.882334 -0.470623 0
    outer loop
      vertex 23.2032 10.3415 0.389999
      vertex 23.2727 10.2112 0
      vertex 23.2727 10.2112 0.389999
    endloop
  endfacet
  facet normal -0.930119 -0.367257 0
    outer loop
      vertex 23.3279 10.0714 0
      vertex 23.2727 10.2112 0.389999
      vertex 23.2727 10.2112 0
    endloop
  endfacet
  facet normal -0.930119 -0.367257 0
    outer loop
      vertex 23.2727 10.2112 0.389999
      vertex 23.3279 10.0714 0
      vertex 23.3279 10.0714 0.389999
    endloop
  endfacet
  facet normal -0.96467 -0.263462 0
    outer loop
      vertex 23.3687 9.92201 0
      vertex 23.3279 10.0714 0.389999
      vertex 23.3279 10.0714 0
    endloop
  endfacet
  facet normal -0.96467 -0.263462 0
    outer loop
      vertex 23.3279 10.0714 0.389999
      vertex 23.3687 9.92201 0
      vertex 23.3687 9.92201 0.389999
    endloop
  endfacet
  facet normal -0.986285 -0.165053 0
    outer loop
      vertex 23.3953 9.76306 0
      vertex 23.3687 9.92201 0.389999
      vertex 23.3687 9.92201 0
    endloop
  endfacet
  facet normal -0.986285 -0.165053 0
    outer loop
      vertex 23.3687 9.92201 0.389999
      vertex 23.3953 9.76306 0
      vertex 23.3953 9.76306 0.389999
    endloop
  endfacet
  facet normal -0.0920107 0.995758 0
    outer loop
      vertex 23.3953 9.76306 0
      vertex 22.7714 9.70541 0.389999
      vertex 23.3953 9.76306 0.389999
    endloop
  endfacet
  facet normal -0.0920107 0.995758 0
    outer loop
      vertex 22.7714 9.70541 0.389999
      vertex 23.3953 9.76306 0
      vertex 22.7714 9.70541 0
    endloop
  endfacet
  facet normal 0.987525 0.15746 0
    outer loop
      vertex 22.7714 9.70541 0.389999
      vertex 22.7545 9.8114 0
      vertex 22.7545 9.8114 0.389999
    endloop
  endfacet
  facet normal 0.987525 0.15746 0
    outer loop
      vertex 22.7545 9.8114 0
      vertex 22.7714 9.70541 0.389999
      vertex 22.7714 9.70541 0
    endloop
  endfacet
  facet normal 0.968857 0.247622 0
    outer loop
      vertex 22.7545 9.8114 0.389999
      vertex 22.7292 9.91039 0
      vertex 22.7292 9.91039 0.389999
    endloop
  endfacet
  facet normal 0.968857 0.247622 0
    outer loop
      vertex 22.7292 9.91039 0
      vertex 22.7545 9.8114 0.389999
      vertex 22.7545 9.8114 0
    endloop
  endfacet
  facet normal 0.938338 0.34572 0
    outer loop
      vertex 22.7292 9.91039 0.389999
      vertex 22.6953 10.0024 0
      vertex 22.6953 10.0024 0.389999
    endloop
  endfacet
  facet normal 0.938338 0.34572 0
    outer loop
      vertex 22.6953 10.0024 0
      vertex 22.7292 9.91039 0.389999
      vertex 22.7292 9.91039 0
    endloop
  endfacet
  facet normal 0.894848 0.446371 0
    outer loop
      vertex 22.6953 10.0024 0.389999
      vertex 22.6529 10.0874 0
      vertex 22.6529 10.0874 0.389999
    endloop
  endfacet
  facet normal 0.894848 0.446371 0
    outer loop
      vertex 22.6529 10.0874 0
      vertex 22.6953 10.0024 0.389999
      vertex 22.6953 10.0024 0
    endloop
  endfacet
  facet normal 0.837461 0.546497 0
    outer loop
      vertex 22.6529 10.0874 0.389999
      vertex 22.602 10.1654 0
      vertex 22.602 10.1654 0.389999
    endloop
  endfacet
  facet normal 0.837461 0.546497 0
    outer loop
      vertex 22.602 10.1654 0
      vertex 22.6529 10.0874 0.389999
      vertex 22.6529 10.0874 0
    endloop
  endfacet
  facet normal 0.76698 0.641671 0
    outer loop
      vertex 22.602 10.1654 0.389999
      vertex 22.5426 10.2364 0
      vertex 22.5426 10.2364 0.389999
    endloop
  endfacet
  facet normal 0.76698 0.641671 0
    outer loop
      vertex 22.5426 10.2364 0
      vertex 22.602 10.1654 0.389999
      vertex 22.602 10.1654 0
    endloop
  endfacet
  facet normal 0.686466 0.727162 -0
    outer loop
      vertex 22.5426 10.2364 0
      vertex 22.4747 10.3005 0.389999
      vertex 22.5426 10.2364 0.389999
    endloop
  endfacet
  facet normal 0.686466 0.727162 0
    outer loop
      vertex 22.4747 10.3005 0.389999
      vertex 22.5426 10.2364 0
      vertex 22.4747 10.3005 0
    endloop
  endfacet
  facet normal 0.599659 0.800256 -0
    outer loop
      vertex 22.4747 10.3005 0
      vertex 22.3997 10.3567 0.389999
      vertex 22.4747 10.3005 0.389999
    endloop
  endfacet
  facet normal 0.599659 0.800256 0
    outer loop
      vertex 22.3997 10.3567 0.389999
      vertex 22.4747 10.3005 0
      vertex 22.3997 10.3567 0
    endloop
  endfacet
  facet normal 0.508981 0.860777 -0
    outer loop
      vertex 22.3997 10.3567 0
      vertex 22.3192 10.4043 0.389999
      vertex 22.3997 10.3567 0.389999
    endloop
  endfacet
  facet normal 0.508981 0.860777 0
    outer loop
      vertex 22.3192 10.4043 0.389999
      vertex 22.3997 10.3567 0
      vertex 22.3192 10.4043 0
    endloop
  endfacet
  facet normal 0.411332 0.911486 -0
    outer loop
      vertex 22.3192 10.4043 0
      vertex 22.233 10.4432 0.389999
      vertex 22.3192 10.4043 0.389999
    endloop
  endfacet
  facet normal 0.411332 0.911486 0
    outer loop
      vertex 22.233 10.4432 0.389999
      vertex 22.3192 10.4043 0
      vertex 22.233 10.4432 0
    endloop
  endfacet
  facet normal 0.313433 0.94961 -0
    outer loop
      vertex 22.233 10.4432 0
      vertex 22.1412 10.4735 0.389999
      vertex 22.233 10.4432 0.389999
    endloop
  endfacet
  facet normal 0.313433 0.94961 0
    outer loop
      vertex 22.1412 10.4735 0.389999
      vertex 22.233 10.4432 0
      vertex 22.1412 10.4735 0
    endloop
  endfacet
  facet normal 0.216506 0.976281 -0
    outer loop
      vertex 22.1412 10.4735 0
      vertex 22.0438 10.4951 0.389999
      vertex 22.1412 10.4735 0.389999
    endloop
  endfacet
  facet normal 0.216506 0.976281 0
    outer loop
      vertex 22.0438 10.4951 0.389999
      vertex 22.1412 10.4735 0
      vertex 22.0438 10.4951 0
    endloop
  endfacet
  facet normal 0.12522 0.992129 -0
    outer loop
      vertex 22.0438 10.4951 0
      vertex 21.9408 10.5081 0.389999
      vertex 22.0438 10.4951 0.389999
    endloop
  endfacet
  facet normal 0.12522 0.992129 0
    outer loop
      vertex 21.9408 10.5081 0.389999
      vertex 22.0438 10.4951 0
      vertex 21.9408 10.5081 0
    endloop
  endfacet
  facet normal 0.0395638 0.999217 -0
    outer loop
      vertex 21.9408 10.5081 0
      vertex 21.8322 10.5124 0.389999
      vertex 21.9408 10.5081 0.389999
    endloop
  endfacet
  facet normal 0.0395638 0.999217 0
    outer loop
      vertex 21.8322 10.5124 0.389999
      vertex 21.9408 10.5081 0
      vertex 21.8322 10.5124 0
    endloop
  endfacet
  facet normal -0.0387034 0.999251 0
    outer loop
      vertex 21.8322 10.5124 0
      vertex 21.7186 10.508 0.389999
      vertex 21.8322 10.5124 0.389999
    endloop
  endfacet
  facet normal -0.0387034 0.999251 0
    outer loop
      vertex 21.7186 10.508 0.389999
      vertex 21.8322 10.5124 0
      vertex 21.7186 10.508 0
    endloop
  endfacet
  facet normal -0.124265 0.992249 0
    outer loop
      vertex 21.7186 10.508 0
      vertex 21.6124 10.4947 0.389999
      vertex 21.7186 10.508 0.389999
    endloop
  endfacet
  facet normal -0.124265 0.992249 0
    outer loop
      vertex 21.6124 10.4947 0.389999
      vertex 21.7186 10.508 0
      vertex 21.6124 10.4947 0
    endloop
  endfacet
  facet normal -0.21808 0.975931 0
    outer loop
      vertex 21.6124 10.4947 0
      vertex 21.5135 10.4726 0.389999
      vertex 21.6124 10.4947 0.389999
    endloop
  endfacet
  facet normal -0.21808 0.975931 0
    outer loop
      vertex 21.5135 10.4726 0.389999
      vertex 21.6124 10.4947 0
      vertex 21.5135 10.4726 0
    endloop
  endfacet
  facet normal -0.320882 0.947119 0
    outer loop
      vertex 21.5135 10.4726 0
      vertex 21.422 10.4416 0.389999
      vertex 21.5135 10.4726 0.389999
    endloop
  endfacet
  facet normal -0.320882 0.947119 0
    outer loop
      vertex 21.422 10.4416 0.389999
      vertex 21.5135 10.4726 0
      vertex 21.422 10.4416 0
    endloop
  endfacet
  facet normal -0.428225 0.903672 0
    outer loop
      vertex 21.422 10.4416 0
      vertex 21.3378 10.4017 0.389999
      vertex 21.422 10.4416 0.389999
    endloop
  endfacet
  facet normal -0.428225 0.903672 0
    outer loop
      vertex 21.3378 10.4017 0.389999
      vertex 21.422 10.4416 0
      vertex 21.3378 10.4017 0
    endloop
  endfacet
  facet normal -0.535026 0.844836 0
    outer loop
      vertex 21.3378 10.4017 0
      vertex 21.2609 10.353 0.389999
      vertex 21.3378 10.4017 0.389999
    endloop
  endfacet
  facet normal -0.535026 0.844836 0
    outer loop
      vertex 21.2609 10.353 0.389999
      vertex 21.3378 10.4017 0
      vertex 21.2609 10.353 0
    endloop
  endfacet
  facet normal -0.638112 0.769944 0
    outer loop
      vertex 21.2609 10.353 0
      vertex 21.1914 10.2954 0.389999
      vertex 21.2609 10.353 0.389999
    endloop
  endfacet
  facet normal -0.638112 0.769944 0
    outer loop
      vertex 21.1914 10.2954 0.389999
      vertex 21.2609 10.353 0
      vertex 21.1914 10.2954 0
    endloop
  endfacet
  facet normal -0.731204 0.682159 0
    outer loop
      vertex 21.1302 10.2298 0
      vertex 21.1914 10.2954 0.389999
      vertex 21.1914 10.2954 0
    endloop
  endfacet
  facet normal -0.731204 0.682159 0
    outer loop
      vertex 21.1914 10.2954 0.389999
      vertex 21.1302 10.2298 0
      vertex 21.1302 10.2298 0.389999
    endloop
  endfacet
  facet normal -0.814791 0.579755 0
    outer loop
      vertex 21.0784 10.157 0
      vertex 21.1302 10.2298 0.389999
      vertex 21.1302 10.2298 0
    endloop
  endfacet
  facet normal -0.814791 0.579755 0
    outer loop
      vertex 21.1302 10.2298 0.389999
      vertex 21.0784 10.157 0
      vertex 21.0784 10.157 0.389999
    endloop
  endfacet
  facet normal -0.88403 0.467431 0
    outer loop
      vertex 21.0361 10.077 0
      vertex 21.0784 10.157 0.389999
      vertex 21.0784 10.157 0
    endloop
  endfacet
  facet normal -0.88403 0.467431 0
    outer loop
      vertex 21.0784 10.157 0.389999
      vertex 21.0361 10.077 0
      vertex 21.0361 10.077 0.389999
    endloop
  endfacet
  facet normal -0.935213 0.354085 0
    outer loop
      vertex 21.0031 9.98984 0
      vertex 21.0361 10.077 0.389999
      vertex 21.0361 10.077 0
    endloop
  endfacet
  facet normal -0.935213 0.354085 0
    outer loop
      vertex 21.0361 10.077 0.389999
      vertex 21.0031 9.98984 0
      vertex 21.0031 9.98984 0.389999
    endloop
  endfacet
  facet normal -0.970378 0.241592 0
    outer loop
      vertex 20.9796 9.89545 0
      vertex 21.0031 9.98984 0.389999
      vertex 21.0031 9.98984 0
    endloop
  endfacet
  facet normal -0.970378 0.241592 0
    outer loop
      vertex 21.0031 9.98984 0.389999
      vertex 20.9796 9.89545 0
      vertex 20.9796 9.89545 0.389999
    endloop
  endfacet
  facet normal -0.990507 0.137462 0
    outer loop
      vertex 20.9655 9.79385 0
      vertex 20.9796 9.89545 0.389999
      vertex 20.9796 9.89545 0
    endloop
  endfacet
  facet normal -0.990507 0.137462 0
    outer loop
      vertex 20.9796 9.89545 0.389999
      vertex 20.9655 9.79385 0
      vertex 20.9655 9.79385 0.389999
    endloop
  endfacet
  facet normal -0.999068 0.0431662 0
    outer loop
      vertex 20.9608 9.68507 0
      vertex 20.9655 9.79385 0.389999
      vertex 20.9655 9.79385 0
    endloop
  endfacet
  facet normal -0.999068 0.0431662 0
    outer loop
      vertex 20.9655 9.79385 0.389999
      vertex 20.9608 9.68507 0
      vertex 20.9608 9.68507 0.389999
    endloop
  endfacet
  facet normal -0.999459 -0.032885 0
    outer loop
      vertex 20.9635 9.60301 0
      vertex 20.9608 9.68507 0.389999
      vertex 20.9608 9.68507 0
    endloop
  endfacet
  facet normal -0.999459 -0.032885 0
    outer loop
      vertex 20.9608 9.68507 0.389999
      vertex 20.9635 9.60301 0
      vertex 20.9635 9.60301 0.389999
    endloop
  endfacet
  facet normal -0.994732 -0.102511 0
    outer loop
      vertex 20.9717 9.52344 0
      vertex 20.9635 9.60301 0.389999
      vertex 20.9635 9.60301 0
    endloop
  endfacet
  facet normal -0.994732 -0.102511 0
    outer loop
      vertex 20.9635 9.60301 0.389999
      vertex 20.9717 9.52344 0
      vertex 20.9717 9.52344 0.389999
    endloop
  endfacet
  facet normal -0.984565 -0.175017 0
    outer loop
      vertex 20.9854 9.44637 0
      vertex 20.9717 9.52344 0.389999
      vertex 20.9717 9.52344 0
    endloop
  endfacet
  facet normal -0.984565 -0.175017 0
    outer loop
      vertex 20.9717 9.52344 0.389999
      vertex 20.9854 9.44637 0
      vertex 20.9854 9.44637 0.389999
    endloop
  endfacet
  facet normal -0.968752 -0.248032 0
    outer loop
      vertex 21.0045 9.37177 0
      vertex 20.9854 9.44637 0.389999
      vertex 20.9854 9.44637 0
    endloop
  endfacet
  facet normal -0.968752 -0.248032 0
    outer loop
      vertex 20.9854 9.44637 0.389999
      vertex 21.0045 9.37177 0
      vertex 21.0045 9.37177 0.389999
    endloop
  endfacet
  facet normal -0.946428 -0.322914 0
    outer loop
      vertex 21.0291 9.29967 0
      vertex 21.0045 9.37177 0.389999
      vertex 21.0045 9.37177 0
    endloop
  endfacet
  facet normal -0.946428 -0.322914 0
    outer loop
      vertex 21.0045 9.37177 0.389999
      vertex 21.0291 9.29967 0
      vertex 21.0291 9.29967 0.389999
    endloop
  endfacet
  facet normal -0.917906 -0.396797 0
    outer loop
      vertex 21.0592 9.23004 0
      vertex 21.0291 9.29967 0.389999
      vertex 21.0291 9.29967 0
    endloop
  endfacet
  facet normal -0.917906 -0.396797 0
    outer loop
      vertex 21.0291 9.29967 0.389999
      vertex 21.0592 9.23004 0
      vertex 21.0592 9.23004 0.389999
    endloop
  endfacet
  facet normal -0.883974 -0.467537 0
    outer loop
      vertex 21.0947 9.16292 0
      vertex 21.0592 9.23004 0.389999
      vertex 21.0592 9.23004 0
    endloop
  endfacet
  facet normal -0.883974 -0.467537 0
    outer loop
      vertex 21.0592 9.23004 0.389999
      vertex 21.0947 9.16292 0
      vertex 21.0947 9.16292 0.389999
    endloop
  endfacet
  facet normal -0.853301 -0.521418 0
    outer loop
      vertex 21.1347 9.09746 0
      vertex 21.0947 9.16292 0.389999
      vertex 21.0947 9.16292 0
    endloop
  endfacet
  facet normal -0.853301 -0.521418 0
    outer loop
      vertex 21.0947 9.16292 0.389999
      vertex 21.1347 9.09746 0
      vertex 21.1347 9.09746 0.389999
    endloop
  endfacet
  facet normal -0.830743 -0.556657 0
    outer loop
      vertex 21.178 9.03284 0
      vertex 21.1347 9.09746 0.389999
      vertex 21.1347 9.09746 0
    endloop
  endfacet
  facet normal -0.830743 -0.556657 0
    outer loop
      vertex 21.1347 9.09746 0.389999
      vertex 21.178 9.03284 0
      vertex 21.178 9.03284 0.389999
    endloop
  endfacet
  facet normal -0.806413 -0.591353 0
    outer loop
      vertex 21.2248 8.96902 0
      vertex 21.178 9.03284 0.389999
      vertex 21.178 9.03284 0
    endloop
  endfacet
  facet normal -0.806413 -0.591353 0
    outer loop
      vertex 21.178 9.03284 0.389999
      vertex 21.2248 8.96902 0
      vertex 21.2248 8.96902 0.389999
    endloop
  endfacet
  facet normal -0.782443 -0.622723 0
    outer loop
      vertex 21.2749 8.90607 0
      vertex 21.2248 8.96902 0.389999
      vertex 21.2248 8.96902 0
    endloop
  endfacet
  facet normal -0.782443 -0.622723 0
    outer loop
      vertex 21.2248 8.96902 0.389999
      vertex 21.2749 8.90607 0
      vertex 21.2749 8.90607 0.389999
    endloop
  endfacet
  facet normal -0.757878 -0.652397 0
    outer loop
      vertex 21.3284 8.84392 0
      vertex 21.2749 8.90607 0.389999
      vertex 21.2749 8.90607 0
    endloop
  endfacet
  facet normal -0.757878 -0.652397 0
    outer loop
      vertex 21.2749 8.90607 0.389999
      vertex 21.3284 8.84392 0
      vertex 21.3284 8.84392 0.389999
    endloop
  endfacet
  facet normal -0.732381 -0.680895 0
    outer loop
      vertex 21.3854 8.78261 0
      vertex 21.3284 8.84392 0.389999
      vertex 21.3284 8.84392 0
    endloop
  endfacet
  facet normal -0.732381 -0.680895 0
    outer loop
      vertex 21.3284 8.84392 0.389999
      vertex 21.3854 8.78261 0
      vertex 21.3854 8.78261 0.389999
    endloop
  endfacet
  facet normal -0.708218 -0.705994 0
    outer loop
      vertex 21.4457 8.72212 0
      vertex 21.3854 8.78261 0.389999
      vertex 21.3854 8.78261 0
    endloop
  endfacet
  facet normal -0.708218 -0.705994 0
    outer loop
      vertex 21.3854 8.78261 0.389999
      vertex 21.4457 8.72212 0
      vertex 21.4457 8.72212 0.389999
    endloop
  endfacet
  facet normal -0.690017 -0.723794 0
    outer loop
      vertex 21.4457 8.72212 0
      vertex 21.5087 8.66206 0.389999
      vertex 21.4457 8.72212 0.389999
    endloop
  endfacet
  facet normal -0.690017 -0.723794 -0
    outer loop
      vertex 21.5087 8.66206 0.389999
      vertex 21.4457 8.72212 0
      vertex 21.5087 8.66206 0
    endloop
  endfacet
  facet normal -0.676898 -0.736077 0
    outer loop
      vertex 21.5087 8.66206 0
      vertex 21.574 8.60201 0.389999
      vertex 21.5087 8.66206 0.389999
    endloop
  endfacet
  facet normal -0.676898 -0.736077 -0
    outer loop
      vertex 21.574 8.60201 0.389999
      vertex 21.5087 8.66206 0
      vertex 21.574 8.60201 0
    endloop
  endfacet
  facet normal -0.665835 -0.746099 0
    outer loop
      vertex 21.574 8.60201 0
      vertex 21.6413 8.54195 0.389999
      vertex 21.574 8.60201 0.389999
    endloop
  endfacet
  facet normal -0.665835 -0.746099 -0
    outer loop
      vertex 21.6413 8.54195 0.389999
      vertex 21.574 8.60201 0
      vertex 21.6413 8.54195 0
    endloop
  endfacet
  facet normal -0.65379 -0.756676 0
    outer loop
      vertex 21.6413 8.54195 0
      vertex 21.7108 8.4819 0.389999
      vertex 21.6413 8.54195 0.389999
    endloop
  endfacet
  facet normal -0.65379 -0.756676 -0
    outer loop
      vertex 21.7108 8.4819 0.389999
      vertex 21.6413 8.54195 0
      vertex 21.7108 8.4819 0
    endloop
  endfacet
  facet normal -0.642138 -0.766589 0
    outer loop
      vertex 21.7108 8.4819 0
      vertex 21.7825 8.42184 0.389999
      vertex 21.7108 8.4819 0.389999
    endloop
  endfacet
  facet normal -0.642138 -0.766589 -0
    outer loop
      vertex 21.7825 8.42184 0.389999
      vertex 21.7108 8.4819 0
      vertex 21.7825 8.42184 0
    endloop
  endfacet
  facet normal -0.631146 -0.775664 0
    outer loop
      vertex 21.7825 8.42184 0
      vertex 21.8563 8.36179 0.389999
      vertex 21.7825 8.42184 0.389999
    endloop
  endfacet
  facet normal -0.631146 -0.775664 -0
    outer loop
      vertex 21.8563 8.36179 0.389999
      vertex 21.7825 8.42184 0
      vertex 21.8563 8.36179 0
    endloop
  endfacet
  facet normal -0.620528 -0.784184 0
    outer loop
      vertex 21.8563 8.36179 0
      vertex 21.9322 8.30173 0.389999
      vertex 21.8563 8.36179 0.389999
    endloop
  endfacet
  facet normal -0.620528 -0.784184 -0
    outer loop
      vertex 21.9322 8.30173 0.389999
      vertex 21.8563 8.36179 0
      vertex 21.9322 8.30173 0
    endloop
  endfacet
  facet normal -0.619089 -0.785321 0
    outer loop
      vertex 21.9322 8.30173 0
      vertex 22.0093 8.24095 0.389999
      vertex 21.9322 8.30173 0.389999
    endloop
  endfacet
  facet normal -0.619089 -0.785321 -0
    outer loop
      vertex 22.0093 8.24095 0.389999
      vertex 21.9322 8.30173 0
      vertex 22.0093 8.24095 0
    endloop
  endfacet
  facet normal -0.626658 -0.779295 0
    outer loop
      vertex 22.0093 8.24095 0
      vertex 22.0867 8.17871 0.389999
      vertex 22.0093 8.24095 0.389999
    endloop
  endfacet
  facet normal -0.626658 -0.779295 -0
    outer loop
      vertex 22.0867 8.17871 0.389999
      vertex 22.0093 8.24095 0
      vertex 22.0867 8.17871 0
    endloop
  endfacet
  facet normal -0.634914 -0.772583 0
    outer loop
      vertex 22.0867 8.17871 0
      vertex 22.1642 8.11502 0.389999
      vertex 22.0867 8.17871 0.389999
    endloop
  endfacet
  facet normal -0.634914 -0.772583 -0
    outer loop
      vertex 22.1642 8.11502 0.389999
      vertex 22.0867 8.17871 0
      vertex 22.1642 8.11502 0
    endloop
  endfacet
  facet normal -0.64251 -0.766278 0
    outer loop
      vertex 22.1642 8.11502 0
      vertex 22.2419 8.04987 0.389999
      vertex 22.1642 8.11502 0.389999
    endloop
  endfacet
  facet normal -0.64251 -0.766278 -0
    outer loop
      vertex 22.2419 8.04987 0.389999
      vertex 22.1642 8.11502 0
      vertex 22.2419 8.04987 0
    endloop
  endfacet
  facet normal -0.649401 -0.760446 0
    outer loop
      vertex 22.2419 8.04987 0
      vertex 22.3199 7.98326 0.389999
      vertex 22.2419 8.04987 0.389999
    endloop
  endfacet
  facet normal -0.649401 -0.760446 -0
    outer loop
      vertex 22.3199 7.98326 0.389999
      vertex 22.2419 8.04987 0
      vertex 22.3199 7.98326 0
    endloop
  endfacet
  facet normal -0.656563 -0.754271 0
    outer loop
      vertex 22.3199 7.98326 0
      vertex 22.3981 7.91519 0.389999
      vertex 22.3199 7.98326 0.389999
    endloop
  endfacet
  facet normal -0.656563 -0.754271 -0
    outer loop
      vertex 22.3981 7.91519 0.389999
      vertex 22.3199 7.98326 0
      vertex 22.3981 7.91519 0
    endloop
  endfacet
  facet normal -0.66383 -0.747883 0
    outer loop
      vertex 22.3981 7.91519 0
      vertex 22.4764 7.84569 0.389999
      vertex 22.3981 7.91519 0.389999
    endloop
  endfacet
  facet normal -0.66383 -0.747883 -0
    outer loop
      vertex 22.4764 7.84569 0.389999
      vertex 22.3981 7.91519 0
      vertex 22.4764 7.84569 0
    endloop
  endfacet
  facet normal -0.675262 -0.737578 0
    outer loop
      vertex 22.4764 7.84569 0
      vertex 22.5544 7.77428 0.389999
      vertex 22.4764 7.84569 0.389999
    endloop
  endfacet
  facet normal -0.675262 -0.737578 -0
    outer loop
      vertex 22.5544 7.77428 0.389999
      vertex 22.4764 7.84569 0
      vertex 22.5544 7.77428 0
    endloop
  endfacet
  facet normal -0.692219 -0.721687 0
    outer loop
      vertex 22.5544 7.77428 0
      vertex 22.6313 7.70052 0.389999
      vertex 22.5544 7.77428 0.389999
    endloop
  endfacet
  facet normal -0.692219 -0.721687 -0
    outer loop
      vertex 22.6313 7.70052 0.389999
      vertex 22.5544 7.77428 0
      vertex 22.6313 7.70052 0
    endloop
  endfacet
  facet normal -0.708595 -0.705616 0
    outer loop
      vertex 22.7071 7.6244 0
      vertex 22.6313 7.70052 0.389999
      vertex 22.6313 7.70052 0
    endloop
  endfacet
  facet normal -0.708595 -0.705616 0
    outer loop
      vertex 22.6313 7.70052 0.389999
      vertex 22.7071 7.6244 0
      vertex 22.7071 7.6244 0.389999
    endloop
  endfacet
  facet normal -0.72337 -0.69046 0
    outer loop
      vertex 22.782 7.54593 0
      vertex 22.7071 7.6244 0.389999
      vertex 22.7071 7.6244 0
    endloop
  endfacet
  facet normal -0.72337 -0.69046 0
    outer loop
      vertex 22.7071 7.6244 0.389999
      vertex 22.782 7.54593 0
      vertex 22.782 7.54593 0.389999
    endloop
  endfacet
  facet normal -0.738491 -0.674263 0
    outer loop
      vertex 22.8558 7.4651 0
      vertex 22.782 7.54593 0.389999
      vertex 22.782 7.54593 0
    endloop
  endfacet
  facet normal -0.738491 -0.674263 0
    outer loop
      vertex 22.782 7.54593 0.389999
      vertex 22.8558 7.4651 0
      vertex 22.8558 7.4651 0.389999
    endloop
  endfacet
  facet normal -0.752986 -0.658037 0
    outer loop
      vertex 22.9285 7.38191 0
      vertex 22.8558 7.4651 0.389999
      vertex 22.8558 7.4651 0
    endloop
  endfacet
  facet normal -0.752986 -0.658037 0
    outer loop
      vertex 22.8558 7.4651 0.389999
      vertex 22.9285 7.38191 0
      vertex 22.9285 7.38191 0.389999
    endloop
  endfacet
  facet normal -0.765867 -0.642999 0
    outer loop
      vertex 23.0003 7.29639 0
      vertex 22.9285 7.38191 0.389999
      vertex 22.9285 7.38191 0
    endloop
  endfacet
  facet normal -0.765867 -0.642999 0
    outer loop
      vertex 22.9285 7.38191 0.389999
      vertex 23.0003 7.29639 0
      vertex 23.0003 7.29639 0.389999
    endloop
  endfacet
  facet normal -0.786414 -0.6177 0
    outer loop
      vertex 23.0699 7.20778 0
      vertex 23.0003 7.29639 0.389999
      vertex 23.0003 7.29639 0
    endloop
  endfacet
  facet normal -0.786414 -0.6177 0
    outer loop
      vertex 23.0003 7.29639 0.389999
      vertex 23.0699 7.20778 0
      vertex 23.0699 7.20778 0.389999
    endloop
  endfacet
  facet normal -0.811681 -0.584101 0
    outer loop
      vertex 23.1364 7.11537 0
      vertex 23.0699 7.20778 0.389999
      vertex 23.0699 7.20778 0
    endloop
  endfacet
  facet normal -0.811681 -0.584101 0
    outer loop
      vertex 23.0699 7.20778 0.389999
      vertex 23.1364 7.11537 0
      vertex 23.1364 7.11537 0.389999
    endloop
  endfacet
  facet normal -0.83463 -0.550811 0
    outer loop
      vertex 23.1999 7.01915 0
      vertex 23.1364 7.11537 0.389999
      vertex 23.1364 7.11537 0
    endloop
  endfacet
  facet normal -0.83463 -0.550811 0
    outer loop
      vertex 23.1364 7.11537 0.389999
      vertex 23.1999 7.01915 0
      vertex 23.1999 7.01915 0.389999
    endloop
  endfacet
  facet normal -0.856403 -0.516308 0
    outer loop
      vertex 23.2602 6.91913 0
      vertex 23.1999 7.01915 0.389999
      vertex 23.1999 7.01915 0
    endloop
  endfacet
  facet normal -0.856403 -0.516308 0
    outer loop
      vertex 23.1999 7.01915 0.389999
      vertex 23.2602 6.91913 0
      vertex 23.2602 6.91913 0.389999
    endloop
  endfacet
  facet normal -0.876219 -0.481912 0
    outer loop
      vertex 23.3173 6.81531 0
      vertex 23.2602 6.91913 0.389999
      vertex 23.2602 6.91913 0
    endloop
  endfacet
  facet normal -0.876219 -0.481912 0
    outer loop
      vertex 23.2602 6.91913 0.389999
      vertex 23.3173 6.81531 0
      vertex 23.3173 6.81531 0.389999
    endloop
  endfacet
  facet normal -0.893496 -0.449072 0
    outer loop
      vertex 23.3714 6.70767 0
      vertex 23.3173 6.81531 0.389999
      vertex 23.3173 6.81531 0
    endloop
  endfacet
  facet normal -0.893496 -0.449072 0
    outer loop
      vertex 23.3173 6.81531 0.389999
      vertex 23.3714 6.70767 0
      vertex 23.3714 6.70767 0.389999
    endloop
  endfacet
  facet normal -0.909287 -0.416169 0
    outer loop
      vertex 23.4224 6.59624 0
      vertex 23.3714 6.70767 0.389999
      vertex 23.3714 6.70767 0
    endloop
  endfacet
  facet normal -0.909287 -0.416169 0
    outer loop
      vertex 23.3714 6.70767 0.389999
      vertex 23.4224 6.59624 0
      vertex 23.4224 6.59624 0.389999
    endloop
  endfacet
  facet normal -1 0 0
    outer loop
      vertex 23.4224 6.16563 0
      vertex 23.4224 6.59624 0.389999
      vertex 23.4224 6.59624 0
    endloop
  endfacet
  facet normal -1 -0 0
    outer loop
      vertex 23.4224 6.59624 0.389999
      vertex 23.4224 6.16563 0
      vertex 23.4224 6.16563 0.389999
    endloop
  endfacet
  facet normal 0 1 -0
    outer loop
      vertex 23.4224 6.16563 0
      vertex 20.2589 6.16563 0.389999
      vertex 23.4224 6.16563 0.389999
    endloop
  endfacet
  facet normal 0 1 0
    outer loop
      vertex 20.2589 6.16563 0.389999
      vertex 23.4224 6.16563 0
      vertex 20.2589 6.16563 0
    endloop
  endfacet
  facet normal 1 -0 0
    outer loop
      vertex 20.2589 6.16563 0.389999
      vertex 20.2589 6.68439 0
      vertex 20.2589 6.68439 0.389999
    endloop
  endfacet
  facet normal 1 0 0
    outer loop
      vertex 20.2589 6.68439 0
      vertex 20.2589 6.16563 0.389999
      vertex 20.2589 6.16563 0
    endloop
  endfacet
  facet normal 0.180162 0.983637 -0
    outer loop
      vertex 17.8503 6.1107 0
      vertex 17.6395 6.14931 0.389999
      vertex 17.8503 6.1107 0.389999
    endloop
  endfacet
  facet normal 0.180162 0.983637 0
    outer loop
      vertex 17.6395 6.14931 0.389999
      vertex 17.8503 6.1107 0
      vertex 17.6395 6.14931 0
    endloop
  endfacet
  facet normal 0.314293 0.949326 -0
    outer loop
      vertex 17.6395 6.14931 0
      vertex 17.4451 6.21367 0.389999
      vertex 17.6395 6.14931 0.389999
    endloop
  endfacet
  facet normal 0.314293 0.949326 0
    outer loop
      vertex 17.4451 6.21367 0.389999
      vertex 17.6395 6.14931 0
      vertex 17.4451 6.21367 0
    endloop
  endfacet
  facet normal 0.451579 0.892231 -0
    outer loop
      vertex 17.4451 6.21367 0
      vertex 17.2671 6.30376 0.389999
      vertex 17.4451 6.21367 0.389999
    endloop
  endfacet
  facet normal 0.451579 0.892231 0
    outer loop
      vertex 17.2671 6.30376 0.389999
      vertex 17.4451 6.21367 0
      vertex 17.2671 6.30376 0
    endloop
  endfacet
  facet normal 0.582574 0.812777 -0
    outer loop
      vertex 17.2671 6.30376 0
      vertex 17.1055 6.41959 0.389999
      vertex 17.2671 6.30376 0.389999
    endloop
  endfacet
  facet normal 0.582574 0.812777 0
    outer loop
      vertex 17.1055 6.41959 0.389999
      vertex 17.2671 6.30376 0
      vertex 17.1055 6.41959 0
    endloop
  endfacet
  facet normal 0.698125 0.715975 -0
    outer loop
      vertex 17.1055 6.41959 0
      vertex 16.9603 6.56117 0.389999
      vertex 17.1055 6.41959 0.389999
    endloop
  endfacet
  facet normal 0.698125 0.715975 0
    outer loop
      vertex 16.9603 6.56117 0.389999
      vertex 17.1055 6.41959 0
      vertex 16.9603 6.56117 0
    endloop
  endfacet
  facet normal 0.792413 0.609985 0
    outer loop
      vertex 16.9603 6.56117 0.389999
      vertex 16.8315 6.72849 0
      vertex 16.8315 6.72849 0.389999
    endloop
  endfacet
  facet normal 0.792413 0.609985 0
    outer loop
      vertex 16.8315 6.72849 0
      vertex 16.9603 6.56117 0.389999
      vertex 16.9603 6.56117 0
    endloop
  endfacet
  facet normal 0.863481 0.504381 0
    outer loop
      vertex 16.8315 6.72849 0.389999
      vertex 16.7195 6.92023 0
      vertex 16.7195 6.92023 0.389999
    endloop
  endfacet
  facet normal 0.863481 0.504381 0
    outer loop
      vertex 16.7195 6.92023 0
      vertex 16.8315 6.72849 0.389999
      vertex 16.8315 6.72849 0
    endloop
  endfacet
  facet normal 0.914904 0.403672 0
    outer loop
      vertex 16.7195 6.92023 0.389999
      vertex 16.6247 7.13509 0
      vertex 16.6247 7.13509 0.389999
    endloop
  endfacet
  facet normal 0.914904 0.403672 0
    outer loop
      vertex 16.6247 7.13509 0
      vertex 16.7195 6.92023 0.389999
      vertex 16.7195 6.92023 0
    endloop
  endfacet
  facet normal 0.950842 0.309675 0
    outer loop
      vertex 16.6247 7.13509 0.389999
      vertex 16.5472 7.37305 0
      vertex 16.5472 7.37305 0.389999
    endloop
  endfacet
  facet normal 0.950842 0.309675 0
    outer loop
      vertex 16.5472 7.37305 0
      vertex 16.6247 7.13509 0.389999
      vertex 16.6247 7.13509 0
    endloop
  endfacet
  facet normal 0.974348 0.225048 0
    outer loop
      vertex 16.5472 7.37305 0.389999
      vertex 16.4869 7.63412 0
      vertex 16.4869 7.63412 0.389999
    endloop
  endfacet
  facet normal 0.974348 0.225048 0
    outer loop
      vertex 16.4869 7.63412 0
      vertex 16.5472 7.37305 0.389999
      vertex 16.5472 7.37305 0
    endloop
  endfacet
  facet normal 0.988695 0.149939 0
    outer loop
      vertex 16.4869 7.63412 0.389999
      vertex 16.4438 7.91832 0
      vertex 16.4438 7.91832 0.389999
    endloop
  endfacet
  facet normal 0.988695 0.149939 0
    outer loop
      vertex 16.4438 7.91832 0
      vertex 16.4869 7.63412 0.389999
      vertex 16.4869 7.63412 0
    endloop
  endfacet
  facet normal 0.996494 0.0836627 0
    outer loop
      vertex 16.4438 7.91832 0.389999
      vertex 16.418 8.22562 0
      vertex 16.418 8.22562 0.389999
    endloop
  endfacet
  facet normal 0.996494 0.0836627 0
    outer loop
      vertex 16.418 8.22562 0
      vertex 16.4438 7.91832 0.389999
      vertex 16.4438 7.91832 0
    endloop
  endfacet
  facet normal 0.999661 0.0260202 0
    outer loop
      vertex 16.418 8.22562 0.389999
      vertex 16.4094 8.55602 0
      vertex 16.4094 8.55602 0.389999
    endloop
  endfacet
  facet normal 0.999661 0.0260202 0
    outer loop
      vertex 16.4094 8.55602 0
      vertex 16.418 8.22562 0.389999
      vertex 16.418 8.22562 0
    endloop
  endfacet
  facet normal 0.999702 -0.0244266 0
    outer loop
      vertex 16.4094 8.55602 0.389999
      vertex 16.4176 8.89162 0
      vertex 16.4176 8.89162 0.389999
    endloop
  endfacet
  facet normal 0.999702 -0.0244266 0
    outer loop
      vertex 16.4176 8.89162 0
      vertex 16.4094 8.55602 0.389999
      vertex 16.4094 8.55602 0
    endloop
  endfacet
  facet normal 0.996891 -0.0787904 0
    outer loop
      vertex 16.4176 8.89162 0.389999
      vertex 16.4422 9.20287 0
      vertex 16.4422 9.20287 0.389999
    endloop
  endfacet
  facet normal 0.996891 -0.0787904 0
    outer loop
      vertex 16.4422 9.20287 0
      vertex 16.4176 8.89162 0.389999
      vertex 16.4176 8.89162 0
    endloop
  endfacet
  facet normal 0.989942 -0.141474 0
    outer loop
      vertex 16.4422 9.20287 0.389999
      vertex 16.4832 9.48976 0
      vertex 16.4832 9.48976 0.389999
    endloop
  endfacet
  facet normal 0.989942 -0.141474 0
    outer loop
      vertex 16.4832 9.48976 0
      vertex 16.4422 9.20287 0.389999
      vertex 16.4422 9.20287 0
    endloop
  endfacet
  facet normal 0.976922 -0.213596 0
    outer loop
      vertex 16.4832 9.48976 0.389999
      vertex 16.5406 9.75229 0
      vertex 16.5406 9.75229 0.389999
    endloop
  endfacet
  facet normal 0.976922 -0.213596 0
    outer loop
      vertex 16.5406 9.75229 0
      vertex 16.4832 9.48976 0.389999
      vertex 16.4832 9.48976 0
    endloop
  endfacet
  facet normal 0.955194 -0.295979 0
    outer loop
      vertex 16.5406 9.75229 0.389999
      vertex 16.6144 9.99046 0
      vertex 16.6144 9.99046 0.389999
    endloop
  endfacet
  facet normal 0.955194 -0.295979 0
    outer loop
      vertex 16.6144 9.99046 0
      vertex 16.5406 9.75229 0.389999
      vertex 16.5406 9.75229 0
    endloop
  endfacet
  facet normal 0.921385 -0.38865 0
    outer loop
      vertex 16.6144 9.99046 0.389999
      vertex 16.7046 10.2043 0
      vertex 16.7046 10.2043 0.389999
    endloop
  endfacet
  facet normal 0.921385 -0.38865 0
    outer loop
      vertex 16.7046 10.2043 0
      vertex 16.6144 9.99046 0.389999
      vertex 16.6144 9.99046 0
    endloop
  endfacet
  facet normal 0.871453 -0.49048 0
    outer loop
      vertex 16.7046 10.2043 0.389999
      vertex 16.8112 10.3937 0
      vertex 16.8112 10.3937 0.389999
    endloop
  endfacet
  facet normal 0.871453 -0.49048 0
    outer loop
      vertex 16.8112 10.3937 0
      vertex 16.7046 10.2043 0.389999
      vertex 16.7046 10.2043 0
    endloop
  endfacet
  facet normal 0.799184 -0.601087 0
    outer loop
      vertex 16.8112 10.3937 0.389999
      vertex 16.935 10.5583 0
      vertex 16.935 10.5583 0.389999
    endloop
  endfacet
  facet normal 0.799184 -0.601087 0
    outer loop
      vertex 16.935 10.5583 0
      vertex 16.8112 10.3937 0.389999
      vertex 16.8112 10.3937 0
    endloop
  endfacet
  facet normal 0.700539 -0.713614 0
    outer loop
      vertex 16.935 10.5583 0
      vertex 17.0769 10.6976 0.389999
      vertex 16.935 10.5583 0.389999
    endloop
  endfacet
  facet normal 0.700539 -0.713614 0
    outer loop
      vertex 17.0769 10.6976 0.389999
      vertex 16.935 10.5583 0
      vertex 17.0769 10.6976 0
    endloop
  endfacet
  facet normal 0.580515 -0.814249 0
    outer loop
      vertex 17.0769 10.6976 0
      vertex 17.2368 10.8116 0.389999
      vertex 17.0769 10.6976 0.389999
    endloop
  endfacet
  facet normal 0.580515 -0.814249 0
    outer loop
      vertex 17.2368 10.8116 0.389999
      vertex 17.0769 10.6976 0
      vertex 17.2368 10.8116 0
    endloop
  endfacet
  facet normal 0.446006 -0.89503 0
    outer loop
      vertex 17.2368 10.8116 0
      vertex 17.4148 10.9003 0.389999
      vertex 17.2368 10.8116 0.389999
    endloop
  endfacet
  facet normal 0.446006 -0.89503 0
    outer loop
      vertex 17.4148 10.9003 0.389999
      vertex 17.2368 10.8116 0
      vertex 17.4148 10.9003 0
    endloop
  endfacet
  facet normal 0.307187 -0.951649 0
    outer loop
      vertex 17.4148 10.9003 0
      vertex 17.6109 10.9636 0.389999
      vertex 17.4148 10.9003 0.389999
    endloop
  endfacet
  facet normal 0.307187 -0.951649 0
    outer loop
      vertex 17.6109 10.9636 0.389999
      vertex 17.4148 10.9003 0
      vertex 17.6109 10.9636 0
    endloop
  endfacet
  facet normal 0.174756 -0.984612 0
    outer loop
      vertex 17.6109 10.9636 0
      vertex 17.825 11.0016 0.389999
      vertex 17.6109 10.9636 0.389999
    endloop
  endfacet
  facet normal 0.174756 -0.984612 0
    outer loop
      vertex 17.825 11.0016 0.389999
      vertex 17.6109 10.9636 0
      vertex 17.825 11.0016 0
    endloop
  endfacet
  facet normal 0.0541839 -0.998531 0
    outer loop
      vertex 17.825 11.0016 0
      vertex 18.0572 11.0142 0.389999
      vertex 17.825 11.0016 0.389999
    endloop
  endfacet
  facet normal 0.0541839 -0.998531 0
    outer loop
      vertex 18.0572 11.0142 0.389999
      vertex 17.825 11.0016 0
      vertex 18.0572 11.0142 0
    endloop
  endfacet
  facet normal -0.052361 -0.998628 0
    outer loop
      vertex 18.0572 11.0142 0
      vertex 18.2956 11.0017 0.389999
      vertex 18.0572 11.0142 0.389999
    endloop
  endfacet
  facet normal -0.052361 -0.998628 -0
    outer loop
      vertex 18.2956 11.0017 0.389999
      vertex 18.0572 11.0142 0
      vertex 18.2956 11.0017 0
    endloop
  endfacet
  facet normal -0.168839 -0.985644 0
    outer loop
      vertex 18.2956 11.0017 0
      vertex 18.5151 10.9641 0.389999
      vertex 18.2956 11.0017 0.389999
    endloop
  endfacet
  facet normal -0.168839 -0.985644 -0
    outer loop
      vertex 18.5151 10.9641 0.389999
      vertex 18.2956 11.0017 0
      vertex 18.5151 10.9641 0
    endloop
  endfacet
  facet normal -0.298167 -0.954514 0
    outer loop
      vertex 18.5151 10.9641 0
      vertex 18.7155 10.9015 0.389999
      vertex 18.5151 10.9641 0.389999
    endloop
  endfacet
  facet normal -0.298167 -0.954514 -0
    outer loop
      vertex 18.7155 10.9015 0.389999
      vertex 18.5151 10.9641 0
      vertex 18.7155 10.9015 0
    endloop
  endfacet
  facet normal -0.435263 -0.900304 0
    outer loop
      vertex 18.7155 10.9015 0
      vertex 18.8969 10.8138 0.389999
      vertex 18.7155 10.9015 0.389999
    endloop
  endfacet
  facet normal -0.435263 -0.900304 -0
    outer loop
      vertex 18.8969 10.8138 0.389999
      vertex 18.7155 10.9015 0
      vertex 18.8969 10.8138 0
    endloop
  endfacet
  facet normal -0.57013 -0.821554 0
    outer loop
      vertex 18.8969 10.8138 0
      vertex 19.0593 10.7011 0.389999
      vertex 18.8969 10.8138 0.389999
    endloop
  endfacet
  facet normal -0.57013 -0.821554 -0
    outer loop
      vertex 19.0593 10.7011 0.389999
      vertex 18.8969 10.8138 0
      vertex 19.0593 10.7011 0
    endloop
  endfacet
  facet normal -0.693139 -0.720804 0
    outer loop
      vertex 19.0593 10.7011 0
      vertex 19.2026 10.5633 0.389999
      vertex 19.0593 10.7011 0.389999
    endloop
  endfacet
  facet normal -0.693139 -0.720804 -0
    outer loop
      vertex 19.2026 10.5633 0.389999
      vertex 19.0593 10.7011 0
      vertex 19.2026 10.5633 0
    endloop
  endfacet
  facet normal -0.794579 -0.60716 0
    outer loop
      vertex 19.327 10.4005 0
      vertex 19.2026 10.5633 0.389999
      vertex 19.2026 10.5633 0
    endloop
  endfacet
  facet normal -0.794579 -0.60716 0
    outer loop
      vertex 19.2026 10.5633 0.389999
      vertex 19.327 10.4005 0
      vertex 19.327 10.4005 0.389999
    endloop
  endfacet
  facet normal -0.869777 -0.493445 0
    outer loop
      vertex 19.4336 10.2126 0
      vertex 19.327 10.4005 0.389999
      vertex 19.327 10.4005 0
    endloop
  endfacet
  facet normal -0.869777 -0.493445 0
    outer loop
      vertex 19.327 10.4005 0.389999
      vertex 19.4336 10.2126 0
      vertex 19.4336 10.2126 0.389999
    endloop
  endfacet
  facet normal -0.920934 -0.389718 0
    outer loop
      vertex 19.5238 9.99945 0
      vertex 19.4336 10.2126 0.389999
      vertex 19.4336 10.2126 0
    endloop
  endfacet
  facet normal -0.920934 -0.389718 0
    outer loop
      vertex 19.4336 10.2126 0.389999
      vertex 19.5238 9.99945 0
      vertex 19.5238 9.99945 0.389999
    endloop
  endfacet
  facet normal -0.955244 -0.29582 0
    outer loop
      vertex 19.5976 9.76114 0
      vertex 19.5238 9.99945 0.389999
      vertex 19.5238 9.99945 0
    endloop
  endfacet
  facet normal -0.955244 -0.29582 0
    outer loop
      vertex 19.5238 9.99945 0.389999
      vertex 19.5976 9.76114 0
      vertex 19.5976 9.76114 0.389999
    endloop
  endfacet
  facet normal -0.977084 -0.212853 0
    outer loop
      vertex 19.655 9.49765 0
      vertex 19.5976 9.76114 0.389999
      vertex 19.5976 9.76114 0
    endloop
  endfacet
  facet normal -0.977084 -0.212853 0
    outer loop
      vertex 19.5976 9.76114 0.389999
      vertex 19.655 9.49765 0
      vertex 19.655 9.49765 0.389999
    endloop
  endfacet
  facet normal -0.990066 -0.140605 0
    outer loop
      vertex 19.696 9.20895 0
      vertex 19.655 9.49765 0.389999
      vertex 19.655 9.49765 0
    endloop
  endfacet
  facet normal -0.990066 -0.140605 0
    outer loop
      vertex 19.655 9.49765 0.389999
      vertex 19.696 9.20895 0
      vertex 19.696 9.20895 0.389999
    endloop
  endfacet
  facet normal -0.996943 -0.0781368 0
    outer loop
      vertex 19.7206 8.89508 0
      vertex 19.696 9.20895 0.389999
      vertex 19.696 9.20895 0
    endloop
  endfacet
  facet normal -0.996943 -0.0781368 0
    outer loop
      vertex 19.696 9.20895 0.389999
      vertex 19.7206 8.89508 0
      vertex 19.7206 8.89508 0.389999
    endloop
  endfacet
  facet normal -0.999708 -0.0241774 0
    outer loop
      vertex 19.7288 8.55602 0
      vertex 19.7206 8.89508 0.389999
      vertex 19.7206 8.89508 0
    endloop
  endfacet
  facet normal -0.999708 -0.0241774 0
    outer loop
      vertex 19.7206 8.89508 0.389999
      vertex 19.7288 8.55602 0
      vertex 19.7288 8.55602 0.389999
    endloop
  endfacet
  facet normal -0.999673 0.0255832 0
    outer loop
      vertex 19.7203 8.22388 0
      vertex 19.7288 8.55602 0.389999
      vertex 19.7288 8.55602 0
    endloop
  endfacet
  facet normal -0.999673 0.0255832 0
    outer loop
      vertex 19.7288 8.55602 0.389999
      vertex 19.7203 8.22388 0
      vertex 19.7203 8.22388 0.389999
    endloop
  endfacet
  facet normal -0.996656 0.0817064 0
    outer loop
      vertex 19.695 7.91527 0
      vertex 19.7203 8.22388 0.389999
      vertex 19.7203 8.22388 0
    endloop
  endfacet
  facet normal -0.996656 0.0817064 0
    outer loop
      vertex 19.7203 8.22388 0.389999
      vertex 19.695 7.91527 0
      vertex 19.695 7.91527 0.389999
    endloop
  endfacet
  facet normal -0.989222 0.146423 0
    outer loop
      vertex 19.6528 7.63017 0
      vertex 19.695 7.91527 0.389999
      vertex 19.695 7.91527 0
    endloop
  endfacet
  facet normal -0.989222 0.146423 0
    outer loop
      vertex 19.695 7.91527 0.389999
      vertex 19.6528 7.63017 0
      vertex 19.6528 7.63017 0.389999
    endloop
  endfacet
  facet normal -0.97541 0.220396 0
    outer loop
      vertex 19.5937 7.36861 0
      vertex 19.6528 7.63017 0.389999
      vertex 19.6528 7.63017 0
    endloop
  endfacet
  facet normal -0.97541 0.220396 0
    outer loop
      vertex 19.6528 7.63017 0.389999
      vertex 19.5937 7.36861 0
      vertex 19.5937 7.36861 0.389999
    endloop
  endfacet
  facet normal -0.952625 0.304148 0
    outer loop
      vertex 19.5177 7.13057 0
      vertex 19.5937 7.36861 0.389999
      vertex 19.5937 7.36861 0
    endloop
  endfacet
  facet normal -0.952625 0.304148 0
    outer loop
      vertex 19.5937 7.36861 0.389999
      vertex 19.5177 7.13057 0
      vertex 19.5177 7.13057 0.389999
    endloop
  endfacet
  facet normal -0.917796 0.397051 0
    outer loop
      vertex 19.4249 6.91606 0
      vertex 19.5177 7.13057 0.389999
      vertex 19.5177 7.13057 0
    endloop
  endfacet
  facet normal -0.917796 0.397051 0
    outer loop
      vertex 19.5177 7.13057 0.389999
      vertex 19.4249 6.91606 0
      vertex 19.4249 6.91606 0.389999
    endloop
  endfacet
  facet normal -0.866933 0.498425 0
    outer loop
      vertex 19.3151 6.72508 0
      vertex 19.4249 6.91606 0.389999
      vertex 19.4249 6.91606 0
    endloop
  endfacet
  facet normal -0.866933 0.498425 0
    outer loop
      vertex 19.4249 6.91606 0.389999
      vertex 19.3151 6.72508 0
      vertex 19.3151 6.72508 0.389999
    endloop
  endfacet
  facet normal -0.796097 0.605169 0
    outer loop
      vertex 19.1886 6.55867 0
      vertex 19.3151 6.72508 0.389999
      vertex 19.3151 6.72508 0
    endloop
  endfacet
  facet normal -0.796097 0.605169 0
    outer loop
      vertex 19.3151 6.72508 0.389999
      vertex 19.1886 6.55867 0
      vertex 19.1886 6.55867 0.389999
    endloop
  endfacet
  facet normal -0.700634 0.713521 0
    outer loop
      vertex 19.1886 6.55867 0
      vertex 19.0452 6.41786 0.389999
      vertex 19.1886 6.55867 0.389999
    endloop
  endfacet
  facet normal -0.700634 0.713521 0
    outer loop
      vertex 19.0452 6.41786 0.389999
      vertex 19.1886 6.55867 0
      vertex 19.0452 6.41786 0
    endloop
  endfacet
  facet normal -0.584372 0.811486 0
    outer loop
      vertex 19.0452 6.41786 0
      vertex 18.8852 6.30264 0.389999
      vertex 19.0452 6.41786 0.389999
    endloop
  endfacet
  facet normal -0.584372 0.811486 0
    outer loop
      vertex 18.8852 6.30264 0.389999
      vertex 19.0452 6.41786 0
      vertex 18.8852 6.30264 0
    endloop
  endfacet
  facet normal -0.45205 0.891992 0
    outer loop
      vertex 18.8852 6.30264 0
      vertex 18.7084 6.21304 0.389999
      vertex 18.8852 6.30264 0.389999
    endloop
  endfacet
  facet normal -0.45205 0.891992 0
    outer loop
      vertex 18.7084 6.21304 0.389999
      vertex 18.8852 6.30264 0
      vertex 18.7084 6.21304 0
    endloop
  endfacet
  facet normal -0.313917 0.94945 0
    outer loop
      vertex 18.7084 6.21304 0
      vertex 18.5148 6.14903 0.389999
      vertex 18.7084 6.21304 0.389999
    endloop
  endfacet
  facet normal -0.313917 0.94945 0
    outer loop
      vertex 18.5148 6.14903 0.389999
      vertex 18.7084 6.21304 0
      vertex 18.5148 6.14903 0
    endloop
  endfacet
  facet normal -0.179709 0.98372 0
    outer loop
      vertex 18.5148 6.14903 0
      vertex 18.3046 6.11063 0.389999
      vertex 18.5148 6.14903 0.389999
    endloop
  endfacet
  facet normal -0.179709 0.98372 0
    outer loop
      vertex 18.3046 6.11063 0.389999
      vertex 18.5148 6.14903 0
      vertex 18.3046 6.11063 0
    endloop
  endfacet
  facet normal -0.0562297 0.998418 0
    outer loop
      vertex 18.3046 6.11063 0
      vertex 18.0775 6.09784 0.389999
      vertex 18.3046 6.11063 0.389999
    endloop
  endfacet
  facet normal -0.0562297 0.998418 0
    outer loop
      vertex 18.0775 6.09784 0.389999
      vertex 18.3046 6.11063 0
      vertex 18.0775 6.09784 0
    endloop
  endfacet
  facet normal 0.0565117 0.998402 -0
    outer loop
      vertex 18.0775 6.09784 0
      vertex 17.8503 6.1107 0.389999
      vertex 18.0775 6.09784 0.389999
    endloop
  endfacet
  facet normal 0.0565117 0.998402 0
    outer loop
      vertex 17.8503 6.1107 0.389999
      vertex 18.0775 6.09784 0
      vertex 17.8503 6.1107 0
    endloop
  endfacet
  facet normal 0.206064 -0.978538 0
    outer loop
      vertex 18.2198 6.60585 0
      vertex 18.3568 6.6347 0.389999
      vertex 18.2198 6.60585 0.389999
    endloop
  endfacet
  facet normal 0.206064 -0.978538 0
    outer loop
      vertex 18.3568 6.6347 0.389999
      vertex 18.2198 6.60585 0
      vertex 18.3568 6.6347 0
    endloop
  endfacet
  facet normal 0.358879 -0.933384 0
    outer loop
      vertex 18.3568 6.6347 0
      vertex 18.4819 6.6828 0.389999
      vertex 18.3568 6.6347 0.389999
    endloop
  endfacet
  facet normal 0.358879 -0.933384 0
    outer loop
      vertex 18.4819 6.6828 0.389999
      vertex 18.3568 6.6347 0
      vertex 18.4819 6.6828 0
    endloop
  endfacet
  facet normal 0.511476 -0.859298 0
    outer loop
      vertex 18.4819 6.6828 0
      vertex 18.595 6.75012 0.389999
      vertex 18.4819 6.6828 0.389999
    endloop
  endfacet
  facet normal 0.511476 -0.859298 0
    outer loop
      vertex 18.595 6.75012 0.389999
      vertex 18.4819 6.6828 0
      vertex 18.595 6.75012 0
    endloop
  endfacet
  facet normal 0.650414 -0.75958 0
    outer loop
      vertex 18.595 6.75012 0
      vertex 18.6961 6.83669 0.389999
      vertex 18.595 6.75012 0.389999
    endloop
  endfacet
  facet normal 0.650414 -0.75958 0
    outer loop
      vertex 18.6961 6.83669 0.389999
      vertex 18.595 6.75012 0
      vertex 18.6961 6.83669 0
    endloop
  endfacet
  facet normal 0.764536 -0.644581 0
    outer loop
      vertex 18.6961 6.83669 0.389999
      vertex 18.7853 6.94249 0
      vertex 18.7853 6.94249 0.389999
    endloop
  endfacet
  facet normal 0.764536 -0.644581 0
    outer loop
      vertex 18.7853 6.94249 0
      vertex 18.6961 6.83669 0.389999
      vertex 18.6961 6.83669 0
    endloop
  endfacet
  facet normal 0.85091 -0.525312 0
    outer loop
      vertex 18.7853 6.94249 0.389999
      vertex 18.8625 7.06754 0
      vertex 18.8625 7.06754 0.389999
    endloop
  endfacet
  facet normal 0.85091 -0.525312 0
    outer loop
      vertex 18.8625 7.06754 0
      vertex 18.7853 6.94249 0.389999
      vertex 18.7853 6.94249 0
    endloop
  endfacet
  facet normal 0.910762 -0.412932 0
    outer loop
      vertex 18.8625 7.06754 0.389999
      vertex 18.9286 7.21333 0
      vertex 18.9286 7.21333 0.389999
    endloop
  endfacet
  facet normal 0.910762 -0.412932 0
    outer loop
      vertex 18.9286 7.21333 0
      vertex 18.8625 7.06754 0.389999
      vertex 18.8625 7.06754 0
    endloop
  endfacet
  facet normal 0.948898 -0.315584 0
    outer loop
      vertex 18.9286 7.21333 0.389999
      vertex 18.9845 7.38141 0
      vertex 18.9845 7.38141 0.389999
    endloop
  endfacet
  facet normal 0.948898 -0.315584 0
    outer loop
      vertex 18.9845 7.38141 0
      vertex 18.9286 7.21333 0.389999
      vertex 18.9286 7.21333 0
    endloop
  endfacet
  facet normal 0.972258 -0.23391 0
    outer loop
      vertex 18.9845 7.38141 0.389999
      vertex 19.0303 7.57178 0
      vertex 19.0303 7.57178 0.389999
    endloop
  endfacet
  facet normal 0.972258 -0.23391 0
    outer loop
      vertex 19.0303 7.57178 0
      vertex 18.9845 7.38141 0.389999
      vertex 18.9845 7.38141 0
    endloop
  endfacet
  facet normal 0.986272 -0.165129 0
    outer loop
      vertex 19.0303 7.57178 0.389999
      vertex 19.0659 7.78441 0
      vertex 19.0659 7.78441 0.389999
    endloop
  endfacet
  facet normal 0.986272 -0.165129 0
    outer loop
      vertex 19.0659 7.78441 0
      vertex 19.0303 7.57178 0.389999
      vertex 19.0303 7.57178 0
    endloop
  endfacet
  facet normal 0.994206 -0.107495 0
    outer loop
      vertex 19.0659 7.78441 0.389999
      vertex 19.0913 8.01933 0
      vertex 19.0913 8.01933 0.389999
    endloop
  endfacet
  facet normal 0.994206 -0.107495 0
    outer loop
      vertex 19.0913 8.01933 0
      vertex 19.0659 7.78441 0.389999
      vertex 19.0659 7.78441 0
    endloop
  endfacet
  facet normal 0.998236 -0.0593772 0
    outer loop
      vertex 19.0913 8.01933 0.389999
      vertex 19.1066 8.27655 0
      vertex 19.1066 8.27655 0.389999
    endloop
  endfacet
  facet normal 0.998236 -0.0593772 0
    outer loop
      vertex 19.1066 8.27655 0
      vertex 19.0913 8.01933 0.389999
      vertex 19.0913 8.01933 0
    endloop
  endfacet
  facet normal 0.999834 -0.0182458 0
    outer loop
      vertex 19.1066 8.27655 0.389999
      vertex 19.1117 8.55602 0
      vertex 19.1117 8.55602 0.389999
    endloop
  endfacet
  facet normal 0.999834 -0.0182458 0
    outer loop
      vertex 19.1117 8.55602 0
      vertex 19.1066 8.27655 0.389999
      vertex 19.1066 8.27655 0
    endloop
  endfacet
  facet normal 0.999842 0.0177487 0
    outer loop
      vertex 19.1117 8.55602 0.389999
      vertex 19.1066 8.84332 0
      vertex 19.1066 8.84332 0.389999
    endloop
  endfacet
  facet normal 0.999842 0.0177487 0
    outer loop
      vertex 19.1066 8.84332 0
      vertex 19.1117 8.55602 0.389999
      vertex 19.1117 8.55602 0
    endloop
  endfacet
  facet normal 0.99838 0.0568942 0
    outer loop
      vertex 19.1066 8.84332 0.389999
      vertex 19.0916 9.10654 0
      vertex 19.0916 9.10654 0.389999
    endloop
  endfacet
  facet normal 0.99838 0.0568942 0
    outer loop
      vertex 19.0916 9.10654 0
      vertex 19.1066 8.84332 0.389999
      vertex 19.1066 8.84332 0
    endloop
  endfacet
  facet normal 0.994536 0.10439 0
    outer loop
      vertex 19.0916 9.10654 0.389999
      vertex 19.0665 9.34567 0
      vertex 19.0665 9.34567 0.389999
    endloop
  endfacet
  facet normal 0.994536 0.10439 0
    outer loop
      vertex 19.0665 9.34567 0
      vertex 19.0916 9.10654 0.389999
      vertex 19.0916 9.10654 0
    endloop
  endfacet
  facet normal 0.986942 0.161079 0
    outer loop
      vertex 19.0665 9.34567 0.389999
      vertex 19.0314 9.56073 0
      vertex 19.0314 9.56073 0.389999
    endloop
  endfacet
  facet normal 0.986942 0.161079 0
    outer loop
      vertex 19.0314 9.56073 0
      vertex 19.0665 9.34567 0.389999
      vertex 19.0665 9.34567 0
    endloop
  endfacet
  facet normal 0.973231 0.229829 0
    outer loop
      vertex 19.0314 9.56073 0.389999
      vertex 18.9863 9.75171 0
      vertex 18.9863 9.75171 0.389999
    endloop
  endfacet
  facet normal 0.973231 0.229829 0
    outer loop
      vertex 18.9863 9.75171 0
      vertex 19.0314 9.56073 0.389999
      vertex 19.0314 9.56073 0
    endloop
  endfacet
  facet normal 0.94942 0.314008 0
    outer loop
      vertex 18.9863 9.75171 0.389999
      vertex 18.9311 9.91861 0
      vertex 18.9311 9.91861 0.389999
    endloop
  endfacet
  facet normal 0.94942 0.314008 0
    outer loop
      vertex 18.9311 9.91861 0
      vertex 18.9863 9.75171 0.389999
      vertex 18.9863 9.75171 0
    endloop
  endfacet
  facet normal 0.909656 0.415362 0
    outer loop
      vertex 18.9311 9.91861 0.389999
      vertex 18.8659 10.0614 0
      vertex 18.8659 10.0614 0.389999
    endloop
  endfacet
  facet normal 0.909656 0.415362 0
    outer loop
      vertex 18.8659 10.0614 0
      vertex 18.9311 9.91861 0.389999
      vertex 18.9311 9.91861 0
    endloop
  endfacet
  facet normal 0.84529 0.534307 0
    outer loop
      vertex 18.8659 10.0614 0.389999
      vertex 18.7891 10.1829 0
      vertex 18.7891 10.1829 0.389999
    endloop
  endfacet
  facet normal 0.84529 0.534307 0
    outer loop
      vertex 18.7891 10.1829 0
      vertex 18.8659 10.0614 0.389999
      vertex 18.8659 10.0614 0
    endloop
  endfacet
  facet normal 0.75353 0.657413 0
    outer loop
      vertex 18.7891 10.1829 0.389999
      vertex 18.6995 10.2856 0
      vertex 18.6995 10.2856 0.389999
    endloop
  endfacet
  facet normal 0.75353 0.657413 0
    outer loop
      vertex 18.6995 10.2856 0
      vertex 18.7891 10.1829 0.389999
      vertex 18.7891 10.1829 0
    endloop
  endfacet
  facet normal 0.633935 0.773386 -0
    outer loop
      vertex 18.6995 10.2856 0
      vertex 18.5969 10.3697 0.389999
      vertex 18.6995 10.2856 0.389999
    endloop
  endfacet
  facet normal 0.633935 0.773386 0
    outer loop
      vertex 18.5969 10.3697 0.389999
      vertex 18.6995 10.2856 0
      vertex 18.5969 10.3697 0
    endloop
  endfacet
  facet normal 0.492727 0.870184 -0
    outer loop
      vertex 18.5969 10.3697 0
      vertex 18.4814 10.4351 0.389999
      vertex 18.5969 10.3697 0.389999
    endloop
  endfacet
  facet normal 0.492727 0.870184 0
    outer loop
      vertex 18.4814 10.4351 0.389999
      vertex 18.5969 10.3697 0
      vertex 18.4814 10.4351 0
    endloop
  endfacet
  facet normal 0.341567 0.939857 -0
    outer loop
      vertex 18.4814 10.4351 0
      vertex 18.3529 10.4818 0.389999
      vertex 18.4814 10.4351 0.389999
    endloop
  endfacet
  facet normal 0.341567 0.939857 0
    outer loop
      vertex 18.3529 10.4818 0.389999
      vertex 18.4814 10.4351 0
      vertex 18.3529 10.4818 0
    endloop
  endfacet
  facet normal 0.194248 0.980952 -0
    outer loop
      vertex 18.3529 10.4818 0
      vertex 18.2115 10.5098 0.389999
      vertex 18.3529 10.4818 0.389999
    endloop
  endfacet
  facet normal 0.194248 0.980952 0
    outer loop
      vertex 18.2115 10.5098 0.389999
      vertex 18.3529 10.4818 0
      vertex 18.2115 10.5098 0
    endloop
  endfacet
  facet normal 0.0608076 0.99815 -0
    outer loop
      vertex 18.2115 10.5098 0
      vertex 18.0572 10.5192 0.389999
      vertex 18.2115 10.5098 0.389999
    endloop
  endfacet
  facet normal 0.0608076 0.99815 0
    outer loop
      vertex 18.0572 10.5192 0.389999
      vertex 18.2115 10.5098 0
      vertex 18.0572 10.5192 0
    endloop
  endfacet
  facet normal -0.0629559 0.998016 0
    outer loop
      vertex 18.0572 10.5192 0
      vertex 17.9066 10.5097 0.389999
      vertex 18.0572 10.5192 0.389999
    endloop
  endfacet
  facet normal -0.0629559 0.998016 0
    outer loop
      vertex 17.9066 10.5097 0.389999
      vertex 18.0572 10.5192 0
      vertex 17.9066 10.5097 0
    endloop
  endfacet
  facet normal -0.202254 0.979333 0
    outer loop
      vertex 17.9066 10.5097 0
      vertex 17.7686 10.4812 0.389999
      vertex 17.9066 10.5097 0.389999
    endloop
  endfacet
  facet normal -0.202254 0.979333 0
    outer loop
      vertex 17.7686 10.4812 0.389999
      vertex 17.9066 10.5097 0
      vertex 17.7686 10.4812 0
    endloop
  endfacet
  facet normal -0.353168 0.93556 0
    outer loop
      vertex 17.7686 10.4812 0
      vertex 17.6433 10.4339 0.389999
      vertex 17.7686 10.4812 0.389999
    endloop
  endfacet
  facet normal -0.353168 0.93556 0
    outer loop
      vertex 17.6433 10.4339 0.389999
      vertex 17.7686 10.4812 0
      vertex 17.6433 10.4339 0
    endloop
  endfacet
  facet normal -0.507956 0.861383 0
    outer loop
      vertex 17.6433 10.4339 0
      vertex 17.5307 10.3675 0.389999
      vertex 17.6433 10.4339 0.389999
    endloop
  endfacet
  facet normal -0.507956 0.861383 0
    outer loop
      vertex 17.5307 10.3675 0.389999
      vertex 17.6433 10.4339 0
      vertex 17.5307 10.3675 0
    endloop
  endfacet
  facet normal -0.649348 0.760491 0
    outer loop
      vertex 17.5307 10.3675 0
      vertex 17.4308 10.2822 0.389999
      vertex 17.5307 10.3675 0.389999
    endloop
  endfacet
  facet normal -0.649348 0.760491 0
    outer loop
      vertex 17.4308 10.2822 0.389999
      vertex 17.5307 10.3675 0
      vertex 17.4308 10.2822 0
    endloop
  endfacet
  facet normal -0.766833 0.641846 0
    outer loop
      vertex 17.3435 10.1779 0
      vertex 17.4308 10.2822 0.389999
      vertex 17.4308 10.2822 0
    endloop
  endfacet
  facet normal -0.766833 0.641846 0
    outer loop
      vertex 17.4308 10.2822 0.389999
      vertex 17.3435 10.1779 0
      vertex 17.3435 10.1779 0.389999
    endloop
  endfacet
  facet normal -0.855403 0.517963 0
    outer loop
      vertex 17.2689 10.0547 0
      vertex 17.3435 10.1779 0.389999
      vertex 17.3435 10.1779 0
    endloop
  endfacet
  facet normal -0.855403 0.517963 0
    outer loop
      vertex 17.3435 10.1779 0.389999
      vertex 17.2689 10.0547 0
      vertex 17.2689 10.0547 0.389999
    endloop
  endfacet
  facet normal -0.915379 0.402594 0
    outer loop
      vertex 17.2054 9.91032 0
      vertex 17.2689 10.0547 0.389999
      vertex 17.2689 10.0547 0
    endloop
  endfacet
  facet normal -0.915379 0.402594 0
    outer loop
      vertex 17.2689 10.0547 0.389999
      vertex 17.2054 9.91032 0
      vertex 17.2054 9.91032 0.389999
    endloop
  endfacet
  facet normal -0.952466 0.304644 0
    outer loop
      vertex 17.1518 9.74274 0
      vertex 17.2054 9.91032 0.389999
      vertex 17.2054 9.91032 0
    endloop
  endfacet
  facet normal -0.952466 0.304644 0
    outer loop
      vertex 17.2054 9.91032 0.389999
      vertex 17.1518 9.74274 0
      vertex 17.1518 9.74274 0.389999
    endloop
  endfacet
  facet normal -0.974548 0.224181 0
    outer loop
      vertex 17.1079 9.5519 0
      vertex 17.1518 9.74274 0.389999
      vertex 17.1518 9.74274 0
    endloop
  endfacet
  facet normal -0.974548 0.224181 0
    outer loop
      vertex 17.1518 9.74274 0.389999
      vertex 17.1079 9.5519 0
      vertex 17.1079 9.5519 0.389999
    endloop
  endfacet
  facet normal -0.987481 0.157739 0
    outer loop
      vertex 17.0737 9.3378 0
      vertex 17.1079 9.5519 0.389999
      vertex 17.1079 9.5519 0
    endloop
  endfacet
  facet normal -0.987481 0.157739 0
    outer loop
      vertex 17.1079 9.5519 0.389999
      vertex 17.0737 9.3378 0
      vertex 17.0737 9.3378 0.389999
    endloop
  endfacet
  facet normal -0.994757 0.102267 0
    outer loop
      vertex 17.0493 9.10046 0
      vertex 17.0737 9.3378 0.389999
      vertex 17.0737 9.3378 0
    endloop
  endfacet
  facet normal -0.994757 0.102267 0
    outer loop
      vertex 17.0737 9.3378 0.389999
      vertex 17.0493 9.10046 0
      vertex 17.0493 9.10046 0.389999
    endloop
  endfacet
  facet normal -0.998434 0.0559368 0
    outer loop
      vertex 17.0347 8.83986 0
      vertex 17.0493 9.10046 0.389999
      vertex 17.0493 9.10046 0
    endloop
  endfacet
  facet normal -0.998434 0.0559368 0
    outer loop
      vertex 17.0493 9.10046 0.389999
      vertex 17.0347 8.83986 0
      vertex 17.0347 8.83986 0.389999
    endloop
  endfacet
  facet normal -0.999851 0.0172607 0
    outer loop
      vertex 17.0298 8.55602 0
      vertex 17.0347 8.83986 0.389999
      vertex 17.0347 8.83986 0
    endloop
  endfacet
  facet normal -0.999851 0.0172607 0
    outer loop
      vertex 17.0347 8.83986 0.389999
      vertex 17.0298 8.55602 0
      vertex 17.0298 8.55602 0.389999
    endloop
  endfacet
  facet normal -0.999827 -0.0185909 0
    outer loop
      vertex 17.0349 8.28174 0
      vertex 17.0298 8.55602 0.389999
      vertex 17.0298 8.55602 0
    endloop
  endfacet
  facet normal -0.999827 -0.0185909 0
    outer loop
      vertex 17.0298 8.55602 0.389999
      vertex 17.0349 8.28174 0
      vertex 17.0349 8.28174 0.389999
    endloop
  endfacet
  facet normal -0.998157 -0.0606926 0
    outer loop
      vertex 17.0503 8.02847 0
      vertex 17.0349 8.28174 0.389999
      vertex 17.0349 8.28174 0
    endloop
  endfacet
  facet normal -0.998157 -0.0606926 0
    outer loop
      vertex 17.0349 8.28174 0.389999
      vertex 17.0503 8.02847 0
      vertex 17.0503 8.02847 0.389999
    endloop
  endfacet
  facet normal -0.993978 -0.109576 0
    outer loop
      vertex 17.0759 7.79625 0
      vertex 17.0503 8.02847 0.389999
      vertex 17.0503 8.02847 0
    endloop
  endfacet
  facet normal -0.993978 -0.109576 0
    outer loop
      vertex 17.0503 8.02847 0.389999
      vertex 17.0759 7.79625 0
      vertex 17.0759 7.79625 0.389999
    endloop
  endfacet
  facet normal -0.985936 -0.167124 0
    outer loop
      vertex 17.1117 7.58505 0
      vertex 17.0759 7.79625 0.389999
      vertex 17.0759 7.79625 0
    endloop
  endfacet
  facet normal -0.985936 -0.167124 0
    outer loop
      vertex 17.0759 7.79625 0.389999
      vertex 17.1117 7.58505 0
      vertex 17.1117 7.58505 0.389999
    endloop
  endfacet
  facet normal -0.971847 -0.235615 0
    outer loop
      vertex 17.1578 7.3949 0
      vertex 17.1117 7.58505 0.389999
      vertex 17.1117 7.58505 0
    endloop
  endfacet
  facet normal -0.971847 -0.235615 0
    outer loop
      vertex 17.1117 7.58505 0.389999
      vertex 17.1578 7.3949 0
      vertex 17.1578 7.3949 0.389999
    endloop
  endfacet
  facet normal -0.948812 -0.315841 0
    outer loop
      vertex 17.2141 7.22577 0
      vertex 17.1578 7.3949 0.389999
      vertex 17.1578 7.3949 0
    endloop
  endfacet
  facet normal -0.948812 -0.315841 0
    outer loop
      vertex 17.1578 7.3949 0.389999
      vertex 17.2141 7.22577 0
      vertex 17.2141 7.22577 0.389999
    endloop
  endfacet
  facet normal -0.912015 -0.410157 0
    outer loop
      vertex 17.2807 7.07768 0
      vertex 17.2141 7.22577 0.389999
      vertex 17.2141 7.22577 0
    endloop
  endfacet
  facet normal -0.912015 -0.410157 0
    outer loop
      vertex 17.2141 7.22577 0.389999
      vertex 17.2807 7.07768 0
      vertex 17.2807 7.07768 0.389999
    endloop
  endfacet
  facet normal -0.85464 -0.519221 0
    outer loop
      vertex 17.3583 6.94995 0
      vertex 17.2807 7.07768 0.389999
      vertex 17.2807 7.07768 0
    endloop
  endfacet
  facet normal -0.85464 -0.519221 0
    outer loop
      vertex 17.2807 7.07768 0.389999
      vertex 17.3583 6.94995 0
      vertex 17.3583 6.94995 0.389999
    endloop
  endfacet
  facet normal -0.770904 -0.636951 0
    outer loop
      vertex 17.4476 6.84187 0
      vertex 17.3583 6.94995 0.389999
      vertex 17.3583 6.94995 0
    endloop
  endfacet
  facet normal -0.770904 -0.636951 0
    outer loop
      vertex 17.3583 6.94995 0.389999
      vertex 17.4476 6.84187 0
      vertex 17.4476 6.84187 0.389999
    endloop
  endfacet
  facet normal -0.65841 -0.75266 0
    outer loop
      vertex 17.4476 6.84187 0
      vertex 17.5487 6.75343 0.389999
      vertex 17.4476 6.84187 0.389999
    endloop
  endfacet
  facet normal -0.65841 -0.75266 -0
    outer loop
      vertex 17.5487 6.75343 0.389999
      vertex 17.4476 6.84187 0
      vertex 17.5487 6.75343 0
    endloop
  endfacet
  facet normal -0.520213 -0.854036 0
    outer loop
      vertex 17.5487 6.75343 0
      vertex 17.6616 6.68466 0.389999
      vertex 17.5487 6.75343 0.389999
    endloop
  endfacet
  facet normal -0.520213 -0.854036 -0
    outer loop
      vertex 17.6616 6.68466 0.389999
      vertex 17.5487 6.75343 0
      vertex 17.6616 6.68466 0
    endloop
  endfacet
  facet normal -0.366816 -0.930293 0
    outer loop
      vertex 17.6616 6.68466 0
      vertex 17.7862 6.63553 0.389999
      vertex 17.6616 6.68466 0.389999
    endloop
  endfacet
  facet normal -0.366816 -0.930293 -0
    outer loop
      vertex 17.7862 6.63553 0.389999
      vertex 17.6616 6.68466 0
      vertex 17.7862 6.63553 0
    endloop
  endfacet
  facet normal -0.211183 -0.977447 0
    outer loop
      vertex 17.7862 6.63553 0
      vertex 17.9226 6.60606 0.389999
      vertex 17.7862 6.63553 0.389999
    endloop
  endfacet
  facet normal -0.211183 -0.977447 -0
    outer loop
      vertex 17.9226 6.60606 0.389999
      vertex 17.7862 6.63553 0
      vertex 17.9226 6.60606 0
    endloop
  endfacet
  facet normal -0.0661168 -0.997812 0
    outer loop
      vertex 17.9226 6.60606 0
      vertex 18.0708 6.59624 0.389999
      vertex 17.9226 6.60606 0.389999
    endloop
  endfacet
  facet normal -0.0661168 -0.997812 -0
    outer loop
      vertex 18.0708 6.59624 0.389999
      vertex 17.9226 6.60606 0
      vertex 18.0708 6.59624 0
    endloop
  endfacet
  facet normal 0.0643629 -0.997927 0
    outer loop
      vertex 18.0708 6.59624 0
      vertex 18.2198 6.60585 0.389999
      vertex 18.0708 6.59624 0.389999
    endloop
  endfacet
  facet normal 0.0643629 -0.997927 0
    outer loop
      vertex 18.2198 6.60585 0.389999
      vertex 18.0708 6.59624 0
      vertex 18.2198 6.60585 0
    endloop
  endfacet
  facet normal -1 0 0
    outer loop
      vertex 0 40 0
      vertex 0 36.6 3
      vertex 0 40 7
    endloop
  endfacet
  facet normal -1 0 0
    outer loop
      vertex 0 40 0
      vertex 0 27.4 3
      vertex 0 36.6 3
    endloop
  endfacet
  facet normal -1 0 -0
    outer loop
      vertex 0 27.4 3
      vertex 0 40 0
      vertex 0 24 0
    endloop
  endfacet
  facet normal -1 -0 0
    outer loop
      vertex 0 40 7
      vertex 0 36.6 3
      vertex 0 35.1 7
    endloop
  endfacet
  facet normal -1 0 0
    outer loop
      vertex 0 24 7
      vertex 0 27.4 3
      vertex 0 24 0
    endloop
  endfacet
  facet normal -1 0 0
    outer loop
      vertex 0 27.4 3
      vertex 0 24 7
      vertex 0 28.9 7
    endloop
  endfacet
  facet normal -0 0 1
    outer loop
      vertex 0 28.9 7
      vertex 28 24 7
      vertex 28 28.9 7
    endloop
  endfacet
  facet normal 0 0 1
    outer loop
      vertex 28 24 7
      vertex 0 28.9 7
      vertex 0 24 7
    endloop
  endfacet
  facet normal -0 0 1
    outer loop
      vertex 0 40 7
      vertex 28 35.1 7
      vertex 28 40 7
    endloop
  endfacet
  facet normal 0 0 1
    outer loop
      vertex 28 35.1 7
      vertex 0 40 7
      vertex 0 35.1 7
    endloop
  endfacet
  facet normal 1 0 0
    outer loop
      vertex 28 28.9 7
      vertex 28 24 7
      vertex 28 27.4 3
    endloop
  endfacet
  facet normal 1 0 0
    outer loop
      vertex 28 40 7
      vertex 28 36.6 3
      vertex 28 40 0
    endloop
  endfacet
  facet normal 1 0 -0
    outer loop
      vertex 28 36.6 3
      vertex 28 40 7
      vertex 28 35.1 7
    endloop
  endfacet
  facet normal 1 -0 0
    outer loop
      vertex 28 27.4 3
      vertex 28 40 0
      vertex 28 36.6 3
    endloop
  endfacet
  facet normal 1 0 0
    outer loop
      vertex 28 27.4 3
      vertex 28 24 0
      vertex 28 40 0
    endloop
  endfacet
  facet normal 1 0 0
    outer loop
      vertex 28 24 0
      vertex 28 27.4 3
      vertex 28 24 7
    endloop
  endfacet
  facet normal 0 1 -0
    outer loop
      vertex 28 40 0
      vertex 0 40 7
      vertex 28 40 7
    endloop
  endfacet
  facet normal 0 1 0
    outer loop
      vertex 0 40 7
      vertex 28 40 0
      vertex 0 40 0
    endloop
  endfacet
  facet normal 0 0 -1
    outer loop
      vertex 0 24 0
      vertex 28 40 0
      vertex 28 24 0
    endloop
  endfacet
  facet normal -0 0 -1
    outer loop
      vertex 28 40 0
      vertex 0 24 0
      vertex 0 40 0
    endloop
  endfacet
  facet normal 0 -1 0
    outer loop
      vertex 0 24 0
      vertex 28 24 7
      vertex 0 24 7
    endloop
  endfacet
  facet normal 0 -1 -0
    outer loop
      vertex 28 24 7
      vertex 0 24 0
      vertex 28 24 0
    endloop
  endfacet
  facet normal -0 0 1
    outer loop
      vertex 0 36.6 3
      vertex 28 27.4 3
      vertex 28 36.6 3
    endloop
  endfacet
  facet normal 0 0 1
    outer loop
      vertex 28 27.4 3
      vertex 0 36.6 3
      vertex 0 27.4 3
    endloop
  endfacet
  facet normal 0 -0.936329 -0.351123
    outer loop
      vertex 0 36.6 3
      vertex 28 35.1 7
      vertex 0 35.1 7
    endloop
  endfacet
  facet normal 0 -0.936329 -0.351123
    outer loop
      vertex 28 35.1 7
      vertex 0 36.6 3
      vertex 28 36.6 3
    endloop
  endfacet
  facet normal 0 0.936329 -0.351123
    outer loop
      vertex 28 27.4 3
      vertex 0 28.9 7
      vertex 28 28.9 7
    endloop
  endfacet
  facet normal 0 0.936329 -0.351123
    outer loop
      vertex 0 28.9 7
      vertex 28 27.4 3
      vertex 0 27.4 3
    endloop
  endfacet
endsolid OpenSCAD_Model
