solid OpenSCAD_Model
  facet normal 1 0 0
    outer loop
      vertex 66 3 14
      vertex 66 53 0
      vertex 66 53 14
    endloop
  endfacet
  facet normal 1 0 0
    outer loop
      vertex 66 53 0
      vertex 66 3 14
      vertex 66 3 0
    endloop
  endfacet
  facet normal 0.9978589463682692 0.06540277633868208 0
    outer loop
      vertex 66 53 14
      vertex 65.97433471679688 53.391578674316406 0
      vertex 65.97433471679688 53.391578674316406 14
    endloop
  endfacet
  facet normal 0.9978589463682692 0.06540277633868208 0
    outer loop
      vertex 65.97433471679688 53.391578674316406 0
      vertex 66 53 14
      vertex 66 53 0
    endloop
  endfacet
  facet normal 0.980783540119571 0.19509907080896574 0
    outer loop
      vertex 65.97433471679688 53.391578674316406 14
      vertex 65.89777374267578 53.776458740234375 0
      vertex 65.89777374267578 53.776458740234375 14
    endloop
  endfacet
  facet normal 0.980783540119571 0.19509907080896574 0
    outer loop
      vertex 65.89777374267578 53.776458740234375 0
      vertex 65.97433471679688 53.391578674316406 14
      vertex 65.97433471679688 53.391578674316406 0
    endloop
  endfacet
  facet normal 0.7518451738303044 0.6593396958989194 0
    outer loop
      vertex 65.38005828857422 54.8262825012207 14
      vertex 65.12132263183594 55.12131881713867 0
      vertex 65.12132263183594 55.12131881713867 14
    endloop
  endfacet
  facet normal 0.7518451738303044 0.6593396958989194 0
    outer loop
      vertex 65.12132263183594 55.12131881713867 0
      vertex 65.38005828857422 54.8262825012207 14
      vertex 65.38005828857422 54.8262825012207 0
    endloop
  endfacet
  facet normal 0.9978589463682692 -0.06540277633868208 0
    outer loop
      vertex 65.97433471679688 2.6084213256835938 14
      vertex 66 3 0
      vertex 66 3 14
    endloop
  endfacet
  facet normal 0.9978589463682692 -0.06540277633868208 0
    outer loop
      vertex 66 3 0
      vertex 65.97433471679688 2.6084213256835938 14
      vertex 65.97433471679688 2.6084213256835938 0
    endloop
  endfacet
  facet normal -0.44228605724419434 0.8968740399673664 0
    outer loop
      vertex 1.851949691772461 55.771636962890625 0
      vertex 1.5 55.59807586669922 14
      vertex 1.851949691772461 55.771636962890625 14
    endloop
  endfacet
  facet normal -0.44228605724419434 0.8968740399673664 0
    outer loop
      vertex 1.5 55.59807586669922 14
      vertex 1.851949691772461 55.771636962890625 0
      vertex 1.5 55.59807586669922 0
    endloop
  endfacet
  facet normal -1 0 0
    outer loop
      vertex 0 13.5 0
      vertex 0 3 0
      vertex 0 13.5 3.34999942779541
    endloop
  endfacet
  facet normal -1 0 0
    outer loop
      vertex 0 25.5 3.34999942779541
      vertex 0 53 0
      vertex 0 25.5 0
    endloop
  endfacet
  facet normal -1 0 0
    outer loop
      vertex 0 53 0
      vertex 0 25.5 3.34999942779541
      vertex 0 53 14
    endloop
  endfacet
  facet normal -1 0 0
    outer loop
      vertex 0 3 14
      vertex 0 25.5 3.34999942779541
      vertex 0 13.5 3.34999942779541
    endloop
  endfacet
  facet normal -1 0 0
    outer loop
      vertex 0 25.5 3.34999942779541
      vertex 0 3 14
      vertex 0 53 14
    endloop
  endfacet
  facet normal -1 0 0
    outer loop
      vertex 0 3 14
      vertex 0 13.5 3.34999942779541
      vertex 0 3 0
    endloop
  endfacet
  facet normal 0.7518451738303044 -0.6593396958989194 0
    outer loop
      vertex 65.12132263183594 0.8786792755126953 14
      vertex 65.38005828857422 1.173715591430664 0
      vertex 65.38005828857422 1.173715591430664 14
    endloop
  endfacet
  facet normal 0.7518451738303044 -0.6593396958989194 0
    outer loop
      vertex 65.38005828857422 1.173715591430664 0
      vertex 65.12132263183594 0.8786792755126953 14
      vertex 65.12132263183594 0.8786792755126953 0
    endloop
  endfacet
  facet normal 0.9469315910190027 -0.3214351597604406 0
    outer loop
      vertex 65.77163696289062 1.851949691772461 14
      vertex 65.89777374267578 2.2235422134399414 0
      vertex 65.89777374267578 2.2235422134399414 14
    endloop
  endfacet
  facet normal 0.9469315910190027 -0.3214351597604406 0
    outer loop
      vertex 65.89777374267578 2.2235422134399414 0
      vertex 65.77163696289062 1.851949691772461 14
      vertex 65.77163696289062 1.851949691772461 0
    endloop
  endfacet
  facet normal 0 -1 0
    outer loop
      vertex 3 0 0
      vertex 63 0 14
      vertex 3 0 14
    endloop
  endfacet
  facet normal 0 -1 0
    outer loop
      vertex 63 0 14
      vertex 3 0 0
      vertex 63 0 0
    endloop
  endfacet
  facet normal -0.9978589463682692 -0.06540277633868208 0
    outer loop
      vertex 0.025665283203125 2.6084213256835938 0
      vertex 0 3 14
      vertex 0 3 0
    endloop
  endfacet
  facet normal -0.9978589463682692 -0.06540277633868208 0
    outer loop
      vertex 0 3 14
      vertex 0.025665283203125 2.6084213256835938 0
      vertex 0.025665283203125 2.6084213256835938 14
    endloop
  endfacet
  facet normal -0.831467696806873 0.5555730997507653 0
    outer loop
      vertex 0.40192317962646484 54.5 0
      vertex 0.6199398040771484 54.8262825012207 14
      vertex 0.6199398040771484 54.8262825012207 0
    endloop
  endfacet
  facet normal -0.831467696806873 0.5555730997507653 0
    outer loop
      vertex 0.6199398040771484 54.8262825012207 14
      vertex 0.40192317962646484 54.5 0
      vertex 0.40192317962646484 54.5 14
    endloop
  endfacet
  facet normal 0.44228608405767134 -0.8968740267445203 0
    outer loop
      vertex 64.1480484008789 0.2283611297607422 0
      vertex 64.5 0.40192317962646484 14
      vertex 64.1480484008789 0.2283611297607422 14
    endloop
  endfacet
  facet normal 0.44228608405767134 -0.8968740267445203 0
    outer loop
      vertex 64.5 0.40192317962646484 14
      vertex 64.1480484008789 0.2283611297607422 0
      vertex 64.5 0.40192317962646484 0
    endloop
  endfacet
  facet normal -0.06540277633868208 0.9978589463682692 0
    outer loop
      vertex 3 56 0
      vertex 2.6084213256835938 55.974334716796875 14
      vertex 3 56 14
    endloop
  endfacet
  facet normal -0.06540277633868208 0.9978589463682692 0
    outer loop
      vertex 2.6084213256835938 55.974334716796875 14
      vertex 3 56 0
      vertex 2.6084213256835938 55.974334716796875 0
    endloop
  endfacet
  facet normal -0.9807854001781174 0.19508971986614307 0
    outer loop
      vertex 0.025665283203125 53.391578674316406 0
      vertex 0.10222244262695312 53.776458740234375 14
      vertex 0.10222244262695312 53.776458740234375 0
    endloop
  endfacet
  facet normal -0.9807854001781174 0.19508971986614307 0
    outer loop
      vertex 0.10222244262695312 53.776458740234375 14
      vertex 0.025665283203125 53.391578674316406 0
      vertex 0.025665283203125 53.391578674316406 14
    endloop
  endfacet
  facet normal -0.4422880120929309 -0.8968730759471396 0
    outer loop
      vertex 1.5 0.40192317962646484 0
      vertex 1.851949691772461 0.2283611297607422 14
      vertex 1.5 0.40192317962646484 14
    endloop
  endfacet
  facet normal -0.4422880120929309 -0.8968730759471396 0
    outer loop
      vertex 1.851949691772461 0.2283611297607422 14
      vertex 1.5 0.40192317962646484 0
      vertex 1.851949691772461 0.2283611297607422 0
    endloop
  endfacet
  facet normal 0.06540277633868208 -0.9978589463682692 0
    outer loop
      vertex 63 0 0
      vertex 63.391578674316406 0.025665283203125 14
      vertex 63 0 14
    endloop
  endfacet
  facet normal 0.06540277633868208 -0.9978589463682692 0
    outer loop
      vertex 63.391578674316406 0.025665283203125 14
      vertex 63 0 0
      vertex 63.391578674316406 0.025665283203125 0
    endloop
  endfacet
  facet normal -0.65934519087334 -0.7518403549106677 0
    outer loop
      vertex 0.8786792755126953 0.8786792755126953 0
      vertex 1.173715591430664 0.6199398040771484 14
      vertex 0.8786792755126953 0.8786792755126953 14
    endloop
  endfacet
  facet normal -0.65934519087334 -0.7518403549106677 0
    outer loop
      vertex 1.173715591430664 0.6199398040771484 14
      vertex 0.8786792755126953 0.8786792755126953 0
      vertex 1.173715591430664 0.6199398040771484 0
    endloop
  endfacet
  facet normal -0.65934519087334 0.7518403549106677 0
    outer loop
      vertex 1.173715591430664 55.38005828857422 0
      vertex 0.8786792755126953 55.12131881713867 14
      vertex 1.173715591430664 55.38005828857422 14
    endloop
  endfacet
  facet normal -0.65934519087334 0.7518403549106677 0
    outer loop
      vertex 0.8786792755126953 55.12131881713867 14
      vertex 1.173715591430664 55.38005828857422 0
      vertex 0.8786792755126953 55.12131881713867 0
    endloop
  endfacet
  facet normal -0.9978589463682692 0.06540277633868208 0
    outer loop
      vertex 0 53 0
      vertex 0.025665283203125 53.391578674316406 14
      vertex 0.025665283203125 53.391578674316406 0
    endloop
  endfacet
  facet normal -0.9978589463682692 0.06540277633868208 0
    outer loop
      vertex 0.025665283203125 53.391578674316406 14
      vertex 0 53 0
      vertex 0 53 14
    endloop
  endfacet
  facet normal -0.5555708544893759 -0.8314691970493824 0
    outer loop
      vertex 1.173715591430664 0.6199398040771484 0
      vertex 1.5 0.40192317962646484 14
      vertex 1.173715591430664 0.6199398040771484 14
    endloop
  endfacet
  facet normal -0.5555708544893759 -0.8314691970493824 0
    outer loop
      vertex 1.5 0.40192317962646484 14
      vertex 1.173715591430664 0.6199398040771484 0
      vertex 1.5 0.40192317962646484 0
    endloop
  endfacet
  facet normal 0 1 0
    outer loop
      vertex 63 56 0
      vertex 3 56 14
      vertex 63 56 14
    endloop
  endfacet
  facet normal 0 1 0
    outer loop
      vertex 3 56 14
      vertex 63 56 0
      vertex 3 56 0
    endloop
  endfacet
  facet normal 0.8968749907573645 0.4422841292133118 0
    outer loop
      vertex 65.77163696289062 54.148048400878906 14
      vertex 65.59807586669922 54.5 0
      vertex 65.59807586669922 54.5 14
    endloop
  endfacet
  facet normal 0.8968749907573645 0.4422841292133118 0
    outer loop
      vertex 65.59807586669922 54.5 0
      vertex 65.77163696289062 54.148048400878906 14
      vertex 65.77163696289062 54.148048400878906 0
    endloop
  endfacet
  facet normal 0.8314680744220302 -0.5555725346135475 0
    outer loop
      vertex 65.38005828857422 1.173715591430664 14
      vertex 65.59807586669922 1.5 0
      vertex 65.59807586669922 1.5 14
    endloop
  endfacet
  facet normal 0.8314680744220302 -0.5555725346135475 0
    outer loop
      vertex 65.59807586669922 1.5 0
      vertex 65.38005828857422 1.173715591430664 14
      vertex 65.38005828857422 1.173715591430664 0
    endloop
  endfacet
  facet normal 0.65934519087334 -0.7518403549106677 0
    outer loop
      vertex 64.82628631591797 0.6199398040771484 0
      vertex 65.12132263183594 0.8786792755126953 14
      vertex 64.82628631591797 0.6199398040771484 14
    endloop
  endfacet
  facet normal 0.65934519087334 -0.7518403549106677 0
    outer loop
      vertex 65.12132263183594 0.8786792755126953 14
      vertex 64.82628631591797 0.6199398040771484 0
      vertex 65.12132263183594 0.8786792755126953 0
    endloop
  endfacet
  facet normal -0.1950901848716038 0.9807853076829625 0
    outer loop
      vertex 2.6084213256835938 55.974334716796875 0
      vertex 2.2235422134399414 55.89777755737305 14
      vertex 2.6084213256835938 55.974334716796875 14
    endloop
  endfacet
  facet normal -0.1950901848716038 0.9807853076829625 0
    outer loop
      vertex 2.2235422134399414 55.89777755737305 14
      vertex 2.6084213256835938 55.974334716796875 0
      vertex 2.2235422134399414 55.89777755737305 0
    endloop
  endfacet
  facet normal 0.19508971986614307 -0.9807854001781174 0
    outer loop
      vertex 63.391578674316406 0.025665283203125 0
      vertex 63.776458740234375 0.10222244262695312 14
      vertex 63.391578674316406 0.025665283203125 14
    endloop
  endfacet
  facet normal 0.19508971986614307 -0.9807854001781174 0
    outer loop
      vertex 63.776458740234375 0.10222244262695312 14
      vertex 63.391578674316406 0.025665283203125 0
      vertex 63.776458740234375 0.10222244262695312 0
    endloop
  endfacet
  facet normal 0.321441737247364 -0.9469293582709307 0
    outer loop
      vertex 63.776458740234375 0.10222244262695312 0
      vertex 64.1480484008789 0.2283611297607422 14
      vertex 63.776458740234375 0.10222244262695312 14
    endloop
  endfacet
  facet normal 0.321441737247364 -0.9469293582709307 0
    outer loop
      vertex 64.1480484008789 0.2283611297607422 14
      vertex 63.776458740234375 0.10222244262695312 0
      vertex 64.1480484008789 0.2283611297607422 0
    endloop
  endfacet
  facet normal -0.9807853076829625 -0.1950901848716038 0
    outer loop
      vertex 0.10222244262695312 2.2235422134399414 0
      vertex 0.025665283203125 2.6084213256835938 14
      vertex 0.025665283203125 2.6084213256835938 0
    endloop
  endfacet
  facet normal -0.9807853076829625 -0.1950901848716038 0
    outer loop
      vertex 0.025665283203125 2.6084213256835938 14
      vertex 0.10222244262695312 2.2235422134399414 0
      vertex 0.10222244262695312 2.2235422134399414 14
    endloop
  endfacet
  facet normal 0.5555702893655277 0.8314695746533988 0
    outer loop
      vertex 64.82628631591797 55.38005828857422 0
      vertex 64.5 55.59807586669922 14
      vertex 64.82628631591797 55.38005828857422 14
    endloop
  endfacet
  facet normal 0.5555702893655277 0.8314695746533988 0
    outer loop
      vertex 64.5 55.59807586669922 14
      vertex 64.82628631591797 55.38005828857422 0
      vertex 64.5 55.59807586669922 0
    endloop
  endfacet
  facet normal 0.9807834476157244 -0.19509953583495104 0
    outer loop
      vertex 65.89777374267578 2.2235422134399414 14
      vertex 65.97433471679688 2.6084213256835938 0
      vertex 65.97433471679688 2.6084213256835938 14
    endloop
  endfacet
  facet normal 0.9807834476157244 -0.19509953583495104 0
    outer loop
      vertex 65.97433471679688 2.6084213256835938 0
      vertex 65.89777374267578 2.2235422134399414 14
      vertex 65.89777374267578 2.2235422134399414 0
    endloop
  endfacet
  facet normal 0.8314665741724725 0.5555747798756637 0
    outer loop
      vertex 65.59807586669922 54.5 14
      vertex 65.38005828857422 54.8262825012207 0
      vertex 65.38005828857422 54.8262825012207 14
    endloop
  endfacet
  facet normal 0.8314665741724725 0.5555747798756637 0
    outer loop
      vertex 65.38005828857422 54.8262825012207 0
      vertex 65.59807586669922 54.5 14
      vertex 65.59807586669922 54.5 0
    endloop
  endfacet
  facet normal 0 0 1
    outer loop
      vertex 5.199999809265137 4 14
      vertex 7 4 14
      vertex 6.974333763122559 4.39157772064209 14
    endloop
  endfacet
  facet normal 0 0 1
    outer loop
      vertex 5.189733505249023 4.156630516052246 14
      vertex 6.974333763122559 4.39157772064209 14
      vertex 6.8977766036987305 4.776456832885742 14
    endloop
  endfacet
  facet normal 0 0 1
    outer loop
      vertex 7 4 14
      vertex 5.199999809265137 4 14
      vertex 6.974333763122559 3.6084213256835938 14
    endloop
  endfacet
  facet normal 0 0 1
    outer loop
      vertex 5.189733505249023 4.156630516052246 14
      vertex 6.8977766036987305 4.776456832885742 14
      vertex 6.771637916564941 5.148049354553223 14
    endloop
  endfacet
  facet normal 0 0 1
    outer loop
      vertex 5.189733505249023 3.8433685302734375 14
      vertex 6.974333763122559 3.6084213256835938 14
      vertex 5.199999809265137 4 14
    endloop
  endfacet
  facet normal 0 0 1
    outer loop
      vertex 5.189733505249023 4.156630516052246 14
      vertex 6.771637916564941 5.148049354553223 14
      vertex 6.598075866699219 5.5 14
    endloop
  endfacet
  facet normal 0 0 1
    outer loop
      vertex 6.974333763122559 3.6084213256835938 14
      vertex 5.189733505249023 3.8433685302734375 14
      vertex 6.8977766036987305 3.2235422134399414 14
    endloop
  endfacet
  facet normal 0 0 1
    outer loop
      vertex 5.159110069274902 3.6894168853759766 14
      vertex 6.8977766036987305 3.2235422134399414 14
      vertex 5.189733505249023 3.8433685302734375 14
    endloop
  endfacet
  facet normal 0 0 1
    outer loop
      vertex 5.189733505249023 4.156630516052246 14
      vertex 6.598075866699219 5.5 14
      vertex 6.380059242248535 5.8262834548950195 14
    endloop
  endfacet
  facet normal 0 0 1
    outer loop
      vertex 60.84088897705078 4.310582160949707 14
      vertex 59.10222244262695 4.776456832885742 14
      vertex 60.810264587402344 4.156630516052246 14
    endloop
  endfacet
  facet normal 0 0 1
    outer loop
      vertex 59.025665283203125 4.39157772064209 14
      vertex 60.810264587402344 4.156630516052246 14
      vertex 59.10222244262695 4.776456832885742 14
    endloop
  endfacet
  facet normal 0 0 1
    outer loop
      vertex 59.40192413330078 2.5 14
      vertex 60.79999923706055 4 14
      vertex 59.228363037109375 2.851949691772461 14
    endloop
  endfacet
  facet normal 0 0 1
    outer loop
      vertex 60.79999923706055 4 14
      vertex 59.40192413330078 2.5 14
      vertex 59.46874237060547 2.3999996185302734 14
    endloop
  endfacet
  facet normal 0 0 1
    outer loop
      vertex 60.810264587402344 4.156630516052246 14
      vertex 59.025665283203125 4.39157772064209 14
      vertex 60.79999923706055 4 14
    endloop
  endfacet
  facet normal 0 0 1
    outer loop
      vertex 60.79999923706055 4 14
      vertex 59.10222244262695 3.2235422134399414 14
      vertex 59.228363037109375 2.851949691772461 14
    endloop
  endfacet
  facet normal 0 0 1
    outer loop
      vertex 59 4 14
      vertex 60.79999923706055 4 14
      vertex 59.025665283203125 4.39157772064209 14
    endloop
  endfacet
  facet normal 0 0 1
    outer loop
      vertex 60.79999923706055 4 14
      vertex 59.025665283203125 3.6084213256835938 14
      vertex 59.10222244262695 3.2235422134399414 14
    endloop
  endfacet
  facet normal 0 0 1
    outer loop
      vertex 60.79999923706055 4 14
      vertex 59 4 14
      vertex 59.025665283203125 3.6084213256835938 14
    endloop
  endfacet
  facet normal 0 0 1
    outer loop
      vertex 60.84088897705078 52.31058120727539 14
      vertex 59.10222244262695 52.776458740234375 14
      vertex 60.810264587402344 52.15663146972656 14
    endloop
  endfacet
  facet normal 0 0 1
    outer loop
      vertex 60.79999923706055 52 14
      vertex 59.40192413330078 50.5 14
      vertex 59.61994171142578 50.17371368408203 14
    endloop
  endfacet
  facet normal 0 0 1
    outer loop
      vertex 59.025665283203125 52.391578674316406 14
      vertex 60.810264587402344 52.15663146972656 14
      vertex 59.10222244262695 52.776458740234375 14
    endloop
  endfacet
  facet normal 0 0 1
    outer loop
      vertex 60.79999923706055 52 14
      vertex 59.228363037109375 50.851951599121094 14
      vertex 59.40192413330078 50.5 14
    endloop
  endfacet
  facet normal 0 0 1
    outer loop
      vertex 60.810264587402344 52.15663146972656 14
      vertex 59.025665283203125 52.391578674316406 14
      vertex 60.79999923706055 52 14
    endloop
  endfacet
  facet normal 0 0 1
    outer loop
      vertex 60.79999923706055 52 14
      vertex 59.10222244262695 51.223541259765625 14
      vertex 59.228363037109375 50.851951599121094 14
    endloop
  endfacet
  facet normal 0 0 1
    outer loop
      vertex 59 52 14
      vertex 60.79999923706055 52 14
      vertex 59.025665283203125 52.391578674316406 14
    endloop
  endfacet
  facet normal 0 0 1
    outer loop
      vertex 60.79999923706055 52 14
      vertex 59.025665283203125 51.608421325683594 14
      vertex 59.10222244262695 51.223541259765625 14
    endloop
  endfacet
  facet normal 0 0 1
    outer loop
      vertex 60.79999923706055 52 14
      vertex 59 52 14
      vertex 59.025665283203125 51.608421325683594 14
    endloop
  endfacet
  facet normal 0 0 1
    outer loop
      vertex 5.199999809265137 52 14
      vertex 7 52 14
      vertex 6.974333763122559 52.391578674316406 14
    endloop
  endfacet
  facet normal 0 0 1
    outer loop
      vertex 5.189733505249023 52.15663146972656 14
      vertex 6.974333763122559 52.391578674316406 14
      vertex 6.8977766036987305 52.776458740234375 14
    endloop
  endfacet
  facet normal 0 0 1
    outer loop
      vertex 7 52 14
      vertex 5.199999809265137 52 14
      vertex 6.974333763122559 51.608421325683594 14
    endloop
  endfacet
  facet normal 0 0 1
    outer loop
      vertex 5.159110069274902 52.31058120727539 14
      vertex 6.8977766036987305 52.776458740234375 14
      vertex 6.771637916564941 53.148048400878906 14
    endloop
  endfacet
  facet normal 0 0 1
    outer loop
      vertex 5.189733505249023 51.84336853027344 14
      vertex 6.974333763122559 51.608421325683594 14
      vertex 5.199999809265137 52 14
    endloop
  endfacet
  facet normal 0 0 1
    outer loop
      vertex 5.108654975891113 52.45922088623047 14
      vertex 6.771637916564941 53.148048400878906 14
      vertex 6.598075866699219 53.5 14
    endloop
  endfacet
  facet normal 0 0 1
    outer loop
      vertex 6.974333763122559 51.608421325683594 14
      vertex 5.189733505249023 51.84336853027344 14
      vertex 6.8977766036987305 51.223541259765625 14
    endloop
  endfacet
  facet normal 0 0 1
    outer loop
      vertex 5.0392303466796875 52.599998474121094 14
      vertex 6.598075866699219 53.5 14
      vertex 6.5312581062316895 53.599998474121094 14
    endloop
  endfacet
  facet normal 0 0 1
    outer loop
      vertex 5.159110069274902 51.689414978027344 14
      vertex 6.8977766036987305 51.223541259765625 14
      vertex 5.189733505249023 51.84336853027344 14
    endloop
  endfacet
  facet normal 0 0 1
    outer loop
      vertex 6.974333763122559 4.39157772064209 14
      vertex 5.189733505249023 4.156630516052246 14
      vertex 5.199999809265137 4 14
    endloop
  endfacet
  facet normal 0 0 1
    outer loop
      vertex 5.8262834548950195 6.380059242248535 14
      vertex 5.159110069274902 4.310582160949707 14
      vertex 5.189733505249023 4.156630516052246 14
    endloop
  endfacet
  facet normal 0 0 1
    outer loop
      vertex 4.59999942779541 5.0392303466796875 14
      vertex 5.5 6.598075866699219 14
      vertex 5.148049354553223 6.771637916564941 14
    endloop
  endfacet
  facet normal 0 0 1
    outer loop
      vertex 5.8262834548950195 6.380059242248535 14
      vertex 5.108654975891113 4.459219932556152 14
      vertex 5.159110069274902 4.310582160949707 14
    endloop
  endfacet
  facet normal 0 0 1
    outer loop
      vertex 5.8262834548950195 6.380059242248535 14
      vertex 5.0392303466796875 4.59999942779541 14
      vertex 5.108654975891113 4.459219932556152 14
    endloop
  endfacet
  facet normal 0 0 1
    outer loop
      vertex 5.8262834548950195 6.380059242248535 14
      vertex 4.952023506164551 4.730513572692871 14
      vertex 5.0392303466796875 4.59999942779541 14
    endloop
  endfacet
  facet normal 0 0 1
    outer loop
      vertex 5.8262834548950195 6.380059242248535 14
      vertex 4.848527908325195 4.848527908325195 14
      vertex 4.952023506164551 4.730513572692871 14
    endloop
  endfacet
  facet normal 0 0 1
    outer loop
      vertex 4.459219932556152 5.108654975891113 14
      vertex 5.148049354553223 6.771637916564941 14
      vertex 4.776456832885742 6.8977766036987305 14
    endloop
  endfacet
  facet normal 0 0 1
    outer loop
      vertex 5.8262834548950195 6.380059242248535 14
      vertex 4.730513572692871 4.952023506164551 14
      vertex 4.848527908325195 4.848527908325195 14
    endloop
  endfacet
  facet normal 0 0 1
    outer loop
      vertex 5.5 6.598075866699219 14
      vertex 4.59999942779541 5.0392303466796875 14
      vertex 4.730513572692871 4.952023506164551 14
    endloop
  endfacet
  facet normal 0 0 1
    outer loop
      vertex 5.148049354553223 6.771637916564941 14
      vertex 4.459219932556152 5.108654975891113 14
      vertex 4.59999942779541 5.0392303466796875 14
    endloop
  endfacet
  facet normal 0 0 1
    outer loop
      vertex 4.310582160949707 5.159110069274902 14
      vertex 4.776456832885742 6.8977766036987305 14
      vertex 4.39157772064209 6.974333763122559 14
    endloop
  endfacet
  facet normal 0 0 1
    outer loop
      vertex 4.776456832885742 6.8977766036987305 14
      vertex 4.310582160949707 5.159110069274902 14
      vertex 4.459219932556152 5.108654975891113 14
    endloop
  endfacet
  facet normal 0 0 1
    outer loop
      vertex 4.39157772064209 6.974333763122559 14
      vertex 4.156630516052246 5.189733505249023 14
      vertex 4.310582160949707 5.159110069274902 14
    endloop
  endfacet
  facet normal 0 0 1
    outer loop
      vertex 4 7 14
      vertex 4.156630516052246 5.189733505249023 14
      vertex 4.39157772064209 6.974333763122559 14
    endloop
  endfacet
  facet normal 0 0 1
    outer loop
      vertex 4 7 14
      vertex 4 5.199999809265137 14
      vertex 4.156630516052246 5.189733505249023 14
    endloop
  endfacet
  facet normal 0 0 1
    outer loop
      vertex 4 7 14
      vertex 3.8433685302734375 5.189733505249023 14
      vertex 4 5.199999809265137 14
    endloop
  endfacet
  facet normal 0 0 1
    outer loop
      vertex 3.6084213256835938 6.974333763122559 14
      vertex 3.8433685302734375 5.189733505249023 14
      vertex 4 7 14
    endloop
  endfacet
  facet normal 0 0 1
    outer loop
      vertex 3.8433685302734375 5.189733505249023 14
      vertex 3.6084213256835938 6.974333763122559 14
      vertex 3.6894168853759766 5.159110069274902 14
    endloop
  endfacet
  facet normal 0 0 1
    outer loop
      vertex 3.2235422134399414 6.8977766036987305 14
      vertex 3.6894168853759766 5.159110069274902 14
      vertex 3.6084213256835938 6.974333763122559 14
    endloop
  endfacet
  facet normal 0 0 1
    outer loop
      vertex 3.6894168853759766 5.159110069274902 14
      vertex 3.2235422134399414 6.8977766036987305 14
      vertex 3.5407791137695312 5.108654975891113 14
    endloop
  endfacet
  facet normal 0 0 1
    outer loop
      vertex 2.851949691772461 6.771637916564941 14
      vertex 3.5407791137695312 5.108654975891113 14
      vertex 3.2235422134399414 6.8977766036987305 14
    endloop
  endfacet
  facet normal 0 0 1
    outer loop
      vertex 3.5407791137695312 5.108654975891113 14
      vertex 2.851949691772461 6.771637916564941 14
      vertex 3.3999996185302734 5.0392303466796875 14
    endloop
  endfacet
  facet normal 0 0 1
    outer loop
      vertex 2.5 6.598075866699219 14
      vertex 3.3999996185302734 5.0392303466796875 14
      vertex 2.851949691772461 6.771637916564941 14
    endloop
  endfacet
  facet normal 0 0 1
    outer loop
      vertex 2.3999996185302734 6.531257629394531 14
      vertex 3.3999996185302734 5.0392303466796875 14
      vertex 2.5 6.598075866699219 14
    endloop
  endfacet
  facet normal 0 0 1
    outer loop
      vertex 3.3999996185302734 5.0392303466796875 14
      vertex 2.3999996185302734 6.531257629394531 14
      vertex 3.2694854736328125 4.952023506164551 14
    endloop
  endfacet
  facet normal 0 0 1
    outer loop
      vertex 3.2694854736328125 4.952023506164551 14
      vertex 2.3999996185302734 6.531257629394531 14
      vertex 3.1514711380004883 4.848527908325195 14
    endloop
  endfacet
  facet normal 0 0 1
    outer loop
      vertex 3.1514711380004883 4.848527908325195 14
      vertex 2.3999996185302734 6.531257629394531 14
      vertex 3.047975540161133 4.730513572692871 14
    endloop
  endfacet
  facet normal 0 0 1
    outer loop
      vertex 3.047975540161133 4.730513572692871 14
      vertex 2.3999996185302734 6.531257629394531 14
      vertex 2.960768699645996 4.59999942779541 14
    endloop
  endfacet
  facet normal 0 0 1
    outer loop
      vertex 2.960768699645996 4.59999942779541 14
      vertex 2.3999996185302734 6.531257629394531 14
      vertex 2.8913440704345703 4.459219932556152 14
    endloop
  endfacet
  facet normal 0 0 1
    outer loop
      vertex 2.8913440704345703 4.459219932556152 14
      vertex 2.3999996185302734 6.531257629394531 14
      vertex 2.8408889770507812 4.310582160949707 14
    endloop
  endfacet
  facet normal 0 0 1
    outer loop
      vertex 0 3 14
      vertex 2.8408889770507812 4.310582160949707 14
      vertex 2.3999996185302734 6.531257629394531 14
    endloop
  endfacet
  facet normal 0 0 1
    outer loop
      vertex 2.8408889770507812 4.310582160949707 14
      vertex 0 3 14
      vertex 2.81026554107666 4.156630516052246 14
    endloop
  endfacet
  facet normal 0 0 1
    outer loop
      vertex 2.81026554107666 4.156630516052246 14
      vertex 0 3 14
      vertex 2.799999237060547 4 14
    endloop
  endfacet
  facet normal 0 0 1
    outer loop
      vertex 0.025665283203125 2.6084213256835938 14
      vertex 2.799999237060547 4 14
      vertex 0 3 14
    endloop
  endfacet
  facet normal 0 0 1
    outer loop
      vertex 2.3999996185302734 49.46874237060547 14
      vertex 0 53 14
      vertex 2.3999996185302734 6.531257629394531 14
    endloop
  endfacet
  facet normal 0 0 1
    outer loop
      vertex 0 53 14
      vertex 2.2235422134399414 55.89777755737305 14
      vertex 1.851949691772461 55.771636962890625 14
    endloop
  endfacet
  facet normal 0 0 1
    outer loop
      vertex 0 3 14
      vertex 2.3999996185302734 6.531257629394531 14
      vertex 0 53 14
    endloop
  endfacet
  facet normal 0 0 1
    outer loop
      vertex 0 53 14
      vertex 1.851949691772461 55.771636962890625 14
      vertex 1.5 55.59807586669922 14
    endloop
  endfacet
  facet normal 0 0 1
    outer loop
      vertex 2.799999237060547 4 14
      vertex 2.2235422134399414 0.10222244262695312 14
      vertex 2.6084213256835938 0.025665283203125 14
    endloop
  endfacet
  facet normal 0 0 1
    outer loop
      vertex 0 53 14
      vertex 1.5 55.59807586669922 14
      vertex 1.173715591430664 55.38005828857422 14
    endloop
  endfacet
  facet normal 0 0 1
    outer loop
      vertex 2.799999237060547 4 14
      vertex 1.851949691772461 0.2283611297607422 14
      vertex 2.2235422134399414 0.10222244262695312 14
    endloop
  endfacet
  facet normal 0 0 1
    outer loop
      vertex 0 53 14
      vertex 1.173715591430664 55.38005828857422 14
      vertex 0.8786792755126953 55.12131881713867 14
    endloop
  endfacet
  facet normal 0 0 1
    outer loop
      vertex 2.799999237060547 4 14
      vertex 1.5 0.40192317962646484 14
      vertex 1.851949691772461 0.2283611297607422 14
    endloop
  endfacet
  facet normal 0 0 1
    outer loop
      vertex 0 53 14
      vertex 0.8786792755126953 55.12131881713867 14
      vertex 0.6199398040771484 54.8262825012207 14
    endloop
  endfacet
  facet normal 0 0 1
    outer loop
      vertex 2.799999237060547 4 14
      vertex 1.173715591430664 0.6199398040771484 14
      vertex 1.5 0.40192317962646484 14
    endloop
  endfacet
  facet normal 0 0 1
    outer loop
      vertex 0 53 14
      vertex 0.6199398040771484 54.8262825012207 14
      vertex 0.40192317962646484 54.5 14
    endloop
  endfacet
  facet normal 0 0 1
    outer loop
      vertex 2.799999237060547 4 14
      vertex 0.8786792755126953 0.8786792755126953 14
      vertex 1.173715591430664 0.6199398040771484 14
    endloop
  endfacet
  facet normal 0 0 1
    outer loop
      vertex 0 53 14
      vertex 0.40192317962646484 54.5 14
      vertex 0.2283611297607422 54.148048400878906 14
    endloop
  endfacet
  facet normal 0 0 1
    outer loop
      vertex 2.799999237060547 4 14
      vertex 0.6199398040771484 1.173715591430664 14
      vertex 0.8786792755126953 0.8786792755126953 14
    endloop
  endfacet
  facet normal 0 0 1
    outer loop
      vertex 0 53 14
      vertex 0.2283611297607422 54.148048400878906 14
      vertex 0.10222244262695312 53.776458740234375 14
    endloop
  endfacet
  facet normal 0 0 1
    outer loop
      vertex 2.799999237060547 4 14
      vertex 0.40192317962646484 1.5 14
      vertex 0.6199398040771484 1.173715591430664 14
    endloop
  endfacet
  facet normal 0 0 1
    outer loop
      vertex 0 53 14
      vertex 0.10222244262695312 53.776458740234375 14
      vertex 0.025665283203125 53.391578674316406 14
    endloop
  endfacet
  facet normal 0 0 1
    outer loop
      vertex 2.799999237060547 4 14
      vertex 0.2283611297607422 1.851949691772461 14
      vertex 0.40192317962646484 1.5 14
    endloop
  endfacet
  facet normal 0 0 1
    outer loop
      vertex 2.799999237060547 4 14
      vertex 0.10222244262695312 2.2235422134399414 14
      vertex 0.2283611297607422 1.851949691772461 14
    endloop
  endfacet
  facet normal 0 0 1
    outer loop
      vertex 2.799999237060547 4 14
      vertex 0.025665283203125 2.6084213256835938 14
      vertex 0.10222244262695312 2.2235422134399414 14
    endloop
  endfacet
  facet normal 0 0 1
    outer loop
      vertex 6.598075866699219 50.5 14
      vertex 5.0392303466796875 51.400001525878906 14
      vertex 6.380059242248535 50.17371368408203 14
    endloop
  endfacet
  facet normal 0 0 1
    outer loop
      vertex 4.952023506164551 51.26948547363281 14
      vertex 6.380059242248535 50.17371368408203 14
      vertex 5.0392303466796875 51.400001525878906 14
    endloop
  endfacet
  facet normal 0 0 1
    outer loop
      vertex 6.380059242248535 50.17371368408203 14
      vertex 4.952023506164551 51.26948547363281 14
      vertex 6.121319770812988 49.87867736816406 14
    endloop
  endfacet
  facet normal 0 0 1
    outer loop
      vertex 4.848527908325195 51.15147018432617 14
      vertex 6.121319770812988 49.87867736816406 14
      vertex 4.952023506164551 51.26948547363281 14
    endloop
  endfacet
  facet normal 0 0 1
    outer loop
      vertex 6.121319770812988 49.87867736816406 14
      vertex 4.848527908325195 51.15147018432617 14
      vertex 5.8262834548950195 49.61994171142578 14
    endloop
  endfacet
  facet normal 0 0 1
    outer loop
      vertex 4.730513572692871 51.0479736328125 14
      vertex 5.8262834548950195 49.61994171142578 14
      vertex 4.848527908325195 51.15147018432617 14
    endloop
  endfacet
  facet normal 0 0 1
    outer loop
      vertex 5.8262834548950195 49.61994171142578 14
      vertex 4.730513572692871 51.0479736328125 14
      vertex 5.5 49.40192413330078 14
    endloop
  endfacet
  facet normal 0 0 1
    outer loop
      vertex 4.59999942779541 50.96076965332031 14
      vertex 5.5 49.40192413330078 14
      vertex 4.730513572692871 51.0479736328125 14
    endloop
  endfacet
  facet normal 0 0 1
    outer loop
      vertex 5.5 49.40192413330078 14
      vertex 4.59999942779541 50.96076965332031 14
      vertex 5.148049354553223 49.228363037109375 14
    endloop
  endfacet
  facet normal 0 0 1
    outer loop
      vertex 4.459219932556152 50.89134216308594 14
      vertex 5.148049354553223 49.228363037109375 14
      vertex 4.59999942779541 50.96076965332031 14
    endloop
  endfacet
  facet normal 0 0 1
    outer loop
      vertex 5.148049354553223 49.228363037109375 14
      vertex 4.459219932556152 50.89134216308594 14
      vertex 4.776456832885742 49.10222244262695 14
    endloop
  endfacet
  facet normal 0 0 1
    outer loop
      vertex 4.310582160949707 50.84088897705078 14
      vertex 4.776456832885742 49.10222244262695 14
      vertex 4.459219932556152 50.89134216308594 14
    endloop
  endfacet
  facet normal 0 0 1
    outer loop
      vertex 4.776456832885742 49.10222244262695 14
      vertex 4.310582160949707 50.84088897705078 14
      vertex 4.39157772064209 49.025665283203125 14
    endloop
  endfacet
  facet normal 0 0 1
    outer loop
      vertex 4.156630516052246 50.810264587402344 14
      vertex 4.39157772064209 49.025665283203125 14
      vertex 4.310582160949707 50.84088897705078 14
    endloop
  endfacet
  facet normal 0 0 1
    outer loop
      vertex 4 50.79999923706055 14
      vertex 4.39157772064209 49.025665283203125 14
      vertex 4.156630516052246 50.810264587402344 14
    endloop
  endfacet
  facet normal 0 0 1
    outer loop
      vertex 4 50.79999923706055 14
      vertex 4 49 14
      vertex 4.39157772064209 49.025665283203125 14
    endloop
  endfacet
  facet normal 0 0 1
    outer loop
      vertex 3.8433685302734375 50.810264587402344 14
      vertex 4 49 14
      vertex 4 50.79999923706055 14
    endloop
  endfacet
  facet normal 0 0 1
    outer loop
      vertex 3.6084213256835938 49.025665283203125 14
      vertex 3.8433685302734375 50.810264587402344 14
      vertex 3.6894168853759766 50.84088897705078 14
    endloop
  endfacet
  facet normal 0 0 1
    outer loop
      vertex 3.8433685302734375 50.810264587402344 14
      vertex 3.6084213256835938 49.025665283203125 14
      vertex 4 49 14
    endloop
  endfacet
  facet normal 0 0 1
    outer loop
      vertex 3.2235422134399414 49.10222244262695 14
      vertex 3.6894168853759766 50.84088897705078 14
      vertex 3.5407791137695312 50.89134216308594 14
    endloop
  endfacet
  facet normal 0 0 1
    outer loop
      vertex 2.851949691772461 49.228363037109375 14
      vertex 3.5407791137695312 50.89134216308594 14
      vertex 3.3999996185302734 50.96076965332031 14
    endloop
  endfacet
  facet normal 0 0 1
    outer loop
      vertex 2.3999996185302734 49.46874237060547 14
      vertex 3.3999996185302734 50.96076965332031 14
      vertex 3.2694854736328125 51.0479736328125 14
    endloop
  endfacet
  facet normal 0 0 1
    outer loop
      vertex 3.6894168853759766 50.84088897705078 14
      vertex 3.2235422134399414 49.10222244262695 14
      vertex 3.6084213256835938 49.025665283203125 14
    endloop
  endfacet
  facet normal 0 0 1
    outer loop
      vertex 2.3999996185302734 49.46874237060547 14
      vertex 3.2694854736328125 51.0479736328125 14
      vertex 3.1514711380004883 51.15147018432617 14
    endloop
  endfacet
  facet normal 0 0 1
    outer loop
      vertex 2.3999996185302734 49.46874237060547 14
      vertex 3.1514711380004883 51.15147018432617 14
      vertex 3.047975540161133 51.26948547363281 14
    endloop
  endfacet
  facet normal 0 0 1
    outer loop
      vertex 2.3999996185302734 49.46874237060547 14
      vertex 3.047975540161133 51.26948547363281 14
      vertex 2.960768699645996 51.400001525878906 14
    endloop
  endfacet
  facet normal 0 0 1
    outer loop
      vertex 2.3999996185302734 49.46874237060547 14
      vertex 2.960768699645996 51.400001525878906 14
      vertex 2.8913440704345703 51.54077911376953 14
    endloop
  endfacet
  facet normal 0 0 1
    outer loop
      vertex 3.5407791137695312 50.89134216308594 14
      vertex 2.851949691772461 49.228363037109375 14
      vertex 3.2235422134399414 49.10222244262695 14
    endloop
  endfacet
  facet normal 0 0 1
    outer loop
      vertex 2.3999996185302734 49.46874237060547 14
      vertex 2.8913440704345703 51.54077911376953 14
      vertex 2.8408889770507812 51.689414978027344 14
    endloop
  endfacet
  facet normal 0 0 1
    outer loop
      vertex 0 53 14
      vertex 2.8408889770507812 51.689414978027344 14
      vertex 2.81026554107666 51.84336853027344 14
    endloop
  endfacet
  facet normal 0 0 1
    outer loop
      vertex 0 53 14
      vertex 2.81026554107666 51.84336853027344 14
      vertex 2.799999237060547 52 14
    endloop
  endfacet
  facet normal 0 0 1
    outer loop
      vertex 2.8408889770507812 52.31058120727539 14
      vertex 0 53 14
      vertex 2.81026554107666 52.15663146972656 14
    endloop
  endfacet
  facet normal 0 0 1
    outer loop
      vertex 3.3999996185302734 50.96076965332031 14
      vertex 2.3999996185302734 49.46874237060547 14
      vertex 2.5 49.40192413330078 14
    endloop
  endfacet
  facet normal 0 0 1
    outer loop
      vertex 3.3999996185302734 50.96076965332031 14
      vertex 2.5 49.40192413330078 14
      vertex 2.851949691772461 49.228363037109375 14
    endloop
  endfacet
  facet normal 0 0 1
    outer loop
      vertex 2.8408889770507812 51.689414978027344 14
      vertex 0 53 14
      vertex 2.3999996185302734 49.46874237060547 14
    endloop
  endfacet
  facet normal 0 0 1
    outer loop
      vertex 2.81026554107666 52.15663146972656 14
      vertex 0 53 14
      vertex 2.799999237060547 52 14
    endloop
  endfacet
  facet normal 0 0 1
    outer loop
      vertex 66 53 14
      vertex 63.189735412597656 52.15663146972656 14
      vertex 63.20000076293945 52 14
    endloop
  endfacet
  facet normal 0 0 1
    outer loop
      vertex 63.776458740234375 55.89777755737305 14
      vertex 63.15911102294922 52.31058120727539 14
      vertex 63.189735412597656 52.15663146972656 14
    endloop
  endfacet
  facet normal 0 0 1
    outer loop
      vertex 63.776458740234375 55.89777755737305 14
      vertex 63.1086540222168 52.45922088623047 14
      vertex 63.15911102294922 52.31058120727539 14
    endloop
  endfacet
  facet normal 0 0 1
    outer loop
      vertex 63.776458740234375 55.89777755737305 14
      vertex 63.03923034667969 52.599998474121094 14
      vertex 63.1086540222168 52.45922088623047 14
    endloop
  endfacet
  facet normal 0 0 1
    outer loop
      vertex 62.45922088623047 53.1086540222168 14
      vertex 63.391578674316406 55.974334716796875 14
      vertex 63 56 14
    endloop
  endfacet
  facet normal 0 0 1
    outer loop
      vertex 63.776458740234375 55.89777755737305 14
      vertex 62.952022552490234 52.73051452636719 14
      vertex 63.03923034667969 52.599998474121094 14
    endloop
  endfacet
  facet normal 0 0 1
    outer loop
      vertex 63.776458740234375 55.89777755737305 14
      vertex 62.84852600097656 52.84852600097656 14
      vertex 62.952022552490234 52.73051452636719 14
    endloop
  endfacet
  facet normal 0 0 1
    outer loop
      vertex 63.776458740234375 55.89777755737305 14
      vertex 62.73051452636719 52.952022552490234 14
      vertex 62.84852600097656 52.84852600097656 14
    endloop
  endfacet
  facet normal 0 0 1
    outer loop
      vertex 63.776458740234375 55.89777755737305 14
      vertex 62.599998474121094 53.03923034667969 14
      vertex 62.73051452636719 52.952022552490234 14
    endloop
  endfacet
  facet normal 0 0 1
    outer loop
      vertex 63.391578674316406 55.974334716796875 14
      vertex 62.45922088623047 53.1086540222168 14
      vertex 62.599998474121094 53.03923034667969 14
    endloop
  endfacet
  facet normal 0 0 1
    outer loop
      vertex 63 56 14
      vertex 62.31058120727539 53.15911102294922 14
      vertex 62.45922088623047 53.1086540222168 14
    endloop
  endfacet
  facet normal 0 0 1
    outer loop
      vertex 63 56 14
      vertex 62.15663146972656 53.189735412597656 14
      vertex 62.31058120727539 53.15911102294922 14
    endloop
  endfacet
  facet normal 0 0 1
    outer loop
      vertex 63 56 14
      vertex 62 53.20000076293945 14
      vertex 62.15663146972656 53.189735412597656 14
    endloop
  endfacet
  facet normal 0 0 1
    outer loop
      vertex 63 56 14
      vertex 61.84336853027344 53.189735412597656 14
      vertex 62 53.20000076293945 14
    endloop
  endfacet
  facet normal 0 0 1
    outer loop
      vertex 63 56 14
      vertex 61.689414978027344 53.15911102294922 14
      vertex 61.84336853027344 53.189735412597656 14
    endloop
  endfacet
  facet normal 0 0 1
    outer loop
      vertex 59.46874237060547 53.599998474121094 14
      vertex 61.689414978027344 53.15911102294922 14
      vertex 63 56 14
    endloop
  endfacet
  facet normal 0 0 1
    outer loop
      vertex 61.689414978027344 53.15911102294922 14
      vertex 59.46874237060547 53.599998474121094 14
      vertex 61.54077911376953 53.1086540222168 14
    endloop
  endfacet
  facet normal 0 0 1
    outer loop
      vertex 61.54077911376953 53.1086540222168 14
      vertex 59.46874237060547 53.599998474121094 14
      vertex 61.400001525878906 53.03923034667969 14
    endloop
  endfacet
  facet normal 0 0 1
    outer loop
      vertex 61.400001525878906 53.03923034667969 14
      vertex 59.46874237060547 53.599998474121094 14
      vertex 61.26948547363281 52.952022552490234 14
    endloop
  endfacet
  facet normal 0 0 1
    outer loop
      vertex 61.26948547363281 52.952022552490234 14
      vertex 59.46874237060547 53.599998474121094 14
      vertex 61.15147018432617 52.84852600097656 14
    endloop
  endfacet
  facet normal 0 0 1
    outer loop
      vertex 61.15147018432617 52.84852600097656 14
      vertex 59.46874237060547 53.599998474121094 14
      vertex 61.0479736328125 52.73051452636719 14
    endloop
  endfacet
  facet normal 0 0 1
    outer loop
      vertex 60.89134216308594 52.45922088623047 14
      vertex 59.228363037109375 53.148048400878906 14
      vertex 60.84088897705078 52.31058120727539 14
    endloop
  endfacet
  facet normal 0 0 1
    outer loop
      vertex 60.79999923706055 52 14
      vertex 60.17371368408203 49.61994171142578 14
      vertex 60.5 49.40192413330078 14
    endloop
  endfacet
  facet normal 0 0 1
    outer loop
      vertex 59.228363037109375 53.148048400878906 14
      vertex 60.89134216308594 52.45922088623047 14
      vertex 59.40192413330078 53.5 14
    endloop
  endfacet
  facet normal 0 0 1
    outer loop
      vertex 60.79999923706055 52 14
      vertex 59.87867736816406 49.87867736816406 14
      vertex 60.17371368408203 49.61994171142578 14
    endloop
  endfacet
  facet normal 0 0 1
    outer loop
      vertex 60.96076965332031 52.599998474121094 14
      vertex 59.40192413330078 53.5 14
      vertex 60.89134216308594 52.45922088623047 14
    endloop
  endfacet
  facet normal 0 0 1
    outer loop
      vertex 60.79999923706055 52 14
      vertex 59.61994171142578 50.17371368408203 14
      vertex 59.87867736816406 49.87867736816406 14
    endloop
  endfacet
  facet normal 0 0 1
    outer loop
      vertex 59.40192413330078 53.5 14
      vertex 60.96076965332031 52.599998474121094 14
      vertex 59.46874237060547 53.599998474121094 14
    endloop
  endfacet
  facet normal 0 0 1
    outer loop
      vertex 59.10222244262695 52.776458740234375 14
      vertex 60.84088897705078 52.31058120727539 14
      vertex 59.228363037109375 53.148048400878906 14
    endloop
  endfacet
  facet normal 0 0 1
    outer loop
      vertex 61.0479736328125 52.73051452636719 14
      vertex 59.46874237060547 53.599998474121094 14
      vertex 60.96076965332031 52.599998474121094 14
    endloop
  endfacet
  facet normal 0 0 1
    outer loop
      vertex 63 56 14
      vertex 6.5312581062316895 53.599998474121094 14
      vertex 59.46874237060547 53.599998474121094 14
    endloop
  endfacet
  facet normal 0 0 1
    outer loop
      vertex 6.8977766036987305 51.223541259765625 14
      vertex 5.159110069274902 51.689414978027344 14
      vertex 6.771637916564941 50.851951599121094 14
    endloop
  endfacet
  facet normal 0 0 1
    outer loop
      vertex 5.108654975891113 51.54077911376953 14
      vertex 6.771637916564941 50.851951599121094 14
      vertex 5.159110069274902 51.689414978027344 14
    endloop
  endfacet
  facet normal 0 0 1
    outer loop
      vertex 6.771637916564941 50.851951599121094 14
      vertex 5.108654975891113 51.54077911376953 14
      vertex 6.598075866699219 50.5 14
    endloop
  endfacet
  facet normal 0 0 1
    outer loop
      vertex 5.0392303466796875 51.400001525878906 14
      vertex 6.598075866699219 50.5 14
      vertex 5.108654975891113 51.54077911376953 14
    endloop
  endfacet
  facet normal 0 0 1
    outer loop
      vertex 6.974333763122559 52.391578674316406 14
      vertex 5.189733505249023 52.15663146972656 14
      vertex 5.199999809265137 52 14
    endloop
  endfacet
  facet normal 0 0 1
    outer loop
      vertex 6.8977766036987305 52.776458740234375 14
      vertex 5.159110069274902 52.31058120727539 14
      vertex 5.189733505249023 52.15663146972656 14
    endloop
  endfacet
  facet normal 0 0 1
    outer loop
      vertex 6.771637916564941 53.148048400878906 14
      vertex 5.108654975891113 52.45922088623047 14
      vertex 5.159110069274902 52.31058120727539 14
    endloop
  endfacet
  facet normal 0 0 1
    outer loop
      vertex 6.598075866699219 53.5 14
      vertex 5.0392303466796875 52.599998474121094 14
      vertex 5.108654975891113 52.45922088623047 14
    endloop
  endfacet
  facet normal 0 0 1
    outer loop
      vertex 6.5312581062316895 53.599998474121094 14
      vertex 4.952023506164551 52.73051452636719 14
      vertex 5.0392303466796875 52.599998474121094 14
    endloop
  endfacet
  facet normal 0 0 1
    outer loop
      vertex 6.5312581062316895 53.599998474121094 14
      vertex 4.848527908325195 52.84852600097656 14
      vertex 4.952023506164551 52.73051452636719 14
    endloop
  endfacet
  facet normal 0 0 1
    outer loop
      vertex 6.5312581062316895 53.599998474121094 14
      vertex 4.730513572692871 52.952022552490234 14
      vertex 4.848527908325195 52.84852600097656 14
    endloop
  endfacet
  facet normal 0 0 1
    outer loop
      vertex 6.5312581062316895 53.599998474121094 14
      vertex 4.59999942779541 53.03923034667969 14
      vertex 4.730513572692871 52.952022552490234 14
    endloop
  endfacet
  facet normal 0 0 1
    outer loop
      vertex 6.5312581062316895 53.599998474121094 14
      vertex 4.459219932556152 53.1086540222168 14
      vertex 4.59999942779541 53.03923034667969 14
    endloop
  endfacet
  facet normal 0 0 1
    outer loop
      vertex 6.5312581062316895 53.599998474121094 14
      vertex 4.310582160949707 53.15911102294922 14
      vertex 4.459219932556152 53.1086540222168 14
    endloop
  endfacet
  facet normal 0 0 1
    outer loop
      vertex 3 56 14
      vertex 4.310582160949707 53.15911102294922 14
      vertex 6.5312581062316895 53.599998474121094 14
    endloop
  endfacet
  facet normal 0 0 1
    outer loop
      vertex 4.310582160949707 53.15911102294922 14
      vertex 3 56 14
      vertex 4.156630516052246 53.189735412597656 14
    endloop
  endfacet
  facet normal 0 0 1
    outer loop
      vertex 4.156630516052246 53.189735412597656 14
      vertex 3 56 14
      vertex 4 53.20000076293945 14
    endloop
  endfacet
  facet normal 0 0 1
    outer loop
      vertex 3 56 14
      vertex 6.5312581062316895 53.599998474121094 14
      vertex 63 56 14
    endloop
  endfacet
  facet normal 0 0 1
    outer loop
      vertex 4 53.20000076293945 14
      vertex 3 56 14
      vertex 3.8433685302734375 53.189735412597656 14
    endloop
  endfacet
  facet normal 0 0 1
    outer loop
      vertex 3 56 14
      vertex 3.6894168853759766 53.15911102294922 14
      vertex 3.8433685302734375 53.189735412597656 14
    endloop
  endfacet
  facet normal 0 0 1
    outer loop
      vertex 3 56 14
      vertex 3.5407791137695312 53.1086540222168 14
      vertex 3.6894168853759766 53.15911102294922 14
    endloop
  endfacet
  facet normal 0 0 1
    outer loop
      vertex 2.6084213256835938 55.974334716796875 14
      vertex 3.5407791137695312 53.1086540222168 14
      vertex 3 56 14
    endloop
  endfacet
  facet normal 0 0 1
    outer loop
      vertex 3.5407791137695312 53.1086540222168 14
      vertex 2.6084213256835938 55.974334716796875 14
      vertex 3.3999996185302734 53.03923034667969 14
    endloop
  endfacet
  facet normal 0 0 1
    outer loop
      vertex 2.2235422134399414 55.89777755737305 14
      vertex 3.3999996185302734 53.03923034667969 14
      vertex 2.6084213256835938 55.974334716796875 14
    endloop
  endfacet
  facet normal 0 0 1
    outer loop
      vertex 3.3999996185302734 53.03923034667969 14
      vertex 2.2235422134399414 55.89777755737305 14
      vertex 3.2694854736328125 52.952022552490234 14
    endloop
  endfacet
  facet normal 0 0 1
    outer loop
      vertex 3.2694854736328125 52.952022552490234 14
      vertex 2.2235422134399414 55.89777755737305 14
      vertex 3.1514711380004883 52.84852600097656 14
    endloop
  endfacet
  facet normal 0 0 1
    outer loop
      vertex 3.1514711380004883 52.84852600097656 14
      vertex 2.2235422134399414 55.89777755737305 14
      vertex 3.047975540161133 52.73051452636719 14
    endloop
  endfacet
  facet normal 0 0 1
    outer loop
      vertex 0 53 14
      vertex 3.047975540161133 52.73051452636719 14
      vertex 2.2235422134399414 55.89777755737305 14
    endloop
  endfacet
  facet normal 0 0 1
    outer loop
      vertex 3.047975540161133 52.73051452636719 14
      vertex 0 53 14
      vertex 2.960768699645996 52.599998474121094 14
    endloop
  endfacet
  facet normal 0 0 1
    outer loop
      vertex 2.960768699645996 52.599998474121094 14
      vertex 0 53 14
      vertex 2.8913440704345703 52.45922088623047 14
    endloop
  endfacet
  facet normal 0 0 1
    outer loop
      vertex 2.8913440704345703 52.45922088623047 14
      vertex 0 53 14
      vertex 2.8408889770507812 52.31058120727539 14
    endloop
  endfacet
  facet normal 0 0 1
    outer loop
      vertex 63.189735412597656 52.15663146972656 14
      vertex 66 53 14
      vertex 65.97433471679688 53.391578674316406 14
    endloop
  endfacet
  facet normal 0 0 1
    outer loop
      vertex 66 53 14
      vertex 63.599998474121094 49.46874237060547 14
      vertex 66 3 14
    endloop
  endfacet
  facet normal 0 0 1
    outer loop
      vertex 63.189735412597656 52.15663146972656 14
      vertex 65.97433471679688 53.391578674316406 14
      vertex 65.89777374267578 53.776458740234375 14
    endloop
  endfacet
  facet normal 0 0 1
    outer loop
      vertex 63.599998474121094 6.5312581062316895 14
      vertex 66 3 14
      vertex 63.599998474121094 49.46874237060547 14
    endloop
  endfacet
  facet normal 0 0 1
    outer loop
      vertex 63.189735412597656 52.15663146972656 14
      vertex 65.89777374267578 53.776458740234375 14
      vertex 65.77163696289062 54.148048400878906 14
    endloop
  endfacet
  facet normal 0 0 1
    outer loop
      vertex 63.15911102294922 4.310582160949707 14
      vertex 66 3 14
      vertex 63.599998474121094 6.5312581062316895 14
    endloop
  endfacet
  facet normal 0 0 1
    outer loop
      vertex 63.189735412597656 52.15663146972656 14
      vertex 65.77163696289062 54.148048400878906 14
      vertex 65.59807586669922 54.5 14
    endloop
  endfacet
  facet normal 0 0 1
    outer loop
      vertex 63.189735412597656 4.156630516052246 14
      vertex 66 3 14
      vertex 63.15911102294922 4.310582160949707 14
    endloop
  endfacet
  facet normal 0 0 1
    outer loop
      vertex 63.189735412597656 52.15663146972656 14
      vertex 65.59807586669922 54.5 14
      vertex 65.38005828857422 54.8262825012207 14
    endloop
  endfacet
  facet normal 0 0 1
    outer loop
      vertex 63.20000076293945 4 14
      vertex 66 3 14
      vertex 63.189735412597656 4.156630516052246 14
    endloop
  endfacet
  facet normal 0 0 1
    outer loop
      vertex 63.189735412597656 52.15663146972656 14
      vertex 65.38005828857422 54.8262825012207 14
      vertex 65.12132263183594 55.12131881713867 14
    endloop
  endfacet
  facet normal 0 0 1
    outer loop
      vertex 63.189735412597656 3.8433685302734375 14
      vertex 66 3 14
      vertex 63.20000076293945 4 14
    endloop
  endfacet
  facet normal 0 0 1
    outer loop
      vertex 63.189735412597656 52.15663146972656 14
      vertex 65.12132263183594 55.12131881713867 14
      vertex 64.82628631591797 55.38005828857422 14
    endloop
  endfacet
  facet normal 0 0 1
    outer loop
      vertex 63.1086540222168 3.5407791137695312 14
      vertex 66 3 14
      vertex 63.15911102294922 3.6894168853759766 14
    endloop
  endfacet
  facet normal 0 0 1
    outer loop
      vertex 63.189735412597656 52.15663146972656 14
      vertex 64.82628631591797 55.38005828857422 14
      vertex 64.5 55.59807586669922 14
    endloop
  endfacet
  facet normal 0 0 1
    outer loop
      vertex 66 3 14
      vertex 63.1086540222168 3.5407791137695312 14
      vertex 65.97433471679688 2.6084213256835938 14
    endloop
  endfacet
  facet normal 0 0 1
    outer loop
      vertex 63.189735412597656 52.15663146972656 14
      vertex 64.5 55.59807586669922 14
      vertex 64.1480484008789 55.771636962890625 14
    endloop
  endfacet
  facet normal 0 0 1
    outer loop
      vertex 63.03923034667969 3.3999996185302734 14
      vertex 65.97433471679688 2.6084213256835938 14
      vertex 63.1086540222168 3.5407791137695312 14
    endloop
  endfacet
  facet normal 0 0 1
    outer loop
      vertex 63.189735412597656 52.15663146972656 14
      vertex 64.1480484008789 55.771636962890625 14
      vertex 63.776458740234375 55.89777755737305 14
    endloop
  endfacet
  facet normal 0 0 1
    outer loop
      vertex 65.89777374267578 2.2235422134399414 14
      vertex 63.03923034667969 3.3999996185302734 14
      vertex 65.77163696289062 1.851949691772461 14
    endloop
  endfacet
  facet normal 0 0 1
    outer loop
      vertex 62.952022552490234 3.2694854736328125 14
      vertex 65.77163696289062 1.851949691772461 14
      vertex 63.03923034667969 3.3999996185302734 14
    endloop
  endfacet
  facet normal 0 0 1
    outer loop
      vertex 66 53 14
      vertex 63.20000076293945 52 14
      vertex 63.189735412597656 51.84336853027344 14
    endloop
  endfacet
  facet normal 0 0 1
    outer loop
      vertex 62.599998474121094 53.03923034667969 14
      vertex 63.776458740234375 55.89777755737305 14
      vertex 63.391578674316406 55.974334716796875 14
    endloop
  endfacet
  facet normal 0 0 1
    outer loop
      vertex 66 53 14
      vertex 63.189735412597656 51.84336853027344 14
      vertex 63.15911102294922 51.689414978027344 14
    endloop
  endfacet
  facet normal 0 0 1
    outer loop
      vertex 66 53 14
      vertex 63.15911102294922 51.689414978027344 14
      vertex 63.599998474121094 49.46874237060547 14
    endloop
  endfacet
  facet normal 0 0 1
    outer loop
      vertex 63.1086540222168 51.54077911376953 14
      vertex 63.599998474121094 49.46874237060547 14
      vertex 63.15911102294922 51.689414978027344 14
    endloop
  endfacet
  facet normal 0 0 1
    outer loop
      vertex 63.03923034667969 51.400001525878906 14
      vertex 63.599998474121094 49.46874237060547 14
      vertex 63.1086540222168 51.54077911376953 14
    endloop
  endfacet
  facet normal 0 0 1
    outer loop
      vertex 62.952022552490234 51.26948547363281 14
      vertex 63.599998474121094 49.46874237060547 14
      vertex 63.03923034667969 51.400001525878906 14
    endloop
  endfacet
  facet normal 0 0 1
    outer loop
      vertex 62.84852600097656 51.15147018432617 14
      vertex 63.599998474121094 49.46874237060547 14
      vertex 62.952022552490234 51.26948547363281 14
    endloop
  endfacet
  facet normal 0 0 1
    outer loop
      vertex 62.73051452636719 51.0479736328125 14
      vertex 63.599998474121094 49.46874237060547 14
      vertex 62.84852600097656 51.15147018432617 14
    endloop
  endfacet
  facet normal 0 0 1
    outer loop
      vertex 62.599998474121094 50.96076965332031 14
      vertex 63.599998474121094 49.46874237060547 14
      vertex 62.73051452636719 51.0479736328125 14
    endloop
  endfacet
  facet normal 0 0 1
    outer loop
      vertex 63.599998474121094 49.46874237060547 14
      vertex 62.599998474121094 50.96076965332031 14
      vertex 63.5 49.40192413330078 14
    endloop
  endfacet
  facet normal 0 0 1
    outer loop
      vertex 63.5 49.40192413330078 14
      vertex 62.599998474121094 50.96076965332031 14
      vertex 63.148048400878906 49.228363037109375 14
    endloop
  endfacet
  facet normal 0 0 1
    outer loop
      vertex 62.45922088623047 50.89134216308594 14
      vertex 63.148048400878906 49.228363037109375 14
      vertex 62.599998474121094 50.96076965332031 14
    endloop
  endfacet
  facet normal 0 0 1
    outer loop
      vertex 63.148048400878906 49.228363037109375 14
      vertex 62.45922088623047 50.89134216308594 14
      vertex 62.776458740234375 49.10222244262695 14
    endloop
  endfacet
  facet normal 0 0 1
    outer loop
      vertex 62.31058120727539 50.84088897705078 14
      vertex 62.776458740234375 49.10222244262695 14
      vertex 62.45922088623047 50.89134216308594 14
    endloop
  endfacet
  facet normal 0 0 1
    outer loop
      vertex 62.776458740234375 49.10222244262695 14
      vertex 62.31058120727539 50.84088897705078 14
      vertex 62.391578674316406 49.025665283203125 14
    endloop
  endfacet
  facet normal 0 0 1
    outer loop
      vertex 62.15663146972656 50.810264587402344 14
      vertex 62.391578674316406 49.025665283203125 14
      vertex 62.31058120727539 50.84088897705078 14
    endloop
  endfacet
  facet normal 0 0 1
    outer loop
      vertex 62 50.79999923706055 14
      vertex 62.391578674316406 49.025665283203125 14
      vertex 62.15663146972656 50.810264587402344 14
    endloop
  endfacet
  facet normal 0 0 1
    outer loop
      vertex 62 50.79999923706055 14
      vertex 62 49 14
      vertex 62.391578674316406 49.025665283203125 14
    endloop
  endfacet
  facet normal 0 0 1
    outer loop
      vertex 61.84336853027344 50.810264587402344 14
      vertex 62 49 14
      vertex 62 50.79999923706055 14
    endloop
  endfacet
  facet normal 0 0 1
    outer loop
      vertex 61.608421325683594 49.025665283203125 14
      vertex 61.84336853027344 50.810264587402344 14
      vertex 61.689414978027344 50.84088897705078 14
    endloop
  endfacet
  facet normal 0 0 1
    outer loop
      vertex 61.84336853027344 50.810264587402344 14
      vertex 61.608421325683594 49.025665283203125 14
      vertex 62 49 14
    endloop
  endfacet
  facet normal 0 0 1
    outer loop
      vertex 61.223541259765625 49.10222244262695 14
      vertex 61.689414978027344 50.84088897705078 14
      vertex 61.54077911376953 50.89134216308594 14
    endloop
  endfacet
  facet normal 0 0 1
    outer loop
      vertex 60.851951599121094 49.228363037109375 14
      vertex 61.54077911376953 50.89134216308594 14
      vertex 61.400001525878906 50.96076965332031 14
    endloop
  endfacet
  facet normal 0 0 1
    outer loop
      vertex 60.5 49.40192413330078 14
      vertex 61.400001525878906 50.96076965332031 14
      vertex 61.26948547363281 51.0479736328125 14
    endloop
  endfacet
  facet normal 0 0 1
    outer loop
      vertex 61.689414978027344 50.84088897705078 14
      vertex 61.223541259765625 49.10222244262695 14
      vertex 61.608421325683594 49.025665283203125 14
    endloop
  endfacet
  facet normal 0 0 1
    outer loop
      vertex 60.5 49.40192413330078 14
      vertex 61.26948547363281 51.0479736328125 14
      vertex 61.15147018432617 51.15147018432617 14
    endloop
  endfacet
  facet normal 0 0 1
    outer loop
      vertex 60.5 49.40192413330078 14
      vertex 61.15147018432617 51.15147018432617 14
      vertex 61.0479736328125 51.26948547363281 14
    endloop
  endfacet
  facet normal 0 0 1
    outer loop
      vertex 60.5 49.40192413330078 14
      vertex 61.0479736328125 51.26948547363281 14
      vertex 60.96076965332031 51.400001525878906 14
    endloop
  endfacet
  facet normal 0 0 1
    outer loop
      vertex 60.5 49.40192413330078 14
      vertex 60.96076965332031 51.400001525878906 14
      vertex 60.89134216308594 51.54077911376953 14
    endloop
  endfacet
  facet normal 0 0 1
    outer loop
      vertex 61.54077911376953 50.89134216308594 14
      vertex 60.851951599121094 49.228363037109375 14
      vertex 61.223541259765625 49.10222244262695 14
    endloop
  endfacet
  facet normal 0 0 1
    outer loop
      vertex 60.5 49.40192413330078 14
      vertex 60.89134216308594 51.54077911376953 14
      vertex 60.84088897705078 51.689414978027344 14
    endloop
  endfacet
  facet normal 0 0 1
    outer loop
      vertex 60.5 49.40192413330078 14
      vertex 60.84088897705078 51.689414978027344 14
      vertex 60.810264587402344 51.84336853027344 14
    endloop
  endfacet
  facet normal 0 0 1
    outer loop
      vertex 60.5 49.40192413330078 14
      vertex 60.810264587402344 51.84336853027344 14
      vertex 60.79999923706055 52 14
    endloop
  endfacet
  facet normal 0 0 1
    outer loop
      vertex 61.400001525878906 50.96076965332031 14
      vertex 60.5 49.40192413330078 14
      vertex 60.851951599121094 49.228363037109375 14
    endloop
  endfacet
  facet normal 0 0 1
    outer loop
      vertex 65.77163696289062 1.851949691772461 14
      vertex 62.952022552490234 3.2694854736328125 14
      vertex 65.59807586669922 1.5 14
    endloop
  endfacet
  facet normal 0 0 1
    outer loop
      vertex 62.599998474121094 5.0392303466796875 14
      vertex 63.599998474121094 6.5312581062316895 14
      vertex 63.5 6.598075866699219 14
    endloop
  endfacet
  facet normal 0 0 1
    outer loop
      vertex 65.59807586669922 1.5 14
      vertex 62.952022552490234 3.2694854736328125 14
      vertex 65.38005828857422 1.173715591430664 14
    endloop
  endfacet
  facet normal 0 0 1
    outer loop
      vertex 62.84852600097656 3.1514711380004883 14
      vertex 65.38005828857422 1.173715591430664 14
      vertex 62.952022552490234 3.2694854736328125 14
    endloop
  endfacet
  facet normal 0 0 1
    outer loop
      vertex 65.97433471679688 2.6084213256835938 14
      vertex 63.03923034667969 3.3999996185302734 14
      vertex 65.89777374267578 2.2235422134399414 14
    endloop
  endfacet
  facet normal 0 0 1
    outer loop
      vertex 63.15911102294922 3.6894168853759766 14
      vertex 66 3 14
      vertex 63.189735412597656 3.8433685302734375 14
    endloop
  endfacet
  facet normal 0 0 1
    outer loop
      vertex 62.599998474121094 5.0392303466796875 14
      vertex 63.5 6.598075866699219 14
      vertex 63.148048400878906 6.771637916564941 14
    endloop
  endfacet
  facet normal 0 0 1
    outer loop
      vertex 63.599998474121094 6.5312581062316895 14
      vertex 63.1086540222168 4.459219932556152 14
      vertex 63.15911102294922 4.310582160949707 14
    endloop
  endfacet
  facet normal 0 0 1
    outer loop
      vertex 63.599998474121094 6.5312581062316895 14
      vertex 63.03923034667969 4.59999942779541 14
      vertex 63.1086540222168 4.459219932556152 14
    endloop
  endfacet
  facet normal 0 0 1
    outer loop
      vertex 63.599998474121094 6.5312581062316895 14
      vertex 62.952022552490234 4.730513572692871 14
      vertex 63.03923034667969 4.59999942779541 14
    endloop
  endfacet
  facet normal 0 0 1
    outer loop
      vertex 63.599998474121094 6.5312581062316895 14
      vertex 62.84852600097656 4.848527908325195 14
      vertex 62.952022552490234 4.730513572692871 14
    endloop
  endfacet
  facet normal 0 0 1
    outer loop
      vertex 62.45922088623047 5.108654975891113 14
      vertex 63.148048400878906 6.771637916564941 14
      vertex 62.776458740234375 6.8977766036987305 14
    endloop
  endfacet
  facet normal 0 0 1
    outer loop
      vertex 63.599998474121094 6.5312581062316895 14
      vertex 62.73051452636719 4.952023506164551 14
      vertex 62.84852600097656 4.848527908325195 14
    endloop
  endfacet
  facet normal 0 0 1
    outer loop
      vertex 63.599998474121094 6.5312581062316895 14
      vertex 62.599998474121094 5.0392303466796875 14
      vertex 62.73051452636719 4.952023506164551 14
    endloop
  endfacet
  facet normal 0 0 1
    outer loop
      vertex 63.148048400878906 6.771637916564941 14
      vertex 62.45922088623047 5.108654975891113 14
      vertex 62.599998474121094 5.0392303466796875 14
    endloop
  endfacet
  facet normal 0 0 1
    outer loop
      vertex 62.31058120727539 5.159110069274902 14
      vertex 62.776458740234375 6.8977766036987305 14
      vertex 62.391578674316406 6.974333763122559 14
    endloop
  endfacet
  facet normal 0 0 1
    outer loop
      vertex 62.776458740234375 6.8977766036987305 14
      vertex 62.31058120727539 5.159110069274902 14
      vertex 62.45922088623047 5.108654975891113 14
    endloop
  endfacet
  facet normal 0 0 1
    outer loop
      vertex 62.391578674316406 6.974333763122559 14
      vertex 62.15663146972656 5.189733505249023 14
      vertex 62.31058120727539 5.159110069274902 14
    endloop
  endfacet
  facet normal 0 0 1
    outer loop
      vertex 62 7 14
      vertex 62.15663146972656 5.189733505249023 14
      vertex 62.391578674316406 6.974333763122559 14
    endloop
  endfacet
  facet normal 0 0 1
    outer loop
      vertex 62 7 14
      vertex 62 5.199999809265137 14
      vertex 62.15663146972656 5.189733505249023 14
    endloop
  endfacet
  facet normal 0 0 1
    outer loop
      vertex 62 7 14
      vertex 61.84336853027344 5.189733505249023 14
      vertex 62 5.199999809265137 14
    endloop
  endfacet
  facet normal 0 0 1
    outer loop
      vertex 61.608421325683594 6.974333763122559 14
      vertex 61.84336853027344 5.189733505249023 14
      vertex 62 7 14
    endloop
  endfacet
  facet normal 0 0 1
    outer loop
      vertex 61.84336853027344 5.189733505249023 14
      vertex 61.608421325683594 6.974333763122559 14
      vertex 61.689414978027344 5.159110069274902 14
    endloop
  endfacet
  facet normal 0 0 1
    outer loop
      vertex 61.223541259765625 6.8977766036987305 14
      vertex 61.689414978027344 5.159110069274902 14
      vertex 61.608421325683594 6.974333763122559 14
    endloop
  endfacet
  facet normal 0 0 1
    outer loop
      vertex 61.689414978027344 5.159110069274902 14
      vertex 61.223541259765625 6.8977766036987305 14
      vertex 61.54077911376953 5.108654975891113 14
    endloop
  endfacet
  facet normal 0 0 1
    outer loop
      vertex 60.851951599121094 6.771637916564941 14
      vertex 61.54077911376953 5.108654975891113 14
      vertex 61.223541259765625 6.8977766036987305 14
    endloop
  endfacet
  facet normal 0 0 1
    outer loop
      vertex 61.54077911376953 5.108654975891113 14
      vertex 60.851951599121094 6.771637916564941 14
      vertex 61.400001525878906 5.0392303466796875 14
    endloop
  endfacet
  facet normal 0 0 1
    outer loop
      vertex 60.5 6.598075866699219 14
      vertex 61.400001525878906 5.0392303466796875 14
      vertex 60.851951599121094 6.771637916564941 14
    endloop
  endfacet
  facet normal 0 0 1
    outer loop
      vertex 61.400001525878906 5.0392303466796875 14
      vertex 60.5 6.598075866699219 14
      vertex 61.26948547363281 4.952023506164551 14
    endloop
  endfacet
  facet normal 0 0 1
    outer loop
      vertex 60.17371368408203 6.380059242248535 14
      vertex 61.26948547363281 4.952023506164551 14
      vertex 60.5 6.598075866699219 14
    endloop
  endfacet
  facet normal 0 0 1
    outer loop
      vertex 61.26948547363281 4.952023506164551 14
      vertex 60.17371368408203 6.380059242248535 14
      vertex 61.15147018432617 4.848527908325195 14
    endloop
  endfacet
  facet normal 0 0 1
    outer loop
      vertex 59.87867736816406 6.121319770812988 14
      vertex 61.15147018432617 4.848527908325195 14
      vertex 60.17371368408203 6.380059242248535 14
    endloop
  endfacet
  facet normal 0 0 1
    outer loop
      vertex 61.15147018432617 4.848527908325195 14
      vertex 59.87867736816406 6.121319770812988 14
      vertex 61.0479736328125 4.730513572692871 14
    endloop
  endfacet
  facet normal 0 0 1
    outer loop
      vertex 59.61994171142578 5.8262834548950195 14
      vertex 61.0479736328125 4.730513572692871 14
      vertex 59.87867736816406 6.121319770812988 14
    endloop
  endfacet
  facet normal 0 0 1
    outer loop
      vertex 61.0479736328125 4.730513572692871 14
      vertex 59.61994171142578 5.8262834548950195 14
      vertex 60.96076965332031 4.59999942779541 14
    endloop
  endfacet
  facet normal 0 0 1
    outer loop
      vertex 59.40192413330078 5.5 14
      vertex 60.96076965332031 4.59999942779541 14
      vertex 59.61994171142578 5.8262834548950195 14
    endloop
  endfacet
  facet normal 0 0 1
    outer loop
      vertex 65.38005828857422 1.173715591430664 14
      vertex 62.84852600097656 3.1514711380004883 14
      vertex 65.12132263183594 0.8786792755126953 14
    endloop
  endfacet
  facet normal 0 0 1
    outer loop
      vertex 65.12132263183594 0.8786792755126953 14
      vertex 62.84852600097656 3.1514711380004883 14
      vertex 64.82628631591797 0.6199398040771484 14
    endloop
  endfacet
  facet normal 0 0 1
    outer loop
      vertex 62.73051452636719 3.047975540161133 14
      vertex 64.82628631591797 0.6199398040771484 14
      vertex 62.84852600097656 3.1514711380004883 14
    endloop
  endfacet
  facet normal 0 0 1
    outer loop
      vertex 64.82628631591797 0.6199398040771484 14
      vertex 62.73051452636719 3.047975540161133 14
      vertex 64.5 0.40192317962646484 14
    endloop
  endfacet
  facet normal 0 0 1
    outer loop
      vertex 64.5 0.40192317962646484 14
      vertex 62.73051452636719 3.047975540161133 14
      vertex 64.1480484008789 0.2283611297607422 14
    endloop
  endfacet
  facet normal 0 0 1
    outer loop
      vertex 62.599998474121094 2.960768699645996 14
      vertex 64.1480484008789 0.2283611297607422 14
      vertex 62.73051452636719 3.047975540161133 14
    endloop
  endfacet
  facet normal 0 0 1
    outer loop
      vertex 64.1480484008789 0.2283611297607422 14
      vertex 62.599998474121094 2.960768699645996 14
      vertex 63.776458740234375 0.10222244262695312 14
    endloop
  endfacet
  facet normal 0 0 1
    outer loop
      vertex 63.776458740234375 0.10222244262695312 14
      vertex 62.599998474121094 2.960768699645996 14
      vertex 63.391578674316406 0.025665283203125 14
    endloop
  endfacet
  facet normal 0 0 1
    outer loop
      vertex 62.45922088623047 2.8913440704345703 14
      vertex 63.391578674316406 0.025665283203125 14
      vertex 62.599998474121094 2.960768699645996 14
    endloop
  endfacet
  facet normal 0 0 1
    outer loop
      vertex 63.391578674316406 0.025665283203125 14
      vertex 62.45922088623047 2.8913440704345703 14
      vertex 63 0 14
    endloop
  endfacet
  facet normal 0 0 1
    outer loop
      vertex 62.31058120727539 2.8408889770507812 14
      vertex 63 0 14
      vertex 62.45922088623047 2.8913440704345703 14
    endloop
  endfacet
  facet normal 0 0 1
    outer loop
      vertex 62.15663146972656 2.81026554107666 14
      vertex 63 0 14
      vertex 62.31058120727539 2.8408889770507812 14
    endloop
  endfacet
  facet normal 0 0 1
    outer loop
      vertex 62 2.799999237060547 14
      vertex 63 0 14
      vertex 62.15663146972656 2.81026554107666 14
    endloop
  endfacet
  facet normal 0 0 1
    outer loop
      vertex 61.84336853027344 2.81026554107666 14
      vertex 63 0 14
      vertex 62 2.799999237060547 14
    endloop
  endfacet
  facet normal 0 0 1
    outer loop
      vertex 61.689414978027344 2.8408889770507812 14
      vertex 63 0 14
      vertex 61.84336853027344 2.81026554107666 14
    endloop
  endfacet
  facet normal 0 0 1
    outer loop
      vertex 59.46874237060547 2.3999996185302734 14
      vertex 61.689414978027344 2.8408889770507812 14
      vertex 61.54077911376953 2.8913440704345703 14
    endloop
  endfacet
  facet normal 0 0 1
    outer loop
      vertex 59.46874237060547 2.3999996185302734 14
      vertex 61.54077911376953 2.8913440704345703 14
      vertex 61.400001525878906 2.960768699645996 14
    endloop
  endfacet
  facet normal 0 0 1
    outer loop
      vertex 59.46874237060547 2.3999996185302734 14
      vertex 61.400001525878906 2.960768699645996 14
      vertex 61.26948547363281 3.047975540161133 14
    endloop
  endfacet
  facet normal 0 0 1
    outer loop
      vertex 59.46874237060547 2.3999996185302734 14
      vertex 61.26948547363281 3.047975540161133 14
      vertex 61.15147018432617 3.1514711380004883 14
    endloop
  endfacet
  facet normal 0 0 1
    outer loop
      vertex 59.46874237060547 2.3999996185302734 14
      vertex 61.15147018432617 3.1514711380004883 14
      vertex 61.0479736328125 3.2694854736328125 14
    endloop
  endfacet
  facet normal 0 0 1
    outer loop
      vertex 59.46874237060547 2.3999996185302734 14
      vertex 61.0479736328125 3.2694854736328125 14
      vertex 60.96076965332031 3.3999996185302734 14
    endloop
  endfacet
  facet normal 0 0 1
    outer loop
      vertex 60.96076965332031 4.59999942779541 14
      vertex 59.40192413330078 5.5 14
      vertex 60.89134216308594 4.459219932556152 14
    endloop
  endfacet
  facet normal 0 0 1
    outer loop
      vertex 59.228363037109375 5.148049354553223 14
      vertex 60.89134216308594 4.459219932556152 14
      vertex 59.40192413330078 5.5 14
    endloop
  endfacet
  facet normal 0 0 1
    outer loop
      vertex 60.89134216308594 4.459219932556152 14
      vertex 59.228363037109375 5.148049354553223 14
      vertex 60.84088897705078 4.310582160949707 14
    endloop
  endfacet
  facet normal 0 0 1
    outer loop
      vertex 59.10222244262695 4.776456832885742 14
      vertex 60.84088897705078 4.310582160949707 14
      vertex 59.228363037109375 5.148049354553223 14
    endloop
  endfacet
  facet normal 0 0 1
    outer loop
      vertex 60.79999923706055 4 14
      vertex 59.46874237060547 2.3999996185302734 14
      vertex 60.810264587402344 3.8433685302734375 14
    endloop
  endfacet
  facet normal 0 0 1
    outer loop
      vertex 60.810264587402344 3.8433685302734375 14
      vertex 59.46874237060547 2.3999996185302734 14
      vertex 60.84088897705078 3.6894168853759766 14
    endloop
  endfacet
  facet normal 0 0 1
    outer loop
      vertex 60.84088897705078 3.6894168853759766 14
      vertex 59.46874237060547 2.3999996185302734 14
      vertex 60.89134216308594 3.5407791137695312 14
    endloop
  endfacet
  facet normal 0 0 1
    outer loop
      vertex 60.89134216308594 3.5407791137695312 14
      vertex 59.46874237060547 2.3999996185302734 14
      vertex 60.96076965332031 3.3999996185302734 14
    endloop
  endfacet
  facet normal 0 0 1
    outer loop
      vertex 61.689414978027344 2.8408889770507812 14
      vertex 59.46874237060547 2.3999996185302734 14
      vertex 63 0 14
    endloop
  endfacet
  facet normal 0 0 1
    outer loop
      vertex 6.531257629394531 2.3999996185302734 14
      vertex 63 0 14
      vertex 59.46874237060547 2.3999996185302734 14
    endloop
  endfacet
  facet normal 0 0 1
    outer loop
      vertex 5.189733505249023 4.156630516052246 14
      vertex 6.380059242248535 5.8262834548950195 14
      vertex 6.121319770812988 6.121319770812988 14
    endloop
  endfacet
  facet normal 0 0 1
    outer loop
      vertex 5.189733505249023 4.156630516052246 14
      vertex 6.121319770812988 6.121319770812988 14
      vertex 5.8262834548950195 6.380059242248535 14
    endloop
  endfacet
  facet normal 0 0 1
    outer loop
      vertex 4.730513572692871 4.952023506164551 14
      vertex 5.8262834548950195 6.380059242248535 14
      vertex 5.5 6.598075866699219 14
    endloop
  endfacet
  facet normal 0 0 1
    outer loop
      vertex 6.8977766036987305 3.2235422134399414 14
      vertex 5.159110069274902 3.6894168853759766 14
      vertex 6.771637916564941 2.851949691772461 14
    endloop
  endfacet
  facet normal 0 0 1
    outer loop
      vertex 5.108654975891113 3.5407791137695312 14
      vertex 6.771637916564941 2.851949691772461 14
      vertex 5.159110069274902 3.6894168853759766 14
    endloop
  endfacet
  facet normal 0 0 1
    outer loop
      vertex 6.771637916564941 2.851949691772461 14
      vertex 5.108654975891113 3.5407791137695312 14
      vertex 6.598075866699219 2.5 14
    endloop
  endfacet
  facet normal 0 0 1
    outer loop
      vertex 5.0392303466796875 3.3999996185302734 14
      vertex 6.598075866699219 2.5 14
      vertex 5.108654975891113 3.5407791137695312 14
    endloop
  endfacet
  facet normal 0 0 1
    outer loop
      vertex 6.598075866699219 2.5 14
      vertex 5.0392303466796875 3.3999996185302734 14
      vertex 6.531257629394531 2.3999996185302734 14
    endloop
  endfacet
  facet normal 0 0 1
    outer loop
      vertex 4.952023506164551 3.2694854736328125 14
      vertex 6.531257629394531 2.3999996185302734 14
      vertex 5.0392303466796875 3.3999996185302734 14
    endloop
  endfacet
  facet normal 0 0 1
    outer loop
      vertex 4.848527908325195 3.1514711380004883 14
      vertex 6.531257629394531 2.3999996185302734 14
      vertex 4.952023506164551 3.2694854736328125 14
    endloop
  endfacet
  facet normal 0 0 1
    outer loop
      vertex 4.730513572692871 3.047975540161133 14
      vertex 6.531257629394531 2.3999996185302734 14
      vertex 4.848527908325195 3.1514711380004883 14
    endloop
  endfacet
  facet normal 0 0 1
    outer loop
      vertex 4.59999942779541 2.960768699645996 14
      vertex 6.531257629394531 2.3999996185302734 14
      vertex 4.730513572692871 3.047975540161133 14
    endloop
  endfacet
  facet normal 0 0 1
    outer loop
      vertex 4.459219932556152 2.8913440704345703 14
      vertex 6.531257629394531 2.3999996185302734 14
      vertex 4.59999942779541 2.960768699645996 14
    endloop
  endfacet
  facet normal 0 0 1
    outer loop
      vertex 4.310582160949707 2.8408889770507812 14
      vertex 6.531257629394531 2.3999996185302734 14
      vertex 4.459219932556152 2.8913440704345703 14
    endloop
  endfacet
  facet normal 0 0 1
    outer loop
      vertex 3 0 14
      vertex 4.310582160949707 2.8408889770507812 14
      vertex 4.156630516052246 2.81026554107666 14
    endloop
  endfacet
  facet normal 0 0 1
    outer loop
      vertex 3 0 14
      vertex 4.156630516052246 2.81026554107666 14
      vertex 4 2.799999237060547 14
    endloop
  endfacet
  facet normal 0 0 1
    outer loop
      vertex 3 0 14
      vertex 4 2.799999237060547 14
      vertex 3.8433685302734375 2.81026554107666 14
    endloop
  endfacet
  facet normal 0 0 1
    outer loop
      vertex 6.531257629394531 2.3999996185302734 14
      vertex 3 0 14
      vertex 63 0 14
    endloop
  endfacet
  facet normal 0 0 1
    outer loop
      vertex 4.310582160949707 2.8408889770507812 14
      vertex 3 0 14
      vertex 6.531257629394531 2.3999996185302734 14
    endloop
  endfacet
  facet normal 0 0 1
    outer loop
      vertex 3.6894168853759766 2.8408889770507812 14
      vertex 3 0 14
      vertex 3.8433685302734375 2.81026554107666 14
    endloop
  endfacet
  facet normal 0 0 1
    outer loop
      vertex 3.5407791137695312 2.8913440704345703 14
      vertex 3 0 14
      vertex 3.6894168853759766 2.8408889770507812 14
    endloop
  endfacet
  facet normal 0 0 1
    outer loop
      vertex 2.6084213256835938 0.025665283203125 14
      vertex 3.5407791137695312 2.8913440704345703 14
      vertex 3.3999996185302734 2.960768699645996 14
    endloop
  endfacet
  facet normal 0 0 1
    outer loop
      vertex 2.6084213256835938 0.025665283203125 14
      vertex 3.3999996185302734 2.960768699645996 14
      vertex 3.2694854736328125 3.047975540161133 14
    endloop
  endfacet
  facet normal 0 0 1
    outer loop
      vertex 2.6084213256835938 0.025665283203125 14
      vertex 3.2694854736328125 3.047975540161133 14
      vertex 3.1514711380004883 3.1514711380004883 14
    endloop
  endfacet
  facet normal 0 0 1
    outer loop
      vertex 2.6084213256835938 0.025665283203125 14
      vertex 3.1514711380004883 3.1514711380004883 14
      vertex 3.047975540161133 3.2694854736328125 14
    endloop
  endfacet
  facet normal 0 0 1
    outer loop
      vertex 2.6084213256835938 0.025665283203125 14
      vertex 3.047975540161133 3.2694854736328125 14
      vertex 2.960768699645996 3.3999996185302734 14
    endloop
  endfacet
  facet normal 0 0 1
    outer loop
      vertex 2.6084213256835938 0.025665283203125 14
      vertex 2.960768699645996 3.3999996185302734 14
      vertex 2.8913440704345703 3.5407791137695312 14
    endloop
  endfacet
  facet normal 0 0 1
    outer loop
      vertex 2.6084213256835938 0.025665283203125 14
      vertex 2.8913440704345703 3.5407791137695312 14
      vertex 2.8408889770507812 3.6894168853759766 14
    endloop
  endfacet
  facet normal 0 0 1
    outer loop
      vertex 2.6084213256835938 0.025665283203125 14
      vertex 2.8408889770507812 3.6894168853759766 14
      vertex 2.81026554107666 3.8433685302734375 14
    endloop
  endfacet
  facet normal 0 0 1
    outer loop
      vertex 2.6084213256835938 0.025665283203125 14
      vertex 2.81026554107666 3.8433685302734375 14
      vertex 2.799999237060547 4 14
    endloop
  endfacet
  facet normal 0 0 1
    outer loop
      vertex 3.5407791137695312 2.8913440704345703 14
      vertex 2.6084213256835938 0.025665283203125 14
      vertex 3 0 14
    endloop
  endfacet
  facet normal -0.8968730759471396 -0.4422880120929309 0
    outer loop
      vertex 0.40192317962646484 1.5 0
      vertex 0.2283611297607422 1.851949691772461 14
      vertex 0.2283611297607422 1.851949691772461 0
    endloop
  endfacet
  facet normal -0.8968730759471396 -0.4422880120929309 0
    outer loop
      vertex 0.2283611297607422 1.851949691772461 14
      vertex 0.40192317962646484 1.5 0
      vertex 0.40192317962646484 1.5 14
    endloop
  endfacet
  facet normal -0.3214395180684152 -0.946930111583714 0
    outer loop
      vertex 1.851949691772461 0.2283611297607422 0
      vertex 2.2235422134399414 0.10222244262695312 14
      vertex 1.851949691772461 0.2283611297607422 14
    endloop
  endfacet
  facet normal -0.3214395180684152 -0.946930111583714 0
    outer loop
      vertex 2.2235422134399414 0.10222244262695312 14
      vertex 1.851949691772461 0.2283611297607422 0
      vertex 2.2235422134399414 0.10222244262695312 0
    endloop
  endfacet
  facet normal -0.1950901848716038 -0.9807853076829625 0
    outer loop
      vertex 2.2235422134399414 0.10222244262695312 0
      vertex 2.6084213256835938 0.025665283203125 14
      vertex 2.2235422134399414 0.10222244262695312 14
    endloop
  endfacet
  facet normal -0.1950901848716038 -0.9807853076829625 0
    outer loop
      vertex 2.6084213256835938 0.025665283203125 14
      vertex 2.2235422134399414 0.10222244262695312 0
      vertex 2.6084213256835938 0.025665283203125 0
    endloop
  endfacet
  facet normal 0.5555686092420832 -0.8314706972737027 0
    outer loop
      vertex 64.5 0.40192317962646484 0
      vertex 64.82628631591797 0.6199398040771484 14
      vertex 64.5 0.40192317962646484 14
    endloop
  endfacet
  facet normal 0.5555686092420832 -0.8314706972737027 0
    outer loop
      vertex 64.82628631591797 0.6199398040771484 14
      vertex 64.5 0.40192317962646484 0
      vertex 64.82628631591797 0.6199398040771484 0
    endloop
  endfacet
  facet normal -0.7518403549106677 0.65934519087334 0
    outer loop
      vertex 0.6199398040771484 54.8262825012207 0
      vertex 0.8786792755126953 55.12131881713867 14
      vertex 0.8786792755126953 55.12131881713867 0
    endloop
  endfacet
  facet normal -0.7518403549106677 0.65934519087334 0
    outer loop
      vertex 0.8786792755126953 55.12131881713867 14
      vertex 0.6199398040771484 54.8262825012207 0
      vertex 0.6199398040771484 54.8262825012207 14
    endloop
  endfacet
  facet normal 0.9469308377254704 0.3214373789162345 0
    outer loop
      vertex 65.89777374267578 53.776458740234375 14
      vertex 65.77163696289062 54.148048400878906 0
      vertex 65.77163696289062 54.148048400878906 14
    endloop
  endfacet
  facet normal 0.9469308377254704 0.3214373789162345 0
    outer loop
      vertex 65.77163696289062 54.148048400878906 0
      vertex 65.89777374267578 53.776458740234375 14
      vertex 65.89777374267578 53.776458740234375 0
    endloop
  endfacet
  facet normal -0.8314691970493824 -0.5555708544893759 0
    outer loop
      vertex 0.6199398040771484 1.173715591430664 0
      vertex 0.40192317962646484 1.5 14
      vertex 0.40192317962646484 1.5 0
    endloop
  endfacet
  facet normal -0.8314691970493824 -0.5555708544893759 0
    outer loop
      vertex 0.40192317962646484 1.5 14
      vertex 0.6199398040771484 1.173715591430664 0
      vertex 0.6199398040771484 1.173715591430664 14
    endloop
  endfacet
  facet normal -0.06540277633868208 -0.9978589463682692 0
    outer loop
      vertex 2.6084213256835938 0.025665283203125 0
      vertex 3 0 14
      vertex 2.6084213256835938 0.025665283203125 14
    endloop
  endfacet
  facet normal -0.06540277633868208 -0.9978589463682692 0
    outer loop
      vertex 3 0 14
      vertex 2.6084213256835938 0.025665283203125 0
      vertex 3 0 0
    endloop
  endfacet
  facet normal -0.9469293582709307 0.321441737247364 0
    outer loop
      vertex 0.10222244262695312 53.776458740234375 0
      vertex 0.2283611297607422 54.148048400878906 14
      vertex 0.2283611297607422 54.148048400878906 0
    endloop
  endfacet
  facet normal -0.9469293582709307 0.321441737247364 0
    outer loop
      vertex 0.2283611297607422 54.148048400878906 14
      vertex 0.10222244262695312 53.776458740234375 0
      vertex 0.10222244262695312 53.776458740234375 14
    endloop
  endfacet
  facet normal -0.8968740267445203 0.44228608405767134 0
    outer loop
      vertex 0.2283611297607422 54.148048400878906 0
      vertex 0.40192317962646484 54.5 14
      vertex 0.40192317962646484 54.5 0
    endloop
  endfacet
  facet normal -0.8968740267445203 0.44228608405767134 0
    outer loop
      vertex 0.40192317962646484 54.5 14
      vertex 0.2283611297607422 54.148048400878906 0
      vertex 0.2283611297607422 54.148048400878906 14
    endloop
  endfacet
  facet normal -0.7518403549106677 -0.65934519087334 0
    outer loop
      vertex 0.8786792755126953 0.8786792755126953 0
      vertex 0.6199398040771484 1.173715591430664 14
      vertex 0.6199398040771484 1.173715591430664 0
    endloop
  endfacet
  facet normal -0.7518403549106677 -0.65934519087334 0
    outer loop
      vertex 0.6199398040771484 1.173715591430664 14
      vertex 0.8786792755126953 0.8786792755126953 0
      vertex 0.8786792755126953 0.8786792755126953 14
    endloop
  endfacet
  facet normal 0.4422841292133118 0.8968749907573645 0
    outer loop
      vertex 64.5 55.59807586669922 0
      vertex 64.1480484008789 55.771636962890625 14
      vertex 64.5 55.59807586669922 14
    endloop
  endfacet
  facet normal 0.4422841292133118 0.8968749907573645 0
    outer loop
      vertex 64.1480484008789 55.771636962890625 14
      vertex 64.5 55.59807586669922 0
      vertex 64.1480484008789 55.771636962890625 0
    endloop
  endfacet
  facet normal 0.8968740399673664 -0.44228605724419434 0
    outer loop
      vertex 65.59807586669922 1.5 14
      vertex 65.77163696289062 1.851949691772461 0
      vertex 65.77163696289062 1.851949691772461 14
    endloop
  endfacet
  facet normal 0.8968740399673664 -0.44228605724419434 0
    outer loop
      vertex 65.77163696289062 1.851949691772461 0
      vertex 65.59807586669922 1.5 14
      vertex 65.59807586669922 1.5 0
    endloop
  endfacet
  facet normal 0.06540277633868208 0.9978589463682692 0
    outer loop
      vertex 63.391578674316406 55.974334716796875 0
      vertex 63 56 14
      vertex 63.391578674316406 55.974334716796875 14
    endloop
  endfacet
  facet normal 0.06540277633868208 0.9978589463682692 0
    outer loop
      vertex 63 56 14
      vertex 63.391578674316406 55.974334716796875 0
      vertex 63 56 0
    endloop
  endfacet
  facet normal -0.5555725346135475 0.8314680744220302 0
    outer loop
      vertex 1.5 55.59807586669922 0
      vertex 1.173715591430664 55.38005828857422 14
      vertex 1.5 55.59807586669922 14
    endloop
  endfacet
  facet normal -0.5555725346135475 0.8314680744220302 0
    outer loop
      vertex 1.173715591430664 55.38005828857422 14
      vertex 1.5 55.59807586669922 0
      vertex 1.173715591430664 55.38005828857422 0
    endloop
  endfacet
  facet normal 0.19508971986614307 0.9807854001781174 0
    outer loop
      vertex 63.776458740234375 55.89777755737305 0
      vertex 63.391578674316406 55.974334716796875 14
      vertex 63.776458740234375 55.89777755737305 14
    endloop
  endfacet
  facet normal 0.19508971986614307 0.9807854001781174 0
    outer loop
      vertex 63.391578674316406 55.974334716796875 14
      vertex 63.776458740234375 55.89777755737305 0
      vertex 63.391578674316406 55.974334716796875 0
    endloop
  endfacet
  facet normal -0.946930111583714 -0.3214395180684152 0
    outer loop
      vertex 0.2283611297607422 1.851949691772461 0
      vertex 0.10222244262695312 2.2235422134399414 14
      vertex 0.10222244262695312 2.2235422134399414 0
    endloop
  endfacet
  facet normal -0.946930111583714 -0.3214395180684152 0
    outer loop
      vertex 0.10222244262695312 2.2235422134399414 14
      vertex 0.2283611297607422 1.851949691772461 0
      vertex 0.2283611297607422 1.851949691772461 14
    endloop
  endfacet
  facet normal 0 0 -1
    outer loop
      vertex 0 3 0
      vertex 3 0 0
      vertex 0.10222244262695312 2.2235422134399414 0
    endloop
  endfacet
  facet normal 0 0 -1
    outer loop
      vertex 0 3 0
      vertex 0.10222244262695312 2.2235422134399414 0
      vertex 0.025665283203125 2.6084213256835938 0
    endloop
  endfacet
  facet normal 0 0 -1
    outer loop
      vertex 3 0 0
      vertex 0 3 0
      vertex 0.19999980926513672 13.5 0
    endloop
  endfacet
  facet normal 0 0 -1
    outer loop
      vertex 0.19999980926513672 13.5 0
      vertex 0 3 0
      vertex 0 13.5 0
    endloop
  endfacet
  facet normal 0 0 -1
    outer loop
      vertex 63 0 0
      vertex 66 3 0
      vertex 65.97433471679688 2.6084213256835938 0
    endloop
  endfacet
  facet normal 0 0 -1
    outer loop
      vertex 66 3 0
      vertex 58 22.399999618530273 0
      vertex 66 53 0
    endloop
  endfacet
  facet normal 0 0 -1
    outer loop
      vertex 63 0 0
      vertex 65.97433471679688 2.6084213256835938 0
      vertex 65.89777374267578 2.2235422134399414 0
    endloop
  endfacet
  facet normal 0 0 -1
    outer loop
      vertex 63 56 0
      vertex 66 53 0
      vertex 58 22.399999618530273 0
    endloop
  endfacet
  facet normal 0 0 -1
    outer loop
      vertex 63 0 0
      vertex 65.89777374267578 2.2235422134399414 0
      vertex 65.77163696289062 1.851949691772461 0
    endloop
  endfacet
  facet normal 0 0 -1
    outer loop
      vertex 66 53 0
      vertex 63 56 0
      vertex 65.97433471679688 53.391578674316406 0
    endloop
  endfacet
  facet normal 0 0 -1
    outer loop
      vertex 63 0 0
      vertex 65.77163696289062 1.851949691772461 0
      vertex 65.59807586669922 1.5 0
    endloop
  endfacet
  facet normal 0 0 -1
    outer loop
      vertex 65.97433471679688 53.391578674316406 0
      vertex 63 56 0
      vertex 65.89777374267578 53.776458740234375 0
    endloop
  endfacet
  facet normal 0 0 -1
    outer loop
      vertex 63 0 0
      vertex 65.59807586669922 1.5 0
      vertex 65.38005828857422 1.173715591430664 0
    endloop
  endfacet
  facet normal 0 0 -1
    outer loop
      vertex 65.89777374267578 53.776458740234375 0
      vertex 63 56 0
      vertex 65.77163696289062 54.148048400878906 0
    endloop
  endfacet
  facet normal 0 0 -1
    outer loop
      vertex 63 0 0
      vertex 65.38005828857422 1.173715591430664 0
      vertex 65.12132263183594 0.8786792755126953 0
    endloop
  endfacet
  facet normal 0 0 -1
    outer loop
      vertex 65.77163696289062 54.148048400878906 0
      vertex 63 56 0
      vertex 65.59807586669922 54.5 0
    endloop
  endfacet
  facet normal 0 0 -1
    outer loop
      vertex 63 0 0
      vertex 65.12132263183594 0.8786792755126953 0
      vertex 64.82628631591797 0.6199398040771484 0
    endloop
  endfacet
  facet normal 0 0 -1
    outer loop
      vertex 65.59807586669922 54.5 0
      vertex 63 56 0
      vertex 65.38005828857422 54.8262825012207 0
    endloop
  endfacet
  facet normal 0 0 -1
    outer loop
      vertex 63 0 0
      vertex 64.82628631591797 0.6199398040771484 0
      vertex 64.5 0.40192317962646484 0
    endloop
  endfacet
  facet normal 0 0 -1
    outer loop
      vertex 65.38005828857422 54.8262825012207 0
      vertex 63 56 0
      vertex 65.12132263183594 55.12131881713867 0
    endloop
  endfacet
  facet normal 0 0 -1
    outer loop
      vertex 63 0 0
      vertex 64.5 0.40192317962646484 0
      vertex 64.1480484008789 0.2283611297607422 0
    endloop
  endfacet
  facet normal 0 0 -1
    outer loop
      vertex 65.12132263183594 55.12131881713867 0
      vertex 63 56 0
      vertex 64.82628631591797 55.38005828857422 0
    endloop
  endfacet
  facet normal 0 0 -1
    outer loop
      vertex 63 0 0
      vertex 64.1480484008789 0.2283611297607422 0
      vertex 63.776458740234375 0.10222244262695312 0
    endloop
  endfacet
  facet normal 0 0 -1
    outer loop
      vertex 64.82628631591797 55.38005828857422 0
      vertex 63 56 0
      vertex 64.5 55.59807586669922 0
    endloop
  endfacet
  facet normal 0 0 -1
    outer loop
      vertex 63 0 0
      vertex 63.776458740234375 0.10222244262695312 0
      vertex 63.391578674316406 0.025665283203125 0
    endloop
  endfacet
  facet normal 0 0 -1
    outer loop
      vertex 64.5 55.59807586669922 0
      vertex 63 56 0
      vertex 64.1480484008789 55.771636962890625 0
    endloop
  endfacet
  facet normal 0 0 -1
    outer loop
      vertex 66 3 0
      vertex 63 0 0
      vertex 58 16.599998474121094 0
    endloop
  endfacet
  facet normal 0 0 -1
    outer loop
      vertex 64.1480484008789 55.771636962890625 0
      vertex 63 56 0
      vertex 63.776458740234375 55.89777755737305 0
    endloop
  endfacet
  facet normal 0 0 -1
    outer loop
      vertex 66 3 0
      vertex 58 16.599998474121094 0
      vertex 58 22.399999618530273 0
    endloop
  endfacet
  facet normal 0 0 -1
    outer loop
      vertex 3 0 0
      vertex 58 16.599998474121094 0
      vertex 63 0 0
    endloop
  endfacet
  facet normal 0 0 -1
    outer loop
      vertex 0.2283611297607422 1.851949691772461 0
      vertex 3 0 0
      vertex 2.6084213256835938 0.025665283203125 0
    endloop
  endfacet
  facet normal 0 0 -1
    outer loop
      vertex 0.2283611297607422 1.851949691772461 0
      vertex 2.6084213256835938 0.025665283203125 0
      vertex 2.2235422134399414 0.10222244262695312 0
    endloop
  endfacet
  facet normal 0 0 -1
    outer loop
      vertex 0.2283611297607422 1.851949691772461 0
      vertex 2.2235422134399414 0.10222244262695312 0
      vertex 1.851949691772461 0.2283611297607422 0
    endloop
  endfacet
  facet normal 0 0 -1
    outer loop
      vertex 0.2283611297607422 1.851949691772461 0
      vertex 1.851949691772461 0.2283611297607422 0
      vertex 1.5 0.40192317962646484 0
    endloop
  endfacet
  facet normal 0 0 -1
    outer loop
      vertex 0.2283611297607422 1.851949691772461 0
      vertex 1.5 0.40192317962646484 0
      vertex 1.173715591430664 0.6199398040771484 0
    endloop
  endfacet
  facet normal 0 0 -1
    outer loop
      vertex 0.2283611297607422 1.851949691772461 0
      vertex 1.173715591430664 0.6199398040771484 0
      vertex 0.8786792755126953 0.8786792755126953 0
    endloop
  endfacet
  facet normal 0 0 -1
    outer loop
      vertex 0.2283611297607422 1.851949691772461 0
      vertex 0.8786792755126953 0.8786792755126953 0
      vertex 0.6199398040771484 1.173715591430664 0
    endloop
  endfacet
  facet normal 0 0 -1
    outer loop
      vertex 0.2283611297607422 1.851949691772461 0
      vertex 0.6199398040771484 1.173715591430664 0
      vertex 0.40192317962646484 1.5 0
    endloop
  endfacet
  facet normal 0 0 -1
    outer loop
      vertex 0.10222244262695312 2.2235422134399414 0
      vertex 3 0 0
      vertex 0.2283611297607422 1.851949691772461 0
    endloop
  endfacet
  facet normal 0 0 -1
    outer loop
      vertex 3 0 0
      vertex 0.19999980926513672 13.5 0
      vertex 58 16.599998474121094 0
    endloop
  endfacet
  facet normal 0 0 -1
    outer loop
      vertex 58 16.599998474121094 0
      vertex 0.19999980926513672 13.5 0
      vertex 0.19999980926513672 16.599998474121094 0
    endloop
  endfacet
  facet normal 0 0 -1
    outer loop
      vertex 63.776458740234375 55.89777755737305 0
      vertex 63 56 0
      vertex 63.391578674316406 55.974334716796875 0
    endloop
  endfacet
  facet normal 0 0 -1
    outer loop
      vertex 58 22.399999618530273 0
      vertex 3 56 0
      vertex 63 56 0
    endloop
  endfacet
  facet normal 0 0 -1
    outer loop
      vertex 0.19999980926513672 25.5 0
      vertex 3 56 0
      vertex 58 22.399999618530273 0
    endloop
  endfacet
  facet normal 0 0 -1
    outer loop
      vertex 0 53 0
      vertex 3 56 0
      vertex 0.19999980926513672 25.5 0
    endloop
  endfacet
  facet normal 0 0 -1
    outer loop
      vertex 3 56 0
      vertex 0 53 0
      vertex 2.6084213256835938 55.974334716796875 0
    endloop
  endfacet
  facet normal 0 0 -1
    outer loop
      vertex 2.6084213256835938 55.974334716796875 0
      vertex 0 53 0
      vertex 2.2235422134399414 55.89777755737305 0
    endloop
  endfacet
  facet normal 0 0 -1
    outer loop
      vertex 2.2235422134399414 55.89777755737305 0
      vertex 0 53 0
      vertex 1.851949691772461 55.771636962890625 0
    endloop
  endfacet
  facet normal 0 0 -1
    outer loop
      vertex 1.5 55.59807586669922 0
      vertex 0 53 0
      vertex 1.173715591430664 55.38005828857422 0
    endloop
  endfacet
  facet normal 0 0 -1
    outer loop
      vertex 1.173715591430664 55.38005828857422 0
      vertex 0 53 0
      vertex 0.8786792755126953 55.12131881713867 0
    endloop
  endfacet
  facet normal 0 0 -1
    outer loop
      vertex 0.8786792755126953 55.12131881713867 0
      vertex 0 53 0
      vertex 0.6199398040771484 54.8262825012207 0
    endloop
  endfacet
  facet normal 0 0 -1
    outer loop
      vertex 0.6199398040771484 54.8262825012207 0
      vertex 0 53 0
      vertex 0.40192317962646484 54.5 0
    endloop
  endfacet
  facet normal 0 0 -1
    outer loop
      vertex 0.19999980926513672 25.5 0
      vertex 58 22.399999618530273 0
      vertex 0.19999980926513672 22.399999618530273 0
    endloop
  endfacet
  facet normal 0 0 -1
    outer loop
      vertex 1.851949691772461 55.771636962890625 0
      vertex 0 53 0
      vertex 1.5 55.59807586669922 0
    endloop
  endfacet
  facet normal 0 0 -1
    outer loop
      vertex 0.40192317962646484 54.5 0
      vertex 0 53 0
      vertex 0.2283611297607422 54.148048400878906 0
    endloop
  endfacet
  facet normal 0 0 -1
    outer loop
      vertex 0.2283611297607422 54.148048400878906 0
      vertex 0 53 0
      vertex 0.10222244262695312 53.776458740234375 0
    endloop
  endfacet
  facet normal 0 0 -1
    outer loop
      vertex 0 53 0
      vertex 0.19999980926513672 25.5 0
      vertex 0 25.5 0
    endloop
  endfacet
  facet normal 0 0 -1
    outer loop
      vertex 0.10222244262695312 53.776458740234375 0
      vertex 0 53 0
      vertex 0.025665283203125 53.391578674316406 0
    endloop
  endfacet
  facet normal 0.3214460955580655 0.9469278788009545 0
    outer loop
      vertex 64.1480484008789 55.771636962890625 0
      vertex 63.776458740234375 55.89777755737305 14
      vertex 64.1480484008789 55.771636962890625 14
    endloop
  endfacet
  facet normal 0.3214460955580655 0.9469278788009545 0
    outer loop
      vertex 63.776458740234375 55.89777755737305 14
      vertex 64.1480484008789 55.771636962890625 0
      vertex 63.776458740234375 55.89777755737305 0
    endloop
  endfacet
  facet normal 0.65934519087334 0.7518403549106677 0
    outer loop
      vertex 65.12132263183594 55.12131881713867 0
      vertex 64.82628631591797 55.38005828857422 14
      vertex 65.12132263183594 55.12131881713867 14
    endloop
  endfacet
  facet normal 0.65934519087334 0.7518403549106677 0
    outer loop
      vertex 64.82628631591797 55.38005828857422 14
      vertex 65.12132263183594 55.12131881713867 0
      vertex 64.82628631591797 55.38005828857422 0
    endloop
  endfacet
  facet normal -0.3214438763559621 0.9469286321329886 0
    outer loop
      vertex 2.2235422134399414 55.89777755737305 0
      vertex 1.851949691772461 55.771636962890625 14
      vertex 2.2235422134399414 55.89777755737305 14
    endloop
  endfacet
  facet normal -0.3214438763559621 0.9469286321329886 0
    outer loop
      vertex 1.851949691772461 55.771636962890625 14
      vertex 2.2235422134399414 55.89777755737305 0
      vertex 1.851949691772461 55.771636962890625 0
    endloop
  endfacet
  facet normal -0.5555680289285041 -0.8314710850249073 0
    outer loop
      vertex 63.099998474121094 53.466026306152344 2.3999996185302734
      vertex 63.208763122558594 53.39335250854492 11
      vertex 63.099998474121094 53.466026306152344 11
    endloop
  endfacet
  facet normal -0.5555680289285041 -0.8314710850249073 0
    outer loop
      vertex 63.208763122558594 53.39335250854492 11
      vertex 63.099998474121094 53.466026306152344 2.3999996185302734
      vertex 63.208763122558594 53.39335250854492 2.3999996185302734
    endloop
  endfacet
  facet normal 0 1 0
    outer loop
      vertex 62.599998474121094 2.3999996185302734 2.3999996185302734
      vertex 59.46874237060547 2.3999996185302734 11
      vertex 62.599998474121094 2.3999996185302734 11
    endloop
  endfacet
  facet normal 0 1 0
    outer loop
      vertex 59.46874237060547 2.3999996185302734 11
      vertex 62.599998474121094 2.3999996185302734 2.3999996185302734
      vertex 6.531257629394531 2.3999996185302734 11
    endloop
  endfacet
  facet normal 0 1 0
    outer loop
      vertex 3.3999996185302734 2.3999996185302734 2.3999996185302734
      vertex 6.531257629394531 2.3999996185302734 11
      vertex 62.599998474121094 2.3999996185302734 2.3999996185302734
    endloop
  endfacet
  facet normal 0 1 0
    outer loop
      vertex 6.531257629394531 2.3999996185302734 11
      vertex 3.3999996185302734 2.3999996185302734 2.3999996185302734
      vertex 3.3999996185302734 2.3999996185302734 11
    endloop
  endfacet
  facet normal 0 1 0
    outer loop
      vertex 59.46874237060547 2.3999996185302734 11
      vertex 6.531257629394531 2.3999996185302734 14
      vertex 59.46874237060547 2.3999996185302734 14
    endloop
  endfacet
  facet normal 0 1 0
    outer loop
      vertex 6.531257629394531 2.3999996185302734 14
      vertex 59.46874237060547 2.3999996185302734 11
      vertex 6.531257629394531 2.3999996185302734 11
    endloop
  endfacet
  facet normal -0.7518382418678135 0.6593476003331741 0
    outer loop
      vertex 63.307106018066406 2.6928930282592773 2.3999996185302734
      vertex 63.39335250854492 2.7912378311157227 11
      vertex 63.39335250854492 2.7912378311157227 2.3999996185302734
    endloop
  endfacet
  facet normal -0.7518382418678135 0.6593476003331741 0
    outer loop
      vertex 63.39335250854492 2.7912378311157227 11
      vertex 63.307106018066406 2.6928930282592773 2.3999996185302734
      vertex 63.307106018066406 2.6928930282592773 11
    endloop
  endfacet
  facet normal -1 0 0
    outer loop
      vertex 63.599998474121094 52.599998474121094 2.3999996185302734
      vertex 63.599998474121094 49.46874237060547 11
      vertex 63.599998474121094 52.599998474121094 11
    endloop
  endfacet
  facet normal -1 0 0
    outer loop
      vertex 63.599998474121094 49.46874237060547 11
      vertex 63.599998474121094 6.5312581062316895 11
      vertex 63.599998474121094 49.46874237060547 14
    endloop
  endfacet
  facet normal -1 0 0
    outer loop
      vertex 63.599998474121094 52.599998474121094 2.3999996185302734
      vertex 63.599998474121094 6.5312581062316895 11
      vertex 63.599998474121094 49.46874237060547 11
    endloop
  endfacet
  facet normal -1 0 0
    outer loop
      vertex 63.599998474121094 3.3999996185302734 2.3999996185302734
      vertex 63.599998474121094 6.5312581062316895 11
      vertex 63.599998474121094 52.599998474121094 2.3999996185302734
    endloop
  endfacet
  facet normal -1 0 0
    outer loop
      vertex 63.599998474121094 6.5312581062316895 11
      vertex 63.599998474121094 3.3999996185302734 2.3999996185302734
      vertex 63.599998474121094 3.3999996185302734 11
    endloop
  endfacet
  facet normal -1 0 0
    outer loop
      vertex 63.599998474121094 49.46874237060547 14
      vertex 63.599998474121094 6.5312581062316895 11
      vertex 63.599998474121094 6.5312581062316895 14
    endloop
  endfacet
  facet normal -0.9978602565747973 -0.06538278327266257 0
    outer loop
      vertex 63.599998474121094 52.599998474121094 2.3999996185302734
      vertex 63.59144592285156 52.730525970458984 11
      vertex 63.59144592285156 52.730525970458984 2.3999996185302734
    endloop
  endfacet
  facet normal -0.9978602565747973 -0.06538278327266257 0
    outer loop
      vertex 63.59144592285156 52.730525970458984 11
      vertex 63.599998474121094 52.599998474121094 2.3999996185302734
      vertex 63.599998474121094 52.599998474121094 11
    endloop
  endfacet
  facet normal -0.32144391640526826 0.946928618537872 0
    outer loop
      vertex 62.98268127441406 2.4761199951171875 2.3999996185302734
      vertex 62.85881805419922 2.4340734481811523 11
      vertex 62.98268127441406 2.4761199951171875 11
    endloop
  endfacet
  facet normal -0.32144391640526826 0.946928618537872 0
    outer loop
      vertex 62.85881805419922 2.4340734481811523 11
      vertex 62.98268127441406 2.4761199951171875 2.3999996185302734
      vertex 62.85881805419922 2.4340734481811523 2.3999996185302734
    endloop
  endfacet
  facet normal -0.8314643340410408 0.5555781324149544 0
    outer loop
      vertex 63.39335250854492 2.7912378311157227 2.3999996185302734
      vertex 63.466026306152344 2.8999996185302734 11
      vertex 63.466026306152344 2.8999996185302734 2.3999996185302734
    endloop
  endfacet
  facet normal -0.8314643340410408 0.5555781324149544 0
    outer loop
      vertex 63.466026306152344 2.8999996185302734 11
      vertex 63.39335250854492 2.7912378311157227 2.3999996185302734
      vertex 63.39335250854492 2.7912378311157227 11
    endloop
  endfacet
  facet normal 0.7518319026002578 -0.6593548287777047 0
    outer loop
      vertex 2.6066465377807617 53.208763122558594 11
      vertex 2.6928930282592773 53.307106018066406 2.3999996185302734
      vertex 2.6928930282592773 53.307106018066406 11
    endloop
  endfacet
  facet normal 0.7518319026002578 -0.6593548287777047 0
    outer loop
      vertex 2.6928930282592773 53.307106018066406 2.3999996185302734
      vertex 2.6066465377807617 53.208763122558594 11
      vertex 2.6066465377807617 53.208763122558594 2.3999996185302734
    endloop
  endfacet
  facet normal -0.4422841292133117 0.8968749907573644 0
    outer loop
      vertex 63.099998474121094 2.5339736938476562 2.3999996185302734
      vertex 62.98268127441406 2.4761199951171875 11
      vertex 63.099998474121094 2.5339736938476562 11
    endloop
  endfacet
  facet normal -0.4422841292133117 0.8968749907573644 0
    outer loop
      vertex 62.98268127441406 2.4761199951171875 11
      vertex 63.099998474121094 2.5339736938476562 2.3999996185302734
      vertex 62.98268127441406 2.4761199951171875 2.3999996185302734
    endloop
  endfacet
  facet normal 0.8314744528045142 -0.5555629886281425 0
    outer loop
      vertex 2.5339736938476562 53.099998474121094 11
      vertex 2.6066465377807617 53.208763122558594 2.3999996185302734
      vertex 2.6066465377807617 53.208763122558594 11
    endloop
  endfacet
  facet normal 0.8314744528045142 -0.5555629886281425 0
    outer loop
      vertex 2.6066465377807617 53.208763122558594 2.3999996185302734
      vertex 2.5339736938476562 53.099998474121094 11
      vertex 2.5339736938476562 53.099998474121094 2.3999996185302734
    endloop
  endfacet
  facet normal -0.7518319026002578 -0.6593548287777047 0
    outer loop
      vertex 63.39335250854492 53.208763122558594 2.3999996185302734
      vertex 63.307106018066406 53.307106018066406 11
      vertex 63.307106018066406 53.307106018066406 2.3999996185302734
    endloop
  endfacet
  facet normal -0.7518319026002578 -0.6593548287777047 0
    outer loop
      vertex 63.307106018066406 53.307106018066406 11
      vertex 63.39335250854492 53.208763122558594 2.3999996185302734
      vertex 63.39335250854492 53.208763122558594 11
    endloop
  endfacet
  facet normal 0.8314677019157963 0.5555730921047782 0
    outer loop
      vertex 2.6066465377807617 2.7912378311157227 11
      vertex 2.5339736938476562 2.8999996185302734 2.3999996185302734
      vertex 2.5339736938476562 2.8999996185302734 11
    endloop
  endfacet
  facet normal 0.8314677019157963 0.5555730921047782 0
    outer loop
      vertex 2.5339736938476562 2.8999996185302734 2.3999996185302734
      vertex 2.6066465377807617 2.7912378311157227 11
      vertex 2.6066465377807617 2.7912378311157227 2.3999996185302734
    endloop
  endfacet
  facet normal -0.8968735645677045 0.4422870212651727 0
    outer loop
      vertex 63.466026306152344 2.8999996185302734 2.3999996185302734
      vertex 63.52388000488281 3.0173158645629883 11
      vertex 63.52388000488281 3.0173158645629883 2.3999996185302734
    endloop
  endfacet
  facet normal -0.8968735645677045 0.4422870212651727 0
    outer loop
      vertex 63.52388000488281 3.0173158645629883 11
      vertex 63.466026306152344 2.8999996185302734 2.3999996185302734
      vertex 63.466026306152344 2.8999996185302734 11
    endloop
  endfacet
  facet normal 1 0 0
    outer loop
      vertex 2.3999996185302734 49.46874237060547 14
      vertex 2.3999996185302734 23.849998474121094 12.799999237060547
      vertex 2.3999996185302734 49.46874237060547 11
    endloop
  endfacet
  facet normal 1 0 0
    outer loop
      vertex 2.3999996185302734 49.46874237060547 14
      vertex 2.3999996185302734 23.844438552856445 12.884841918945312
      vertex 2.3999996185302734 23.849998474121094 12.799999237060547
    endloop
  endfacet
  facet normal 1 0 0
    outer loop
      vertex 2.3999996185302734 49.46874237060547 14
      vertex 2.3999996185302734 23.827850341796875 12.968232154846191
      vertex 2.3999996185302734 23.844438552856445 12.884841918945312
    endloop
  endfacet
  facet normal 1 0 0
    outer loop
      vertex 2.3999996185302734 49.46874237060547 14
      vertex 2.3999996185302734 23.800521850585938 13.048744201660156
      vertex 2.3999996185302734 23.827850341796875 12.968232154846191
    endloop
  endfacet
  facet normal 1 0 0
    outer loop
      vertex 2.3999996185302734 49.46874237060547 14
      vertex 2.3999996185302734 23.762916564941406 13.125
      vertex 2.3999996185302734 23.800521850585938 13.048744201660156
    endloop
  endfacet
  facet normal 1 0 0
    outer loop
      vertex 2.3999996185302734 49.46874237060547 14
      vertex 2.3999996185302734 23.715679168701172 13.195694923400879
      vertex 2.3999996185302734 23.762916564941406 13.125
    endloop
  endfacet
  facet normal 1 0 0
    outer loop
      vertex 2.3999996185302734 49.46874237060547 14
      vertex 2.3999996185302734 23.659618377685547 13.259618759155273
      vertex 2.3999996185302734 23.715679168701172 13.195694923400879
    endloop
  endfacet
  facet normal 1 0 0
    outer loop
      vertex 2.3999996185302734 49.46874237060547 14
      vertex 2.3999996185302734 23.59569549560547 13.315679550170898
      vertex 2.3999996185302734 23.659618377685547 13.259618759155273
    endloop
  endfacet
  facet normal 1 0 0
    outer loop
      vertex 2.3999996185302734 49.46874237060547 14
      vertex 2.3999996185302734 23.524999618530273 13.362915992736816
      vertex 2.3999996185302734 23.59569549560547 13.315679550170898
    endloop
  endfacet
  facet normal 1 0 0
    outer loop
      vertex 2.3999996185302734 49.46874237060547 14
      vertex 2.3999996185302734 23.44874382019043 13.400521278381348
      vertex 2.3999996185302734 23.524999618530273 13.362915992736816
    endloop
  endfacet
  facet normal 1 0 0
    outer loop
      vertex 2.3999996185302734 49.46874237060547 14
      vertex 2.3999996185302734 23.36823272705078 13.427851676940918
      vertex 2.3999996185302734 23.44874382019043 13.400521278381348
    endloop
  endfacet
  facet normal 1 0 0
    outer loop
      vertex 2.3999996185302734 49.46874237060547 14
      vertex 2.3999996185302734 23.284841537475586 13.444438934326172
      vertex 2.3999996185302734 23.36823272705078 13.427851676940918
    endloop
  endfacet
  facet normal 1 0 0
    outer loop
      vertex 2.3999996185302734 49.46874237060547 14
      vertex 2.3999996185302734 23.200000762939453 13.449999809265137
      vertex 2.3999996185302734 23.284841537475586 13.444438934326172
    endloop
  endfacet
  facet normal 1 0 0
    outer loop
      vertex 2.3999996185302734 22.555561065673828 12.884841918945312
      vertex 2.3999996185302734 16.450000762939453 12.799999237060547
      vertex 2.3999996185302734 22.549999237060547 12.799999237060547
    endloop
  endfacet
  facet normal 1 0 0
    outer loop
      vertex 2.3999996185302734 16.444438934326172 12.884841918945312
      vertex 2.3999996185302734 22.555561065673828 12.884841918945312
      vertex 2.3999996185302734 22.572147369384766 12.968232154846191
    endloop
  endfacet
  facet normal 1 0 0
    outer loop
      vertex 2.3999996185302734 16.427852630615234 12.968232154846191
      vertex 2.3999996185302734 22.572147369384766 12.968232154846191
      vertex 2.3999996185302734 22.599477767944336 13.048744201660156
    endloop
  endfacet
  facet normal 1 0 0
    outer loop
      vertex 2.3999996185302734 16.40052032470703 13.048744201660156
      vertex 2.3999996185302734 22.599477767944336 13.048744201660156
      vertex 2.3999996185302734 22.637083053588867 13.125
    endloop
  endfacet
  facet normal 1 0 0
    outer loop
      vertex 2.3999996185302734 16.3629150390625 13.125
      vertex 2.3999996185302734 22.637083053588867 13.125
      vertex 2.3999996185302734 22.68431854248047 13.195694923400879
    endloop
  endfacet
  facet normal 1 0 0
    outer loop
      vertex 2.3999996185302734 16.3156795501709 13.195694923400879
      vertex 2.3999996185302734 22.68431854248047 13.195694923400879
      vertex 2.3999996185302734 22.740379333496094 13.259618759155273
    endloop
  endfacet
  facet normal 1 0 0
    outer loop
      vertex 2.3999996185302734 16.259618759155273 13.259618759155273
      vertex 2.3999996185302734 22.740379333496094 13.259618759155273
      vertex 2.3999996185302734 22.804304122924805 13.315679550170898
    endloop
  endfacet
  facet normal 1 0 0
    outer loop
      vertex 2.3999996185302734 16.195693969726562 13.315679550170898
      vertex 2.3999996185302734 22.804304122924805 13.315679550170898
      vertex 2.3999996185302734 22.875 13.362915992736816
    endloop
  endfacet
  facet normal 1 0 0
    outer loop
      vertex 2.3999996185302734 16.125 13.362915992736816
      vertex 2.3999996185302734 22.875 13.362915992736816
      vertex 2.3999996185302734 22.951255798339844 13.400521278381348
    endloop
  endfacet
  facet normal 1 0 0
    outer loop
      vertex 2.3999996185302734 16.048744201660156 13.400521278381348
      vertex 2.3999996185302734 22.951255798339844 13.400521278381348
      vertex 2.3999996185302734 23.031766891479492 13.427851676940918
    endloop
  endfacet
  facet normal 1 0 0
    outer loop
      vertex 2.3999996185302734 15.968232154846191 13.427851676940918
      vertex 2.3999996185302734 23.031766891479492 13.427851676940918
      vertex 2.3999996185302734 23.115158081054688 13.444438934326172
    endloop
  endfacet
  facet normal 1 0 0
    outer loop
      vertex 2.3999996185302734 22.555561065673828 12.884841918945312
      vertex 2.3999996185302734 16.444438934326172 12.884841918945312
      vertex 2.3999996185302734 16.450000762939453 12.799999237060547
    endloop
  endfacet
  facet normal 1 0 0
    outer loop
      vertex 2.3999996185302734 22.572147369384766 12.968232154846191
      vertex 2.3999996185302734 16.427852630615234 12.968232154846191
      vertex 2.3999996185302734 16.444438934326172 12.884841918945312
    endloop
  endfacet
  facet normal 1 0 0
    outer loop
      vertex 2.3999996185302734 22.599477767944336 13.048744201660156
      vertex 2.3999996185302734 16.40052032470703 13.048744201660156
      vertex 2.3999996185302734 16.427852630615234 12.968232154846191
    endloop
  endfacet
  facet normal 1 0 0
    outer loop
      vertex 2.3999996185302734 15.884841918945312 13.444438934326172
      vertex 2.3999996185302734 23.115158081054688 13.444438934326172
      vertex 2.3999996185302734 23.200000762939453 13.449999809265137
    endloop
  endfacet
  facet normal 1 0 0
    outer loop
      vertex 2.3999996185302734 22.637083053588867 13.125
      vertex 2.3999996185302734 16.3629150390625 13.125
      vertex 2.3999996185302734 16.40052032470703 13.048744201660156
    endloop
  endfacet
  facet normal 1 0 0
    outer loop
      vertex 2.3999996185302734 22.68431854248047 13.195694923400879
      vertex 2.3999996185302734 16.3156795501709 13.195694923400879
      vertex 2.3999996185302734 16.3629150390625 13.125
    endloop
  endfacet
  facet normal 1 0 0
    outer loop
      vertex 2.3999996185302734 22.740379333496094 13.259618759155273
      vertex 2.3999996185302734 16.259618759155273 13.259618759155273
      vertex 2.3999996185302734 16.3156795501709 13.195694923400879
    endloop
  endfacet
  facet normal 1 0 0
    outer loop
      vertex 2.3999996185302734 22.804304122924805 13.315679550170898
      vertex 2.3999996185302734 16.195693969726562 13.315679550170898
      vertex 2.3999996185302734 16.259618759155273 13.259618759155273
    endloop
  endfacet
  facet normal 1 0 0
    outer loop
      vertex 2.3999996185302734 6.531257629394531 14
      vertex 2.3999996185302734 23.200000762939453 13.449999809265137
      vertex 2.3999996185302734 49.46874237060547 14
    endloop
  endfacet
  facet normal 1 0 0
    outer loop
      vertex 2.3999996185302734 22.875 13.362915992736816
      vertex 2.3999996185302734 16.125 13.362915992736816
      vertex 2.3999996185302734 16.195693969726562 13.315679550170898
    endloop
  endfacet
  facet normal 1 0 0
    outer loop
      vertex 2.3999996185302734 22.951255798339844 13.400521278381348
      vertex 2.3999996185302734 16.048744201660156 13.400521278381348
      vertex 2.3999996185302734 16.125 13.362915992736816
    endloop
  endfacet
  facet normal 1 0 0
    outer loop
      vertex 2.3999996185302734 23.031766891479492 13.427851676940918
      vertex 2.3999996185302734 15.968232154846191 13.427851676940918
      vertex 2.3999996185302734 16.048744201660156 13.400521278381348
    endloop
  endfacet
  facet normal 1 0 0
    outer loop
      vertex 2.3999996185302734 23.115158081054688 13.444438934326172
      vertex 2.3999996185302734 15.884841918945312 13.444438934326172
      vertex 2.3999996185302734 15.968232154846191 13.427851676940918
    endloop
  endfacet
  facet normal 1 0 0
    outer loop
      vertex 2.3999996185302734 23.200000762939453 13.449999809265137
      vertex 2.3999996185302734 15.799999237060547 13.449999809265137
      vertex 2.3999996185302734 15.884841918945312 13.444438934326172
    endloop
  endfacet
  facet normal 1 0 0
    outer loop
      vertex 2.3999996185302734 15.155560493469238 12.884841918945312
      vertex 2.3999996185302734 6.531257629394531 14
      vertex 2.3999996185302734 15.149999618530273 12.799999237060547
    endloop
  endfacet
  facet normal 1 0 0
    outer loop
      vertex 2.3999996185302734 15.172147750854492 12.968232154846191
      vertex 2.3999996185302734 6.531257629394531 14
      vertex 2.3999996185302734 15.155560493469238 12.884841918945312
    endloop
  endfacet
  facet normal 1 0 0
    outer loop
      vertex 2.3999996185302734 15.199478149414062 13.048744201660156
      vertex 2.3999996185302734 6.531257629394531 14
      vertex 2.3999996185302734 15.172147750854492 12.968232154846191
    endloop
  endfacet
  facet normal 1 0 0
    outer loop
      vertex 2.3999996185302734 15.237083435058594 13.125
      vertex 2.3999996185302734 6.531257629394531 14
      vertex 2.3999996185302734 15.199478149414062 13.048744201660156
    endloop
  endfacet
  facet normal 1 0 0
    outer loop
      vertex 2.3999996185302734 15.284319877624512 13.195694923400879
      vertex 2.3999996185302734 6.531257629394531 14
      vertex 2.3999996185302734 15.237083435058594 13.125
    endloop
  endfacet
  facet normal 1 0 0
    outer loop
      vertex 2.3999996185302734 15.34037971496582 13.259618759155273
      vertex 2.3999996185302734 6.531257629394531 14
      vertex 2.3999996185302734 15.284319877624512 13.195694923400879
    endloop
  endfacet
  facet normal 1 0 0
    outer loop
      vertex 2.3999996185302734 15.404304504394531 13.315679550170898
      vertex 2.3999996185302734 6.531257629394531 14
      vertex 2.3999996185302734 15.34037971496582 13.259618759155273
    endloop
  endfacet
  facet normal 1 0 0
    outer loop
      vertex 2.3999996185302734 15.47499942779541 13.362915992736816
      vertex 2.3999996185302734 6.531257629394531 14
      vertex 2.3999996185302734 15.404304504394531 13.315679550170898
    endloop
  endfacet
  facet normal 1 0 0
    outer loop
      vertex 2.3999996185302734 15.551255226135254 13.400521278381348
      vertex 2.3999996185302734 6.531257629394531 14
      vertex 2.3999996185302734 15.47499942779541 13.362915992736816
    endloop
  endfacet
  facet normal 1 0 0
    outer loop
      vertex 2.3999996185302734 15.631767272949219 13.427851676940918
      vertex 2.3999996185302734 6.531257629394531 14
      vertex 2.3999996185302734 15.551255226135254 13.400521278381348
    endloop
  endfacet
  facet normal 1 0 0
    outer loop
      vertex 2.3999996185302734 15.715157508850098 13.444438934326172
      vertex 2.3999996185302734 6.531257629394531 14
      vertex 2.3999996185302734 15.631767272949219 13.427851676940918
    endloop
  endfacet
  facet normal 1 0 0
    outer loop
      vertex 2.3999996185302734 15.799999237060547 13.449999809265137
      vertex 2.3999996185302734 6.531257629394531 14
      vertex 2.3999996185302734 15.715157508850098 13.444438934326172
    endloop
  endfacet
  facet normal 1 0 0
    outer loop
      vertex 2.3999996185302734 23.200000762939453 13.449999809265137
      vertex 2.3999996185302734 6.531257629394531 14
      vertex 2.3999996185302734 15.799999237060547 13.449999809265137
    endloop
  endfacet
  facet normal 1 0 0
    outer loop
      vertex 2.3999996185302734 49.46874237060547 11
      vertex 2.3999996185302734 52.599998474121094 2.3999996185302734
      vertex 2.3999996185302734 52.599998474121094 11
    endloop
  endfacet
  facet normal 1 0 0
    outer loop
      vertex 2.3999996185302734 23.844438552856445 12.715157508850098
      vertex 2.3999996185302734 49.46874237060547 11
      vertex 2.3999996185302734 23.849998474121094 12.799999237060547
    endloop
  endfacet
  facet normal 1 0 0
    outer loop
      vertex 2.3999996185302734 23.827850341796875 12.631767272949219
      vertex 2.3999996185302734 49.46874237060547 11
      vertex 2.3999996185302734 23.844438552856445 12.715157508850098
    endloop
  endfacet
  facet normal 1 0 0
    outer loop
      vertex 2.3999996185302734 23.800521850585938 12.551255226135254
      vertex 2.3999996185302734 49.46874237060547 11
      vertex 2.3999996185302734 23.827850341796875 12.631767272949219
    endloop
  endfacet
  facet normal 1 0 0
    outer loop
      vertex 2.3999996185302734 23.762916564941406 12.47499942779541
      vertex 2.3999996185302734 49.46874237060547 11
      vertex 2.3999996185302734 23.800521850585938 12.551255226135254
    endloop
  endfacet
  facet normal 1 0 0
    outer loop
      vertex 2.3999996185302734 23.715679168701172 12.404304504394531
      vertex 2.3999996185302734 49.46874237060547 11
      vertex 2.3999996185302734 23.762916564941406 12.47499942779541
    endloop
  endfacet
  facet normal 1 0 0
    outer loop
      vertex 2.3999996185302734 23.659618377685547 12.34037971496582
      vertex 2.3999996185302734 49.46874237060547 11
      vertex 2.3999996185302734 23.715679168701172 12.404304504394531
    endloop
  endfacet
  facet normal 1 0 0
    outer loop
      vertex 2.3999996185302734 49.46874237060547 11
      vertex 2.3999996185302734 23.659618377685547 12.34037971496582
      vertex 2.3999996185302734 52.599998474121094 2.3999996185302734
    endloop
  endfacet
  facet normal 1 0 0
    outer loop
      vertex 2.3999996185302734 23.59569549560547 12.284319877624512
      vertex 2.3999996185302734 52.599998474121094 2.3999996185302734
      vertex 2.3999996185302734 23.659618377685547 12.34037971496582
    endloop
  endfacet
  facet normal 1 0 0
    outer loop
      vertex 2.3999996185302734 23.524999618530273 12.237083435058594
      vertex 2.3999996185302734 52.599998474121094 2.3999996185302734
      vertex 2.3999996185302734 23.59569549560547 12.284319877624512
    endloop
  endfacet
  facet normal 1 0 0
    outer loop
      vertex 2.3999996185302734 23.44874382019043 12.199478149414062
      vertex 2.3999996185302734 52.599998474121094 2.3999996185302734
      vertex 2.3999996185302734 23.524999618530273 12.237083435058594
    endloop
  endfacet
  facet normal 1 0 0
    outer loop
      vertex 2.3999996185302734 23.36823272705078 12.172147750854492
      vertex 2.3999996185302734 52.599998474121094 2.3999996185302734
      vertex 2.3999996185302734 23.44874382019043 12.199478149414062
    endloop
  endfacet
  facet normal 1 0 0
    outer loop
      vertex 2.3999996185302734 23.284841537475586 12.155560493469238
      vertex 2.3999996185302734 52.599998474121094 2.3999996185302734
      vertex 2.3999996185302734 23.36823272705078 12.172147750854492
    endloop
  endfacet
  facet normal 1 0 0
    outer loop
      vertex 2.3999996185302734 3.3999996185302734 2.3999996185302734
      vertex 2.3999996185302734 23.284841537475586 12.155560493469238
      vertex 2.3999996185302734 23.200000762939453 12.149999618530273
    endloop
  endfacet
  facet normal 1 0 0
    outer loop
      vertex 2.3999996185302734 3.3999996185302734 2.3999996185302734
      vertex 2.3999996185302734 23.200000762939453 12.149999618530273
      vertex 2.3999996185302734 23.115158081054688 12.155560493469238
    endloop
  endfacet
  facet normal 1 0 0
    outer loop
      vertex 2.3999996185302734 3.3999996185302734 2.3999996185302734
      vertex 2.3999996185302734 23.115158081054688 12.155560493469238
      vertex 2.3999996185302734 23.031766891479492 12.172147750854492
    endloop
  endfacet
  facet normal 1 0 0
    outer loop
      vertex 2.3999996185302734 16.450000762939453 12.799999237060547
      vertex 2.3999996185302734 22.555561065673828 12.715157508850098
      vertex 2.3999996185302734 22.549999237060547 12.799999237060547
    endloop
  endfacet
  facet normal 1 0 0
    outer loop
      vertex 2.3999996185302734 16.444438934326172 12.715157508850098
      vertex 2.3999996185302734 22.555561065673828 12.715157508850098
      vertex 2.3999996185302734 16.450000762939453 12.799999237060547
    endloop
  endfacet
  facet normal 1 0 0
    outer loop
      vertex 2.3999996185302734 22.555561065673828 12.715157508850098
      vertex 2.3999996185302734 16.444438934326172 12.715157508850098
      vertex 2.3999996185302734 22.572147369384766 12.631767272949219
    endloop
  endfacet
  facet normal 1 0 0
    outer loop
      vertex 2.3999996185302734 16.427852630615234 12.631767272949219
      vertex 2.3999996185302734 22.572147369384766 12.631767272949219
      vertex 2.3999996185302734 16.444438934326172 12.715157508850098
    endloop
  endfacet
  facet normal 1 0 0
    outer loop
      vertex 2.3999996185302734 22.572147369384766 12.631767272949219
      vertex 2.3999996185302734 16.427852630615234 12.631767272949219
      vertex 2.3999996185302734 22.599477767944336 12.551255226135254
    endloop
  endfacet
  facet normal 1 0 0
    outer loop
      vertex 2.3999996185302734 16.40052032470703 12.551255226135254
      vertex 2.3999996185302734 22.599477767944336 12.551255226135254
      vertex 2.3999996185302734 16.427852630615234 12.631767272949219
    endloop
  endfacet
  facet normal 1 0 0
    outer loop
      vertex 2.3999996185302734 22.599477767944336 12.551255226135254
      vertex 2.3999996185302734 16.40052032470703 12.551255226135254
      vertex 2.3999996185302734 22.637083053588867 12.47499942779541
    endloop
  endfacet
  facet normal 1 0 0
    outer loop
      vertex 2.3999996185302734 16.3629150390625 12.47499942779541
      vertex 2.3999996185302734 22.637083053588867 12.47499942779541
      vertex 2.3999996185302734 16.40052032470703 12.551255226135254
    endloop
  endfacet
  facet normal 1 0 0
    outer loop
      vertex 2.3999996185302734 22.637083053588867 12.47499942779541
      vertex 2.3999996185302734 16.3629150390625 12.47499942779541
      vertex 2.3999996185302734 22.68431854248047 12.404304504394531
    endloop
  endfacet
  facet normal 1 0 0
    outer loop
      vertex 2.3999996185302734 16.3156795501709 12.404304504394531
      vertex 2.3999996185302734 22.68431854248047 12.404304504394531
      vertex 2.3999996185302734 16.3629150390625 12.47499942779541
    endloop
  endfacet
  facet normal 1 0 0
    outer loop
      vertex 2.3999996185302734 22.68431854248047 12.404304504394531
      vertex 2.3999996185302734 16.3156795501709 12.404304504394531
      vertex 2.3999996185302734 22.740379333496094 12.34037971496582
    endloop
  endfacet
  facet normal 1 0 0
    outer loop
      vertex 2.3999996185302734 16.259618759155273 12.34037971496582
      vertex 2.3999996185302734 22.740379333496094 12.34037971496582
      vertex 2.3999996185302734 16.3156795501709 12.404304504394531
    endloop
  endfacet
  facet normal 1 0 0
    outer loop
      vertex 2.3999996185302734 22.740379333496094 12.34037971496582
      vertex 2.3999996185302734 16.259618759155273 12.34037971496582
      vertex 2.3999996185302734 22.804304122924805 12.284319877624512
    endloop
  endfacet
  facet normal 1 0 0
    outer loop
      vertex 2.3999996185302734 16.195693969726562 12.284319877624512
      vertex 2.3999996185302734 22.804304122924805 12.284319877624512
      vertex 2.3999996185302734 16.259618759155273 12.34037971496582
    endloop
  endfacet
  facet normal 1 0 0
    outer loop
      vertex 2.3999996185302734 22.804304122924805 12.284319877624512
      vertex 2.3999996185302734 16.195693969726562 12.284319877624512
      vertex 2.3999996185302734 22.875 12.237083435058594
    endloop
  endfacet
  facet normal 1 0 0
    outer loop
      vertex 2.3999996185302734 16.125 12.237083435058594
      vertex 2.3999996185302734 22.875 12.237083435058594
      vertex 2.3999996185302734 16.195693969726562 12.284319877624512
    endloop
  endfacet
  facet normal 1 0 0
    outer loop
      vertex 2.3999996185302734 22.875 12.237083435058594
      vertex 2.3999996185302734 16.125 12.237083435058594
      vertex 2.3999996185302734 22.951255798339844 12.199478149414062
    endloop
  endfacet
  facet normal 1 0 0
    outer loop
      vertex 2.3999996185302734 16.048744201660156 12.199478149414062
      vertex 2.3999996185302734 22.951255798339844 12.199478149414062
      vertex 2.3999996185302734 16.125 12.237083435058594
    endloop
  endfacet
  facet normal 1 0 0
    outer loop
      vertex 2.3999996185302734 22.951255798339844 12.199478149414062
      vertex 2.3999996185302734 16.048744201660156 12.199478149414062
      vertex 2.3999996185302734 23.031766891479492 12.172147750854492
    endloop
  endfacet
  facet normal 1 0 0
    outer loop
      vertex 2.3999996185302734 15.968232154846191 12.172147750854492
      vertex 2.3999996185302734 23.031766891479492 12.172147750854492
      vertex 2.3999996185302734 16.048744201660156 12.199478149414062
    endloop
  endfacet
  facet normal 1 0 0
    outer loop
      vertex 2.3999996185302734 23.031766891479492 12.172147750854492
      vertex 2.3999996185302734 15.968232154846191 12.172147750854492
      vertex 2.3999996185302734 3.3999996185302734 2.3999996185302734
    endloop
  endfacet
  facet normal 1 0 0
    outer loop
      vertex 2.3999996185302734 3.3999996185302734 2.3999996185302734
      vertex 2.3999996185302734 15.968232154846191 12.172147750854492
      vertex 2.3999996185302734 15.884841918945312 12.155560493469238
    endloop
  endfacet
  facet normal 1 0 0
    outer loop
      vertex 2.3999996185302734 3.3999996185302734 2.3999996185302734
      vertex 2.3999996185302734 15.884841918945312 12.155560493469238
      vertex 2.3999996185302734 15.799999237060547 12.149999618530273
    endloop
  endfacet
  facet normal 1 0 0
    outer loop
      vertex 2.3999996185302734 3.3999996185302734 2.3999996185302734
      vertex 2.3999996185302734 15.799999237060547 12.149999618530273
      vertex 2.3999996185302734 15.715157508850098 12.155560493469238
    endloop
  endfacet
  facet normal 1 0 0
    outer loop
      vertex 2.3999996185302734 3.3999996185302734 2.3999996185302734
      vertex 2.3999996185302734 15.715157508850098 12.155560493469238
      vertex 2.3999996185302734 15.631767272949219 12.172147750854492
    endloop
  endfacet
  facet normal 1 0 0
    outer loop
      vertex 2.3999996185302734 6.531257629394531 14
      vertex 2.3999996185302734 15.155560493469238 12.715157508850098
      vertex 2.3999996185302734 15.149999618530273 12.799999237060547
    endloop
  endfacet
  facet normal 1 0 0
    outer loop
      vertex 2.3999996185302734 6.531257629394531 11
      vertex 2.3999996185302734 15.155560493469238 12.715157508850098
      vertex 2.3999996185302734 6.531257629394531 14
    endloop
  endfacet
  facet normal 1 0 0
    outer loop
      vertex 2.3999996185302734 15.155560493469238 12.715157508850098
      vertex 2.3999996185302734 6.531257629394531 11
      vertex 2.3999996185302734 15.172147750854492 12.631767272949219
    endloop
  endfacet
  facet normal 1 0 0
    outer loop
      vertex 2.3999996185302734 15.172147750854492 12.631767272949219
      vertex 2.3999996185302734 6.531257629394531 11
      vertex 2.3999996185302734 15.199478149414062 12.551255226135254
    endloop
  endfacet
  facet normal 1 0 0
    outer loop
      vertex 2.3999996185302734 15.199478149414062 12.551255226135254
      vertex 2.3999996185302734 6.531257629394531 11
      vertex 2.3999996185302734 15.237083435058594 12.47499942779541
    endloop
  endfacet
  facet normal 1 0 0
    outer loop
      vertex 2.3999996185302734 15.237083435058594 12.47499942779541
      vertex 2.3999996185302734 6.531257629394531 11
      vertex 2.3999996185302734 15.284319877624512 12.404304504394531
    endloop
  endfacet
  facet normal 1 0 0
    outer loop
      vertex 2.3999996185302734 15.284319877624512 12.404304504394531
      vertex 2.3999996185302734 6.531257629394531 11
      vertex 2.3999996185302734 15.34037971496582 12.34037971496582
    endloop
  endfacet
  facet normal 1 0 0
    outer loop
      vertex 2.3999996185302734 15.34037971496582 12.34037971496582
      vertex 2.3999996185302734 6.531257629394531 11
      vertex 2.3999996185302734 15.404304504394531 12.284319877624512
    endloop
  endfacet
  facet normal 1 0 0
    outer loop
      vertex 2.3999996185302734 15.404304504394531 12.284319877624512
      vertex 2.3999996185302734 6.531257629394531 11
      vertex 2.3999996185302734 15.47499942779541 12.237083435058594
    endloop
  endfacet
  facet normal 1 0 0
    outer loop
      vertex 2.3999996185302734 15.47499942779541 12.237083435058594
      vertex 2.3999996185302734 6.531257629394531 11
      vertex 2.3999996185302734 15.551255226135254 12.199478149414062
    endloop
  endfacet
  facet normal 1 0 0
    outer loop
      vertex 2.3999996185302734 3.3999996185302734 2.3999996185302734
      vertex 2.3999996185302734 15.551255226135254 12.199478149414062
      vertex 2.3999996185302734 6.531257629394531 11
    endloop
  endfacet
  facet normal 1 0 0
    outer loop
      vertex 2.3999996185302734 15.551255226135254 12.199478149414062
      vertex 2.3999996185302734 3.3999996185302734 2.3999996185302734
      vertex 2.3999996185302734 15.631767272949219 12.172147750854492
    endloop
  endfacet
  facet normal 1 0 0
    outer loop
      vertex 2.3999996185302734 3.3999996185302734 2.3999996185302734
      vertex 2.3999996185302734 6.531257629394531 11
      vertex 2.3999996185302734 3.3999996185302734 11
    endloop
  endfacet
  facet normal 1 0 0
    outer loop
      vertex 2.3999996185302734 23.284841537475586 12.155560493469238
      vertex 2.3999996185302734 3.3999996185302734 2.3999996185302734
      vertex 2.3999996185302734 52.599998474121094 2.3999996185302734
    endloop
  endfacet
  facet normal -0.9469308377254704 -0.3214373789162345 0
    outer loop
      vertex 63.56592559814453 52.85881805419922 2.3999996185302734
      vertex 63.52388000488281 52.98268127441406 11
      vertex 63.52388000488281 52.98268127441406 2.3999996185302734
    endloop
  endfacet
  facet normal -0.9469308377254704 -0.3214373789162345 0
    outer loop
      vertex 63.52388000488281 52.98268127441406 11
      vertex 63.56592559814453 52.85881805419922 2.3999996185302734
      vertex 63.56592559814453 52.85881805419922 11
    endloop
  endfacet
  facet normal -0.9807834476157246 0.19509953583495104 0
    outer loop
      vertex 63.56592559814453 3.1411800384521484 2.3999996185302734
      vertex 63.59144592285156 3.269473075866699 11
      vertex 63.59144592285156 3.269473075866699 2.3999996185302734
    endloop
  endfacet
  facet normal -0.9807834476157246 0.19509953583495104 0
    outer loop
      vertex 63.59144592285156 3.269473075866699 11
      vertex 63.56592559814453 3.1411800384521484 2.3999996185302734
      vertex 63.56592559814453 3.1411800384521484 11
    endloop
  endfacet
  facet normal 0.06540503757857268 0.9978587981570066 0
    outer loop
      vertex 3.3999996185302734 2.3999996185302734 2.3999996185302734
      vertex 3.269473075866699 2.408555030822754 11
      vertex 3.3999996185302734 2.3999996185302734 11
    endloop
  endfacet
  facet normal 0.06540503757857268 0.9978587981570066 0
    outer loop
      vertex 3.269473075866699 2.408555030822754 11
      vertex 3.3999996185302734 2.3999996185302734 2.3999996185302734
      vertex 3.269473075866699 2.408555030822754 2.3999996185302734
    endloop
  endfacet
  facet normal 0 -1 0
    outer loop
      vertex 3.3999996185302734 53.599998474121094 2.3999996185302734
      vertex 6.5312581062316895 53.599998474121094 11
      vertex 3.3999996185302734 53.599998474121094 11
    endloop
  endfacet
  facet normal 0 -1 0
    outer loop
      vertex 6.5312581062316895 53.599998474121094 11
      vertex 3.3999996185302734 53.599998474121094 2.3999996185302734
      vertex 59.46874237060547 53.599998474121094 11
    endloop
  endfacet
  facet normal 0 -1 0
    outer loop
      vertex 62.599998474121094 53.599998474121094 2.3999996185302734
      vertex 59.46874237060547 53.599998474121094 11
      vertex 3.3999996185302734 53.599998474121094 2.3999996185302734
    endloop
  endfacet
  facet normal 0 -1 0
    outer loop
      vertex 59.46874237060547 53.599998474121094 11
      vertex 62.599998474121094 53.599998474121094 2.3999996185302734
      vertex 62.599998474121094 53.599998474121094 11
    endloop
  endfacet
  facet normal 0 -1 0
    outer loop
      vertex 6.5312581062316895 53.599998474121094 11
      vertex 59.46874237060547 53.599998474121094 14
      vertex 6.5312581062316895 53.599998474121094 14
    endloop
  endfacet
  facet normal 0 -1 0
    outer loop
      vertex 59.46874237060547 53.599998474121094 14
      vertex 6.5312581062316895 53.599998474121094 11
      vertex 59.46874237060547 53.599998474121094 11
    endloop
  endfacet
  facet normal 0.9807862376857944 0.19508550936997945 0
    outer loop
      vertex 2.4340734481811523 3.1411800384521484 11
      vertex 2.408555030822754 3.269473075866699 2.3999996185302734
      vertex 2.408555030822754 3.269473075866699 11
    endloop
  endfacet
  facet normal 0.9807862376857944 0.19508550936997945 0
    outer loop
      vertex 2.408555030822754 3.269473075866699 2.3999996185302734
      vertex 2.4340734481811523 3.1411800384521484 11
      vertex 2.4340734481811523 3.1411800384521484 2.3999996185302734
    endloop
  endfacet
  facet normal 0.7518382418678135 0.6593476003331741 0
    outer loop
      vertex 2.6928930282592773 2.6928930282592773 11
      vertex 2.6066465377807617 2.7912378311157227 2.3999996185302734
      vertex 2.6066465377807617 2.7912378311157227 11
    endloop
  endfacet
  facet normal 0.7518382418678135 0.6593476003331741 0
    outer loop
      vertex 2.6066465377807617 2.7912378311157227 2.3999996185302734
      vertex 2.6928930282592773 2.6928930282592773 11
      vertex 2.6928930282592773 2.6928930282592773 2.3999996185302734
    endloop
  endfacet
  facet normal 0.8968735645677045 0.4422870212651727 0
    outer loop
      vertex 2.5339736938476562 2.8999996185302734 11
      vertex 2.4761199951171875 3.0173158645629883 2.3999996185302734
      vertex 2.4761199951171875 3.0173158645629883 11
    endloop
  endfacet
  facet normal 0.8968735645677045 0.4422870212651727 0
    outer loop
      vertex 2.4761199951171875 3.0173158645629883 2.3999996185302734
      vertex 2.5339736938476562 2.8999996185302734 11
      vertex 2.5339736938476562 2.8999996185302734 2.3999996185302734
    endloop
  endfacet
  facet normal -0.9469315910190028 0.3214351597604407 0
    outer loop
      vertex 63.52388000488281 3.0173158645629883 2.3999996185302734
      vertex 63.56592559814453 3.1411800384521484 11
      vertex 63.56592559814453 3.1411800384521484 2.3999996185302734
    endloop
  endfacet
  facet normal -0.9469315910190028 0.3214351597604407 0
    outer loop
      vertex 63.56592559814453 3.1411800384521484 11
      vertex 63.52388000488281 3.0173158645629883 2.3999996185302734
      vertex 63.52388000488281 3.0173158645629883 11
    endloop
  endfacet
  facet normal -0.6593548287777047 0.7518319026002578 0
    outer loop
      vertex 63.307106018066406 2.6928930282592773 2.3999996185302734
      vertex 63.208763122558594 2.6066465377807617 11
      vertex 63.307106018066406 2.6928930282592773 11
    endloop
  endfacet
  facet normal -0.6593548287777047 0.7518319026002578 0
    outer loop
      vertex 63.208763122558594 2.6066465377807617 11
      vertex 63.307106018066406 2.6928930282592773 2.3999996185302734
      vertex 63.208763122558594 2.6066465377807617 2.3999996185302734
    endloop
  endfacet
  facet normal 0.19509953583495104 -0.9807834476157246 0
    outer loop
      vertex 3.1411800384521484 53.56592559814453 2.3999996185302734
      vertex 3.269473075866699 53.59144592285156 11
      vertex 3.1411800384521484 53.56592559814453 11
    endloop
  endfacet
  facet normal 0.19509953583495104 -0.9807834476157246 0
    outer loop
      vertex 3.269473075866699 53.59144592285156 11
      vertex 3.1411800384521484 53.56592559814453 2.3999996185302734
      vertex 3.269473075866699 53.59144592285156 2.3999996185302734
    endloop
  endfacet
  facet normal 0.946928618537872 -0.32144391640526826 0
    outer loop
      vertex 2.4340734481811523 52.85881805419922 11
      vertex 2.4761199951171875 52.98268127441406 2.3999996185302734
      vertex 2.4761199951171875 52.98268127441406 11
    endloop
  endfacet
  facet normal 0.946928618537872 -0.32144391640526826 0
    outer loop
      vertex 2.4761199951171875 52.98268127441406 2.3999996185302734
      vertex 2.4340734481811523 52.85881805419922 11
      vertex 2.4340734481811523 52.85881805419922 2.3999996185302734
    endloop
  endfacet
  facet normal -0.3214373789162345 -0.9469308377254704 0
    outer loop
      vertex 62.85881805419922 53.56592559814453 2.3999996185302734
      vertex 62.98268127441406 53.52388000488281 11
      vertex 62.85881805419922 53.56592559814453 11
    endloop
  endfacet
  facet normal -0.3214373789162345 -0.9469308377254704 0
    outer loop
      vertex 62.98268127441406 53.52388000488281 11
      vertex 62.85881805419922 53.56592559814453 2.3999996185302734
      vertex 62.98268127441406 53.52388000488281 2.3999996185302734
    endloop
  endfacet
  facet normal 0.6593476003331741 -0.7518382418678135 0
    outer loop
      vertex 2.6928930282592773 53.307106018066406 2.3999996185302734
      vertex 2.7912378311157227 53.39335250854492 11
      vertex 2.6928930282592773 53.307106018066406 11
    endloop
  endfacet
  facet normal 0.6593476003331741 -0.7518382418678135 0
    outer loop
      vertex 2.7912378311157227 53.39335250854492 11
      vertex 2.6928930282592773 53.307106018066406 2.3999996185302734
      vertex 2.7912378311157227 53.39335250854492 2.3999996185302734
    endloop
  endfacet
  facet normal 0.9978587981570066 0.06540503757857268 0
    outer loop
      vertex 2.408555030822754 3.269473075866699 11
      vertex 2.3999996185302734 3.3999996185302734 2.3999996185302734
      vertex 2.3999996185302734 3.3999996185302734 11
    endloop
  endfacet
  facet normal 0.9978587981570066 0.06540503757857268 0
    outer loop
      vertex 2.3999996185302734 3.3999996185302734 2.3999996185302734
      vertex 2.408555030822754 3.269473075866699 11
      vertex 2.408555030822754 3.269473075866699 2.3999996185302734
    endloop
  endfacet
  facet normal -0.6593548287777047 -0.7518319026002578 0
    outer loop
      vertex 63.208763122558594 53.39335250854492 2.3999996185302734
      vertex 63.307106018066406 53.307106018066406 11
      vertex 63.208763122558594 53.39335250854492 11
    endloop
  endfacet
  facet normal -0.6593548287777047 -0.7518319026002578 0
    outer loop
      vertex 63.307106018066406 53.307106018066406 11
      vertex 63.208763122558594 53.39335250854492 2.3999996185302734
      vertex 63.307106018066406 53.307106018066406 2.3999996185302734
    endloop
  endfacet
  facet normal -0.8968749907573644 -0.4422841292133117 0
    outer loop
      vertex 63.52388000488281 52.98268127441406 2.3999996185302734
      vertex 63.466026306152344 53.099998474121094 11
      vertex 63.466026306152344 53.099998474121094 2.3999996185302734
    endloop
  endfacet
  facet normal -0.8968749907573644 -0.4422841292133117 0
    outer loop
      vertex 63.466026306152344 53.099998474121094 11
      vertex 63.52388000488281 52.98268127441406 2.3999996185302734
      vertex 63.52388000488281 52.98268127441406 11
    endloop
  endfacet
  facet normal -0.06540456175332701 0.9978588293450408 0
    outer loop
      vertex 62.730525970458984 2.408555030822754 2.3999996185302734
      vertex 62.599998474121094 2.3999996185302734 11
      vertex 62.730525970458984 2.408555030822754 11
    endloop
  endfacet
  facet normal -0.06540456175332701 0.9978588293450408 0
    outer loop
      vertex 62.599998474121094 2.3999996185302734 11
      vertex 62.730525970458984 2.408555030822754 2.3999996185302734
      vertex 62.599998474121094 2.3999996185302734 2.3999996185302734
    endloop
  endfacet
  facet normal -0.1950869043686115 0.9807859602093988 0
    outer loop
      vertex 62.85881805419922 2.4340734481811523 2.3999996185302734
      vertex 62.730525970458984 2.408555030822754 11
      vertex 62.85881805419922 2.4340734481811523 11
    endloop
  endfacet
  facet normal -0.1950869043686115 0.9807859602093988 0
    outer loop
      vertex 62.730525970458984 2.408555030822754 11
      vertex 62.85881805419922 2.4340734481811523 2.3999996185302734
      vertex 62.730525970458984 2.408555030822754 2.3999996185302734
    endloop
  endfacet
  facet normal -0.06538278327266257 -0.9978602565747973 0
    outer loop
      vertex 62.599998474121094 53.599998474121094 2.3999996185302734
      vertex 62.730525970458984 53.59144592285156 11
      vertex 62.599998474121094 53.599998474121094 11
    endloop
  endfacet
  facet normal -0.06538278327266257 -0.9978602565747973 0
    outer loop
      vertex 62.730525970458984 53.59144592285156 11
      vertex 62.599998474121094 53.599998474121094 2.3999996185302734
      vertex 62.730525970458984 53.59144592285156 2.3999996185302734
    endloop
  endfacet
  facet normal -0.5555629886281425 0.8314744528045142 0
    outer loop
      vertex 63.208763122558594 2.6066465377807617 2.3999996185302734
      vertex 63.099998474121094 2.5339736938476562 11
      vertex 63.208763122558594 2.6066465377807617 11
    endloop
  endfacet
  facet normal -0.5555629886281425 0.8314744528045142 0
    outer loop
      vertex 63.099998474121094 2.5339736938476562 11
      vertex 63.208763122558594 2.6066465377807617 2.3999996185302734
      vertex 63.099998474121094 2.5339736938476562 2.3999996185302734
    endloop
  endfacet
  facet normal 0.8968749907573644 -0.4422841292133117 0
    outer loop
      vertex 2.4761199951171875 52.98268127441406 11
      vertex 2.5339736938476562 53.099998474121094 2.3999996185302734
      vertex 2.5339736938476562 53.099998474121094 11
    endloop
  endfacet
  facet normal 0.8968749907573644 -0.4422841292133117 0
    outer loop
      vertex 2.5339736938476562 53.099998474121094 2.3999996185302734
      vertex 2.4761199951171875 52.98268127441406 11
      vertex 2.4761199951171875 52.98268127441406 2.3999996185302734
    endloop
  endfacet
  facet normal 0.19508550936997945 0.9807862376857944 0
    outer loop
      vertex 3.269473075866699 2.408555030822754 2.3999996185302734
      vertex 3.1411800384521484 2.4340734481811523 11
      vertex 3.269473075866699 2.408555030822754 11
    endloop
  endfacet
  facet normal 0.19508550936997945 0.9807862376857944 0
    outer loop
      vertex 3.1411800384521484 2.4340734481811523 11
      vertex 3.269473075866699 2.408555030822754 2.3999996185302734
      vertex 3.1411800384521484 2.4340734481811523 2.3999996185302734
    endloop
  endfacet
  facet normal -0.4422841292133117 -0.8968749907573644 0
    outer loop
      vertex 62.98268127441406 53.52388000488281 2.3999996185302734
      vertex 63.099998474121094 53.466026306152344 11
      vertex 62.98268127441406 53.52388000488281 11
    endloop
  endfacet
  facet normal -0.4422841292133117 -0.8968749907573644 0
    outer loop
      vertex 63.099998474121094 53.466026306152344 11
      vertex 62.98268127441406 53.52388000488281 2.3999996185302734
      vertex 63.099998474121094 53.466026306152344 2.3999996185302734
    endloop
  endfacet
  facet normal -0.9978602254074851 0.06538325894082815 0
    outer loop
      vertex 63.59144592285156 3.269473075866699 2.3999996185302734
      vertex 63.599998474121094 3.3999996185302734 11
      vertex 63.599998474121094 3.3999996185302734 2.3999996185302734
    endloop
  endfacet
  facet normal -0.9978602254074851 0.06538325894082815 0
    outer loop
      vertex 63.599998474121094 3.3999996185302734 11
      vertex 63.59144592285156 3.269473075866699 2.3999996185302734
      vertex 63.59144592285156 3.269473075866699 11
    endloop
  endfacet
  facet normal 0.9469293718602808 0.32144169721474214 0
    outer loop
      vertex 2.4761199951171875 3.0173158645629883 11
      vertex 2.4340734481811523 3.1411800384521484 2.3999996185302734
      vertex 2.4340734481811523 3.1411800384521484 11
    endloop
  endfacet
  facet normal 0.9469293718602808 0.32144169721474214 0
    outer loop
      vertex 2.4340734481811523 3.1411800384521484 2.3999996185302734
      vertex 2.4761199951171875 3.0173158645629883 11
      vertex 2.4761199951171875 3.0173158645629883 2.3999996185302734
    endloop
  endfacet
  facet normal -0.8314710850249073 -0.5555680289285041 0
    outer loop
      vertex 63.466026306152344 53.099998474121094 2.3999996185302734
      vertex 63.39335250854492 53.208763122558594 11
      vertex 63.39335250854492 53.208763122558594 2.3999996185302734
    endloop
  endfacet
  facet normal -0.8314710850249073 -0.5555680289285041 0
    outer loop
      vertex 63.39335250854492 53.208763122558594 11
      vertex 63.466026306152344 53.099998474121094 2.3999996185302734
      vertex 63.466026306152344 53.099998474121094 11
    endloop
  endfacet
  facet normal 0.5555781324149544 -0.8314643340410408 0
    outer loop
      vertex 2.7912378311157227 53.39335250854492 2.3999996185302734
      vertex 2.8999996185302734 53.466026306152344 11
      vertex 2.7912378311157227 53.39335250854492 11
    endloop
  endfacet
  facet normal 0.5555781324149544 -0.8314643340410408 0
    outer loop
      vertex 2.8999996185302734 53.466026306152344 11
      vertex 2.7912378311157227 53.39335250854492 2.3999996185302734
      vertex 2.8999996185302734 53.466026306152344 2.3999996185302734
    endloop
  endfacet
  facet normal 0.4422870212651727 -0.8968735645677045 0
    outer loop
      vertex 2.8999996185302734 53.466026306152344 2.3999996185302734
      vertex 3.0173158645629883 53.52388000488281 11
      vertex 2.8999996185302734 53.466026306152344 11
    endloop
  endfacet
  facet normal 0.4422870212651727 -0.8968735645677045 0
    outer loop
      vertex 3.0173158645629883 53.52388000488281 11
      vertex 2.8999996185302734 53.466026306152344 2.3999996185302734
      vertex 3.0173158645629883 53.52388000488281 2.3999996185302734
    endloop
  endfacet
  facet normal 0.06538325894082815 -0.9978602254074851 0
    outer loop
      vertex 3.269473075866699 53.59144592285156 2.3999996185302734
      vertex 3.3999996185302734 53.599998474121094 11
      vertex 3.269473075866699 53.59144592285156 11
    endloop
  endfacet
  facet normal 0.06538325894082815 -0.9978602254074851 0
    outer loop
      vertex 3.3999996185302734 53.599998474121094 11
      vertex 3.269473075866699 53.59144592285156 2.3999996185302734
      vertex 3.3999996185302734 53.599998474121094 2.3999996185302734
    endloop
  endfacet
  facet normal 0 0 1
    outer loop
      vertex 62.599998474121094 53.599998474121094 2.3999996185302734
      vertex 63.599998474121094 52.599998474121094 2.3999996185302734
      vertex 63.59144592285156 52.730525970458984 2.3999996185302734
    endloop
  endfacet
  facet normal 0 0 1
    outer loop
      vertex 63.599998474121094 52.599998474121094 2.3999996185302734
      vertex 62.599998474121094 53.599998474121094 2.3999996185302734
      vertex 63.599998474121094 3.3999996185302734 2.3999996185302734
    endloop
  endfacet
  facet normal 0 0 1
    outer loop
      vertex 62.599998474121094 53.599998474121094 2.3999996185302734
      vertex 63.59144592285156 52.730525970458984 2.3999996185302734
      vertex 63.56592559814453 52.85881805419922 2.3999996185302734
    endloop
  endfacet
  facet normal 0 0 1
    outer loop
      vertex 62.599998474121094 2.3999996185302734 2.3999996185302734
      vertex 63.599998474121094 3.3999996185302734 2.3999996185302734
      vertex 62.599998474121094 53.599998474121094 2.3999996185302734
    endloop
  endfacet
  facet normal 0 0 1
    outer loop
      vertex 62.599998474121094 53.599998474121094 2.3999996185302734
      vertex 63.56592559814453 52.85881805419922 2.3999996185302734
      vertex 63.52388000488281 52.98268127441406 2.3999996185302734
    endloop
  endfacet
  facet normal 0 0 1
    outer loop
      vertex 63.599998474121094 3.3999996185302734 2.3999996185302734
      vertex 62.599998474121094 2.3999996185302734 2.3999996185302734
      vertex 63.59144592285156 3.269473075866699 2.3999996185302734
    endloop
  endfacet
  facet normal 0 0 1
    outer loop
      vertex 62.599998474121094 53.599998474121094 2.3999996185302734
      vertex 63.52388000488281 52.98268127441406 2.3999996185302734
      vertex 63.466026306152344 53.099998474121094 2.3999996185302734
    endloop
  endfacet
  facet normal 0 0 1
    outer loop
      vertex 63.59144592285156 3.269473075866699 2.3999996185302734
      vertex 62.599998474121094 2.3999996185302734 2.3999996185302734
      vertex 63.56592559814453 3.1411800384521484 2.3999996185302734
    endloop
  endfacet
  facet normal 0 0 1
    outer loop
      vertex 62.599998474121094 53.599998474121094 2.3999996185302734
      vertex 63.466026306152344 53.099998474121094 2.3999996185302734
      vertex 63.39335250854492 53.208763122558594 2.3999996185302734
    endloop
  endfacet
  facet normal 0 0 1
    outer loop
      vertex 63.56592559814453 3.1411800384521484 2.3999996185302734
      vertex 62.599998474121094 2.3999996185302734 2.3999996185302734
      vertex 63.52388000488281 3.0173158645629883 2.3999996185302734
    endloop
  endfacet
  facet normal 0 0 1
    outer loop
      vertex 62.599998474121094 53.599998474121094 2.3999996185302734
      vertex 63.39335250854492 53.208763122558594 2.3999996185302734
      vertex 63.307106018066406 53.307106018066406 2.3999996185302734
    endloop
  endfacet
  facet normal 0 0 1
    outer loop
      vertex 63.52388000488281 3.0173158645629883 2.3999996185302734
      vertex 62.599998474121094 2.3999996185302734 2.3999996185302734
      vertex 63.466026306152344 2.8999996185302734 2.3999996185302734
    endloop
  endfacet
  facet normal 0 0 1
    outer loop
      vertex 62.599998474121094 53.599998474121094 2.3999996185302734
      vertex 63.307106018066406 53.307106018066406 2.3999996185302734
      vertex 63.208763122558594 53.39335250854492 2.3999996185302734
    endloop
  endfacet
  facet normal 0 0 1
    outer loop
      vertex 63.466026306152344 2.8999996185302734 2.3999996185302734
      vertex 62.599998474121094 2.3999996185302734 2.3999996185302734
      vertex 63.39335250854492 2.7912378311157227 2.3999996185302734
    endloop
  endfacet
  facet normal 0 0 1
    outer loop
      vertex 62.599998474121094 53.599998474121094 2.3999996185302734
      vertex 63.208763122558594 53.39335250854492 2.3999996185302734
      vertex 63.099998474121094 53.466026306152344 2.3999996185302734
    endloop
  endfacet
  facet normal 0 0 1
    outer loop
      vertex 63.39335250854492 2.7912378311157227 2.3999996185302734
      vertex 62.599998474121094 2.3999996185302734 2.3999996185302734
      vertex 63.307106018066406 2.6928930282592773 2.3999996185302734
    endloop
  endfacet
  facet normal 0 0 1
    outer loop
      vertex 62.599998474121094 53.599998474121094 2.3999996185302734
      vertex 63.099998474121094 53.466026306152344 2.3999996185302734
      vertex 62.98268127441406 53.52388000488281 2.3999996185302734
    endloop
  endfacet
  facet normal 0 0 1
    outer loop
      vertex 63.307106018066406 2.6928930282592773 2.3999996185302734
      vertex 62.599998474121094 2.3999996185302734 2.3999996185302734
      vertex 63.208763122558594 2.6066465377807617 2.3999996185302734
    endloop
  endfacet
  facet normal 0 0 1
    outer loop
      vertex 62.599998474121094 53.599998474121094 2.3999996185302734
      vertex 62.98268127441406 53.52388000488281 2.3999996185302734
      vertex 62.85881805419922 53.56592559814453 2.3999996185302734
    endloop
  endfacet
  facet normal 0 0 1
    outer loop
      vertex 63.208763122558594 2.6066465377807617 2.3999996185302734
      vertex 62.599998474121094 2.3999996185302734 2.3999996185302734
      vertex 63.099998474121094 2.5339736938476562 2.3999996185302734
    endloop
  endfacet
  facet normal 0 0 1
    outer loop
      vertex 62.599998474121094 53.599998474121094 2.3999996185302734
      vertex 62.85881805419922 53.56592559814453 2.3999996185302734
      vertex 62.730525970458984 53.59144592285156 2.3999996185302734
    endloop
  endfacet
  facet normal 0 0 1
    outer loop
      vertex 63.099998474121094 2.5339736938476562 2.3999996185302734
      vertex 62.599998474121094 2.3999996185302734 2.3999996185302734
      vertex 62.98268127441406 2.4761199951171875 2.3999996185302734
    endloop
  endfacet
  facet normal 0 0 1
    outer loop
      vertex 62.98268127441406 2.4761199951171875 2.3999996185302734
      vertex 62.599998474121094 2.3999996185302734 2.3999996185302734
      vertex 62.85881805419922 2.4340734481811523 2.3999996185302734
    endloop
  endfacet
  facet normal 0 0 1
    outer loop
      vertex 62.85881805419922 2.4340734481811523 2.3999996185302734
      vertex 62.599998474121094 2.3999996185302734 2.3999996185302734
      vertex 62.730525970458984 2.408555030822754 2.3999996185302734
    endloop
  endfacet
  facet normal 0 0 1
    outer loop
      vertex 3.3999996185302734 53.599998474121094 2.3999996185302734
      vertex 62.599998474121094 2.3999996185302734 2.3999996185302734
      vertex 62.599998474121094 53.599998474121094 2.3999996185302734
    endloop
  endfacet
  facet normal 0 0 1
    outer loop
      vertex 3.3999996185302734 53.599998474121094 2.3999996185302734
      vertex 3.3999996185302734 2.3999996185302734 2.3999996185302734
      vertex 62.599998474121094 2.3999996185302734 2.3999996185302734
    endloop
  endfacet
  facet normal 0 0 1
    outer loop
      vertex 2.3999996185302734 52.599998474121094 2.3999996185302734
      vertex 3.3999996185302734 53.599998474121094 2.3999996185302734
      vertex 3.269473075866699 53.59144592285156 2.3999996185302734
    endloop
  endfacet
  facet normal 0 0 1
    outer loop
      vertex 3.3999996185302734 53.599998474121094 2.3999996185302734
      vertex 2.3999996185302734 52.599998474121094 2.3999996185302734
      vertex 3.3999996185302734 2.3999996185302734 2.3999996185302734
    endloop
  endfacet
  facet normal 0 0 1
    outer loop
      vertex 2.3999996185302734 52.599998474121094 2.3999996185302734
      vertex 3.269473075866699 53.59144592285156 2.3999996185302734
      vertex 3.1411800384521484 53.56592559814453 2.3999996185302734
    endloop
  endfacet
  facet normal 0 0 1
    outer loop
      vertex 2.3999996185302734 3.3999996185302734 2.3999996185302734
      vertex 3.3999996185302734 2.3999996185302734 2.3999996185302734
      vertex 2.3999996185302734 52.599998474121094 2.3999996185302734
    endloop
  endfacet
  facet normal 0 0 1
    outer loop
      vertex 2.3999996185302734 52.599998474121094 2.3999996185302734
      vertex 3.1411800384521484 53.56592559814453 2.3999996185302734
      vertex 3.0173158645629883 53.52388000488281 2.3999996185302734
    endloop
  endfacet
  facet normal 0 0 1
    outer loop
      vertex 3.3999996185302734 2.3999996185302734 2.3999996185302734
      vertex 2.3999996185302734 3.3999996185302734 2.3999996185302734
      vertex 3.269473075866699 2.408555030822754 2.3999996185302734
    endloop
  endfacet
  facet normal 0 0 1
    outer loop
      vertex 2.3999996185302734 52.599998474121094 2.3999996185302734
      vertex 3.0173158645629883 53.52388000488281 2.3999996185302734
      vertex 2.8999996185302734 53.466026306152344 2.3999996185302734
    endloop
  endfacet
  facet normal 0 0 1
    outer loop
      vertex 3.269473075866699 2.408555030822754 2.3999996185302734
      vertex 2.3999996185302734 3.3999996185302734 2.3999996185302734
      vertex 3.1411800384521484 2.4340734481811523 2.3999996185302734
    endloop
  endfacet
  facet normal 0 0 1
    outer loop
      vertex 2.3999996185302734 52.599998474121094 2.3999996185302734
      vertex 2.8999996185302734 53.466026306152344 2.3999996185302734
      vertex 2.7912378311157227 53.39335250854492 2.3999996185302734
    endloop
  endfacet
  facet normal 0 0 1
    outer loop
      vertex 3.1411800384521484 2.4340734481811523 2.3999996185302734
      vertex 2.3999996185302734 3.3999996185302734 2.3999996185302734
      vertex 3.0173158645629883 2.4761199951171875 2.3999996185302734
    endloop
  endfacet
  facet normal 0 0 1
    outer loop
      vertex 2.3999996185302734 52.599998474121094 2.3999996185302734
      vertex 2.7912378311157227 53.39335250854492 2.3999996185302734
      vertex 2.6928930282592773 53.307106018066406 2.3999996185302734
    endloop
  endfacet
  facet normal 0 0 1
    outer loop
      vertex 3.0173158645629883 2.4761199951171875 2.3999996185302734
      vertex 2.3999996185302734 3.3999996185302734 2.3999996185302734
      vertex 2.8999996185302734 2.5339736938476562 2.3999996185302734
    endloop
  endfacet
  facet normal 0 0 1
    outer loop
      vertex 2.3999996185302734 52.599998474121094 2.3999996185302734
      vertex 2.6928930282592773 53.307106018066406 2.3999996185302734
      vertex 2.6066465377807617 53.208763122558594 2.3999996185302734
    endloop
  endfacet
  facet normal 0 0 1
    outer loop
      vertex 2.8999996185302734 2.5339736938476562 2.3999996185302734
      vertex 2.3999996185302734 3.3999996185302734 2.3999996185302734
      vertex 2.7912378311157227 2.6066465377807617 2.3999996185302734
    endloop
  endfacet
  facet normal 0 0 1
    outer loop
      vertex 2.3999996185302734 52.599998474121094 2.3999996185302734
      vertex 2.6066465377807617 53.208763122558594 2.3999996185302734
      vertex 2.5339736938476562 53.099998474121094 2.3999996185302734
    endloop
  endfacet
  facet normal 0 0 1
    outer loop
      vertex 2.7912378311157227 2.6066465377807617 2.3999996185302734
      vertex 2.3999996185302734 3.3999996185302734 2.3999996185302734
      vertex 2.6928930282592773 2.6928930282592773 2.3999996185302734
    endloop
  endfacet
  facet normal 0 0 1
    outer loop
      vertex 2.3999996185302734 52.599998474121094 2.3999996185302734
      vertex 2.5339736938476562 53.099998474121094 2.3999996185302734
      vertex 2.4761199951171875 52.98268127441406 2.3999996185302734
    endloop
  endfacet
  facet normal 0 0 1
    outer loop
      vertex 2.6928930282592773 2.6928930282592773 2.3999996185302734
      vertex 2.3999996185302734 3.3999996185302734 2.3999996185302734
      vertex 2.6066465377807617 2.7912378311157227 2.3999996185302734
    endloop
  endfacet
  facet normal 0 0 1
    outer loop
      vertex 2.3999996185302734 52.599998474121094 2.3999996185302734
      vertex 2.4761199951171875 52.98268127441406 2.3999996185302734
      vertex 2.4340734481811523 52.85881805419922 2.3999996185302734
    endloop
  endfacet
  facet normal 0 0 1
    outer loop
      vertex 2.6066465377807617 2.7912378311157227 2.3999996185302734
      vertex 2.3999996185302734 3.3999996185302734 2.3999996185302734
      vertex 2.5339736938476562 2.8999996185302734 2.3999996185302734
    endloop
  endfacet
  facet normal 0 0 1
    outer loop
      vertex 2.3999996185302734 52.599998474121094 2.3999996185302734
      vertex 2.4340734481811523 52.85881805419922 2.3999996185302734
      vertex 2.408555030822754 52.730525970458984 2.3999996185302734
    endloop
  endfacet
  facet normal 0 0 1
    outer loop
      vertex 2.5339736938476562 2.8999996185302734 2.3999996185302734
      vertex 2.3999996185302734 3.3999996185302734 2.3999996185302734
      vertex 2.4761199951171875 3.0173158645629883 2.3999996185302734
    endloop
  endfacet
  facet normal 0 0 1
    outer loop
      vertex 2.4761199951171875 3.0173158645629883 2.3999996185302734
      vertex 2.3999996185302734 3.3999996185302734 2.3999996185302734
      vertex 2.4340734481811523 3.1411800384521484 2.3999996185302734
    endloop
  endfacet
  facet normal 0 0 1
    outer loop
      vertex 2.4340734481811523 3.1411800384521484 2.3999996185302734
      vertex 2.3999996185302734 3.3999996185302734 2.3999996185302734
      vertex 2.408555030822754 3.269473075866699 2.3999996185302734
    endloop
  endfacet
  facet normal 0.3214351597604407 -0.9469315910190028 0
    outer loop
      vertex 3.0173158645629883 53.52388000488281 2.3999996185302734
      vertex 3.1411800384521484 53.56592559814453 11
      vertex 3.0173158645629883 53.52388000488281 11
    endloop
  endfacet
  facet normal 0.3214351597604407 -0.9469315910190028 0
    outer loop
      vertex 3.1411800384521484 53.56592559814453 11
      vertex 3.0173158645629883 53.52388000488281 2.3999996185302734
      vertex 3.1411800384521484 53.56592559814453 2.3999996185302734
    endloop
  endfacet
  facet normal 0.6593476003331741 0.7518382418678135 0
    outer loop
      vertex 2.7912378311157227 2.6066465377807617 2.3999996185302734
      vertex 2.6928930282592773 2.6928930282592773 11
      vertex 2.7912378311157227 2.6066465377807617 11
    endloop
  endfacet
  facet normal 0.6593476003331741 0.7518382418678135 0
    outer loop
      vertex 2.6928930282592773 2.6928930282592773 11
      vertex 2.7912378311157227 2.6066465377807617 2.3999996185302734
      vertex 2.6928930282592773 2.6928930282592773 2.3999996185302734
    endloop
  endfacet
  facet normal 0.5555730921047782 0.8314677019157963 0
    outer loop
      vertex 2.8999996185302734 2.5339736938476562 2.3999996185302734
      vertex 2.7912378311157227 2.6066465377807617 11
      vertex 2.8999996185302734 2.5339736938476562 11
    endloop
  endfacet
  facet normal 0.5555730921047782 0.8314677019157963 0
    outer loop
      vertex 2.7912378311157227 2.6066465377807617 11
      vertex 2.8999996185302734 2.5339736938476562 2.3999996185302734
      vertex 2.7912378311157227 2.6066465377807617 2.3999996185302734
    endloop
  endfacet
  facet normal 0.4422870212651727 0.8968735645677045 0
    outer loop
      vertex 3.0173158645629883 2.4761199951171875 2.3999996185302734
      vertex 2.8999996185302734 2.5339736938476562 11
      vertex 3.0173158645629883 2.4761199951171875 11
    endloop
  endfacet
  facet normal 0.4422870212651727 0.8968735645677045 0
    outer loop
      vertex 2.8999996185302734 2.5339736938476562 11
      vertex 3.0173158645629883 2.4761199951171875 2.3999996185302734
      vertex 2.8999996185302734 2.5339736938476562 2.3999996185302734
    endloop
  endfacet
  facet normal 0.9807859602093988 -0.1950869043686115 0
    outer loop
      vertex 2.408555030822754 52.730525970458984 11
      vertex 2.4340734481811523 52.85881805419922 2.3999996185302734
      vertex 2.4340734481811523 52.85881805419922 11
    endloop
  endfacet
  facet normal 0.9807859602093988 -0.1950869043686115 0
    outer loop
      vertex 2.4340734481811523 52.85881805419922 2.3999996185302734
      vertex 2.408555030822754 52.730525970458984 11
      vertex 2.408555030822754 52.730525970458984 2.3999996185302734
    endloop
  endfacet
  facet normal -0.19510093092594474 -0.9807831701002164 0
    outer loop
      vertex 62.730525970458984 53.59144592285156 2.3999996185302734
      vertex 62.85881805419922 53.56592559814453 11
      vertex 62.730525970458984 53.59144592285156 11
    endloop
  endfacet
  facet normal -0.19510093092594474 -0.9807831701002164 0
    outer loop
      vertex 62.85881805419922 53.56592559814453 11
      vertex 62.730525970458984 53.59144592285156 2.3999996185302734
      vertex 62.85881805419922 53.56592559814453 2.3999996185302734
    endloop
  endfacet
  facet normal 0.32144169721474214 0.9469293718602808 0
    outer loop
      vertex 3.1411800384521484 2.4340734481811523 2.3999996185302734
      vertex 3.0173158645629883 2.4761199951171875 11
      vertex 3.1411800384521484 2.4340734481811523 11
    endloop
  endfacet
  facet normal 0.32144169721474214 0.9469293718602808 0
    outer loop
      vertex 3.0173158645629883 2.4761199951171875 11
      vertex 3.1411800384521484 2.4340734481811523 2.3999996185302734
      vertex 3.0173158645629883 2.4761199951171875 2.3999996185302734
    endloop
  endfacet
  facet normal -0.9807831701002164 -0.19510093092594474 0
    outer loop
      vertex 63.59144592285156 52.730525970458984 2.3999996185302734
      vertex 63.56592559814453 52.85881805419922 11
      vertex 63.56592559814453 52.85881805419922 2.3999996185302734
    endloop
  endfacet
  facet normal -0.9807831701002164 -0.19510093092594474 0
    outer loop
      vertex 63.56592559814453 52.85881805419922 11
      vertex 63.59144592285156 52.730525970458984 2.3999996185302734
      vertex 63.59144592285156 52.730525970458984 11
    endloop
  endfacet
  facet normal 0.9978588293450408 -0.06540456175332701 0
    outer loop
      vertex 2.3999996185302734 52.599998474121094 11
      vertex 2.408555030822754 52.730525970458984 2.3999996185302734
      vertex 2.408555030822754 52.730525970458984 11
    endloop
  endfacet
  facet normal 0.9978588293450408 -0.06540456175332701 0
    outer loop
      vertex 2.408555030822754 52.730525970458984 2.3999996185302734
      vertex 2.3999996185302734 52.599998474121094 11
      vertex 2.3999996185302734 52.599998474121094 2.3999996185302734
    endloop
  endfacet
  facet normal 0.9978587773646056 0.06540535479924119 0
    outer loop
      vertex 7 4 14
      vertex 6.974333763122559 4.39157772064209 11
      vertex 6.974333763122559 4.39157772064209 14
    endloop
  endfacet
  facet normal 0.9978587773646056 0.06540535479924119 0
    outer loop
      vertex 6.974333763122559 4.39157772064209 11
      vertex 7 4 14
      vertex 7 4 11
    endloop
  endfacet
  facet normal 0.7518403549106677 0.65934519087334 0
    outer loop
      vertex 6.380059242248535 5.8262834548950195 14
      vertex 6.121319770812988 6.121319770812988 11
      vertex 6.121319770812988 6.121319770812988 14
    endloop
  endfacet
  facet normal 0.7518403549106677 0.65934519087334 0
    outer loop
      vertex 6.121319770812988 6.121319770812988 11
      vertex 6.380059242248535 5.8262834548950195 14
      vertex 6.380059242248535 5.8262834548950195 11
    endloop
  endfacet
  facet normal 0.65934519087334 0.7518403549106677 0
    outer loop
      vertex 6.121319770812988 6.121319770812988 11
      vertex 5.8262834548950195 6.380059242248535 14
      vertex 6.121319770812988 6.121319770812988 14
    endloop
  endfacet
  facet normal 0.65934519087334 0.7518403549106677 0
    outer loop
      vertex 5.8262834548950195 6.380059242248535 14
      vertex 6.121319770812988 6.121319770812988 11
      vertex 5.8262834548950195 6.380059242248535 11
    endloop
  endfacet
  facet normal 0.8968730759471395 -0.44228801209293084 0
    outer loop
      vertex 6.598075866699219 2.5 14
      vertex 6.771637916564941 2.851949691772461 11
      vertex 6.771637916564941 2.851949691772461 14
    endloop
  endfacet
  facet normal 0.8968730759471395 -0.44228801209293084 0
    outer loop
      vertex 6.771637916564941 2.851949691772461 11
      vertex 6.598075866699219 2.5 14
      vertex 6.598075866699219 2.5 11
    endloop
  endfacet
  facet normal 0.9807853076829625 0.1950901848716038 0
    outer loop
      vertex 6.974333763122559 4.39157772064209 14
      vertex 6.8977766036987305 4.776456832885742 11
      vertex 6.8977766036987305 4.776456832885742 14
    endloop
  endfacet
  facet normal 0.9807853076829625 0.1950901848716038 0
    outer loop
      vertex 6.8977766036987305 4.776456832885742 11
      vertex 6.974333763122559 4.39157772064209 14
      vertex 6.974333763122559 4.39157772064209 11
    endloop
  endfacet
  facet normal 0.9469301115837139 0.3214395180684152 0
    outer loop
      vertex 6.8977766036987305 4.776456832885742 14
      vertex 6.771637916564941 5.148049354553223 11
      vertex 6.771637916564941 5.148049354553223 14
    endloop
  endfacet
  facet normal 0.9469301115837139 0.3214395180684152 0
    outer loop
      vertex 6.771637916564941 5.148049354553223 11
      vertex 6.8977766036987305 4.776456832885742 14
      vertex 6.8977766036987305 4.776456832885742 11
    endloop
  endfacet
  facet normal 0.3214395180684152 0.9469301115837139 0
    outer loop
      vertex 5.148049354553223 6.771637916564941 11
      vertex 4.776456832885742 6.8977766036987305 14
      vertex 5.148049354553223 6.771637916564941 14
    endloop
  endfacet
  facet normal 0.3214395180684152 0.9469301115837139 0
    outer loop
      vertex 4.776456832885742 6.8977766036987305 14
      vertex 5.148049354553223 6.771637916564941 11
      vertex 4.776456832885742 6.8977766036987305 11
    endloop
  endfacet
  facet normal 0.8968735513473842 0.4422870480734554 0
    outer loop
      vertex 6.771637916564941 5.148049354553223 14
      vertex 6.598075866699219 5.5 11
      vertex 6.598075866699219 5.5 14
    endloop
  endfacet
  facet normal 0.8968735513473842 0.4422870480734554 0
    outer loop
      vertex 6.598075866699219 5.5 11
      vertex 6.771637916564941 5.148049354553223 14
      vertex 6.771637916564941 5.148049354553223 11
    endloop
  endfacet
  facet normal 0.9978587877608438 -0.06540519618852311 0
    outer loop
      vertex 6.974333763122559 3.6084213256835938 14
      vertex 7 4 11
      vertex 7 4 14
    endloop
  endfacet
  facet normal 0.9978587877608438 -0.06540519618852311 0
    outer loop
      vertex 7 4 11
      vertex 6.974333763122559 3.6084213256835938 14
      vertex 6.974333763122559 3.6084213256835938 11
    endloop
  endfacet
  facet normal 0.9807853076829625 -0.1950901848716038 0
    outer loop
      vertex 6.8977766036987305 3.2235422134399414 14
      vertex 6.974333763122559 3.6084213256835938 11
      vertex 6.974333763122559 3.6084213256835938 14
    endloop
  endfacet
  facet normal 0.9807853076829625 -0.1950901848716038 0
    outer loop
      vertex 6.974333763122559 3.6084213256835938 11
      vertex 6.8977766036987305 3.2235422134399414 14
      vertex 6.8977766036987305 3.2235422134399414 11
    endloop
  endfacet
  facet normal 0.4422870480734554 0.8968735513473842 0
    outer loop
      vertex 5.5 6.598075866699219 11
      vertex 5.148049354553223 6.771637916564941 14
      vertex 5.5 6.598075866699219 14
    endloop
  endfacet
  facet normal 0.4422870480734554 0.8968735513473842 0
    outer loop
      vertex 5.148049354553223 6.771637916564941 14
      vertex 5.5 6.598075866699219 11
      vertex 5.148049354553223 6.771637916564941 11
    endloop
  endfacet
  facet normal 0.5555719771183085 0.8314684469304012 0
    outer loop
      vertex 5.8262834548950195 6.380059242248535 11
      vertex 5.5 6.598075866699219 14
      vertex 5.8262834548950195 6.380059242248535 14
    endloop
  endfacet
  facet normal 0.5555719771183085 0.8314684469304012 0
    outer loop
      vertex 5.5 6.598075866699219 14
      vertex 5.8262834548950195 6.380059242248535 11
      vertex 5.5 6.598075866699219 11
    endloop
  endfacet
  facet normal 0.8314691566871357 -0.5555709148956444 0
    outer loop
      vertex 6.531257629394531 2.3999996185302734 14
      vertex 6.598075866699219 2.5 11
      vertex 6.598075866699219 2.5 14
    endloop
  endfacet
  facet normal 0.8314691566871357 -0.5555709148956444 0
    outer loop
      vertex 6.598075866699219 2.5 11
      vertex 6.531257629394531 2.3999996185302734 14
      vertex 6.531257629394531 2.3999996185302734 11
    endloop
  endfacet
  facet normal -0.1950901848716038 0.9807853076829625 0
    outer loop
      vertex 3.6084213256835938 6.974333763122559 11
      vertex 3.2235422134399414 6.8977766036987305 14
      vertex 3.6084213256835938 6.974333763122559 14
    endloop
  endfacet
  facet normal -0.1950901848716038 0.9807853076829625 0
    outer loop
      vertex 3.2235422134399414 6.8977766036987305 14
      vertex 3.6084213256835938 6.974333763122559 11
      vertex 3.2235422134399414 6.8977766036987305 11
    endloop
  endfacet
  facet normal -0.06540519618852311 0.9978587877608438 0
    outer loop
      vertex 4 7 11
      vertex 3.6084213256835938 6.974333763122559 14
      vertex 4 7 14
    endloop
  endfacet
  facet normal -0.06540519618852311 0.9978587877608438 0
    outer loop
      vertex 3.6084213256835938 6.974333763122559 14
      vertex 4 7 11
      vertex 3.6084213256835938 6.974333763122559 11
    endloop
  endfacet
  facet normal -0.5555709148956444 0.8314691566871357 0
    outer loop
      vertex 2.5 6.598075866699219 11
      vertex 2.3999996185302734 6.531257629394531 14
      vertex 2.5 6.598075866699219 14
    endloop
  endfacet
  facet normal -0.5555709148956444 0.8314691566871357 0
    outer loop
      vertex 2.3999996185302734 6.531257629394531 14
      vertex 2.5 6.598075866699219 11
      vertex 2.3999996185302734 6.531257629394531 11
    endloop
  endfacet
  facet normal 0.9469301115837139 -0.3214395180684152 0
    outer loop
      vertex 6.771637916564941 2.851949691772461 14
      vertex 6.8977766036987305 3.2235422134399414 11
      vertex 6.8977766036987305 3.2235422134399414 14
    endloop
  endfacet
  facet normal 0.9469301115837139 -0.3214395180684152 0
    outer loop
      vertex 6.8977766036987305 3.2235422134399414 11
      vertex 6.771637916564941 2.851949691772461 14
      vertex 6.771637916564941 2.851949691772461 11
    endloop
  endfacet
  facet normal 0 0 -1
    outer loop
      vertex 5.199999809265137 4 11
      vertex 7 4 11
      vertex 6.974333763122559 3.6084213256835938 11
    endloop
  endfacet
  facet normal 0 0 -1
    outer loop
      vertex 5.189733505249023 3.8433685302734375 11
      vertex 6.974333763122559 3.6084213256835938 11
      vertex 6.8977766036987305 3.2235422134399414 11
    endloop
  endfacet
  facet normal 0 0 -1
    outer loop
      vertex 7 4 11
      vertex 5.199999809265137 4 11
      vertex 6.974333763122559 4.39157772064209 11
    endloop
  endfacet
  facet normal 0 0 -1
    outer loop
      vertex 5.159110069274902 3.6894168853759766 11
      vertex 6.8977766036987305 3.2235422134399414 11
      vertex 6.771637916564941 2.851949691772461 11
    endloop
  endfacet
  facet normal 0 0 -1
    outer loop
      vertex 5.189733505249023 4.156630516052246 11
      vertex 6.974333763122559 4.39157772064209 11
      vertex 5.199999809265137 4 11
    endloop
  endfacet
  facet normal 0 0 -1
    outer loop
      vertex 5.108654975891113 3.5407791137695312 11
      vertex 6.771637916564941 2.851949691772461 11
      vertex 6.598075866699219 2.5 11
    endloop
  endfacet
  facet normal 0 0 -1
    outer loop
      vertex 6.974333763122559 4.39157772064209 11
      vertex 5.189733505249023 4.156630516052246 11
      vertex 6.8977766036987305 4.776456832885742 11
    endloop
  endfacet
  facet normal 0 0 -1
    outer loop
      vertex 5.0392303466796875 3.3999996185302734 11
      vertex 6.598075866699219 2.5 11
      vertex 6.531257629394531 2.3999996185302734 11
    endloop
  endfacet
  facet normal 0 0 -1
    outer loop
      vertex 5.159110069274902 4.310582160949707 11
      vertex 6.8977766036987305 4.776456832885742 11
      vertex 5.189733505249023 4.156630516052246 11
    endloop
  endfacet
  facet normal 0 0 -1
    outer loop
      vertex 6.8977766036987305 4.776456832885742 11
      vertex 5.159110069274902 4.310582160949707 11
      vertex 6.771637916564941 5.148049354553223 11
    endloop
  endfacet
  facet normal 0 0 -1
    outer loop
      vertex 6.771637916564941 5.148049354553223 11
      vertex 5.108654975891113 4.459219932556152 11
      vertex 6.598075866699219 5.5 11
    endloop
  endfacet
  facet normal 0 0 -1
    outer loop
      vertex 5.0392303466796875 4.59999942779541 11
      vertex 6.598075866699219 5.5 11
      vertex 5.108654975891113 4.459219932556152 11
    endloop
  endfacet
  facet normal 0 0 -1
    outer loop
      vertex 5.108654975891113 4.459219932556152 11
      vertex 6.771637916564941 5.148049354553223 11
      vertex 5.159110069274902 4.310582160949707 11
    endloop
  endfacet
  facet normal 0 0 -1
    outer loop
      vertex 6.974333763122559 3.6084213256835938 11
      vertex 5.189733505249023 3.8433685302734375 11
      vertex 5.199999809265137 4 11
    endloop
  endfacet
  facet normal 0 0 -1
    outer loop
      vertex 6.8977766036987305 3.2235422134399414 11
      vertex 5.159110069274902 3.6894168853759766 11
      vertex 5.189733505249023 3.8433685302734375 11
    endloop
  endfacet
  facet normal 0 0 -1
    outer loop
      vertex 6.771637916564941 2.851949691772461 11
      vertex 5.108654975891113 3.5407791137695312 11
      vertex 5.159110069274902 3.6894168853759766 11
    endloop
  endfacet
  facet normal 0 0 -1
    outer loop
      vertex 6.598075866699219 2.5 11
      vertex 5.0392303466796875 3.3999996185302734 11
      vertex 5.108654975891113 3.5407791137695312 11
    endloop
  endfacet
  facet normal 0 0 -1
    outer loop
      vertex 6.531257629394531 2.3999996185302734 11
      vertex 4.952023506164551 3.2694854736328125 11
      vertex 5.0392303466796875 3.3999996185302734 11
    endloop
  endfacet
  facet normal 0 0 -1
    outer loop
      vertex 6.531257629394531 2.3999996185302734 11
      vertex 4.848527908325195 3.1514711380004883 11
      vertex 4.952023506164551 3.2694854736328125 11
    endloop
  endfacet
  facet normal 0 0 -1
    outer loop
      vertex 6.531257629394531 2.3999996185302734 11
      vertex 4.730513572692871 3.047975540161133 11
      vertex 4.848527908325195 3.1514711380004883 11
    endloop
  endfacet
  facet normal 0 0 -1
    outer loop
      vertex 6.531257629394531 2.3999996185302734 11
      vertex 4.59999942779541 2.960768699645996 11
      vertex 4.730513572692871 3.047975540161133 11
    endloop
  endfacet
  facet normal 0 0 -1
    outer loop
      vertex 6.531257629394531 2.3999996185302734 11
      vertex 4.459219932556152 2.8913440704345703 11
      vertex 4.59999942779541 2.960768699645996 11
    endloop
  endfacet
  facet normal 0 0 -1
    outer loop
      vertex 6.531257629394531 2.3999996185302734 11
      vertex 4.310582160949707 2.8408889770507812 11
      vertex 4.459219932556152 2.8913440704345703 11
    endloop
  endfacet
  facet normal 0 0 -1
    outer loop
      vertex 3.3999996185302734 2.3999996185302734 11
      vertex 4.310582160949707 2.8408889770507812 11
      vertex 6.531257629394531 2.3999996185302734 11
    endloop
  endfacet
  facet normal 0 0 -1
    outer loop
      vertex 4.310582160949707 2.8408889770507812 11
      vertex 3.3999996185302734 2.3999996185302734 11
      vertex 4.156630516052246 2.81026554107666 11
    endloop
  endfacet
  facet normal 0 0 -1
    outer loop
      vertex 4.156630516052246 2.81026554107666 11
      vertex 3.3999996185302734 2.3999996185302734 11
      vertex 4 2.799999237060547 11
    endloop
  endfacet
  facet normal 0 0 -1
    outer loop
      vertex 4 2.799999237060547 11
      vertex 3.3999996185302734 2.3999996185302734 11
      vertex 3.8433685302734375 2.81026554107666 11
    endloop
  endfacet
  facet normal 0 0 -1
    outer loop
      vertex 3.3999996185302734 2.3999996185302734 11
      vertex 3.6894168853759766 2.8408889770507812 11
      vertex 3.8433685302734375 2.81026554107666 11
    endloop
  endfacet
  facet normal 0 0 -1
    outer loop
      vertex 3.3999996185302734 2.3999996185302734 11
      vertex 3.5407791137695312 2.8913440704345703 11
      vertex 3.6894168853759766 2.8408889770507812 11
    endloop
  endfacet
  facet normal 0 0 -1
    outer loop
      vertex 3.269473075866699 2.408555030822754 11
      vertex 3.5407791137695312 2.8913440704345703 11
      vertex 3.3999996185302734 2.3999996185302734 11
    endloop
  endfacet
  facet normal 0 0 -1
    outer loop
      vertex 3.5407791137695312 2.8913440704345703 11
      vertex 3.269473075866699 2.408555030822754 11
      vertex 3.3999996185302734 2.960768699645996 11
    endloop
  endfacet
  facet normal 0 0 -1
    outer loop
      vertex 3.1411800384521484 2.4340734481811523 11
      vertex 3.3999996185302734 2.960768699645996 11
      vertex 3.269473075866699 2.408555030822754 11
    endloop
  endfacet
  facet normal 0 0 -1
    outer loop
      vertex 3.0173158645629883 2.4761199951171875 11
      vertex 3.3999996185302734 2.960768699645996 11
      vertex 3.1411800384521484 2.4340734481811523 11
    endloop
  endfacet
  facet normal 0 0 -1
    outer loop
      vertex 3.3999996185302734 2.960768699645996 11
      vertex 3.0173158645629883 2.4761199951171875 11
      vertex 3.2694854736328125 3.047975540161133 11
    endloop
  endfacet
  facet normal 0 0 -1
    outer loop
      vertex 2.8999996185302734 2.5339736938476562 11
      vertex 3.2694854736328125 3.047975540161133 11
      vertex 3.0173158645629883 2.4761199951171875 11
    endloop
  endfacet
  facet normal 0 0 -1
    outer loop
      vertex 2.7912378311157227 2.6066465377807617 11
      vertex 3.2694854736328125 3.047975540161133 11
      vertex 2.8999996185302734 2.5339736938476562 11
    endloop
  endfacet
  facet normal 0 0 -1
    outer loop
      vertex 3.2694854736328125 3.047975540161133 11
      vertex 2.7912378311157227 2.6066465377807617 11
      vertex 3.1514711380004883 3.1514711380004883 11
    endloop
  endfacet
  facet normal 0 0 -1
    outer loop
      vertex 2.6928930282592773 2.6928930282592773 11
      vertex 3.1514711380004883 3.1514711380004883 11
      vertex 2.7912378311157227 2.6066465377807617 11
    endloop
  endfacet
  facet normal 0 0 -1
    outer loop
      vertex 2.6066465377807617 2.7912378311157227 11
      vertex 3.1514711380004883 3.1514711380004883 11
      vertex 2.6928930282592773 2.6928930282592773 11
    endloop
  endfacet
  facet normal 0 0 -1
    outer loop
      vertex 3.1514711380004883 3.1514711380004883 11
      vertex 2.6066465377807617 2.7912378311157227 11
      vertex 3.047975540161133 3.2694854736328125 11
    endloop
  endfacet
  facet normal 0 0 -1
    outer loop
      vertex 2.5339736938476562 2.8999996185302734 11
      vertex 3.047975540161133 3.2694854736328125 11
      vertex 2.6066465377807617 2.7912378311157227 11
    endloop
  endfacet
  facet normal 0 0 -1
    outer loop
      vertex 3.047975540161133 3.2694854736328125 11
      vertex 2.4761199951171875 3.0173158645629883 11
      vertex 2.960768699645996 3.3999996185302734 11
    endloop
  endfacet
  facet normal 0 0 -1
    outer loop
      vertex 2.4761199951171875 3.0173158645629883 11
      vertex 3.047975540161133 3.2694854736328125 11
      vertex 2.5339736938476562 2.8999996185302734 11
    endloop
  endfacet
  facet normal 0 0 -1
    outer loop
      vertex 6.598075866699219 5.5 11
      vertex 5.0392303466796875 4.59999942779541 11
      vertex 6.380059242248535 5.8262834548950195 11
    endloop
  endfacet
  facet normal 0 0 -1
    outer loop
      vertex 4.952023506164551 4.730513572692871 11
      vertex 6.380059242248535 5.8262834548950195 11
      vertex 5.0392303466796875 4.59999942779541 11
    endloop
  endfacet
  facet normal 0 0 -1
    outer loop
      vertex 6.380059242248535 5.8262834548950195 11
      vertex 4.952023506164551 4.730513572692871 11
      vertex 6.121319770812988 6.121319770812988 11
    endloop
  endfacet
  facet normal 0 0 -1
    outer loop
      vertex 4.848527908325195 4.848527908325195 11
      vertex 6.121319770812988 6.121319770812988 11
      vertex 4.952023506164551 4.730513572692871 11
    endloop
  endfacet
  facet normal 0 0 -1
    outer loop
      vertex 6.121319770812988 6.121319770812988 11
      vertex 4.848527908325195 4.848527908325195 11
      vertex 5.8262834548950195 6.380059242248535 11
    endloop
  endfacet
  facet normal 0 0 -1
    outer loop
      vertex 4.730513572692871 4.952023506164551 11
      vertex 5.8262834548950195 6.380059242248535 11
      vertex 4.848527908325195 4.848527908325195 11
    endloop
  endfacet
  facet normal 0 0 -1
    outer loop
      vertex 5.8262834548950195 6.380059242248535 11
      vertex 4.730513572692871 4.952023506164551 11
      vertex 5.5 6.598075866699219 11
    endloop
  endfacet
  facet normal 0 0 -1
    outer loop
      vertex 4.59999942779541 5.0392303466796875 11
      vertex 5.5 6.598075866699219 11
      vertex 4.730513572692871 4.952023506164551 11
    endloop
  endfacet
  facet normal 0 0 -1
    outer loop
      vertex 5.5 6.598075866699219 11
      vertex 4.59999942779541 5.0392303466796875 11
      vertex 5.148049354553223 6.771637916564941 11
    endloop
  endfacet
  facet normal 0 0 -1
    outer loop
      vertex 4.459219932556152 5.108654975891113 11
      vertex 5.148049354553223 6.771637916564941 11
      vertex 4.59999942779541 5.0392303466796875 11
    endloop
  endfacet
  facet normal 0 0 -1
    outer loop
      vertex 5.148049354553223 6.771637916564941 11
      vertex 4.459219932556152 5.108654975891113 11
      vertex 4.776456832885742 6.8977766036987305 11
    endloop
  endfacet
  facet normal 0 0 -1
    outer loop
      vertex 4.310582160949707 5.159110069274902 11
      vertex 4.776456832885742 6.8977766036987305 11
      vertex 4.459219932556152 5.108654975891113 11
    endloop
  endfacet
  facet normal 0 0 -1
    outer loop
      vertex 4.776456832885742 6.8977766036987305 11
      vertex 4.310582160949707 5.159110069274902 11
      vertex 4.39157772064209 6.974333763122559 11
    endloop
  endfacet
  facet normal 0 0 -1
    outer loop
      vertex 4.156630516052246 5.189733505249023 11
      vertex 4.39157772064209 6.974333763122559 11
      vertex 4.310582160949707 5.159110069274902 11
    endloop
  endfacet
  facet normal 0 0 -1
    outer loop
      vertex 4 5.199999809265137 11
      vertex 4.39157772064209 6.974333763122559 11
      vertex 4.156630516052246 5.189733505249023 11
    endloop
  endfacet
  facet normal 0 0 -1
    outer loop
      vertex 4 5.199999809265137 11
      vertex 4 7 11
      vertex 4.39157772064209 6.974333763122559 11
    endloop
  endfacet
  facet normal 0 0 -1
    outer loop
      vertex 3.8433685302734375 5.189733505249023 11
      vertex 4 7 11
      vertex 4 5.199999809265137 11
    endloop
  endfacet
  facet normal 0 0 -1
    outer loop
      vertex 3.6084213256835938 6.974333763122559 11
      vertex 3.8433685302734375 5.189733505249023 11
      vertex 3.6894168853759766 5.159110069274902 11
    endloop
  endfacet
  facet normal 0 0 -1
    outer loop
      vertex 3.8433685302734375 5.189733505249023 11
      vertex 3.6084213256835938 6.974333763122559 11
      vertex 4 7 11
    endloop
  endfacet
  facet normal 0 0 -1
    outer loop
      vertex 3.2235422134399414 6.8977766036987305 11
      vertex 3.6894168853759766 5.159110069274902 11
      vertex 3.5407791137695312 5.108654975891113 11
    endloop
  endfacet
  facet normal 0 0 -1
    outer loop
      vertex 2.851949691772461 6.771637916564941 11
      vertex 3.5407791137695312 5.108654975891113 11
      vertex 3.3999996185302734 5.0392303466796875 11
    endloop
  endfacet
  facet normal 0 0 -1
    outer loop
      vertex 2.3999996185302734 6.531257629394531 11
      vertex 3.3999996185302734 5.0392303466796875 11
      vertex 3.2694854736328125 4.952023506164551 11
    endloop
  endfacet
  facet normal 0 0 -1
    outer loop
      vertex 3.6894168853759766 5.159110069274902 11
      vertex 3.2235422134399414 6.8977766036987305 11
      vertex 3.6084213256835938 6.974333763122559 11
    endloop
  endfacet
  facet normal 0 0 -1
    outer loop
      vertex 2.3999996185302734 6.531257629394531 11
      vertex 3.2694854736328125 4.952023506164551 11
      vertex 3.1514711380004883 4.848527908325195 11
    endloop
  endfacet
  facet normal 0 0 -1
    outer loop
      vertex 2.3999996185302734 6.531257629394531 11
      vertex 3.1514711380004883 4.848527908325195 11
      vertex 3.047975540161133 4.730513572692871 11
    endloop
  endfacet
  facet normal 0 0 -1
    outer loop
      vertex 2.3999996185302734 6.531257629394531 11
      vertex 3.047975540161133 4.730513572692871 11
      vertex 2.960768699645996 4.59999942779541 11
    endloop
  endfacet
  facet normal 0 0 -1
    outer loop
      vertex 2.3999996185302734 6.531257629394531 11
      vertex 2.960768699645996 4.59999942779541 11
      vertex 2.8913440704345703 4.459219932556152 11
    endloop
  endfacet
  facet normal 0 0 -1
    outer loop
      vertex 3.5407791137695312 5.108654975891113 11
      vertex 2.851949691772461 6.771637916564941 11
      vertex 3.2235422134399414 6.8977766036987305 11
    endloop
  endfacet
  facet normal 0 0 -1
    outer loop
      vertex 2.3999996185302734 6.531257629394531 11
      vertex 2.8913440704345703 4.459219932556152 11
      vertex 2.8408889770507812 4.310582160949707 11
    endloop
  endfacet
  facet normal 0 0 -1
    outer loop
      vertex 2.3999996185302734 3.3999996185302734 11
      vertex 2.8408889770507812 4.310582160949707 11
      vertex 2.81026554107666 4.156630516052246 11
    endloop
  endfacet
  facet normal 0 0 -1
    outer loop
      vertex 2.3999996185302734 3.3999996185302734 11
      vertex 2.81026554107666 4.156630516052246 11
      vertex 2.799999237060547 4 11
    endloop
  endfacet
  facet normal 0 0 -1
    outer loop
      vertex 2.4340734481811523 3.1411800384521484 11
      vertex 2.960768699645996 3.3999996185302734 11
      vertex 2.4761199951171875 3.0173158645629883 11
    endloop
  endfacet
  facet normal 0 0 -1
    outer loop
      vertex 2.408555030822754 3.269473075866699 11
      vertex 2.960768699645996 3.3999996185302734 11
      vertex 2.4340734481811523 3.1411800384521484 11
    endloop
  endfacet
  facet normal 0 0 -1
    outer loop
      vertex 2.960768699645996 3.3999996185302734 11
      vertex 2.408555030822754 3.269473075866699 11
      vertex 2.8913440704345703 3.5407791137695312 11
    endloop
  endfacet
  facet normal 0 0 -1
    outer loop
      vertex 2.3999996185302734 3.3999996185302734 11
      vertex 2.8913440704345703 3.5407791137695312 11
      vertex 2.408555030822754 3.269473075866699 11
    endloop
  endfacet
  facet normal 0 0 -1
    outer loop
      vertex 2.8408889770507812 4.310582160949707 11
      vertex 2.3999996185302734 3.3999996185302734 11
      vertex 2.3999996185302734 6.531257629394531 11
    endloop
  endfacet
  facet normal 0 0 -1
    outer loop
      vertex 2.8913440704345703 3.5407791137695312 11
      vertex 2.3999996185302734 3.3999996185302734 11
      vertex 2.8408889770507812 3.6894168853759766 11
    endloop
  endfacet
  facet normal 0 0 -1
    outer loop
      vertex 2.8408889770507812 3.6894168853759766 11
      vertex 2.3999996185302734 3.3999996185302734 11
      vertex 2.81026554107666 3.8433685302734375 11
    endloop
  endfacet
  facet normal 0 0 -1
    outer loop
      vertex 2.81026554107666 3.8433685302734375 11
      vertex 2.3999996185302734 3.3999996185302734 11
      vertex 2.799999237060547 4 11
    endloop
  endfacet
  facet normal 0 0 -1
    outer loop
      vertex 3.3999996185302734 5.0392303466796875 11
      vertex 2.5 6.598075866699219 11
      vertex 2.851949691772461 6.771637916564941 11
    endloop
  endfacet
  facet normal 0 0 -1
    outer loop
      vertex 3.3999996185302734 5.0392303466796875 11
      vertex 2.3999996185302734 6.531257629394531 11
      vertex 2.5 6.598075866699219 11
    endloop
  endfacet
  facet normal -0.3214395180684152 0.9469301115837139 0
    outer loop
      vertex 3.2235422134399414 6.8977766036987305 11
      vertex 2.851949691772461 6.771637916564941 14
      vertex 3.2235422134399414 6.8977766036987305 14
    endloop
  endfacet
  facet normal -0.3214395180684152 0.9469301115837139 0
    outer loop
      vertex 2.851949691772461 6.771637916564941 14
      vertex 3.2235422134399414 6.8977766036987305 11
      vertex 2.851949691772461 6.771637916564941 11
    endloop
  endfacet
  facet normal 0.8314684469304012 0.5555719771183085 0
    outer loop
      vertex 6.598075866699219 5.5 14
      vertex 6.380059242248535 5.8262834548950195 11
      vertex 6.380059242248535 5.8262834548950195 14
    endloop
  endfacet
  facet normal 0.8314684469304012 0.5555719771183085 0
    outer loop
      vertex 6.380059242248535 5.8262834548950195 11
      vertex 6.598075866699219 5.5 14
      vertex 6.598075866699219 5.5 11
    endloop
  endfacet
  facet normal 0.1950901848716038 0.9807853076829625 0
    outer loop
      vertex 4.776456832885742 6.8977766036987305 11
      vertex 4.39157772064209 6.974333763122559 14
      vertex 4.776456832885742 6.8977766036987305 14
    endloop
  endfacet
  facet normal 0.1950901848716038 0.9807853076829625 0
    outer loop
      vertex 4.39157772064209 6.974333763122559 14
      vertex 4.776456832885742 6.8977766036987305 11
      vertex 4.39157772064209 6.974333763122559 11
    endloop
  endfacet
  facet normal 0.06540535479924119 0.9978587773646056 0
    outer loop
      vertex 4.39157772064209 6.974333763122559 11
      vertex 4 7 14
      vertex 4.39157772064209 6.974333763122559 14
    endloop
  endfacet
  facet normal 0.06540535479924119 0.9978587773646056 0
    outer loop
      vertex 4 7 14
      vertex 4.39157772064209 6.974333763122559 11
      vertex 4 7 11
    endloop
  endfacet
  facet normal -0.44228801209293084 0.8968730759471395 0
    outer loop
      vertex 2.851949691772461 6.771637916564941 11
      vertex 2.5 6.598075866699219 14
      vertex 2.851949691772461 6.771637916564941 14
    endloop
  endfacet
  facet normal -0.44228801209293084 0.8968730759471395 0
    outer loop
      vertex 2.5 6.598075866699219 14
      vertex 2.851949691772461 6.771637916564941 11
      vertex 2.5 6.598075866699219 11
    endloop
  endfacet
  facet normal 0.9978587877608438 0.06540519618852311 0
    outer loop
      vertex 7 52 14
      vertex 6.974333763122559 52.391578674316406 11
      vertex 6.974333763122559 52.391578674316406 14
    endloop
  endfacet
  facet normal 0.9978587877608438 0.06540519618852311 0
    outer loop
      vertex 6.974333763122559 52.391578674316406 11
      vertex 7 52 14
      vertex 7 52 11
    endloop
  endfacet
  facet normal -0.44228605724419434 -0.8968740399673665 0
    outer loop
      vertex 2.5 49.40192413330078 11
      vertex 2.851949691772461 49.228363037109375 14
      vertex 2.5 49.40192413330078 14
    endloop
  endfacet
  facet normal -0.44228605724419434 -0.8968740399673665 0
    outer loop
      vertex 2.851949691772461 49.228363037109375 14
      vertex 2.5 49.40192413330078 11
      vertex 2.851949691772461 49.228363037109375 11
    endloop
  endfacet
  facet normal 0.8968740267445203 -0.44228608405767134 0
    outer loop
      vertex 6.598075866699219 50.5 14
      vertex 6.771637916564941 50.851951599121094 11
      vertex 6.771637916564941 50.851951599121094 14
    endloop
  endfacet
  facet normal 0.8968740267445203 -0.44228608405767134 0
    outer loop
      vertex 6.771637916564941 50.851951599121094 11
      vertex 6.598075866699219 50.5 14
      vertex 6.598075866699219 50.5 11
    endloop
  endfacet
  facet normal 0.6593396958989193 -0.7518451738303042 0
    outer loop
      vertex 5.8262834548950195 49.61994171142578 11
      vertex 6.121319770812988 49.87867736816406 14
      vertex 5.8262834548950195 49.61994171142578 14
    endloop
  endfacet
  facet normal 0.6593396958989193 -0.7518451738303042 0
    outer loop
      vertex 6.121319770812988 49.87867736816406 14
      vertex 5.8262834548950195 49.61994171142578 11
      vertex 6.121319770812988 49.87867736816406 11
    endloop
  endfacet
  facet normal 0.9807854001781174 0.19508971986614307 0
    outer loop
      vertex 6.974333763122559 52.391578674316406 14
      vertex 6.8977766036987305 52.776458740234375 11
      vertex 6.8977766036987305 52.776458740234375 14
    endloop
  endfacet
  facet normal 0.9807854001781174 0.19508971986614307 0
    outer loop
      vertex 6.8977766036987305 52.776458740234375 11
      vertex 6.974333763122559 52.391578674316406 14
      vertex 6.974333763122559 52.391578674316406 11
    endloop
  endfacet
  facet normal 0.9469293582709306 0.321441737247364 0
    outer loop
      vertex 6.8977766036987305 52.776458740234375 14
      vertex 6.771637916564941 53.148048400878906 11
      vertex 6.771637916564941 53.148048400878906 14
    endloop
  endfacet
  facet normal 0.9469293582709306 0.321441737247364 0
    outer loop
      vertex 6.771637916564941 53.148048400878906 11
      vertex 6.8977766036987305 52.776458740234375 14
      vertex 6.8977766036987305 52.776458740234375 11
    endloop
  endfacet
  facet normal 0.8968740267445203 0.44228608405767134 0
    outer loop
      vertex 6.771637916564941 53.148048400878906 14
      vertex 6.598075866699219 53.5 11
      vertex 6.598075866699219 53.5 14
    endloop
  endfacet
  facet normal 0.8968740267445203 0.44228608405767134 0
    outer loop
      vertex 6.598075866699219 53.5 11
      vertex 6.771637916564941 53.148048400878906 14
      vertex 6.771637916564941 53.148048400878906 11
    endloop
  endfacet
  facet normal 0.9978587877608438 -0.06540519618852311 0
    outer loop
      vertex 6.974333763122559 51.608421325683594 14
      vertex 7 52 11
      vertex 7 52 14
    endloop
  endfacet
  facet normal 0.9978587877608438 -0.06540519618852311 0
    outer loop
      vertex 7 52 11
      vertex 6.974333763122559 51.608421325683594 14
      vertex 6.974333763122559 51.608421325683594 11
    endloop
  endfacet
  facet normal 0.9807854001781174 -0.19508971986614307 0
    outer loop
      vertex 6.8977766036987305 51.223541259765625 14
      vertex 6.974333763122559 51.608421325683594 11
      vertex 6.974333763122559 51.608421325683594 14
    endloop
  endfacet
  facet normal 0.9807854001781174 -0.19508971986614307 0
    outer loop
      vertex 6.974333763122559 51.608421325683594 11
      vertex 6.8977766036987305 51.223541259765625 14
      vertex 6.8977766036987305 51.223541259765625 11
    endloop
  endfacet
  facet normal 0.4422850932269073 -0.8968745153639196 0
    outer loop
      vertex 5.148049354553223 49.228363037109375 11
      vertex 5.5 49.40192413330078 14
      vertex 5.148049354553223 49.228363037109375 14
    endloop
  endfacet
  facet normal 0.4422850932269073 -0.8968745153639196 0
    outer loop
      vertex 5.5 49.40192413330078 14
      vertex 5.148049354553223 49.228363037109375 11
      vertex 5.5 49.40192413330078 11
    endloop
  endfacet
  facet normal 0.0654029349435823 -0.9978589359727984 0
    outer loop
      vertex 4 49 11
      vertex 4.39157772064209 49.025665283203125 14
      vertex 4 49 14
    endloop
  endfacet
  facet normal 0.0654029349435823 -0.9978589359727984 0
    outer loop
      vertex 4.39157772064209 49.025665283203125 14
      vertex 4 49 11
      vertex 4.39157772064209 49.025665283203125 11
    endloop
  endfacet
  facet normal 0.5555736572428435 -0.8314673242995249 0
    outer loop
      vertex 5.5 49.40192413330078 11
      vertex 5.8262834548950195 49.61994171142578 14
      vertex 5.5 49.40192413330078 14
    endloop
  endfacet
  facet normal 0.5555736572428435 -0.8314673242995249 0
    outer loop
      vertex 5.8262834548950195 49.61994171142578 14
      vertex 5.5 49.40192413330078 11
      vertex 5.8262834548950195 49.61994171142578 11
    endloop
  endfacet
  facet normal 0.8314706972737027 -0.5555686092420832 0
    outer loop
      vertex 6.380059242248535 50.17371368408203 14
      vertex 6.598075866699219 50.5 11
      vertex 6.598075866699219 50.5 14
    endloop
  endfacet
  facet normal 0.8314706972737027 -0.5555686092420832 0
    outer loop
      vertex 6.598075866699219 50.5 11
      vertex 6.380059242248535 50.17371368408203 14
      vertex 6.380059242248535 50.17371368408203 11
    endloop
  endfacet
  facet normal -0.06540277633868208 -0.9978589463682691 0
    outer loop
      vertex 3.6084213256835938 49.025665283203125 11
      vertex 4 49 14
      vertex 3.6084213256835938 49.025665283203125 14
    endloop
  endfacet
  facet normal -0.06540277633868208 -0.9978589463682691 0
    outer loop
      vertex 4 49 14
      vertex 3.6084213256835938 49.025665283203125 11
      vertex 4 49 11
    endloop
  endfacet
  facet normal 0.7518403549106677 -0.65934519087334 0
    outer loop
      vertex 6.121319770812988 49.87867736816406 14
      vertex 6.380059242248535 50.17371368408203 11
      vertex 6.380059242248535 50.17371368408203 14
    endloop
  endfacet
  facet normal 0.7518403549106677 -0.65934519087334 0
    outer loop
      vertex 6.380059242248535 50.17371368408203 11
      vertex 6.121319770812988 49.87867736816406 14
      vertex 6.121319770812988 49.87867736816406 11
    endloop
  endfacet
  facet normal -0.5555709148956444 -0.8314691566871357 0
    outer loop
      vertex 2.3999996185302734 49.46874237060547 11
      vertex 2.5 49.40192413330078 14
      vertex 2.3999996185302734 49.46874237060547 14
    endloop
  endfacet
  facet normal -0.5555709148956444 -0.8314691566871357 0
    outer loop
      vertex 2.5 49.40192413330078 14
      vertex 2.3999996185302734 49.46874237060547 11
      vertex 2.5 49.40192413330078 11
    endloop
  endfacet
  facet normal 0.9469293582709306 -0.321441737247364 0
    outer loop
      vertex 6.771637916564941 50.851951599121094 14
      vertex 6.8977766036987305 51.223541259765625 11
      vertex 6.8977766036987305 51.223541259765625 14
    endloop
  endfacet
  facet normal 0.9469293582709306 -0.321441737247364 0
    outer loop
      vertex 6.8977766036987305 51.223541259765625 11
      vertex 6.771637916564941 50.851951599121094 14
      vertex 6.771637916564941 50.851951599121094 11
    endloop
  endfacet
  facet normal -0.1950901848716038 -0.9807853076829625 0
    outer loop
      vertex 3.2235422134399414 49.10222244262695 11
      vertex 3.6084213256835938 49.025665283203125 14
      vertex 3.2235422134399414 49.10222244262695 14
    endloop
  endfacet
  facet normal -0.1950901848716038 -0.9807853076829625 0
    outer loop
      vertex 3.6084213256835938 49.025665283203125 14
      vertex 3.2235422134399414 49.10222244262695 11
      vertex 3.6084213256835938 49.025665283203125 11
    endloop
  endfacet
  facet normal 0 0 -1
    outer loop
      vertex 6.974333763122559 51.608421325683594 11
      vertex 5.189733505249023 51.84336853027344 11
      vertex 5.199999809265137 52 11
    endloop
  endfacet
  facet normal 0 0 -1
    outer loop
      vertex 5.8262834548950195 49.61994171142578 11
      vertex 5.159110069274902 51.689414978027344 11
      vertex 5.189733505249023 51.84336853027344 11
    endloop
  endfacet
  facet normal 0 0 -1
    outer loop
      vertex 4.59999942779541 50.96076965332031 11
      vertex 5.5 49.40192413330078 11
      vertex 5.148049354553223 49.228363037109375 11
    endloop
  endfacet
  facet normal 0 0 -1
    outer loop
      vertex 5.8262834548950195 49.61994171142578 11
      vertex 5.108654975891113 51.54077911376953 11
      vertex 5.159110069274902 51.689414978027344 11
    endloop
  endfacet
  facet normal 0 0 -1
    outer loop
      vertex 5.8262834548950195 49.61994171142578 11
      vertex 5.0392303466796875 51.400001525878906 11
      vertex 5.108654975891113 51.54077911376953 11
    endloop
  endfacet
  facet normal 0 0 -1
    outer loop
      vertex 5.8262834548950195 49.61994171142578 11
      vertex 4.952023506164551 51.26948547363281 11
      vertex 5.0392303466796875 51.400001525878906 11
    endloop
  endfacet
  facet normal 0 0 -1
    outer loop
      vertex 5.8262834548950195 49.61994171142578 11
      vertex 4.848527908325195 51.15147018432617 11
      vertex 4.952023506164551 51.26948547363281 11
    endloop
  endfacet
  facet normal 0 0 -1
    outer loop
      vertex 4.459219932556152 50.89134216308594 11
      vertex 5.148049354553223 49.228363037109375 11
      vertex 4.776456832885742 49.10222244262695 11
    endloop
  endfacet
  facet normal 0 0 -1
    outer loop
      vertex 5.8262834548950195 49.61994171142578 11
      vertex 4.730513572692871 51.0479736328125 11
      vertex 4.848527908325195 51.15147018432617 11
    endloop
  endfacet
  facet normal 0 0 -1
    outer loop
      vertex 5.5 49.40192413330078 11
      vertex 4.59999942779541 50.96076965332031 11
      vertex 4.730513572692871 51.0479736328125 11
    endloop
  endfacet
  facet normal 0 0 -1
    outer loop
      vertex 5.148049354553223 49.228363037109375 11
      vertex 4.459219932556152 50.89134216308594 11
      vertex 4.59999942779541 50.96076965332031 11
    endloop
  endfacet
  facet normal 0 0 -1
    outer loop
      vertex 4.310582160949707 50.84088897705078 11
      vertex 4.776456832885742 49.10222244262695 11
      vertex 4.39157772064209 49.025665283203125 11
    endloop
  endfacet
  facet normal 0 0 -1
    outer loop
      vertex 4.776456832885742 49.10222244262695 11
      vertex 4.310582160949707 50.84088897705078 11
      vertex 4.459219932556152 50.89134216308594 11
    endloop
  endfacet
  facet normal 0 0 -1
    outer loop
      vertex 4.39157772064209 49.025665283203125 11
      vertex 4.156630516052246 50.810264587402344 11
      vertex 4.310582160949707 50.84088897705078 11
    endloop
  endfacet
  facet normal 0 0 -1
    outer loop
      vertex 4 49 11
      vertex 4.156630516052246 50.810264587402344 11
      vertex 4.39157772064209 49.025665283203125 11
    endloop
  endfacet
  facet normal 0 0 -1
    outer loop
      vertex 4 49 11
      vertex 4 50.79999923706055 11
      vertex 4.156630516052246 50.810264587402344 11
    endloop
  endfacet
  facet normal 0 0 -1
    outer loop
      vertex 4 49 11
      vertex 3.8433685302734375 50.810264587402344 11
      vertex 4 50.79999923706055 11
    endloop
  endfacet
  facet normal 0 0 -1
    outer loop
      vertex 3.6084213256835938 49.025665283203125 11
      vertex 3.8433685302734375 50.810264587402344 11
      vertex 4 49 11
    endloop
  endfacet
  facet normal 0 0 -1
    outer loop
      vertex 3.8433685302734375 50.810264587402344 11
      vertex 3.6084213256835938 49.025665283203125 11
      vertex 3.6894168853759766 50.84088897705078 11
    endloop
  endfacet
  facet normal 0 0 -1
    outer loop
      vertex 3.2235422134399414 49.10222244262695 11
      vertex 3.6894168853759766 50.84088897705078 11
      vertex 3.6084213256835938 49.025665283203125 11
    endloop
  endfacet
  facet normal 0 0 -1
    outer loop
      vertex 3.6894168853759766 50.84088897705078 11
      vertex 3.2235422134399414 49.10222244262695 11
      vertex 3.5407791137695312 50.89134216308594 11
    endloop
  endfacet
  facet normal 0 0 -1
    outer loop
      vertex 2.851949691772461 49.228363037109375 11
      vertex 3.5407791137695312 50.89134216308594 11
      vertex 3.2235422134399414 49.10222244262695 11
    endloop
  endfacet
  facet normal 0 0 -1
    outer loop
      vertex 3.5407791137695312 50.89134216308594 11
      vertex 2.851949691772461 49.228363037109375 11
      vertex 3.3999996185302734 50.96076965332031 11
    endloop
  endfacet
  facet normal 0 0 -1
    outer loop
      vertex 2.5 49.40192413330078 11
      vertex 3.3999996185302734 50.96076965332031 11
      vertex 2.851949691772461 49.228363037109375 11
    endloop
  endfacet
  facet normal 0 0 -1
    outer loop
      vertex 2.3999996185302734 49.46874237060547 11
      vertex 3.3999996185302734 50.96076965332031 11
      vertex 2.5 49.40192413330078 11
    endloop
  endfacet
  facet normal 0 0 -1
    outer loop
      vertex 3.3999996185302734 50.96076965332031 11
      vertex 2.3999996185302734 49.46874237060547 11
      vertex 3.2694854736328125 51.0479736328125 11
    endloop
  endfacet
  facet normal 0 0 -1
    outer loop
      vertex 3.2694854736328125 51.0479736328125 11
      vertex 2.3999996185302734 49.46874237060547 11
      vertex 3.1514711380004883 51.15147018432617 11
    endloop
  endfacet
  facet normal 0 0 -1
    outer loop
      vertex 3.1514711380004883 51.15147018432617 11
      vertex 2.3999996185302734 49.46874237060547 11
      vertex 3.047975540161133 51.26948547363281 11
    endloop
  endfacet
  facet normal 0 0 -1
    outer loop
      vertex 3.047975540161133 51.26948547363281 11
      vertex 2.3999996185302734 49.46874237060547 11
      vertex 2.960768699645996 51.400001525878906 11
    endloop
  endfacet
  facet normal 0 0 -1
    outer loop
      vertex 2.960768699645996 51.400001525878906 11
      vertex 2.3999996185302734 49.46874237060547 11
      vertex 2.8913440704345703 51.54077911376953 11
    endloop
  endfacet
  facet normal 0 0 -1
    outer loop
      vertex 2.8913440704345703 51.54077911376953 11
      vertex 2.3999996185302734 49.46874237060547 11
      vertex 2.8408889770507812 51.689414978027344 11
    endloop
  endfacet
  facet normal 0 0 -1
    outer loop
      vertex 3.1514711380004883 52.84852600097656 11
      vertex 2.6928930282592773 53.307106018066406 11
      vertex 2.7912378311157227 53.39335250854492 11
    endloop
  endfacet
  facet normal 0 0 -1
    outer loop
      vertex 2.3999996185302734 52.599998474121094 11
      vertex 2.8408889770507812 51.689414978027344 11
      vertex 2.3999996185302734 49.46874237060547 11
    endloop
  endfacet
  facet normal 0 0 -1
    outer loop
      vertex 2.81026554107666 52.15663146972656 11
      vertex 2.3999996185302734 52.599998474121094 11
      vertex 2.408555030822754 52.730525970458984 11
    endloop
  endfacet
  facet normal 0 0 -1
    outer loop
      vertex 2.81026554107666 52.15663146972656 11
      vertex 2.6066465377807617 53.208763122558594 11
      vertex 2.6928930282592773 53.307106018066406 11
    endloop
  endfacet
  facet normal 0 0 -1
    outer loop
      vertex 2.8408889770507812 51.689414978027344 11
      vertex 2.3999996185302734 52.599998474121094 11
      vertex 2.81026554107666 51.84336853027344 11
    endloop
  endfacet
  facet normal 0 0 -1
    outer loop
      vertex 2.81026554107666 52.15663146972656 11
      vertex 2.5339736938476562 53.099998474121094 11
      vertex 2.6066465377807617 53.208763122558594 11
    endloop
  endfacet
  facet normal 0 0 -1
    outer loop
      vertex 2.81026554107666 52.15663146972656 11
      vertex 2.4761199951171875 52.98268127441406 11
      vertex 2.5339736938476562 53.099998474121094 11
    endloop
  endfacet
  facet normal 0 0 -1
    outer loop
      vertex 2.81026554107666 52.15663146972656 11
      vertex 2.4340734481811523 52.85881805419922 11
      vertex 2.4761199951171875 52.98268127441406 11
    endloop
  endfacet
  facet normal 0 0 -1
    outer loop
      vertex 2.81026554107666 51.84336853027344 11
      vertex 2.3999996185302734 52.599998474121094 11
      vertex 2.799999237060547 52 11
    endloop
  endfacet
  facet normal 0 0 -1
    outer loop
      vertex 2.81026554107666 52.15663146972656 11
      vertex 2.408555030822754 52.730525970458984 11
      vertex 2.4340734481811523 52.85881805419922 11
    endloop
  endfacet
  facet normal 0 0 -1
    outer loop
      vertex 5.199999809265137 52 11
      vertex 7 52 11
      vertex 6.974333763122559 51.608421325683594 11
    endloop
  endfacet
  facet normal 0 0 -1
    outer loop
      vertex 5.189733505249023 51.84336853027344 11
      vertex 6.974333763122559 51.608421325683594 11
      vertex 6.8977766036987305 51.223541259765625 11
    endloop
  endfacet
  facet normal 0 0 -1
    outer loop
      vertex 7 52 11
      vertex 5.199999809265137 52 11
      vertex 6.974333763122559 52.391578674316406 11
    endloop
  endfacet
  facet normal 0 0 -1
    outer loop
      vertex 5.189733505249023 51.84336853027344 11
      vertex 6.8977766036987305 51.223541259765625 11
      vertex 6.771637916564941 50.851951599121094 11
    endloop
  endfacet
  facet normal 0 0 -1
    outer loop
      vertex 5.189733505249023 52.15663146972656 11
      vertex 6.974333763122559 52.391578674316406 11
      vertex 5.199999809265137 52 11
    endloop
  endfacet
  facet normal 0 0 -1
    outer loop
      vertex 5.189733505249023 51.84336853027344 11
      vertex 6.771637916564941 50.851951599121094 11
      vertex 6.598075866699219 50.5 11
    endloop
  endfacet
  facet normal 0 0 -1
    outer loop
      vertex 6.974333763122559 52.391578674316406 11
      vertex 5.189733505249023 52.15663146972656 11
      vertex 6.8977766036987305 52.776458740234375 11
    endloop
  endfacet
  facet normal 0 0 -1
    outer loop
      vertex 5.159110069274902 52.31058120727539 11
      vertex 6.8977766036987305 52.776458740234375 11
      vertex 5.189733505249023 52.15663146972656 11
    endloop
  endfacet
  facet normal 0 0 -1
    outer loop
      vertex 5.189733505249023 51.84336853027344 11
      vertex 6.598075866699219 50.5 11
      vertex 6.380059242248535 50.17371368408203 11
    endloop
  endfacet
  facet normal 0 0 -1
    outer loop
      vertex 5.189733505249023 51.84336853027344 11
      vertex 6.380059242248535 50.17371368408203 11
      vertex 6.121319770812988 49.87867736816406 11
    endloop
  endfacet
  facet normal 0 0 -1
    outer loop
      vertex 5.189733505249023 51.84336853027344 11
      vertex 6.121319770812988 49.87867736816406 11
      vertex 5.8262834548950195 49.61994171142578 11
    endloop
  endfacet
  facet normal 0 0 -1
    outer loop
      vertex 4.730513572692871 51.0479736328125 11
      vertex 5.8262834548950195 49.61994171142578 11
      vertex 5.5 49.40192413330078 11
    endloop
  endfacet
  facet normal 0 0 -1
    outer loop
      vertex 6.8977766036987305 52.776458740234375 11
      vertex 5.159110069274902 52.31058120727539 11
      vertex 6.771637916564941 53.148048400878906 11
    endloop
  endfacet
  facet normal 0 0 -1
    outer loop
      vertex 5.108654975891113 52.45922088623047 11
      vertex 6.771637916564941 53.148048400878906 11
      vertex 5.159110069274902 52.31058120727539 11
    endloop
  endfacet
  facet normal 0 0 -1
    outer loop
      vertex 6.771637916564941 53.148048400878906 11
      vertex 5.108654975891113 52.45922088623047 11
      vertex 6.598075866699219 53.5 11
    endloop
  endfacet
  facet normal 0 0 -1
    outer loop
      vertex 5.0392303466796875 52.599998474121094 11
      vertex 6.598075866699219 53.5 11
      vertex 5.108654975891113 52.45922088623047 11
    endloop
  endfacet
  facet normal 0 0 -1
    outer loop
      vertex 6.598075866699219 53.5 11
      vertex 5.0392303466796875 52.599998474121094 11
      vertex 6.5312581062316895 53.599998474121094 11
    endloop
  endfacet
  facet normal 0 0 -1
    outer loop
      vertex 4.952023506164551 52.73051452636719 11
      vertex 6.5312581062316895 53.599998474121094 11
      vertex 5.0392303466796875 52.599998474121094 11
    endloop
  endfacet
  facet normal 0 0 -1
    outer loop
      vertex 4.848527908325195 52.84852600097656 11
      vertex 6.5312581062316895 53.599998474121094 11
      vertex 4.952023506164551 52.73051452636719 11
    endloop
  endfacet
  facet normal 0 0 -1
    outer loop
      vertex 4.730513572692871 52.952022552490234 11
      vertex 6.5312581062316895 53.599998474121094 11
      vertex 4.848527908325195 52.84852600097656 11
    endloop
  endfacet
  facet normal 0 0 -1
    outer loop
      vertex 4.59999942779541 53.03923034667969 11
      vertex 6.5312581062316895 53.599998474121094 11
      vertex 4.730513572692871 52.952022552490234 11
    endloop
  endfacet
  facet normal 0 0 -1
    outer loop
      vertex 4.459219932556152 53.1086540222168 11
      vertex 6.5312581062316895 53.599998474121094 11
      vertex 4.59999942779541 53.03923034667969 11
    endloop
  endfacet
  facet normal 0 0 -1
    outer loop
      vertex 4.310582160949707 53.15911102294922 11
      vertex 6.5312581062316895 53.599998474121094 11
      vertex 4.459219932556152 53.1086540222168 11
    endloop
  endfacet
  facet normal 0 0 -1
    outer loop
      vertex 3.3999996185302734 53.599998474121094 11
      vertex 4.310582160949707 53.15911102294922 11
      vertex 4.156630516052246 53.189735412597656 11
    endloop
  endfacet
  facet normal 0 0 -1
    outer loop
      vertex 3.3999996185302734 53.599998474121094 11
      vertex 4.156630516052246 53.189735412597656 11
      vertex 4 53.20000076293945 11
    endloop
  endfacet
  facet normal 0 0 -1
    outer loop
      vertex 3.3999996185302734 53.599998474121094 11
      vertex 4 53.20000076293945 11
      vertex 3.8433685302734375 53.189735412597656 11
    endloop
  endfacet
  facet normal 0 0 -1
    outer loop
      vertex 4.310582160949707 53.15911102294922 11
      vertex 3.3999996185302734 53.599998474121094 11
      vertex 6.5312581062316895 53.599998474121094 11
    endloop
  endfacet
  facet normal 0 0 -1
    outer loop
      vertex 3.6894168853759766 53.15911102294922 11
      vertex 3.3999996185302734 53.599998474121094 11
      vertex 3.8433685302734375 53.189735412597656 11
    endloop
  endfacet
  facet normal 0 0 -1
    outer loop
      vertex 3.5407791137695312 53.1086540222168 11
      vertex 3.3999996185302734 53.599998474121094 11
      vertex 3.6894168853759766 53.15911102294922 11
    endloop
  endfacet
  facet normal 0 0 -1
    outer loop
      vertex 3.269473075866699 53.59144592285156 11
      vertex 3.5407791137695312 53.1086540222168 11
      vertex 3.3999996185302734 53.03923034667969 11
    endloop
  endfacet
  facet normal 0 0 -1
    outer loop
      vertex 3.0173158645629883 53.52388000488281 11
      vertex 3.3999996185302734 53.03923034667969 11
      vertex 3.2694854736328125 52.952022552490234 11
    endloop
  endfacet
  facet normal 0 0 -1
    outer loop
      vertex 3.5407791137695312 53.1086540222168 11
      vertex 3.269473075866699 53.59144592285156 11
      vertex 3.3999996185302734 53.599998474121094 11
    endloop
  endfacet
  facet normal 0 0 -1
    outer loop
      vertex 2.7912378311157227 53.39335250854492 11
      vertex 3.2694854736328125 52.952022552490234 11
      vertex 3.1514711380004883 52.84852600097656 11
    endloop
  endfacet
  facet normal 0 0 -1
    outer loop
      vertex 3.3999996185302734 53.03923034667969 11
      vertex 3.1411800384521484 53.56592559814453 11
      vertex 3.269473075866699 53.59144592285156 11
    endloop
  endfacet
  facet normal 0 0 -1
    outer loop
      vertex 2.6928930282592773 53.307106018066406 11
      vertex 3.1514711380004883 52.84852600097656 11
      vertex 3.047975540161133 52.73051452636719 11
    endloop
  endfacet
  facet normal 0 0 -1
    outer loop
      vertex 3.3999996185302734 53.03923034667969 11
      vertex 3.0173158645629883 53.52388000488281 11
      vertex 3.1411800384521484 53.56592559814453 11
    endloop
  endfacet
  facet normal 0 0 -1
    outer loop
      vertex 2.6928930282592773 53.307106018066406 11
      vertex 3.047975540161133 52.73051452636719 11
      vertex 2.960768699645996 52.599998474121094 11
    endloop
  endfacet
  facet normal 0 0 -1
    outer loop
      vertex 3.2694854736328125 52.952022552490234 11
      vertex 2.8999996185302734 53.466026306152344 11
      vertex 3.0173158645629883 53.52388000488281 11
    endloop
  endfacet
  facet normal 0 0 -1
    outer loop
      vertex 2.6928930282592773 53.307106018066406 11
      vertex 2.960768699645996 52.599998474121094 11
      vertex 2.8913440704345703 52.45922088623047 11
    endloop
  endfacet
  facet normal 0 0 -1
    outer loop
      vertex 2.6928930282592773 53.307106018066406 11
      vertex 2.8913440704345703 52.45922088623047 11
      vertex 2.8408889770507812 52.31058120727539 11
    endloop
  endfacet
  facet normal 0 0 -1
    outer loop
      vertex 2.6928930282592773 53.307106018066406 11
      vertex 2.8408889770507812 52.31058120727539 11
      vertex 2.81026554107666 52.15663146972656 11
    endloop
  endfacet
  facet normal 0 0 -1
    outer loop
      vertex 3.2694854736328125 52.952022552490234 11
      vertex 2.7912378311157227 53.39335250854492 11
      vertex 2.8999996185302734 53.466026306152344 11
    endloop
  endfacet
  facet normal 0 0 -1
    outer loop
      vertex 2.3999996185302734 52.599998474121094 11
      vertex 2.81026554107666 52.15663146972656 11
      vertex 2.799999237060547 52 11
    endloop
  endfacet
  facet normal 0.1950901848716038 -0.9807853076829625 0
    outer loop
      vertex 4.39157772064209 49.025665283203125 11
      vertex 4.776456832885742 49.10222244262695 14
      vertex 4.39157772064209 49.025665283203125 14
    endloop
  endfacet
  facet normal 0.1950901848716038 -0.9807853076829625 0
    outer loop
      vertex 4.776456832885742 49.10222244262695 14
      vertex 4.39157772064209 49.025665283203125 11
      vertex 4.776456832885742 49.10222244262695 11
    endloop
  endfacet
  facet normal 0.3214438763559621 -0.9469286321329887 0
    outer loop
      vertex 4.776456832885742 49.10222244262695 11
      vertex 5.148049354553223 49.228363037109375 14
      vertex 4.776456832885742 49.10222244262695 14
    endloop
  endfacet
  facet normal 0.3214438763559621 -0.9469286321329887 0
    outer loop
      vertex 5.148049354553223 49.228363037109375 14
      vertex 4.776456832885742 49.10222244262695 11
      vertex 5.148049354553223 49.228363037109375 11
    endloop
  endfacet
  facet normal 0.8314660930892172 0.5555754998584379 0
    outer loop
      vertex 6.598075866699219 53.5 14
      vertex 6.5312581062316895 53.599998474121094 11
      vertex 6.5312581062316895 53.599998474121094 14
    endloop
  endfacet
  facet normal 0.8314660930892172 0.5555754998584379 0
    outer loop
      vertex 6.5312581062316895 53.599998474121094 11
      vertex 6.598075866699219 53.5 14
      vertex 6.598075866699219 53.5 11
    endloop
  endfacet
  facet normal -0.3214438763559621 -0.9469286321329887 0
    outer loop
      vertex 2.851949691772461 49.228363037109375 11
      vertex 3.2235422134399414 49.10222244262695 14
      vertex 2.851949691772461 49.228363037109375 14
    endloop
  endfacet
  facet normal -0.3214438763559621 -0.9469286321329887 0
    outer loop
      vertex 3.2235422134399414 49.10222244262695 14
      vertex 2.851949691772461 49.228363037109375 11
      vertex 3.2235422134399414 49.10222244262695 11
    endloop
  endfacet
  facet normal -0.8968745153639196 0.4422850932269073 0
    outer loop
      vertex 59.228363037109375 5.148049354553223 11
      vertex 59.40192413330078 5.5 14
      vertex 59.40192413330078 5.5 11
    endloop
  endfacet
  facet normal -0.8968745153639196 0.4422850932269073 0
    outer loop
      vertex 59.40192413330078 5.5 14
      vertex 59.228363037109375 5.148049354553223 11
      vertex 59.228363037109375 5.148049354553223 14
    endloop
  endfacet
  facet normal 0.321441737247364 0.9469293582709306 0
    outer loop
      vertex 63.148048400878906 6.771637916564941 11
      vertex 62.776458740234375 6.8977766036987305 14
      vertex 63.148048400878906 6.771637916564941 14
    endloop
  endfacet
  facet normal 0.321441737247364 0.9469293582709306 0
    outer loop
      vertex 62.776458740234375 6.8977766036987305 14
      vertex 63.148048400878906 6.771637916564941 11
      vertex 62.776458740234375 6.8977766036987305 11
    endloop
  endfacet
  facet normal -0.9978589359727984 0.0654029349435823 0
    outer loop
      vertex 59 4 11
      vertex 59.025665283203125 4.39157772064209 14
      vertex 59.025665283203125 4.39157772064209 11
    endloop
  endfacet
  facet normal -0.9978589359727984 0.0654029349435823 0
    outer loop
      vertex 59.025665283203125 4.39157772064209 14
      vertex 59 4 11
      vertex 59 4 14
    endloop
  endfacet
  facet normal 0.06540519618852311 0.9978587877608438 0
    outer loop
      vertex 62.391578674316406 6.974333763122559 11
      vertex 62 7 14
      vertex 62.391578674316406 6.974333763122559 14
    endloop
  endfacet
  facet normal 0.06540519618852311 0.9978587877608438 0
    outer loop
      vertex 62 7 14
      vertex 62.391578674316406 6.974333763122559 11
      vertex 62 7 11
    endloop
  endfacet
  facet normal 0.44228608405767134 0.8968740267445203 0
    outer loop
      vertex 63.5 6.598075866699219 11
      vertex 63.148048400878906 6.771637916564941 14
      vertex 63.5 6.598075866699219 14
    endloop
  endfacet
  facet normal 0.44228608405767134 0.8968740267445203 0
    outer loop
      vertex 63.148048400878906 6.771637916564941 14
      vertex 63.5 6.598075866699219 11
      vertex 63.148048400878906 6.771637916564941 11
    endloop
  endfacet
  facet normal 0.5555754998584379 0.8314660930892172 0
    outer loop
      vertex 63.599998474121094 6.5312581062316895 11
      vertex 63.5 6.598075866699219 14
      vertex 63.599998474121094 6.5312581062316895 14
    endloop
  endfacet
  facet normal 0.5555754998584379 0.8314660930892172 0
    outer loop
      vertex 63.5 6.598075866699219 14
      vertex 63.599998474121094 6.5312581062316895 11
      vertex 63.5 6.598075866699219 11
    endloop
  endfacet
  facet normal -0.9807853076829625 0.1950901848716038 0
    outer loop
      vertex 59.025665283203125 4.39157772064209 11
      vertex 59.10222244262695 4.776456832885742 14
      vertex 59.10222244262695 4.776456832885742 11
    endloop
  endfacet
  facet normal -0.9807853076829625 0.1950901848716038 0
    outer loop
      vertex 59.10222244262695 4.776456832885742 14
      vertex 59.025665283203125 4.39157772064209 11
      vertex 59.025665283203125 4.39157772064209 14
    endloop
  endfacet
  facet normal -0.9469286321329887 -0.3214438763559621 0
    outer loop
      vertex 59.228363037109375 2.851949691772461 11
      vertex 59.10222244262695 3.2235422134399414 14
      vertex 59.10222244262695 3.2235422134399414 11
    endloop
  endfacet
  facet normal -0.9469286321329887 -0.3214438763559621 0
    outer loop
      vertex 59.10222244262695 3.2235422134399414 14
      vertex 59.228363037109375 2.851949691772461 11
      vertex 59.228363037109375 2.851949691772461 14
    endloop
  endfacet
  facet normal -0.65934519087334 0.7518403549106677 0
    outer loop
      vertex 60.17371368408203 6.380059242248535 11
      vertex 59.87867736816406 6.121319770812988 14
      vertex 60.17371368408203 6.380059242248535 14
    endloop
  endfacet
  facet normal -0.65934519087334 0.7518403549106677 0
    outer loop
      vertex 59.87867736816406 6.121319770812988 14
      vertex 60.17371368408203 6.380059242248535 11
      vertex 59.87867736816406 6.121319770812988 11
    endloop
  endfacet
  facet normal -0.19508971986614307 0.9807854001781174 0
    outer loop
      vertex 61.608421325683594 6.974333763122559 11
      vertex 61.223541259765625 6.8977766036987305 14
      vertex 61.608421325683594 6.974333763122559 14
    endloop
  endfacet
  facet normal -0.19508971986614307 0.9807854001781174 0
    outer loop
      vertex 61.223541259765625 6.8977766036987305 14
      vertex 61.608421325683594 6.974333763122559 11
      vertex 61.223541259765625 6.8977766036987305 11
    endloop
  endfacet
  facet normal -0.06540519618852311 0.9978587877608438 0
    outer loop
      vertex 62 7 11
      vertex 61.608421325683594 6.974333763122559 14
      vertex 62 7 14
    endloop
  endfacet
  facet normal -0.06540519618852311 0.9978587877608438 0
    outer loop
      vertex 61.608421325683594 6.974333763122559 14
      vertex 62 7 11
      vertex 61.608421325683594 6.974333763122559 11
    endloop
  endfacet
  facet normal -0.5555686092420832 0.8314706972737027 0
    outer loop
      vertex 60.5 6.598075866699219 11
      vertex 60.17371368408203 6.380059242248535 14
      vertex 60.5 6.598075866699219 14
    endloop
  endfacet
  facet normal -0.5555686092420832 0.8314706972737027 0
    outer loop
      vertex 60.17371368408203 6.380059242248535 14
      vertex 60.5 6.598075866699219 11
      vertex 60.17371368408203 6.380059242248535 11
    endloop
  endfacet
  facet normal -0.7518451738303042 0.6593396958989193 0
    outer loop
      vertex 59.61994171142578 5.8262834548950195 11
      vertex 59.87867736816406 6.121319770812988 14
      vertex 59.87867736816406 6.121319770812988 11
    endloop
  endfacet
  facet normal -0.7518451738303042 0.6593396958989193 0
    outer loop
      vertex 59.87867736816406 6.121319770812988 14
      vertex 59.61994171142578 5.8262834548950195 11
      vertex 59.61994171142578 5.8262834548950195 14
    endloop
  endfacet
  facet normal -0.9978589463682691 -0.06540277633868208 0
    outer loop
      vertex 59.025665283203125 3.6084213256835938 11
      vertex 59 4 14
      vertex 59 4 11
    endloop
  endfacet
  facet normal -0.9978589463682691 -0.06540277633868208 0
    outer loop
      vertex 59 4 14
      vertex 59.025665283203125 3.6084213256835938 11
      vertex 59.025665283203125 3.6084213256835938 14
    endloop
  endfacet
  facet normal -0.9807853076829625 -0.1950901848716038 0
    outer loop
      vertex 59.10222244262695 3.2235422134399414 11
      vertex 59.025665283203125 3.6084213256835938 14
      vertex 59.025665283203125 3.6084213256835938 11
    endloop
  endfacet
  facet normal -0.9807853076829625 -0.1950901848716038 0
    outer loop
      vertex 59.025665283203125 3.6084213256835938 14
      vertex 59.10222244262695 3.2235422134399414 11
      vertex 59.10222244262695 3.2235422134399414 14
    endloop
  endfacet
  facet normal -0.9469286321329887 0.3214438763559621 0
    outer loop
      vertex 59.10222244262695 4.776456832885742 11
      vertex 59.228363037109375 5.148049354553223 14
      vertex 59.228363037109375 5.148049354553223 11
    endloop
  endfacet
  facet normal -0.9469286321329887 0.3214438763559621 0
    outer loop
      vertex 59.228363037109375 5.148049354553223 14
      vertex 59.10222244262695 4.776456832885742 11
      vertex 59.10222244262695 4.776456832885742 14
    endloop
  endfacet
  facet normal 0 0 -1
    outer loop
      vertex 63.599998474121094 3.3999996185302734 11
      vertex 63.189735412597656 3.8433685302734375 11
      vertex 63.20000076293945 4 11
    endloop
  endfacet
  facet normal 0 0 -1
    outer loop
      vertex 63.307106018066406 2.6928930282592773 11
      vertex 63.15911102294922 3.6894168853759766 11
      vertex 63.189735412597656 3.8433685302734375 11
    endloop
  endfacet
  facet normal 0 0 -1
    outer loop
      vertex 63.307106018066406 2.6928930282592773 11
      vertex 63.1086540222168 3.5407791137695312 11
      vertex 63.15911102294922 3.6894168853759766 11
    endloop
  endfacet
  facet normal 0 0 -1
    outer loop
      vertex 62.73051452636719 3.047975540161133 11
      vertex 63.208763122558594 2.6066465377807617 11
      vertex 63.099998474121094 2.5339736938476562 11
    endloop
  endfacet
  facet normal 0 0 -1
    outer loop
      vertex 63.307106018066406 2.6928930282592773 11
      vertex 63.03923034667969 3.3999996185302734 11
      vertex 63.1086540222168 3.5407791137695312 11
    endloop
  endfacet
  facet normal 0 0 -1
    outer loop
      vertex 62.73051452636719 3.047975540161133 11
      vertex 63.099998474121094 2.5339736938476562 11
      vertex 62.98268127441406 2.4761199951171875 11
    endloop
  endfacet
  facet normal 0 0 -1
    outer loop
      vertex 63.307106018066406 2.6928930282592773 11
      vertex 62.952022552490234 3.2694854736328125 11
      vertex 63.03923034667969 3.3999996185302734 11
    endloop
  endfacet
  facet normal 0 0 -1
    outer loop
      vertex 62.599998474121094 2.960768699645996 11
      vertex 62.98268127441406 2.4761199951171875 11
      vertex 62.85881805419922 2.4340734481811523 11
    endloop
  endfacet
  facet normal 0 0 -1
    outer loop
      vertex 63.307106018066406 2.6928930282592773 11
      vertex 62.84852600097656 3.1514711380004883 11
      vertex 62.952022552490234 3.2694854736328125 11
    endloop
  endfacet
  facet normal 0 0 -1
    outer loop
      vertex 62.599998474121094 2.960768699645996 11
      vertex 62.85881805419922 2.4340734481811523 11
      vertex 62.730525970458984 2.408555030822754 11
    endloop
  endfacet
  facet normal 0 0 -1
    outer loop
      vertex 63.208763122558594 2.6066465377807617 11
      vertex 62.73051452636719 3.047975540161133 11
      vertex 62.84852600097656 3.1514711380004883 11
    endloop
  endfacet
  facet normal 0 0 -1
    outer loop
      vertex 62.45922088623047 2.8913440704345703 11
      vertex 62.730525970458984 2.408555030822754 11
      vertex 62.599998474121094 2.3999996185302734 11
    endloop
  endfacet
  facet normal 0 0 -1
    outer loop
      vertex 62.98268127441406 2.4761199951171875 11
      vertex 62.599998474121094 2.960768699645996 11
      vertex 62.73051452636719 3.047975540161133 11
    endloop
  endfacet
  facet normal 0 0 -1
    outer loop
      vertex 62.730525970458984 2.408555030822754 11
      vertex 62.45922088623047 2.8913440704345703 11
      vertex 62.599998474121094 2.960768699645996 11
    endloop
  endfacet
  facet normal 0 0 -1
    outer loop
      vertex 62.599998474121094 2.3999996185302734 11
      vertex 62.31058120727539 2.8408889770507812 11
      vertex 62.45922088623047 2.8913440704345703 11
    endloop
  endfacet
  facet normal 0 0 -1
    outer loop
      vertex 62.599998474121094 2.3999996185302734 11
      vertex 62.15663146972656 2.81026554107666 11
      vertex 62.31058120727539 2.8408889770507812 11
    endloop
  endfacet
  facet normal 0 0 -1
    outer loop
      vertex 62.599998474121094 2.3999996185302734 11
      vertex 62 2.799999237060547 11
      vertex 62.15663146972656 2.81026554107666 11
    endloop
  endfacet
  facet normal 0 0 -1
    outer loop
      vertex 62.599998474121094 2.3999996185302734 11
      vertex 61.84336853027344 2.81026554107666 11
      vertex 62 2.799999237060547 11
    endloop
  endfacet
  facet normal 0 0 -1
    outer loop
      vertex 62.599998474121094 2.3999996185302734 11
      vertex 61.689414978027344 2.8408889770507812 11
      vertex 61.84336853027344 2.81026554107666 11
    endloop
  endfacet
  facet normal 0 0 -1
    outer loop
      vertex 59.46874237060547 2.3999996185302734 11
      vertex 61.689414978027344 2.8408889770507812 11
      vertex 62.599998474121094 2.3999996185302734 11
    endloop
  endfacet
  facet normal 0 0 -1
    outer loop
      vertex 59 4 11
      vertex 60.79999923706055 4 11
      vertex 60.810264587402344 3.8433685302734375 11
    endloop
  endfacet
  facet normal 0 0 -1
    outer loop
      vertex 60.79999923706055 4 11
      vertex 60.17371368408203 6.380059242248535 11
      vertex 60.5 6.598075866699219 11
    endloop
  endfacet
  facet normal 0 0 -1
    outer loop
      vertex 59.025665283203125 3.6084213256835938 11
      vertex 60.810264587402344 3.8433685302734375 11
      vertex 60.84088897705078 3.6894168853759766 11
    endloop
  endfacet
  facet normal 0 0 -1
    outer loop
      vertex 60.79999923706055 4 11
      vertex 59.87867736816406 6.121319770812988 11
      vertex 60.17371368408203 6.380059242248535 11
    endloop
  endfacet
  facet normal 0 0 -1
    outer loop
      vertex 59.10222244262695 3.2235422134399414 11
      vertex 60.84088897705078 3.6894168853759766 11
      vertex 60.89134216308594 3.5407791137695312 11
    endloop
  endfacet
  facet normal 0 0 -1
    outer loop
      vertex 60.79999923706055 4 11
      vertex 59.61994171142578 5.8262834548950195 11
      vertex 59.87867736816406 6.121319770812988 11
    endloop
  endfacet
  facet normal 0 0 -1
    outer loop
      vertex 59.228363037109375 2.851949691772461 11
      vertex 60.89134216308594 3.5407791137695312 11
      vertex 60.96076965332031 3.3999996185302734 11
    endloop
  endfacet
  facet normal 0 0 -1
    outer loop
      vertex 61.689414978027344 2.8408889770507812 11
      vertex 59.46874237060547 2.3999996185302734 11
      vertex 61.54077911376953 2.8913440704345703 11
    endloop
  endfacet
  facet normal 0 0 -1
    outer loop
      vertex 59.46874237060547 2.3999996185302734 11
      vertex 61.400001525878906 2.960768699645996 11
      vertex 61.54077911376953 2.8913440704345703 11
    endloop
  endfacet
  facet normal 0 0 -1
    outer loop
      vertex 59.46874237060547 2.3999996185302734 11
      vertex 61.26948547363281 3.047975540161133 11
      vertex 61.400001525878906 2.960768699645996 11
    endloop
  endfacet
  facet normal 0 0 -1
    outer loop
      vertex 59.46874237060547 2.3999996185302734 11
      vertex 61.15147018432617 3.1514711380004883 11
      vertex 61.26948547363281 3.047975540161133 11
    endloop
  endfacet
  facet normal 0 0 -1
    outer loop
      vertex 59.46874237060547 2.3999996185302734 11
      vertex 61.0479736328125 3.2694854736328125 11
      vertex 61.15147018432617 3.1514711380004883 11
    endloop
  endfacet
  facet normal 0 0 -1
    outer loop
      vertex 59.46874237060547 2.3999996185302734 11
      vertex 60.96076965332031 3.3999996185302734 11
      vertex 61.0479736328125 3.2694854736328125 11
    endloop
  endfacet
  facet normal 0 0 -1
    outer loop
      vertex 59.40192413330078 2.5 11
      vertex 60.96076965332031 3.3999996185302734 11
      vertex 59.46874237060547 2.3999996185302734 11
    endloop
  endfacet
  facet normal 0 0 -1
    outer loop
      vertex 60.96076965332031 3.3999996185302734 11
      vertex 59.40192413330078 2.5 11
      vertex 59.228363037109375 2.851949691772461 11
    endloop
  endfacet
  facet normal 0 0 -1
    outer loop
      vertex 60.79999923706055 4 11
      vertex 59.40192413330078 5.5 11
      vertex 59.61994171142578 5.8262834548950195 11
    endloop
  endfacet
  facet normal 0 0 -1
    outer loop
      vertex 60.89134216308594 3.5407791137695312 11
      vertex 59.228363037109375 2.851949691772461 11
      vertex 59.10222244262695 3.2235422134399414 11
    endloop
  endfacet
  facet normal 0 0 -1
    outer loop
      vertex 60.79999923706055 4 11
      vertex 59.228363037109375 5.148049354553223 11
      vertex 59.40192413330078 5.5 11
    endloop
  endfacet
  facet normal 0 0 -1
    outer loop
      vertex 60.84088897705078 3.6894168853759766 11
      vertex 59.10222244262695 3.2235422134399414 11
      vertex 59.025665283203125 3.6084213256835938 11
    endloop
  endfacet
  facet normal 0 0 -1
    outer loop
      vertex 60.79999923706055 4 11
      vertex 59.10222244262695 4.776456832885742 11
      vertex 59.228363037109375 5.148049354553223 11
    endloop
  endfacet
  facet normal 0 0 -1
    outer loop
      vertex 60.810264587402344 3.8433685302734375 11
      vertex 59.025665283203125 3.6084213256835938 11
      vertex 59 4 11
    endloop
  endfacet
  facet normal 0 0 -1
    outer loop
      vertex 60.79999923706055 4 11
      vertex 59.025665283203125 4.39157772064209 11
      vertex 59.10222244262695 4.776456832885742 11
    endloop
  endfacet
  facet normal 0 0 -1
    outer loop
      vertex 60.79999923706055 4 11
      vertex 59 4 11
      vertex 59.025665283203125 4.39157772064209 11
    endloop
  endfacet
  facet normal 0 0 -1
    outer loop
      vertex 63.189735412597656 3.8433685302734375 11
      vertex 63.599998474121094 3.3999996185302734 11
      vertex 63.59144592285156 3.269473075866699 11
    endloop
  endfacet
  facet normal 0 0 -1
    outer loop
      vertex 63.189735412597656 3.8433685302734375 11
      vertex 63.59144592285156 3.269473075866699 11
      vertex 63.56592559814453 3.1411800384521484 11
    endloop
  endfacet
  facet normal 0 0 -1
    outer loop
      vertex 63.189735412597656 3.8433685302734375 11
      vertex 63.56592559814453 3.1411800384521484 11
      vertex 63.52388000488281 3.0173158645629883 11
    endloop
  endfacet
  facet normal 0 0 -1
    outer loop
      vertex 63.599998474121094 3.3999996185302734 11
      vertex 63.189735412597656 4.156630516052246 11
      vertex 63.15911102294922 4.310582160949707 11
    endloop
  endfacet
  facet normal 0 0 -1
    outer loop
      vertex 63.189735412597656 3.8433685302734375 11
      vertex 63.52388000488281 3.0173158645629883 11
      vertex 63.466026306152344 2.8999996185302734 11
    endloop
  endfacet
  facet normal 0 0 -1
    outer loop
      vertex 63.189735412597656 3.8433685302734375 11
      vertex 63.466026306152344 2.8999996185302734 11
      vertex 63.39335250854492 2.7912378311157227 11
    endloop
  endfacet
  facet normal 0 0 -1
    outer loop
      vertex 63.189735412597656 3.8433685302734375 11
      vertex 63.39335250854492 2.7912378311157227 11
      vertex 63.307106018066406 2.6928930282592773 11
    endloop
  endfacet
  facet normal 0 0 -1
    outer loop
      vertex 62.84852600097656 3.1514711380004883 11
      vertex 63.307106018066406 2.6928930282592773 11
      vertex 63.208763122558594 2.6066465377807617 11
    endloop
  endfacet
  facet normal 0 0 -1
    outer loop
      vertex 63.599998474121094 3.3999996185302734 11
      vertex 63.20000076293945 4 11
      vertex 63.189735412597656 4.156630516052246 11
    endloop
  endfacet
  facet normal 0 0 -1
    outer loop
      vertex 63.599998474121094 3.3999996185302734 11
      vertex 63.15911102294922 4.310582160949707 11
      vertex 63.599998474121094 6.5312581062316895 11
    endloop
  endfacet
  facet normal 0 0 -1
    outer loop
      vertex 63.1086540222168 4.459219932556152 11
      vertex 63.599998474121094 6.5312581062316895 11
      vertex 63.15911102294922 4.310582160949707 11
    endloop
  endfacet
  facet normal 0 0 -1
    outer loop
      vertex 63.03923034667969 4.59999942779541 11
      vertex 63.599998474121094 6.5312581062316895 11
      vertex 63.1086540222168 4.459219932556152 11
    endloop
  endfacet
  facet normal 0 0 -1
    outer loop
      vertex 62.952022552490234 4.730513572692871 11
      vertex 63.599998474121094 6.5312581062316895 11
      vertex 63.03923034667969 4.59999942779541 11
    endloop
  endfacet
  facet normal 0 0 -1
    outer loop
      vertex 62.84852600097656 4.848527908325195 11
      vertex 63.599998474121094 6.5312581062316895 11
      vertex 62.952022552490234 4.730513572692871 11
    endloop
  endfacet
  facet normal 0 0 -1
    outer loop
      vertex 62.73051452636719 4.952023506164551 11
      vertex 63.599998474121094 6.5312581062316895 11
      vertex 62.84852600097656 4.848527908325195 11
    endloop
  endfacet
  facet normal 0 0 -1
    outer loop
      vertex 62.599998474121094 5.0392303466796875 11
      vertex 63.599998474121094 6.5312581062316895 11
      vertex 62.73051452636719 4.952023506164551 11
    endloop
  endfacet
  facet normal 0 0 -1
    outer loop
      vertex 63.599998474121094 6.5312581062316895 11
      vertex 62.599998474121094 5.0392303466796875 11
      vertex 63.5 6.598075866699219 11
    endloop
  endfacet
  facet normal 0 0 -1
    outer loop
      vertex 63.5 6.598075866699219 11
      vertex 62.599998474121094 5.0392303466796875 11
      vertex 63.148048400878906 6.771637916564941 11
    endloop
  endfacet
  facet normal 0 0 -1
    outer loop
      vertex 62.45922088623047 5.108654975891113 11
      vertex 63.148048400878906 6.771637916564941 11
      vertex 62.599998474121094 5.0392303466796875 11
    endloop
  endfacet
  facet normal 0 0 -1
    outer loop
      vertex 63.148048400878906 6.771637916564941 11
      vertex 62.45922088623047 5.108654975891113 11
      vertex 62.776458740234375 6.8977766036987305 11
    endloop
  endfacet
  facet normal 0 0 -1
    outer loop
      vertex 62.31058120727539 5.159110069274902 11
      vertex 62.776458740234375 6.8977766036987305 11
      vertex 62.45922088623047 5.108654975891113 11
    endloop
  endfacet
  facet normal 0 0 -1
    outer loop
      vertex 62.776458740234375 6.8977766036987305 11
      vertex 62.31058120727539 5.159110069274902 11
      vertex 62.391578674316406 6.974333763122559 11
    endloop
  endfacet
  facet normal 0 0 -1
    outer loop
      vertex 62.15663146972656 5.189733505249023 11
      vertex 62.391578674316406 6.974333763122559 11
      vertex 62.31058120727539 5.159110069274902 11
    endloop
  endfacet
  facet normal 0 0 -1
    outer loop
      vertex 62 5.199999809265137 11
      vertex 62.391578674316406 6.974333763122559 11
      vertex 62.15663146972656 5.189733505249023 11
    endloop
  endfacet
  facet normal 0 0 -1
    outer loop
      vertex 62 5.199999809265137 11
      vertex 62 7 11
      vertex 62.391578674316406 6.974333763122559 11
    endloop
  endfacet
  facet normal 0 0 -1
    outer loop
      vertex 61.84336853027344 5.189733505249023 11
      vertex 62 7 11
      vertex 62 5.199999809265137 11
    endloop
  endfacet
  facet normal 0 0 -1
    outer loop
      vertex 61.608421325683594 6.974333763122559 11
      vertex 61.84336853027344 5.189733505249023 11
      vertex 61.689414978027344 5.159110069274902 11
    endloop
  endfacet
  facet normal 0 0 -1
    outer loop
      vertex 61.84336853027344 5.189733505249023 11
      vertex 61.608421325683594 6.974333763122559 11
      vertex 62 7 11
    endloop
  endfacet
  facet normal 0 0 -1
    outer loop
      vertex 61.223541259765625 6.8977766036987305 11
      vertex 61.689414978027344 5.159110069274902 11
      vertex 61.54077911376953 5.108654975891113 11
    endloop
  endfacet
  facet normal 0 0 -1
    outer loop
      vertex 60.851951599121094 6.771637916564941 11
      vertex 61.54077911376953 5.108654975891113 11
      vertex 61.400001525878906 5.0392303466796875 11
    endloop
  endfacet
  facet normal 0 0 -1
    outer loop
      vertex 60.5 6.598075866699219 11
      vertex 61.400001525878906 5.0392303466796875 11
      vertex 61.26948547363281 4.952023506164551 11
    endloop
  endfacet
  facet normal 0 0 -1
    outer loop
      vertex 61.689414978027344 5.159110069274902 11
      vertex 61.223541259765625 6.8977766036987305 11
      vertex 61.608421325683594 6.974333763122559 11
    endloop
  endfacet
  facet normal 0 0 -1
    outer loop
      vertex 60.5 6.598075866699219 11
      vertex 61.26948547363281 4.952023506164551 11
      vertex 61.15147018432617 4.848527908325195 11
    endloop
  endfacet
  facet normal 0 0 -1
    outer loop
      vertex 60.5 6.598075866699219 11
      vertex 61.15147018432617 4.848527908325195 11
      vertex 61.0479736328125 4.730513572692871 11
    endloop
  endfacet
  facet normal 0 0 -1
    outer loop
      vertex 60.5 6.598075866699219 11
      vertex 61.0479736328125 4.730513572692871 11
      vertex 60.96076965332031 4.59999942779541 11
    endloop
  endfacet
  facet normal 0 0 -1
    outer loop
      vertex 60.5 6.598075866699219 11
      vertex 60.96076965332031 4.59999942779541 11
      vertex 60.89134216308594 4.459219932556152 11
    endloop
  endfacet
  facet normal 0 0 -1
    outer loop
      vertex 61.54077911376953 5.108654975891113 11
      vertex 60.851951599121094 6.771637916564941 11
      vertex 61.223541259765625 6.8977766036987305 11
    endloop
  endfacet
  facet normal 0 0 -1
    outer loop
      vertex 60.5 6.598075866699219 11
      vertex 60.89134216308594 4.459219932556152 11
      vertex 60.84088897705078 4.310582160949707 11
    endloop
  endfacet
  facet normal 0 0 -1
    outer loop
      vertex 60.5 6.598075866699219 11
      vertex 60.84088897705078 4.310582160949707 11
      vertex 60.810264587402344 4.156630516052246 11
    endloop
  endfacet
  facet normal 0 0 -1
    outer loop
      vertex 60.5 6.598075866699219 11
      vertex 60.810264587402344 4.156630516052246 11
      vertex 60.79999923706055 4 11
    endloop
  endfacet
  facet normal 0 0 -1
    outer loop
      vertex 61.400001525878906 5.0392303466796875 11
      vertex 60.5 6.598075866699219 11
      vertex 60.851951599121094 6.771637916564941 11
    endloop
  endfacet
  facet normal -0.321441737247364 0.9469293582709306 0
    outer loop
      vertex 61.223541259765625 6.8977766036987305 11
      vertex 60.851951599121094 6.771637916564941 14
      vertex 61.223541259765625 6.8977766036987305 14
    endloop
  endfacet
  facet normal -0.321441737247364 0.9469293582709306 0
    outer loop
      vertex 60.851951599121094 6.771637916564941 14
      vertex 61.223541259765625 6.8977766036987305 11
      vertex 60.851951599121094 6.771637916564941 11
    endloop
  endfacet
  facet normal -0.8314673242995249 0.5555736572428435 0
    outer loop
      vertex 59.40192413330078 5.5 11
      vertex 59.61994171142578 5.8262834548950195 14
      vertex 59.61994171142578 5.8262834548950195 11
    endloop
  endfacet
  facet normal -0.8314673242995249 0.5555736572428435 0
    outer loop
      vertex 59.61994171142578 5.8262834548950195 14
      vertex 59.40192413330078 5.5 11
      vertex 59.40192413330078 5.5 14
    endloop
  endfacet
  facet normal -0.8968740399673665 -0.44228605724419434 0
    outer loop
      vertex 59.40192413330078 2.5 11
      vertex 59.228363037109375 2.851949691772461 14
      vertex 59.228363037109375 2.851949691772461 11
    endloop
  endfacet
  facet normal -0.8968740399673665 -0.44228605724419434 0
    outer loop
      vertex 59.228363037109375 2.851949691772461 14
      vertex 59.40192413330078 2.5 11
      vertex 59.40192413330078 2.5 14
    endloop
  endfacet
  facet normal 0.19508971986614307 0.9807854001781174 0
    outer loop
      vertex 62.776458740234375 6.8977766036987305 11
      vertex 62.391578674316406 6.974333763122559 14
      vertex 62.776458740234375 6.8977766036987305 14
    endloop
  endfacet
  facet normal 0.19508971986614307 0.9807854001781174 0
    outer loop
      vertex 62.391578674316406 6.974333763122559 14
      vertex 62.776458740234375 6.8977766036987305 11
      vertex 62.391578674316406 6.974333763122559 11
    endloop
  endfacet
  facet normal -0.8314691566871357 -0.5555709148956444 0
    outer loop
      vertex 59.46874237060547 2.3999996185302734 11
      vertex 59.40192413330078 2.5 14
      vertex 59.40192413330078 2.5 11
    endloop
  endfacet
  facet normal -0.8314691566871357 -0.5555709148956444 0
    outer loop
      vertex 59.40192413330078 2.5 14
      vertex 59.46874237060547 2.3999996185302734 11
      vertex 59.46874237060547 2.3999996185302734 14
    endloop
  endfacet
  facet normal -0.44228608405767134 0.8968740267445203 0
    outer loop
      vertex 60.851951599121094 6.771637916564941 11
      vertex 60.5 6.598075866699219 14
      vertex 60.851951599121094 6.771637916564941 14
    endloop
  endfacet
  facet normal -0.44228608405767134 0.8968740267445203 0
    outer loop
      vertex 60.5 6.598075866699219 14
      vertex 60.851951599121094 6.771637916564941 11
      vertex 60.5 6.598075866699219 11
    endloop
  endfacet
  facet normal -0.4422841292133117 -0.8968749907573643 0
    outer loop
      vertex 60.5 49.40192413330078 11
      vertex 60.851951599121094 49.228363037109375 14
      vertex 60.5 49.40192413330078 14
    endloop
  endfacet
  facet normal -0.4422841292133117 -0.8968749907573643 0
    outer loop
      vertex 60.851951599121094 49.228363037109375 14
      vertex 60.5 49.40192413330078 11
      vertex 60.851951599121094 49.228363037109375 11
    endloop
  endfacet
  facet normal -0.8968749907573643 0.4422841292133117 0
    outer loop
      vertex 59.228363037109375 53.148048400878906 11
      vertex 59.40192413330078 53.5 14
      vertex 59.40192413330078 53.5 11
    endloop
  endfacet
  facet normal -0.8968749907573643 0.4422841292133117 0
    outer loop
      vertex 59.40192413330078 53.5 14
      vertex 59.228363037109375 53.148048400878906 11
      vertex 59.228363037109375 53.148048400878906 14
    endloop
  endfacet
  facet normal 0.4422841292133117 -0.8968749907573643 0
    outer loop
      vertex 63.148048400878906 49.228363037109375 11
      vertex 63.5 49.40192413330078 14
      vertex 63.148048400878906 49.228363037109375 14
    endloop
  endfacet
  facet normal 0.4422841292133117 -0.8968749907573643 0
    outer loop
      vertex 63.5 49.40192413330078 14
      vertex 63.148048400878906 49.228363037109375 11
      vertex 63.5 49.40192413330078 11
    endloop
  endfacet
  facet normal 0.06540277633868208 -0.9978589463682691 0
    outer loop
      vertex 62 49 11
      vertex 62.391578674316406 49.025665283203125 14
      vertex 62 49 14
    endloop
  endfacet
  facet normal 0.06540277633868208 -0.9978589463682691 0
    outer loop
      vertex 62.391578674316406 49.025665283203125 14
      vertex 62 49 11
      vertex 62.391578674316406 49.025665283203125 11
    endloop
  endfacet
  facet normal -0.9469278788009545 -0.3214460955580655 0
    outer loop
      vertex 59.228363037109375 50.851951599121094 11
      vertex 59.10222244262695 51.223541259765625 14
      vertex 59.10222244262695 51.223541259765625 11
    endloop
  endfacet
  facet normal -0.9469278788009545 -0.3214460955580655 0
    outer loop
      vertex 59.10222244262695 51.223541259765625 14
      vertex 59.228363037109375 50.851951599121094 11
      vertex 59.228363037109375 50.851951599121094 14
    endloop
  endfacet
  facet normal 0.5555782408576679 -0.8314642615804355 0
    outer loop
      vertex 63.5 49.40192413330078 11
      vertex 63.599998474121094 49.46874237060547 14
      vertex 63.5 49.40192413330078 14
    endloop
  endfacet
  facet normal 0.5555782408576679 -0.8314642615804355 0
    outer loop
      vertex 63.599998474121094 49.46874237060547 14
      vertex 63.5 49.40192413330078 11
      vertex 63.599998474121094 49.46874237060547 11
    endloop
  endfacet
  facet normal -0.06540277633868208 -0.9978589463682691 0
    outer loop
      vertex 61.608421325683594 49.025665283203125 11
      vertex 62 49 14
      vertex 61.608421325683594 49.025665283203125 14
    endloop
  endfacet
  facet normal -0.06540277633868208 -0.9978589463682691 0
    outer loop
      vertex 62 49 14
      vertex 61.608421325683594 49.025665283203125 11
      vertex 62 49 11
    endloop
  endfacet
  facet normal -0.7518451738303042 -0.6593396958989193 0
    outer loop
      vertex 59.87867736816406 49.87867736816406 11
      vertex 59.61994171142578 50.17371368408203 14
      vertex 59.61994171142578 50.17371368408203 11
    endloop
  endfacet
  facet normal -0.7518451738303042 -0.6593396958989193 0
    outer loop
      vertex 59.61994171142578 50.17371368408203 14
      vertex 59.87867736816406 49.87867736816406 11
      vertex 59.87867736816406 49.87867736816406 14
    endloop
  endfacet
  facet normal -0.5555702893655277 -0.8314695746533988 0
    outer loop
      vertex 60.17371368408203 49.61994171142578 11
      vertex 60.5 49.40192413330078 14
      vertex 60.17371368408203 49.61994171142578 14
    endloop
  endfacet
  facet normal -0.5555702893655277 -0.8314695746533988 0
    outer loop
      vertex 60.5 49.40192413330078 14
      vertex 60.17371368408203 49.61994171142578 11
      vertex 60.5 49.40192413330078 11
    endloop
  endfacet
  facet normal -0.9978589463682691 -0.06540277633868208 0
    outer loop
      vertex 59.025665283203125 51.608421325683594 11
      vertex 59 52 14
      vertex 59 52 11
    endloop
  endfacet
  facet normal -0.9978589463682691 -0.06540277633868208 0
    outer loop
      vertex 59 52 14
      vertex 59.025665283203125 51.608421325683594 11
      vertex 59.025665283203125 51.608421325683594 14
    endloop
  endfacet
  facet normal -0.19508971986614307 -0.9807854001781174 0
    outer loop
      vertex 61.223541259765625 49.10222244262695 11
      vertex 61.608421325683594 49.025665283203125 14
      vertex 61.223541259765625 49.10222244262695 14
    endloop
  endfacet
  facet normal -0.19508971986614307 -0.9807854001781174 0
    outer loop
      vertex 61.608421325683594 49.025665283203125 14
      vertex 61.223541259765625 49.10222244262695 11
      vertex 61.608421325683594 49.025665283203125 11
    endloop
  endfacet
  facet normal -0.9807854001781174 -0.19508971986614307 0
    outer loop
      vertex 59.10222244262695 51.223541259765625 11
      vertex 59.025665283203125 51.608421325683594 14
      vertex 59.025665283203125 51.608421325683594 11
    endloop
  endfacet
  facet normal -0.9807854001781174 -0.19508971986614307 0
    outer loop
      vertex 59.025665283203125 51.608421325683594 14
      vertex 59.10222244262695 51.223541259765625 11
      vertex 59.10222244262695 51.223541259765625 14
    endloop
  endfacet
  facet normal -0.9469278788009545 0.3214460955580655 0
    outer loop
      vertex 59.10222244262695 52.776458740234375 11
      vertex 59.228363037109375 53.148048400878906 14
      vertex 59.228363037109375 53.148048400878906 11
    endloop
  endfacet
  facet normal -0.9469278788009545 0.3214460955580655 0
    outer loop
      vertex 59.228363037109375 53.148048400878906 14
      vertex 59.10222244262695 52.776458740234375 11
      vertex 59.10222244262695 52.776458740234375 14
    endloop
  endfacet
  facet normal 0 0 -1
    outer loop
      vertex 63.15911102294922 51.689414978027344 11
      vertex 63.599998474121094 52.599998474121094 11
      vertex 63.599998474121094 49.46874237060547 11
    endloop
  endfacet
  facet normal 0 0 -1
    outer loop
      vertex 63.189735412597656 51.84336853027344 11
      vertex 63.599998474121094 52.599998474121094 11
      vertex 63.15911102294922 51.689414978027344 11
    endloop
  endfacet
  facet normal 0 0 -1
    outer loop
      vertex 63.189735412597656 52.15663146972656 11
      vertex 63.599998474121094 52.599998474121094 11
      vertex 63.20000076293945 52 11
    endloop
  endfacet
  facet normal 0 0 -1
    outer loop
      vertex 62.599998474121094 50.96076965332031 11
      vertex 63.599998474121094 49.46874237060547 11
      vertex 63.5 49.40192413330078 11
    endloop
  endfacet
  facet normal 0 0 -1
    outer loop
      vertex 63.15911102294922 52.31058120727539 11
      vertex 63.599998474121094 52.599998474121094 11
      vertex 63.189735412597656 52.15663146972656 11
    endloop
  endfacet
  facet normal 0 0 -1
    outer loop
      vertex 63.1086540222168 52.45922088623047 11
      vertex 63.599998474121094 52.599998474121094 11
      vertex 63.15911102294922 52.31058120727539 11
    endloop
  endfacet
  facet normal 0 0 -1
    outer loop
      vertex 63.03923034667969 52.599998474121094 11
      vertex 63.59144592285156 52.730525970458984 11
      vertex 63.1086540222168 52.45922088623047 11
    endloop
  endfacet
  facet normal 0 0 -1
    outer loop
      vertex 63.59144592285156 52.730525970458984 11
      vertex 63.03923034667969 52.599998474121094 11
      vertex 63.56592559814453 52.85881805419922 11
    endloop
  endfacet
  facet normal 0 0 -1
    outer loop
      vertex 63.56592559814453 52.85881805419922 11
      vertex 63.03923034667969 52.599998474121094 11
      vertex 63.52388000488281 52.98268127441406 11
    endloop
  endfacet
  facet normal 0 0 -1
    outer loop
      vertex 63.599998474121094 52.599998474121094 11
      vertex 63.1086540222168 52.45922088623047 11
      vertex 63.59144592285156 52.730525970458984 11
    endloop
  endfacet
  facet normal 0 0 -1
    outer loop
      vertex 63.20000076293945 52 11
      vertex 63.599998474121094 52.599998474121094 11
      vertex 63.189735412597656 51.84336853027344 11
    endloop
  endfacet
  facet normal 0 0 -1
    outer loop
      vertex 62.599998474121094 50.96076965332031 11
      vertex 63.5 49.40192413330078 11
      vertex 63.148048400878906 49.228363037109375 11
    endloop
  endfacet
  facet normal 0 0 -1
    outer loop
      vertex 63.599998474121094 49.46874237060547 11
      vertex 63.1086540222168 51.54077911376953 11
      vertex 63.15911102294922 51.689414978027344 11
    endloop
  endfacet
  facet normal 0 0 -1
    outer loop
      vertex 63.599998474121094 49.46874237060547 11
      vertex 63.03923034667969 51.400001525878906 11
      vertex 63.1086540222168 51.54077911376953 11
    endloop
  endfacet
  facet normal 0 0 -1
    outer loop
      vertex 63.599998474121094 49.46874237060547 11
      vertex 62.952022552490234 51.26948547363281 11
      vertex 63.03923034667969 51.400001525878906 11
    endloop
  endfacet
  facet normal 0 0 -1
    outer loop
      vertex 63.599998474121094 49.46874237060547 11
      vertex 62.84852600097656 51.15147018432617 11
      vertex 62.952022552490234 51.26948547363281 11
    endloop
  endfacet
  facet normal 0 0 -1
    outer loop
      vertex 62.45922088623047 50.89134216308594 11
      vertex 63.148048400878906 49.228363037109375 11
      vertex 62.776458740234375 49.10222244262695 11
    endloop
  endfacet
  facet normal 0 0 -1
    outer loop
      vertex 63.599998474121094 49.46874237060547 11
      vertex 62.73051452636719 51.0479736328125 11
      vertex 62.84852600097656 51.15147018432617 11
    endloop
  endfacet
  facet normal 0 0 -1
    outer loop
      vertex 63.599998474121094 49.46874237060547 11
      vertex 62.599998474121094 50.96076965332031 11
      vertex 62.73051452636719 51.0479736328125 11
    endloop
  endfacet
  facet normal 0 0 -1
    outer loop
      vertex 63.148048400878906 49.228363037109375 11
      vertex 62.45922088623047 50.89134216308594 11
      vertex 62.599998474121094 50.96076965332031 11
    endloop
  endfacet
  facet normal 0 0 -1
    outer loop
      vertex 62.31058120727539 50.84088897705078 11
      vertex 62.776458740234375 49.10222244262695 11
      vertex 62.391578674316406 49.025665283203125 11
    endloop
  endfacet
  facet normal 0 0 -1
    outer loop
      vertex 62.776458740234375 49.10222244262695 11
      vertex 62.31058120727539 50.84088897705078 11
      vertex 62.45922088623047 50.89134216308594 11
    endloop
  endfacet
  facet normal 0 0 -1
    outer loop
      vertex 62.391578674316406 49.025665283203125 11
      vertex 62.15663146972656 50.810264587402344 11
      vertex 62.31058120727539 50.84088897705078 11
    endloop
  endfacet
  facet normal 0 0 -1
    outer loop
      vertex 62 49 11
      vertex 62.15663146972656 50.810264587402344 11
      vertex 62.391578674316406 49.025665283203125 11
    endloop
  endfacet
  facet normal 0 0 -1
    outer loop
      vertex 62 49 11
      vertex 62 50.79999923706055 11
      vertex 62.15663146972656 50.810264587402344 11
    endloop
  endfacet
  facet normal 0 0 -1
    outer loop
      vertex 62 49 11
      vertex 61.84336853027344 50.810264587402344 11
      vertex 62 50.79999923706055 11
    endloop
  endfacet
  facet normal 0 0 -1
    outer loop
      vertex 61.608421325683594 49.025665283203125 11
      vertex 61.84336853027344 50.810264587402344 11
      vertex 62 49 11
    endloop
  endfacet
  facet normal 0 0 -1
    outer loop
      vertex 61.84336853027344 50.810264587402344 11
      vertex 61.608421325683594 49.025665283203125 11
      vertex 61.689414978027344 50.84088897705078 11
    endloop
  endfacet
  facet normal 0 0 -1
    outer loop
      vertex 61.223541259765625 49.10222244262695 11
      vertex 61.689414978027344 50.84088897705078 11
      vertex 61.608421325683594 49.025665283203125 11
    endloop
  endfacet
  facet normal 0 0 -1
    outer loop
      vertex 61.689414978027344 50.84088897705078 11
      vertex 61.223541259765625 49.10222244262695 11
      vertex 61.54077911376953 50.89134216308594 11
    endloop
  endfacet
  facet normal 0 0 -1
    outer loop
      vertex 60.851951599121094 49.228363037109375 11
      vertex 61.54077911376953 50.89134216308594 11
      vertex 61.223541259765625 49.10222244262695 11
    endloop
  endfacet
  facet normal 0 0 -1
    outer loop
      vertex 61.54077911376953 50.89134216308594 11
      vertex 60.851951599121094 49.228363037109375 11
      vertex 61.400001525878906 50.96076965332031 11
    endloop
  endfacet
  facet normal 0 0 -1
    outer loop
      vertex 60.5 49.40192413330078 11
      vertex 61.400001525878906 50.96076965332031 11
      vertex 60.851951599121094 49.228363037109375 11
    endloop
  endfacet
  facet normal 0 0 -1
    outer loop
      vertex 61.400001525878906 50.96076965332031 11
      vertex 60.5 49.40192413330078 11
      vertex 61.26948547363281 51.0479736328125 11
    endloop
  endfacet
  facet normal 0 0 -1
    outer loop
      vertex 60.17371368408203 49.61994171142578 11
      vertex 61.26948547363281 51.0479736328125 11
      vertex 60.5 49.40192413330078 11
    endloop
  endfacet
  facet normal 0 0 -1
    outer loop
      vertex 61.26948547363281 51.0479736328125 11
      vertex 60.17371368408203 49.61994171142578 11
      vertex 61.15147018432617 51.15147018432617 11
    endloop
  endfacet
  facet normal 0 0 -1
    outer loop
      vertex 59.87867736816406 49.87867736816406 11
      vertex 61.15147018432617 51.15147018432617 11
      vertex 60.17371368408203 49.61994171142578 11
    endloop
  endfacet
  facet normal 0 0 -1
    outer loop
      vertex 61.15147018432617 51.15147018432617 11
      vertex 59.87867736816406 49.87867736816406 11
      vertex 61.0479736328125 51.26948547363281 11
    endloop
  endfacet
  facet normal 0 0 -1
    outer loop
      vertex 59.61994171142578 50.17371368408203 11
      vertex 61.0479736328125 51.26948547363281 11
      vertex 59.87867736816406 49.87867736816406 11
    endloop
  endfacet
  facet normal 0 0 -1
    outer loop
      vertex 61.0479736328125 51.26948547363281 11
      vertex 59.61994171142578 50.17371368408203 11
      vertex 60.96076965332031 51.400001525878906 11
    endloop
  endfacet
  facet normal 0 0 -1
    outer loop
      vertex 59.40192413330078 50.5 11
      vertex 60.96076965332031 51.400001525878906 11
      vertex 59.61994171142578 50.17371368408203 11
    endloop
  endfacet
  facet normal 0 0 -1
    outer loop
      vertex 62.952022552490234 52.73051452636719 11
      vertex 63.52388000488281 52.98268127441406 11
      vertex 63.03923034667969 52.599998474121094 11
    endloop
  endfacet
  facet normal 0 0 -1
    outer loop
      vertex 63.52388000488281 52.98268127441406 11
      vertex 62.952022552490234 52.73051452636719 11
      vertex 63.466026306152344 53.099998474121094 11
    endloop
  endfacet
  facet normal 0 0 -1
    outer loop
      vertex 63.466026306152344 53.099998474121094 11
      vertex 62.952022552490234 52.73051452636719 11
      vertex 63.39335250854492 53.208763122558594 11
    endloop
  endfacet
  facet normal 0 0 -1
    outer loop
      vertex 62.84852600097656 52.84852600097656 11
      vertex 63.39335250854492 53.208763122558594 11
      vertex 62.952022552490234 52.73051452636719 11
    endloop
  endfacet
  facet normal 0 0 -1
    outer loop
      vertex 63.39335250854492 53.208763122558594 11
      vertex 62.84852600097656 52.84852600097656 11
      vertex 63.307106018066406 53.307106018066406 11
    endloop
  endfacet
  facet normal 0 0 -1
    outer loop
      vertex 63.307106018066406 53.307106018066406 11
      vertex 62.84852600097656 52.84852600097656 11
      vertex 63.208763122558594 53.39335250854492 11
    endloop
  endfacet
  facet normal 0 0 -1
    outer loop
      vertex 62.73051452636719 52.952022552490234 11
      vertex 63.208763122558594 53.39335250854492 11
      vertex 62.84852600097656 52.84852600097656 11
    endloop
  endfacet
  facet normal 0 0 -1
    outer loop
      vertex 63.208763122558594 53.39335250854492 11
      vertex 62.73051452636719 52.952022552490234 11
      vertex 63.099998474121094 53.466026306152344 11
    endloop
  endfacet
  facet normal 0 0 -1
    outer loop
      vertex 63.099998474121094 53.466026306152344 11
      vertex 62.73051452636719 52.952022552490234 11
      vertex 62.98268127441406 53.52388000488281 11
    endloop
  endfacet
  facet normal 0 0 -1
    outer loop
      vertex 62.599998474121094 53.03923034667969 11
      vertex 62.98268127441406 53.52388000488281 11
      vertex 62.73051452636719 52.952022552490234 11
    endloop
  endfacet
  facet normal 0 0 -1
    outer loop
      vertex 62.98268127441406 53.52388000488281 11
      vertex 62.599998474121094 53.03923034667969 11
      vertex 62.85881805419922 53.56592559814453 11
    endloop
  endfacet
  facet normal 0 0 -1
    outer loop
      vertex 62.85881805419922 53.56592559814453 11
      vertex 62.599998474121094 53.03923034667969 11
      vertex 62.730525970458984 53.59144592285156 11
    endloop
  endfacet
  facet normal 0 0 -1
    outer loop
      vertex 62.45922088623047 53.1086540222168 11
      vertex 62.730525970458984 53.59144592285156 11
      vertex 62.599998474121094 53.03923034667969 11
    endloop
  endfacet
  facet normal 0 0 -1
    outer loop
      vertex 62.730525970458984 53.59144592285156 11
      vertex 62.45922088623047 53.1086540222168 11
      vertex 62.599998474121094 53.599998474121094 11
    endloop
  endfacet
  facet normal 0 0 -1
    outer loop
      vertex 62.31058120727539 53.15911102294922 11
      vertex 62.599998474121094 53.599998474121094 11
      vertex 62.45922088623047 53.1086540222168 11
    endloop
  endfacet
  facet normal 0 0 -1
    outer loop
      vertex 62.15663146972656 53.189735412597656 11
      vertex 62.599998474121094 53.599998474121094 11
      vertex 62.31058120727539 53.15911102294922 11
    endloop
  endfacet
  facet normal 0 0 -1
    outer loop
      vertex 62 53.20000076293945 11
      vertex 62.599998474121094 53.599998474121094 11
      vertex 62.15663146972656 53.189735412597656 11
    endloop
  endfacet
  facet normal 0 0 -1
    outer loop
      vertex 61.84336853027344 53.189735412597656 11
      vertex 62.599998474121094 53.599998474121094 11
      vertex 62 53.20000076293945 11
    endloop
  endfacet
  facet normal 0 0 -1
    outer loop
      vertex 61.689414978027344 53.15911102294922 11
      vertex 62.599998474121094 53.599998474121094 11
      vertex 61.84336853027344 53.189735412597656 11
    endloop
  endfacet
  facet normal 0 0 -1
    outer loop
      vertex 59.46874237060547 53.599998474121094 11
      vertex 61.689414978027344 53.15911102294922 11
      vertex 61.54077911376953 53.1086540222168 11
    endloop
  endfacet
  facet normal 0 0 -1
    outer loop
      vertex 60.96076965332031 51.400001525878906 11
      vertex 59.40192413330078 50.5 11
      vertex 60.89134216308594 51.54077911376953 11
    endloop
  endfacet
  facet normal 0 0 -1
    outer loop
      vertex 59.228363037109375 50.851951599121094 11
      vertex 60.89134216308594 51.54077911376953 11
      vertex 59.40192413330078 50.5 11
    endloop
  endfacet
  facet normal 0 0 -1
    outer loop
      vertex 60.89134216308594 51.54077911376953 11
      vertex 59.228363037109375 50.851951599121094 11
      vertex 60.84088897705078 51.689414978027344 11
    endloop
  endfacet
  facet normal 0 0 -1
    outer loop
      vertex 59.10222244262695 51.223541259765625 11
      vertex 60.84088897705078 51.689414978027344 11
      vertex 59.228363037109375 50.851951599121094 11
    endloop
  endfacet
  facet normal 0 0 -1
    outer loop
      vertex 60.84088897705078 51.689414978027344 11
      vertex 59.10222244262695 51.223541259765625 11
      vertex 60.810264587402344 51.84336853027344 11
    endloop
  endfacet
  facet normal 0 0 -1
    outer loop
      vertex 59.025665283203125 51.608421325683594 11
      vertex 60.810264587402344 51.84336853027344 11
      vertex 59.10222244262695 51.223541259765625 11
    endloop
  endfacet
  facet normal 0 0 -1
    outer loop
      vertex 60.810264587402344 51.84336853027344 11
      vertex 59.025665283203125 51.608421325683594 11
      vertex 60.79999923706055 52 11
    endloop
  endfacet
  facet normal 0 0 -1
    outer loop
      vertex 61.689414978027344 53.15911102294922 11
      vertex 59.46874237060547 53.599998474121094 11
      vertex 62.599998474121094 53.599998474121094 11
    endloop
  endfacet
  facet normal 0 0 -1
    outer loop
      vertex 61.400001525878906 53.03923034667969 11
      vertex 59.46874237060547 53.599998474121094 11
      vertex 61.54077911376953 53.1086540222168 11
    endloop
  endfacet
  facet normal 0 0 -1
    outer loop
      vertex 61.26948547363281 52.952022552490234 11
      vertex 59.46874237060547 53.599998474121094 11
      vertex 61.400001525878906 53.03923034667969 11
    endloop
  endfacet
  facet normal 0 0 -1
    outer loop
      vertex 61.15147018432617 52.84852600097656 11
      vertex 59.46874237060547 53.599998474121094 11
      vertex 61.26948547363281 52.952022552490234 11
    endloop
  endfacet
  facet normal 0 0 -1
    outer loop
      vertex 61.0479736328125 52.73051452636719 11
      vertex 59.46874237060547 53.599998474121094 11
      vertex 61.15147018432617 52.84852600097656 11
    endloop
  endfacet
  facet normal 0 0 -1
    outer loop
      vertex 60.96076965332031 52.599998474121094 11
      vertex 59.46874237060547 53.599998474121094 11
      vertex 61.0479736328125 52.73051452636719 11
    endloop
  endfacet
  facet normal 0 0 -1
    outer loop
      vertex 59 52 11
      vertex 60.79999923706055 52 11
      vertex 59.025665283203125 51.608421325683594 11
    endloop
  endfacet
  facet normal 0 0 -1
    outer loop
      vertex 60.79999923706055 52 11
      vertex 59 52 11
      vertex 60.810264587402344 52.15663146972656 11
    endloop
  endfacet
  facet normal 0 0 -1
    outer loop
      vertex 59.025665283203125 52.391578674316406 11
      vertex 60.810264587402344 52.15663146972656 11
      vertex 59 52 11
    endloop
  endfacet
  facet normal 0 0 -1
    outer loop
      vertex 59.40192413330078 53.5 11
      vertex 60.96076965332031 52.599998474121094 11
      vertex 59.228363037109375 53.148048400878906 11
    endloop
  endfacet
  facet normal 0 0 -1
    outer loop
      vertex 60.96076965332031 52.599998474121094 11
      vertex 59.40192413330078 53.5 11
      vertex 59.46874237060547 53.599998474121094 11
    endloop
  endfacet
  facet normal 0 0 -1
    outer loop
      vertex 60.810264587402344 52.15663146972656 11
      vertex 59.025665283203125 52.391578674316406 11
      vertex 60.84088897705078 52.31058120727539 11
    endloop
  endfacet
  facet normal 0 0 -1
    outer loop
      vertex 60.89134216308594 52.45922088623047 11
      vertex 59.228363037109375 53.148048400878906 11
      vertex 60.96076965332031 52.599998474121094 11
    endloop
  endfacet
  facet normal 0 0 -1
    outer loop
      vertex 59.10222244262695 52.776458740234375 11
      vertex 60.84088897705078 52.31058120727539 11
      vertex 59.025665283203125 52.391578674316406 11
    endloop
  endfacet
  facet normal 0 0 -1
    outer loop
      vertex 59.228363037109375 53.148048400878906 11
      vertex 60.89134216308594 52.45922088623047 11
      vertex 59.10222244262695 52.776458740234375 11
    endloop
  endfacet
  facet normal 0 0 -1
    outer loop
      vertex 60.84088897705078 52.31058120727539 11
      vertex 59.10222244262695 52.776458740234375 11
      vertex 60.89134216308594 52.45922088623047 11
    endloop
  endfacet
  facet normal 0.19508971986614307 -0.9807854001781174 0
    outer loop
      vertex 62.391578674316406 49.025665283203125 11
      vertex 62.776458740234375 49.10222244262695 14
      vertex 62.391578674316406 49.025665283203125 14
    endloop
  endfacet
  facet normal 0.19508971986614307 -0.9807854001781174 0
    outer loop
      vertex 62.776458740234375 49.10222244262695 14
      vertex 62.391578674316406 49.025665283203125 11
      vertex 62.776458740234375 49.10222244262695 11
    endloop
  endfacet
  facet normal -0.9807854001781174 0.19508971986614307 0
    outer loop
      vertex 59.025665283203125 52.391578674316406 11
      vertex 59.10222244262695 52.776458740234375 14
      vertex 59.10222244262695 52.776458740234375 11
    endloop
  endfacet
  facet normal -0.9807854001781174 0.19508971986614307 0
    outer loop
      vertex 59.10222244262695 52.776458740234375 14
      vertex 59.025665283203125 52.391578674316406 11
      vertex 59.025665283203125 52.391578674316406 14
    endloop
  endfacet
  facet normal -0.8314642615804355 0.5555782408576679 0
    outer loop
      vertex 59.40192413330078 53.5 11
      vertex 59.46874237060547 53.599998474121094 14
      vertex 59.46874237060547 53.599998474121094 11
    endloop
  endfacet
  facet normal -0.8314642615804355 0.5555782408576679 0
    outer loop
      vertex 59.46874237060547 53.599998474121094 14
      vertex 59.40192413330078 53.5 11
      vertex 59.40192413330078 53.5 14
    endloop
  endfacet
  facet normal -0.8968749907573643 -0.4422841292133117 0
    outer loop
      vertex 59.40192413330078 50.5 11
      vertex 59.228363037109375 50.851951599121094 14
      vertex 59.228363037109375 50.851951599121094 11
    endloop
  endfacet
  facet normal -0.8968749907573643 -0.4422841292133117 0
    outer loop
      vertex 59.228363037109375 50.851951599121094 14
      vertex 59.40192413330078 50.5 11
      vertex 59.40192413330078 50.5 14
    endloop
  endfacet
  facet normal -0.6593396958989193 -0.7518451738303042 0
    outer loop
      vertex 59.87867736816406 49.87867736816406 11
      vertex 60.17371368408203 49.61994171142578 14
      vertex 59.87867736816406 49.87867736816406 14
    endloop
  endfacet
  facet normal -0.6593396958989193 -0.7518451738303042 0
    outer loop
      vertex 60.17371368408203 49.61994171142578 14
      vertex 59.87867736816406 49.87867736816406 11
      vertex 60.17371368408203 49.61994171142578 11
    endloop
  endfacet
  facet normal 0.3214460955580655 -0.9469278788009545 0
    outer loop
      vertex 62.776458740234375 49.10222244262695 11
      vertex 63.148048400878906 49.228363037109375 14
      vertex 62.776458740234375 49.10222244262695 14
    endloop
  endfacet
  facet normal 0.3214460955580655 -0.9469278788009545 0
    outer loop
      vertex 63.148048400878906 49.228363037109375 14
      vertex 62.776458740234375 49.10222244262695 11
      vertex 63.148048400878906 49.228363037109375 11
    endloop
  endfacet
  facet normal -0.9978589463682691 0.06540277633868208 0
    outer loop
      vertex 59 52 11
      vertex 59.025665283203125 52.391578674316406 14
      vertex 59.025665283203125 52.391578674316406 11
    endloop
  endfacet
  facet normal -0.9978589463682691 0.06540277633868208 0
    outer loop
      vertex 59.025665283203125 52.391578674316406 14
      vertex 59 52 11
      vertex 59 52 14
    endloop
  endfacet
  facet normal -0.3214460955580655 -0.9469278788009545 0
    outer loop
      vertex 60.851951599121094 49.228363037109375 11
      vertex 61.223541259765625 49.10222244262695 14
      vertex 60.851951599121094 49.228363037109375 14
    endloop
  endfacet
  facet normal -0.3214460955580655 -0.9469278788009545 0
    outer loop
      vertex 61.223541259765625 49.10222244262695 14
      vertex 60.851951599121094 49.228363037109375 11
      vertex 61.223541259765625 49.10222244262695 11
    endloop
  endfacet
  facet normal -0.8314695746533988 -0.5555702893655277 0
    outer loop
      vertex 59.61994171142578 50.17371368408203 11
      vertex 59.40192413330078 50.5 14
      vertex 59.40192413330078 50.5 11
    endloop
  endfacet
  facet normal -0.8314695746533988 -0.5555702893655277 0
    outer loop
      vertex 59.40192413330078 50.5 14
      vertex 59.61994171142578 50.17371368408203 11
      vertex 59.61994171142578 50.17371368408203 14
    endloop
  endfacet
  facet normal 0 -0.9301549721929564 0.3671671658859497
    outer loop
      vertex -5 16.244735717773438 -0.8999996185302734
      vertex -6.299999237060547 16.56052589416504 -0.09999942779541016
      vertex -6.299999237060547 16.244735717773438 -0.8999996185302734
    endloop
  endfacet
  facet normal 0 -0.9301580116775171 0.3671594657803717
    outer loop
      vertex 0.19999980926513672 16.56052589416504 -0.09999942779541016
      vertex 58 16.599998474121094 0
      vertex 0.19999980926513672 16.599998474121094 0
    endloop
  endfacet
  facet normal 0 -0.9301549721929564 0.3671671658859497
    outer loop
      vertex -6.299999237060547 16.56052589416504 -0.09999942779541016
      vertex -5 16.244735717773438 -0.8999996185302734
      vertex 0.19999980926513672 16.56052589416504 -0.09999942779541016
    endloop
  endfacet
  facet normal 1.3204430303367216e-7 -0.9301552653171083 0.3671664233053481
    outer loop
      vertex -5 15.09999942779541 -3.799999237060547
      vertex 0.19999980926513672 16.56052589416504 -0.09999942779541016
      vertex -5 16.244735717773438 -0.8999996185302734
    endloop
  endfacet
  facet normal 0 -0.930155201938936 0.3671665838634246
    outer loop
      vertex 0.19999980926513672 16.56052589416504 -0.09999942779541016
      vertex -5 15.09999942779541 -3.799999237060547
      vertex 58 15.09999942779541 -3.799999237060547
    endloop
  endfacet
  facet normal -1.385919950649167e-8 -0.930155275879497 0.3671663965473101
    outer loop
      vertex 0.19999980926513672 16.56052589416504 -0.09999942779541016
      vertex 58 15.09999942779541 -3.799999237060547
      vertex 58 16.599998474121094 0
    endloop
  endfacet
  facet normal 0 -0.9301549721929564 0.36716716588594966
    outer loop
      vertex -9.5 16.244735717773438 -0.8999996185302734
      vertex -7.5 16.56052589416504 -0.09999942779541016
      vertex -9.5 16.56052589416504 -0.09999942779541016
    endloop
  endfacet
  facet normal 0 -0.9301549721929564 0.36716716588594966
    outer loop
      vertex -7.5 16.56052589416504 -0.09999942779541016
      vertex -9.5 16.244735717773438 -0.8999996185302734
      vertex -7.5 16.244735717773438 -0.8999996185302734
    endloop
  endfacet
  facet normal 1 0 0
    outer loop
      vertex 58 25.450000762939453 -2.09999942779541
      vertex 58 23.544736862182617 -2.8999996185302734
      vertex 58 25.450000762939453 -2.8999996185302734
    endloop
  endfacet
  facet normal 1 0 0
    outer loop
      vertex 58 23.544736862182617 -2.8999996185302734
      vertex 58 25.450000762939453 -2.09999942779541
      vertex 58 23.228946685791016 -2.09999942779541
    endloop
  endfacet
  facet normal 1 0 0
    outer loop
      vertex 58 15.09999942779541 -3.799999237060547
      vertex 58 23.544736862182617 -2.8999996185302734
      vertex 58 23.228946685791016 -2.09999942779541
    endloop
  endfacet
  facet normal 1 0 0
    outer loop
      vertex 58 16.599998474121094 0
      vertex 58 23.228946685791016 -2.09999942779541
      vertex 58 22.399999618530273 0
    endloop
  endfacet
  facet normal 1 0 0
    outer loop
      vertex 58 15.09999942779541 -3.799999237060547
      vertex 58 23.228946685791016 -2.09999942779541
      vertex 58 16.599998474121094 0
    endloop
  endfacet
  facet normal 1 0 0
    outer loop
      vertex 58 23.544736862182617 -2.8999996185302734
      vertex 58 15.09999942779541 -3.799999237060547
      vertex 58 23.899999618530273 -3.799999237060547
    endloop
  endfacet
  facet normal 0 0 -1
    outer loop
      vertex 58 15.09999942779541 -3.799999237060547
      vertex -2.34999942779541 19.5 -3.799999237060547
      vertex 58 23.899999618530273 -3.799999237060547
    endloop
  endfacet
  facet normal 0 0 -1
    outer loop
      vertex 58 15.09999942779541 -3.799999237060547
      vertex -2.3641157150268555 19.284631729125977 -3.799999237060547
      vertex -2.34999942779541 19.5 -3.799999237060547
    endloop
  endfacet
  facet normal 0 0 -1
    outer loop
      vertex 58 15.09999942779541 -3.799999237060547
      vertex -2.406222343444824 19.072948455810547 -3.799999237060547
      vertex -2.3641157150268555 19.284631729125977 -3.799999237060547
    endloop
  endfacet
  facet normal 0 0 -1
    outer loop
      vertex 58 15.09999942779541 -3.799999237060547
      vertex -2.4755983352661133 18.868572235107422 -3.799999237060547
      vertex -2.406222343444824 19.072948455810547 -3.799999237060547
    endloop
  endfacet
  facet normal 0 0 -1
    outer loop
      vertex 58 15.09999942779541 -3.799999237060547
      vertex -2.5710573196411133 18.674999237060547 -3.799999237060547
      vertex -2.4755983352661133 18.868572235107422 -3.799999237060547
    endloop
  endfacet
  facet normal 0 0 -1
    outer loop
      vertex 58 15.09999942779541 -3.799999237060547
      vertex -2.6909666061401367 18.49554443359375 -3.799999237060547
      vertex -2.5710573196411133 18.674999237060547 -3.799999237060547
    endloop
  endfacet
  facet normal 0 0 -1
    outer loop
      vertex -5 15.09999942779541 -3.799999237060547
      vertex -2.6909666061401367 18.49554443359375 -3.799999237060547
      vertex 58 15.09999942779541 -3.799999237060547
    endloop
  endfacet
  facet normal 0 0 -1
    outer loop
      vertex -2.6909666061401367 18.49554443359375 -3.799999237060547
      vertex -5 15.09999942779541 -3.799999237060547
      vertex -2.833272933959961 18.33327293395996 -3.799999237060547
    endloop
  endfacet
  facet normal 0 0 -1
    outer loop
      vertex -2.833272933959961 18.33327293395996 -3.799999237060547
      vertex -5 15.09999942779541 -3.799999237060547
      vertex -2.9955434799194336 18.190967559814453 -3.799999237060547
    endloop
  endfacet
  facet normal 0 0 -1
    outer loop
      vertex -2.9955434799194336 18.190967559814453 -3.799999237060547
      vertex -5 15.09999942779541 -3.799999237060547
      vertex -3.174999237060547 18.071056365966797 -3.799999237060547
    endloop
  endfacet
  facet normal 0 0 -1
    outer loop
      vertex -3.174999237060547 18.071056365966797 -3.799999237060547
      vertex -5 15.09999942779541 -3.799999237060547
      vertex -3.368572235107422 17.975597381591797 -3.799999237060547
    endloop
  endfacet
  facet normal 0 0 -1
    outer loop
      vertex -5 16.099998474121094 -3.799999237060547
      vertex -3.368572235107422 17.975597381591797 -3.799999237060547
      vertex -5 15.09999942779541 -3.799999237060547
    endloop
  endfacet
  facet normal 0 0 -1
    outer loop
      vertex -3.368572235107422 17.975597381591797 -3.799999237060547
      vertex -5 16.099998474121094 -3.799999237060547
      vertex -3.572948455810547 17.90622329711914 -3.799999237060547
    endloop
  endfacet
  facet normal 0 0 -1
    outer loop
      vertex -3.572948455810547 17.90622329711914 -3.799999237060547
      vertex -5 16.099998474121094 -3.799999237060547
      vertex -3.7846317291259766 17.864116668701172 -3.799999237060547
    endloop
  endfacet
  facet normal 0 0 -1
    outer loop
      vertex -3.7846317291259766 17.864116668701172 -3.799999237060547
      vertex -5 16.099998474121094 -3.799999237060547
      vertex -4 17.849998474121094 -3.799999237060547
    endloop
  endfacet
  facet normal 0 0 -1
    outer loop
      vertex -4 17.849998474121094 -3.799999237060547
      vertex -5 16.099998474121094 -3.799999237060547
      vertex -4.215367317199707 17.864116668701172 -3.799999237060547
    endloop
  endfacet
  facet normal 0 0 -1
    outer loop
      vertex -4.215367317199707 17.864116668701172 -3.799999237060547
      vertex -5 16.099998474121094 -3.799999237060547
      vertex -4.427050590515137 17.90622329711914 -3.799999237060547
    endloop
  endfacet
  facet normal 0 0 -1
    outer loop
      vertex -4.427050590515137 17.90622329711914 -3.799999237060547
      vertex -5 16.099998474121094 -3.799999237060547
      vertex -4.631426811218262 17.975597381591797 -3.799999237060547
    endloop
  endfacet
  facet normal 0 0 -1
    outer loop
      vertex -4.631426811218262 17.975597381591797 -3.799999237060547
      vertex -5 16.099998474121094 -3.799999237060547
      vertex -4.824999809265137 18.071056365966797 -3.799999237060547
    endloop
  endfacet
  facet normal 0 0 -1
    outer loop
      vertex -4.824999809265137 18.071056365966797 -3.799999237060547
      vertex -5 16.099998474121094 -3.799999237060547
      vertex -5 18.187990188598633 -3.799999237060547
    endloop
  endfacet
  facet normal 0 0 -1
    outer loop
      vertex -2.3641157150268555 19.71536636352539 -3.799999237060547
      vertex 58 23.899999618530273 -3.799999237060547
      vertex -2.34999942779541 19.5 -3.799999237060547
    endloop
  endfacet
  facet normal 0 0 -1
    outer loop
      vertex -2.406222343444824 19.927051544189453 -3.799999237060547
      vertex 58 23.899999618530273 -3.799999237060547
      vertex -2.3641157150268555 19.71536636352539 -3.799999237060547
    endloop
  endfacet
  facet normal 0 0 -1
    outer loop
      vertex -2.4755983352661133 20.131427764892578 -3.799999237060547
      vertex 58 23.899999618530273 -3.799999237060547
      vertex -2.406222343444824 19.927051544189453 -3.799999237060547
    endloop
  endfacet
  facet normal 0 0 -1
    outer loop
      vertex -2.5710573196411133 20.325000762939453 -3.799999237060547
      vertex 58 23.899999618530273 -3.799999237060547
      vertex -2.4755983352661133 20.131427764892578 -3.799999237060547
    endloop
  endfacet
  facet normal 0 0 -1
    outer loop
      vertex -2.6909666061401367 20.50445556640625 -3.799999237060547
      vertex 58 23.899999618530273 -3.799999237060547
      vertex -2.5710573196411133 20.325000762939453 -3.799999237060547
    endloop
  endfacet
  facet normal 0 0 -1
    outer loop
      vertex -5 23.899999618530273 -3.799999237060547
      vertex -2.6909666061401367 20.50445556640625 -3.799999237060547
      vertex -2.833272933959961 20.666725158691406 -3.799999237060547
    endloop
  endfacet
  facet normal 0 0 -1
    outer loop
      vertex -5 23.899999618530273 -3.799999237060547
      vertex -2.833272933959961 20.666725158691406 -3.799999237060547
      vertex -2.9955434799194336 20.809032440185547 -3.799999237060547
    endloop
  endfacet
  facet normal 0 0 -1
    outer loop
      vertex -5 23.899999618530273 -3.799999237060547
      vertex -2.9955434799194336 20.809032440185547 -3.799999237060547
      vertex -3.174999237060547 20.92894172668457 -3.799999237060547
    endloop
  endfacet
  facet normal 0 0 -1
    outer loop
      vertex -5 23.899999618530273 -3.799999237060547
      vertex -3.174999237060547 20.92894172668457 -3.799999237060547
      vertex -3.368572235107422 21.02440071105957 -3.799999237060547
    endloop
  endfacet
  facet normal 0 0 -1
    outer loop
      vertex -5 22.899999618530273 -3.799999237060547
      vertex -3.368572235107422 21.02440071105957 -3.799999237060547
      vertex -3.572948455810547 21.09377670288086 -3.799999237060547
    endloop
  endfacet
  facet normal 0 0 -1
    outer loop
      vertex -5 22.899999618530273 -3.799999237060547
      vertex -3.572948455810547 21.09377670288086 -3.799999237060547
      vertex -3.7846317291259766 21.135883331298828 -3.799999237060547
    endloop
  endfacet
  facet normal 0 0 -1
    outer loop
      vertex -5 22.899999618530273 -3.799999237060547
      vertex -3.7846317291259766 21.135883331298828 -3.799999237060547
      vertex -4 21.149999618530273 -3.799999237060547
    endloop
  endfacet
  facet normal 0 0 -1
    outer loop
      vertex -5 22.899999618530273 -3.799999237060547
      vertex -4.824999809265137 20.92894172668457 -3.799999237060547
      vertex -5 20.812009811401367 -3.799999237060547
    endloop
  endfacet
  facet normal 0 0 -1
    outer loop
      vertex -5 22.899999618530273 -3.799999237060547
      vertex -4.631426811218262 21.02440071105957 -3.799999237060547
      vertex -4.824999809265137 20.92894172668457 -3.799999237060547
    endloop
  endfacet
  facet normal 0 0 -1
    outer loop
      vertex -5 22.899999618530273 -3.799999237060547
      vertex -4.427050590515137 21.09377670288086 -3.799999237060547
      vertex -4.631426811218262 21.02440071105957 -3.799999237060547
    endloop
  endfacet
  facet normal 0 0 -1
    outer loop
      vertex -5 22.899999618530273 -3.799999237060547
      vertex -4.215367317199707 21.135883331298828 -3.799999237060547
      vertex -4.427050590515137 21.09377670288086 -3.799999237060547
    endloop
  endfacet
  facet normal 0 0 -1
    outer loop
      vertex -5 22.899999618530273 -3.799999237060547
      vertex -4 21.149999618530273 -3.799999237060547
      vertex -4.215367317199707 21.135883331298828 -3.799999237060547
    endloop
  endfacet
  facet normal 0 0 -1
    outer loop
      vertex -3.368572235107422 21.02440071105957 -3.799999237060547
      vertex -5 22.899999618530273 -3.799999237060547
      vertex -5 23.899999618530273 -3.799999237060547
    endloop
  endfacet
  facet normal 0 0 -1
    outer loop
      vertex -2.6909666061401367 20.50445556640625 -3.799999237060547
      vertex -5 23.899999618530273 -3.799999237060547
      vertex 58 23.899999618530273 -3.799999237060547
    endloop
  endfacet
  facet normal 0 0.9301553099138408 0.3671663103269239
    outer loop
      vertex 58 23.544736862182617 -2.8999996185302734
      vertex 58 23.899999618530273 -3.799999237060547
      vertex 0 23.544736862182617 -2.8999996185302734
    endloop
  endfacet
  facet normal 0 0.9301580116775171 0.3671594657803717
    outer loop
      vertex 58 22.399999618530273 0
      vertex 0.19999980926513672 22.439472198486328 -0.09999942779541016
      vertex 0.19999980926513672 22.399999618530273 0
    endloop
  endfacet
  facet normal 0 0.9301549721929564 0.3671671658859497
    outer loop
      vertex 0.19999980926513672 22.439472198486328 -0.09999942779541016
      vertex -5 22.75526237487793 -0.8999996185302734
      vertex -6.299999237060547 22.439472198486328 -0.09999942779541016
    endloop
  endfacet
  facet normal -1.4077835296373568e-8 0.9301552327205039 0.3671665058834547
    outer loop
      vertex 58 23.228946685791016 -2.09999942779541
      vertex 0.19999980926513672 22.439472198486328 -0.09999942779541016
      vertex 58 22.399999618530273 0
    endloop
  endfacet
  facet normal 0 0.9301550937724856 0.3671668578849383
    outer loop
      vertex 0.19999980926513672 22.439472198486328 -0.09999942779541016
      vertex 58 23.228946685791016 -2.09999942779541
      vertex 0 23.228946685791016 -2.09999942779541
    endloop
  endfacet
  facet normal 5.562392516606509e-8 0.9301550956721626 0.3671668530724243
    outer loop
      vertex 0.19999980926513672 22.439472198486328 -0.09999942779541016
      vertex 0 23.228946685791016 -2.09999942779541
      vertex -5 22.75526237487793 -0.8999996185302734
    endloop
  endfacet
  facet normal -1.7799648982285733e-7 0.9301549721929417 0.3671671658859439
    outer loop
      vertex -5 23.899999618530273 -3.799999237060547
      vertex 0 23.228946685791016 -2.09999942779541
      vertex 0 23.544736862182617 -2.8999996185302734
    endloop
  endfacet
  facet normal 9.820501615251024e-9 0.9301551608508413 0.3671666879532312
    outer loop
      vertex 0 23.228946685791016 -2.09999942779541
      vertex -5 23.899999618530273 -3.799999237060547
      vertex -5 22.75526237487793 -0.8999996185302734
    endloop
  endfacet
  facet normal 0 0.9301553099138407 0.3671663103269239
    outer loop
      vertex -5 23.899999618530273 -3.799999237060547
      vertex 0 23.544736862182617 -2.8999996185302734
      vertex 58 23.899999618530273 -3.799999237060547
    endloop
  endfacet
  facet normal 0 0.9301549721929564 0.3671671658859497
    outer loop
      vertex -6.299999237060547 22.439472198486328 -0.09999942779541016
      vertex -5 22.75526237487793 -0.8999996185302734
      vertex -6.299999237060547 22.75526237487793 -0.8999996185302734
    endloop
  endfacet
  facet normal 0 0.9301549721929564 0.36716716588594966
    outer loop
      vertex -7.5 22.75526237487793 -0.8999996185302734
      vertex -9.5 22.439472198486328 -0.09999942779541016
      vertex -7.5 22.439472198486328 -0.09999942779541016
    endloop
  endfacet
  facet normal 0 0.9301549721929564 0.36716716588594966
    outer loop
      vertex -9.5 22.439472198486328 -0.09999942779541016
      vertex -7.5 22.75526237487793 -0.8999996185302734
      vertex -9.5 22.75526237487793 -0.8999996185302734
    endloop
  endfacet
  facet normal 0 0 1
    outer loop
      vertex 0 25.450000762939453 -2.09999942779541
      vertex 58 23.228946685791016 -2.09999942779541
      vertex 58 25.450000762939453 -2.09999942779541
    endloop
  endfacet
  facet normal 0 0 1
    outer loop
      vertex 58 23.228946685791016 -2.09999942779541
      vertex 0 25.450000762939453 -2.09999942779541
      vertex 0 23.228946685791016 -2.09999942779541
    endloop
  endfacet
  facet normal 0 0 -1
    outer loop
      vertex 0 23.544736862182617 -2.8999996185302734
      vertex 58 25.450000762939453 -2.8999996185302734
      vertex 58 23.544736862182617 -2.8999996185302734
    endloop
  endfacet
  facet normal 0 0 -1
    outer loop
      vertex 58 25.450000762939453 -2.8999996185302734
      vertex 0 23.544736862182617 -2.8999996185302734
      vertex 0 25.450000762939453 -2.8999996185302734
    endloop
  endfacet
  facet normal -1 0 0
    outer loop
      vertex 0 23.544736862182617 -2.8999996185302734
      vertex 0 25.450000762939453 -2.09999942779541
      vertex 0 25.450000762939453 -2.8999996185302734
    endloop
  endfacet
  facet normal -1 0 0
    outer loop
      vertex 0 25.450000762939453 -2.09999942779541
      vertex 0 23.544736862182617 -2.8999996185302734
      vertex 0 23.228946685791016 -2.09999942779541
    endloop
  endfacet
  facet normal 0 1 0
    outer loop
      vertex 58 25.450000762939453 -2.8999996185302734
      vertex 0 25.450000762939453 -2.09999942779541
      vertex 58 25.450000762939453 -2.09999942779541
    endloop
  endfacet
  facet normal 0 1 0
    outer loop
      vertex 0 25.450000762939453 -2.09999942779541
      vertex 58 25.450000762939453 -2.8999996185302734
      vertex 0 25.450000762939453 -2.8999996185302734
    endloop
  endfacet
  facet normal -1 0 0
    outer loop
      vertex -9.5 22.75526237487793 -0.8999996185302734
      vertex -9.5 16.56052589416504 -0.09999942779541016
      vertex -9.5 22.439472198486328 -0.09999942779541016
    endloop
  endfacet
  facet normal -1 0 0
    outer loop
      vertex -9.5 16.56052589416504 -0.09999942779541016
      vertex -9.5 22.75526237487793 -0.8999996185302734
      vertex -9.5 16.244735717773438 -0.8999996185302734
    endloop
  endfacet
  facet normal -1 0 0
    outer loop
      vertex -9.5 22.439472198486328 -0.09999942779541016
      vertex -9.5 25.5 3.34999942779541
      vertex -9.5 25.5 -0.09999942779541016
    endloop
  endfacet
  facet normal -1 0 0
    outer loop
      vertex -9.5 16.56052589416504 -0.09999942779541016
      vertex -9.5 25.5 3.34999942779541
      vertex -9.5 22.439472198486328 -0.09999942779541016
    endloop
  endfacet
  facet normal -1 0 0
    outer loop
      vertex -9.5 13.5 3.34999942779541
      vertex -9.5 16.56052589416504 -0.09999942779541016
      vertex -9.5 13.5 -0.09999942779541016
    endloop
  endfacet
  facet normal -1 0 0
    outer loop
      vertex -9.5 16.56052589416504 -0.09999942779541016
      vertex -9.5 13.5 3.34999942779541
      vertex -9.5 25.5 3.34999942779541
    endloop
  endfacet
  facet normal -1 0 0
    outer loop
      vertex -9.5 18.899999618530273 -4
      vertex -9.5 18.849998474121094 -3.4999990463256836
      vertex -9.5 18.899999618530273 -1.8999996185302734
    endloop
  endfacet
  facet normal -1 0 0
    outer loop
      vertex -9.5 18.899999618530273 -4
      vertex -9.5 16.149999618530273 -3.4999990463256836
      vertex -9.5 18.849998474121094 -3.4999990463256836
    endloop
  endfacet
  facet normal -1 0 0
    outer loop
      vertex -9.5 16.099998474121094 -4
      vertex -9.5 16.149999618530273 -3.4999990463256836
      vertex -9.5 18.899999618530273 -4
    endloop
  endfacet
  facet normal -1 0 0
    outer loop
      vertex -9.5 16.099998474121094 -1.8999996185302734
      vertex -9.5 16.149999618530273 -3.4999990463256836
      vertex -9.5 16.099998474121094 -4
    endloop
  endfacet
  facet normal -1 0 0
    outer loop
      vertex -9.5 16.149999618530273 -3.4999990463256836
      vertex -9.5 16.099998474121094 -1.8999996185302734
      vertex -9.5 16.149999618530273 -1.8999996185302734
    endloop
  endfacet
  facet normal -1 0 0
    outer loop
      vertex -9.5 18.899999618530273 -1.8999996185302734
      vertex -9.5 18.849998474121094 -3.4999990463256836
      vertex -9.5 18.849998474121094 -1.8999996185302734
    endloop
  endfacet
  facet normal -1 0 0
    outer loop
      vertex -9.5 22.899999618530273 -4
      vertex -9.5 22.849998474121094 -3.4999990463256836
      vertex -9.5 22.899999618530273 -1.8999996185302734
    endloop
  endfacet
  facet normal -1 0 0
    outer loop
      vertex -9.5 22.899999618530273 -4
      vertex -9.5 20.149999618530273 -3.4999990463256836
      vertex -9.5 22.849998474121094 -3.4999990463256836
    endloop
  endfacet
  facet normal -1 0 0
    outer loop
      vertex -9.5 20.099998474121094 -4
      vertex -9.5 20.149999618530273 -3.4999990463256836
      vertex -9.5 22.899999618530273 -4
    endloop
  endfacet
  facet normal -1 0 0
    outer loop
      vertex -9.5 20.099998474121094 -1.8999996185302734
      vertex -9.5 20.149999618530273 -3.4999990463256836
      vertex -9.5 20.099998474121094 -4
    endloop
  endfacet
  facet normal -1 0 0
    outer loop
      vertex -9.5 20.149999618530273 -3.4999990463256836
      vertex -9.5 20.099998474121094 -1.8999996185302734
      vertex -9.5 20.149999618530273 -1.8999996185302734
    endloop
  endfacet
  facet normal -1 0 0
    outer loop
      vertex -9.5 22.899999618530273 -1.8999996185302734
      vertex -9.5 22.849998474121094 -3.4999990463256836
      vertex -9.5 22.849998474121094 -1.8999996185302734
    endloop
  endfacet
  facet normal 1 0 0
    outer loop
      vertex 0.19999980926513672 25.5 0
      vertex 0.19999980926513672 22.439472198486328 -0.09999942779541016
      vertex 0.19999980926513672 25.5 -0.09999942779541016
    endloop
  endfacet
  facet normal 1 0 0
    outer loop
      vertex 0.19999980926513672 22.439472198486328 -0.09999942779541016
      vertex 0.19999980926513672 25.5 0
      vertex 0.19999980926513672 22.399999618530273 0
    endloop
  endfacet
  facet normal 1 0 0
    outer loop
      vertex 0.19999980926513672 13.5 0
      vertex 0.19999980926513672 16.56052589416504 -0.09999942779541016
      vertex 0.19999980926513672 16.599998474121094 0
    endloop
  endfacet
  facet normal 1 0 0
    outer loop
      vertex 0.19999980926513672 16.56052589416504 -0.09999942779541016
      vertex 0.19999980926513672 13.5 0
      vertex 0.19999980926513672 13.5 -0.09999942779541016
    endloop
  endfacet
  facet normal 0 0 1
    outer loop
      vertex 0 25.5 3.34999942779541
      vertex -1.0999994277954102 19.5 3.34999942779541
      vertex 0 13.5 3.34999942779541
    endloop
  endfacet
  facet normal 0 0 1
    outer loop
      vertex 0 25.5 3.34999942779541
      vertex -1.1248092651367188 19.878524780273438 3.34999942779541
      vertex -1.0999994277954102 19.5 3.34999942779541
    endloop
  endfacet
  facet normal 0 0 1
    outer loop
      vertex 0 25.5 3.34999942779541
      vertex -1.1988143920898438 20.25057601928711 3.34999942779541
      vertex -1.1248092651367188 19.878524780273438 3.34999942779541
    endloop
  endfacet
  facet normal 0 0 1
    outer loop
      vertex 0 25.5 3.34999942779541
      vertex -1.320749282836914 20.60978126525879 3.34999942779541
      vertex -1.1988143920898438 20.25057601928711 3.34999942779541
    endloop
  endfacet
  facet normal 0 0 1
    outer loop
      vertex 0 25.5 3.34999942779541
      vertex -1.488525390625 20.950000762939453 3.34999942779541
      vertex -1.320749282836914 20.60978126525879 3.34999942779541
    endloop
  endfacet
  facet normal 0 0 1
    outer loop
      vertex 0 25.5 3.34999942779541
      vertex -1.699275016784668 21.26540756225586 3.34999942779541
      vertex -1.488525390625 20.950000762939453 3.34999942779541
    endloop
  endfacet
  facet normal 0 0 1
    outer loop
      vertex 0 25.5 3.34999942779541
      vertex -1.9493894577026367 21.550609588623047 3.34999942779541
      vertex -1.699275016784668 21.26540756225586 3.34999942779541
    endloop
  endfacet
  facet normal 0 0 1
    outer loop
      vertex 0 25.5 3.34999942779541
      vertex -2.234591484069824 21.800724029541016 3.34999942779541
      vertex -1.9493894577026367 21.550609588623047 3.34999942779541
    endloop
  endfacet
  facet normal 0 0 1
    outer loop
      vertex 0 25.5 3.34999942779541
      vertex -2.549999237060547 22.011474609375 3.34999942779541
      vertex -2.234591484069824 21.800724029541016 3.34999942779541
    endloop
  endfacet
  facet normal 0 0 1
    outer loop
      vertex 0 25.5 3.34999942779541
      vertex -2.8902177810668945 22.179248809814453 3.34999942779541
      vertex -2.549999237060547 22.011474609375 3.34999942779541
    endloop
  endfacet
  facet normal 0 0 1
    outer loop
      vertex 0 25.5 3.34999942779541
      vertex -3.2494239807128906 22.301185607910156 3.34999942779541
      vertex -2.8902177810668945 22.179248809814453 3.34999942779541
    endloop
  endfacet
  facet normal 0 0 1
    outer loop
      vertex 0 25.5 3.34999942779541
      vertex -3.6214733123779297 22.37519073486328 3.34999942779541
      vertex -3.2494239807128906 22.301185607910156 3.34999942779541
    endloop
  endfacet
  facet normal 0 0 1
    outer loop
      vertex 0 25.5 3.34999942779541
      vertex -4 22.399999618530273 3.34999942779541
      vertex -3.6214733123779297 22.37519073486328 3.34999942779541
    endloop
  endfacet
  facet normal 0 0 1
    outer loop
      vertex 0 25.5 3.34999942779541
      vertex -4.378525733947754 22.37519073486328 3.34999942779541
      vertex -4 22.399999618530273 3.34999942779541
    endloop
  endfacet
  facet normal 0 0 1
    outer loop
      vertex -9.5 25.5 3.34999942779541
      vertex -4.378525733947754 22.37519073486328 3.34999942779541
      vertex 0 25.5 3.34999942779541
    endloop
  endfacet
  facet normal 0 0 1
    outer loop
      vertex -4.378525733947754 22.37519073486328 3.34999942779541
      vertex -9.5 25.5 3.34999942779541
      vertex -4.750575065612793 22.301185607910156 3.34999942779541
    endloop
  endfacet
  facet normal 0 0 1
    outer loop
      vertex -4.750575065612793 22.301185607910156 3.34999942779541
      vertex -9.5 25.5 3.34999942779541
      vertex -5.109781265258789 22.179248809814453 3.34999942779541
    endloop
  endfacet
  facet normal 0 0 1
    outer loop
      vertex -6.875189781188965 19.878524780273438 3.34999942779541
      vertex -9.5 25.5 3.34999942779541
      vertex -6.899999618530273 19.5 3.34999942779541
    endloop
  endfacet
  facet normal 0 0 1
    outer loop
      vertex -6.80118465423584 20.25057601928711 3.34999942779541
      vertex -9.5 25.5 3.34999942779541
      vertex -6.875189781188965 19.878524780273438 3.34999942779541
    endloop
  endfacet
  facet normal 0 0 1
    outer loop
      vertex -6.6792497634887695 20.60978126525879 3.34999942779541
      vertex -9.5 25.5 3.34999942779541
      vertex -6.80118465423584 20.25057601928711 3.34999942779541
    endloop
  endfacet
  facet normal 0 0 1
    outer loop
      vertex -6.511473655700684 20.950000762939453 3.34999942779541
      vertex -9.5 25.5 3.34999942779541
      vertex -6.6792497634887695 20.60978126525879 3.34999942779541
    endloop
  endfacet
  facet normal 0 0 1
    outer loop
      vertex -6.300724029541016 21.26540756225586 3.34999942779541
      vertex -9.5 25.5 3.34999942779541
      vertex -6.511473655700684 20.950000762939453 3.34999942779541
    endloop
  endfacet
  facet normal 0 0 1
    outer loop
      vertex -6.050609588623047 21.550609588623047 3.34999942779541
      vertex -9.5 25.5 3.34999942779541
      vertex -6.300724029541016 21.26540756225586 3.34999942779541
    endloop
  endfacet
  facet normal 0 0 1
    outer loop
      vertex -5.765407562255859 21.800724029541016 3.34999942779541
      vertex -9.5 25.5 3.34999942779541
      vertex -6.050609588623047 21.550609588623047 3.34999942779541
    endloop
  endfacet
  facet normal 0 0 1
    outer loop
      vertex -5.449999809265137 22.011474609375 3.34999942779541
      vertex -9.5 25.5 3.34999942779541
      vertex -5.765407562255859 21.800724029541016 3.34999942779541
    endloop
  endfacet
  facet normal 0 0 1
    outer loop
      vertex -5.109781265258789 22.179248809814453 3.34999942779541
      vertex -9.5 25.5 3.34999942779541
      vertex -5.449999809265137 22.011474609375 3.34999942779541
    endloop
  endfacet
  facet normal 0 0 1
    outer loop
      vertex -1.1248092651367188 19.12147331237793 3.34999942779541
      vertex 0 13.5 3.34999942779541
      vertex -1.0999994277954102 19.5 3.34999942779541
    endloop
  endfacet
  facet normal 0 0 1
    outer loop
      vertex -1.1988143920898438 18.74942398071289 3.34999942779541
      vertex 0 13.5 3.34999942779541
      vertex -1.1248092651367188 19.12147331237793 3.34999942779541
    endloop
  endfacet
  facet normal 0 0 1
    outer loop
      vertex -1.320749282836914 18.390216827392578 3.34999942779541
      vertex 0 13.5 3.34999942779541
      vertex -1.1988143920898438 18.74942398071289 3.34999942779541
    endloop
  endfacet
  facet normal 0 0 1
    outer loop
      vertex -1.488525390625 18.049999237060547 3.34999942779541
      vertex 0 13.5 3.34999942779541
      vertex -1.320749282836914 18.390216827392578 3.34999942779541
    endloop
  endfacet
  facet normal 0 0 1
    outer loop
      vertex -1.699275016784668 17.73459243774414 3.34999942779541
      vertex 0 13.5 3.34999942779541
      vertex -1.488525390625 18.049999237060547 3.34999942779541
    endloop
  endfacet
  facet normal 0 0 1
    outer loop
      vertex -1.9493894577026367 17.449390411376953 3.34999942779541
      vertex 0 13.5 3.34999942779541
      vertex -1.699275016784668 17.73459243774414 3.34999942779541
    endloop
  endfacet
  facet normal 0 0 1
    outer loop
      vertex -2.234591484069824 17.199275970458984 3.34999942779541
      vertex 0 13.5 3.34999942779541
      vertex -1.9493894577026367 17.449390411376953 3.34999942779541
    endloop
  endfacet
  facet normal 0 0 1
    outer loop
      vertex -2.549999237060547 16.988525390625 3.34999942779541
      vertex 0 13.5 3.34999942779541
      vertex -2.234591484069824 17.199275970458984 3.34999942779541
    endloop
  endfacet
  facet normal 0 0 1
    outer loop
      vertex -2.8902177810668945 16.820749282836914 3.34999942779541
      vertex 0 13.5 3.34999942779541
      vertex -2.549999237060547 16.988525390625 3.34999942779541
    endloop
  endfacet
  facet normal 0 0 1
    outer loop
      vertex -3.2494239807128906 16.698814392089844 3.34999942779541
      vertex 0 13.5 3.34999942779541
      vertex -2.8902177810668945 16.820749282836914 3.34999942779541
    endloop
  endfacet
  facet normal 0 0 1
    outer loop
      vertex -3.6214733123779297 16.62480926513672 3.34999942779541
      vertex 0 13.5 3.34999942779541
      vertex -3.2494239807128906 16.698814392089844 3.34999942779541
    endloop
  endfacet
  facet normal 0 0 1
    outer loop
      vertex -4 16.599998474121094 3.34999942779541
      vertex 0 13.5 3.34999942779541
      vertex -3.6214733123779297 16.62480926513672 3.34999942779541
    endloop
  endfacet
  facet normal 0 0 1
    outer loop
      vertex -4.378525733947754 16.62480926513672 3.34999942779541
      vertex 0 13.5 3.34999942779541
      vertex -4 16.599998474121094 3.34999942779541
    endloop
  endfacet
  facet normal 0 0 1
    outer loop
      vertex -9.5 13.5 3.34999942779541
      vertex -4.378525733947754 16.62480926513672 3.34999942779541
      vertex -4.750575065612793 16.698814392089844 3.34999942779541
    endloop
  endfacet
  facet normal 0 0 1
    outer loop
      vertex -9.5 13.5 3.34999942779541
      vertex -4.750575065612793 16.698814392089844 3.34999942779541
      vertex -5.109781265258789 16.820749282836914 3.34999942779541
    endloop
  endfacet
  facet normal 0 0 1
    outer loop
      vertex -9.5 13.5 3.34999942779541
      vertex -5.109781265258789 16.820749282836914 3.34999942779541
      vertex -5.449999809265137 16.988525390625 3.34999942779541
    endloop
  endfacet
  facet normal 0 0 1
    outer loop
      vertex -9.5 13.5 3.34999942779541
      vertex -6.899999618530273 19.5 3.34999942779541
      vertex -9.5 25.5 3.34999942779541
    endloop
  endfacet
  facet normal 0 0 1
    outer loop
      vertex -6.899999618530273 19.5 3.34999942779541
      vertex -9.5 13.5 3.34999942779541
      vertex -6.875189781188965 19.12147331237793 3.34999942779541
    endloop
  endfacet
  facet normal 0 0 1
    outer loop
      vertex -6.875189781188965 19.12147331237793 3.34999942779541
      vertex -9.5 13.5 3.34999942779541
      vertex -6.80118465423584 18.74942398071289 3.34999942779541
    endloop
  endfacet
  facet normal 0 0 1
    outer loop
      vertex -4.378525733947754 16.62480926513672 3.34999942779541
      vertex -9.5 13.5 3.34999942779541
      vertex 0 13.5 3.34999942779541
    endloop
  endfacet
  facet normal 0 0 1
    outer loop
      vertex -5.765407562255859 17.199275970458984 3.34999942779541
      vertex -9.5 13.5 3.34999942779541
      vertex -5.449999809265137 16.988525390625 3.34999942779541
    endloop
  endfacet
  facet normal 0 0 1
    outer loop
      vertex -6.050609588623047 17.449390411376953 3.34999942779541
      vertex -9.5 13.5 3.34999942779541
      vertex -5.765407562255859 17.199275970458984 3.34999942779541
    endloop
  endfacet
  facet normal 0 0 1
    outer loop
      vertex -6.300724029541016 17.73459243774414 3.34999942779541
      vertex -9.5 13.5 3.34999942779541
      vertex -6.050609588623047 17.449390411376953 3.34999942779541
    endloop
  endfacet
  facet normal 0 0 1
    outer loop
      vertex -6.511473655700684 18.049999237060547 3.34999942779541
      vertex -9.5 13.5 3.34999942779541
      vertex -6.300724029541016 17.73459243774414 3.34999942779541
    endloop
  endfacet
  facet normal 0 0 1
    outer loop
      vertex -6.6792497634887695 18.390216827392578 3.34999942779541
      vertex -9.5 13.5 3.34999942779541
      vertex -6.511473655700684 18.049999237060547 3.34999942779541
    endloop
  endfacet
  facet normal 0 0 1
    outer loop
      vertex -6.80118465423584 18.74942398071289 3.34999942779541
      vertex -9.5 13.5 3.34999942779541
      vertex -6.6792497634887695 18.390216827392578 3.34999942779541
    endloop
  endfacet
  facet normal 0 0 -1
    outer loop
      vertex -7.5 22.439472198486328 -0.09999942779541016
      vertex -9.5 22.439472198486328 -0.09999942779541016
      vertex -7.5 22.849998474121094 -0.09999942779541016
    endloop
  endfacet
  facet normal 0 0 -1
    outer loop
      vertex -6.299999237060547 22.849998474121094 -0.09999942779541016
      vertex 0.19999980926513672 22.439472198486328 -0.09999942779541016
      vertex -6.299999237060547 22.439472198486328 -0.09999942779541016
    endloop
  endfacet
  facet normal 0 0 -1
    outer loop
      vertex 0.19999980926513672 22.439472198486328 -0.09999942779541016
      vertex -6.299999237060547 22.849998474121094 -0.09999942779541016
      vertex 0.19999980926513672 25.5 -0.09999942779541016
    endloop
  endfacet
  facet normal 0 0 -1
    outer loop
      vertex -9.5 25.5 -0.09999942779541016
      vertex -6.299999237060547 22.849998474121094 -0.09999942779541016
      vertex -7.5 22.849998474121094 -0.09999942779541016
    endloop
  endfacet
  facet normal 0 0 -1
    outer loop
      vertex -9.5 25.5 -0.09999942779541016
      vertex -7.5 22.849998474121094 -0.09999942779541016
      vertex -9.5 22.439472198486328 -0.09999942779541016
    endloop
  endfacet
  facet normal 0 0 -1
    outer loop
      vertex -6.299999237060547 22.849998474121094 -0.09999942779541016
      vertex -9.5 25.5 -0.09999942779541016
      vertex 0.19999980926513672 25.5 -0.09999942779541016
    endloop
  endfacet
  facet normal 0 0 -1
    outer loop
      vertex 0.19999980926513672 13.5 -0.09999942779541016
      vertex -6.299999237060547 16.149999618530273 -0.09999942779541016
      vertex 0.19999980926513672 16.56052589416504 -0.09999942779541016
    endloop
  endfacet
  facet normal 0 0 -1
    outer loop
      vertex -9.5 13.5 -0.09999942779541016
      vertex -6.299999237060547 16.149999618530273 -0.09999942779541016
      vertex 0.19999980926513672 13.5 -0.09999942779541016
    endloop
  endfacet
  facet normal 0 0 -1
    outer loop
      vertex -6.299999237060547 16.149999618530273 -0.09999942779541016
      vertex -9.5 13.5 -0.09999942779541016
      vertex -7.5 16.149999618530273 -0.09999942779541016
    endloop
  endfacet
  facet normal 0 0 -1
    outer loop
      vertex -9.5 16.56052589416504 -0.09999942779541016
      vertex -7.5 16.149999618530273 -0.09999942779541016
      vertex -9.5 13.5 -0.09999942779541016
    endloop
  endfacet
  facet normal 0 0 -1
    outer loop
      vertex -7.5 16.149999618530273 -0.09999942779541016
      vertex -9.5 16.56052589416504 -0.09999942779541016
      vertex -7.5 16.56052589416504 -0.09999942779541016
    endloop
  endfacet
  facet normal 0 0 -1
    outer loop
      vertex 0.19999980926513672 16.56052589416504 -0.09999942779541016
      vertex -6.299999237060547 16.149999618530273 -0.09999942779541016
      vertex -6.299999237060547 16.56052589416504 -0.09999942779541016
    endloop
  endfacet
  facet normal 0 1 0
    outer loop
      vertex 0.19999980926513672 25.5 0
      vertex 0.19999980926513672 25.5 -0.09999942779541016
      vertex 0 25.5 0
    endloop
  endfacet
  facet normal 0 1 0
    outer loop
      vertex 0 25.5 0
      vertex -9.5 25.5 3.34999942779541
      vertex 0 25.5 3.34999942779541
    endloop
  endfacet
  facet normal 0 1 0
    outer loop
      vertex -9.5 25.5 -0.09999942779541016
      vertex 0 25.5 0
      vertex 0.19999980926513672 25.5 -0.09999942779541016
    endloop
  endfacet
  facet normal 0 1 0
    outer loop
      vertex 0 25.5 0
      vertex -9.5 25.5 -0.09999942779541016
      vertex -9.5 25.5 3.34999942779541
    endloop
  endfacet
  facet normal 0 -1 0
    outer loop
      vertex -9.5 13.5 3.34999942779541
      vertex 0 13.5 0
      vertex 0 13.5 3.34999942779541
    endloop
  endfacet
  facet normal 0 -1 0
    outer loop
      vertex -9.5 13.5 -0.09999942779541016
      vertex 0 13.5 0
      vertex -9.5 13.5 3.34999942779541
    endloop
  endfacet
  facet normal 0 -1 0
    outer loop
      vertex 0.19999980926513672 13.5 -0.09999942779541016
      vertex 0 13.5 0
      vertex -9.5 13.5 -0.09999942779541016
    endloop
  endfacet
  facet normal 0 -1 0
    outer loop
      vertex 0 13.5 0
      vertex 0.19999980926513672 13.5 -0.09999942779541016
      vertex 0.19999980926513672 13.5 0
    endloop
  endfacet
  facet normal 1 0 0
    outer loop
      vertex -5 20.812009811401367 -3.799999237060547
      vertex -5 22.899999618530273 -4
      vertex -5 22.899999618530273 -3.799999237060547
    endloop
  endfacet
  facet normal 1 0 0
    outer loop
      vertex -5 22.899999618530273 -4
      vertex -5 20.812009811401367 -3.799999237060547
      vertex -5 20.812009811401367 -4
    endloop
  endfacet
  facet normal 1 0 0
    outer loop
      vertex -5 16.099998474121094 -3.799999237060547
      vertex -5 18.187990188598633 -4
      vertex -5 18.187990188598633 -3.799999237060547
    endloop
  endfacet
  facet normal 1 0 0
    outer loop
      vertex -5 18.187990188598633 -4
      vertex -5 16.099998474121094 -3.799999237060547
      vertex -5 16.099998474121094 -4
    endloop
  endfacet
  facet normal -1 0 0
    outer loop
      vertex -5 16.099998474121094 -3.799999237060547
      vertex -5 15.09999942779541 -3.799999237060547
      vertex -5 16.099998474121094 -1.8999996185302734
    endloop
  endfacet
  facet normal -1 0 0
    outer loop
      vertex -5 18.187990188598633 -1.8999996185302734
      vertex -5 16.244735717773438 -0.8999996185302734
      vertex -5 18.187990188598633 -0.8999996185302734
    endloop
  endfacet
  facet normal -1 0 0
    outer loop
      vertex -5 16.099998474121094 -1.8999996185302734
      vertex -5 16.244735717773438 -0.8999996185302734
      vertex -5 18.187990188598633 -1.8999996185302734
    endloop
  endfacet
  facet normal -1 0 0
    outer loop
      vertex -5 16.244735717773438 -0.8999996185302734
      vertex -5 16.099998474121094 -1.8999996185302734
      vertex -5 15.09999942779541 -3.799999237060547
    endloop
  endfacet
  facet normal -1 0 0
    outer loop
      vertex -5 22.899999618530273 -1.8999996185302734
      vertex -5 23.899999618530273 -3.799999237060547
      vertex -5 22.899999618530273 -3.799999237060547
    endloop
  endfacet
  facet normal -1 0 0
    outer loop
      vertex -5 22.899999618530273 -1.8999996185302734
      vertex -5 22.75526237487793 -0.8999996185302734
      vertex -5 23.899999618530273 -3.799999237060547
    endloop
  endfacet
  facet normal -1 0 0
    outer loop
      vertex -5 20.812009811401367 -1.8999996185302734
      vertex -5 22.75526237487793 -0.8999996185302734
      vertex -5 22.899999618530273 -1.8999996185302734
    endloop
  endfacet
  facet normal -1 0 0
    outer loop
      vertex -5 22.75526237487793 -0.8999996185302734
      vertex -5 20.812009811401367 -1.8999996185302734
      vertex -5 20.812009811401367 -0.8999996185302734
    endloop
  endfacet
  facet normal 0 0 -1
    outer loop
      vertex -5.00445556640625 20.809032440185547 -4
      vertex -5 22.899999618530273 -4
      vertex -5 20.812009811401367 -4
    endloop
  endfacet
  facet normal 0 0 -1
    outer loop
      vertex -5.166726112365723 20.666725158691406 -4
      vertex -5 22.899999618530273 -4
      vertex -5.00445556640625 20.809032440185547 -4
    endloop
  endfacet
  facet normal 0 0 -1
    outer loop
      vertex -5.309032440185547 20.50445556640625 -4
      vertex -5 22.899999618530273 -4
      vertex -5.166726112365723 20.666725158691406 -4
    endloop
  endfacet
  facet normal 0 0 -1
    outer loop
      vertex -9.5 22.899999618530273 -4
      vertex -5.309032440185547 20.50445556640625 -4
      vertex -5.42894172668457 20.325000762939453 -4
    endloop
  endfacet
  facet normal 0 0 -1
    outer loop
      vertex -9.5 20.099998474121094 -4
      vertex -5.42894172668457 20.325000762939453 -4
      vertex -5.52440071105957 20.131427764892578 -4
    endloop
  endfacet
  facet normal 0 0 -1
    outer loop
      vertex -9.5 20.099998474121094 -4
      vertex -5.52440071105957 20.131427764892578 -4
      vertex -5.535068988800049 20.099998474121094 -4
    endloop
  endfacet
  facet normal 0 0 -1
    outer loop
      vertex -5.42894172668457 20.325000762939453 -4
      vertex -9.5 20.099998474121094 -4
      vertex -9.5 22.899999618530273 -4
    endloop
  endfacet
  facet normal 0 0 -1
    outer loop
      vertex -5.309032440185547 20.50445556640625 -4
      vertex -9.5 22.899999618530273 -4
      vertex -5 22.899999618530273 -4
    endloop
  endfacet
  facet normal 0 0 -1
    outer loop
      vertex -5 16.099998474121094 -4
      vertex -5.00445556640625 18.190967559814453 -4
      vertex -5 18.187990188598633 -4
    endloop
  endfacet
  facet normal 0 0 -1
    outer loop
      vertex -5 16.099998474121094 -4
      vertex -5.166726112365723 18.33327293395996 -4
      vertex -5.00445556640625 18.190967559814453 -4
    endloop
  endfacet
  facet normal 0 0 -1
    outer loop
      vertex -5 16.099998474121094 -4
      vertex -5.309032440185547 18.49554443359375 -4
      vertex -5.166726112365723 18.33327293395996 -4
    endloop
  endfacet
  facet normal 0 0 -1
    outer loop
      vertex -9.5 16.099998474121094 -4
      vertex -5.309032440185547 18.49554443359375 -4
      vertex -5 16.099998474121094 -4
    endloop
  endfacet
  facet normal 0 0 -1
    outer loop
      vertex -5.309032440185547 18.49554443359375 -4
      vertex -9.5 16.099998474121094 -4
      vertex -5.42894172668457 18.674999237060547 -4
    endloop
  endfacet
  facet normal 0 0 -1
    outer loop
      vertex -9.5 18.899999618530273 -4
      vertex -5.42894172668457 18.674999237060547 -4
      vertex -9.5 16.099998474121094 -4
    endloop
  endfacet
  facet normal 0 0 -1
    outer loop
      vertex -5.42894172668457 18.674999237060547 -4
      vertex -9.5 18.899999618530273 -4
      vertex -5.52440071105957 18.868572235107422 -4
    endloop
  endfacet
  facet normal 0 0 -1
    outer loop
      vertex -5.52440071105957 18.868572235107422 -4
      vertex -9.5 18.899999618530273 -4
      vertex -5.535068988800049 18.899999618530273 -4
    endloop
  endfacet
  facet normal -0.9807846101673692 -0.19509369148909367 0
    outer loop
      vertex 5.189733505249023 4.156630516052246 11
      vertex 5.159110069274902 4.310582160949707 14
      vertex 5.159110069274902 4.310582160949707 11
    endloop
  endfacet
  facet normal -0.9807846101673692 -0.19509369148909367 0
    outer loop
      vertex 5.159110069274902 4.310582160949707 14
      vertex 5.189733505249023 4.156630516052246 11
      vertex 5.189733505249023 4.156630516052246 14
    endloop
  endfacet
  facet normal -0.9978588410755056 -0.06540438278470898 0
    outer loop
      vertex 5.199999809265137 4 11
      vertex 5.189733505249023 4.156630516052246 14
      vertex 5.189733505249023 4.156630516052246 11
    endloop
  endfacet
  facet normal -0.9978588410755056 -0.06540438278470898 0
    outer loop
      vertex 5.189733505249023 4.156630516052246 14
      vertex 5.199999809265137 4 11
      vertex 5.199999809265137 4 14
    endloop
  endfacet
  facet normal -0.5555705719267222 0.8314693858519475 0
    outer loop
      vertex 4.730513572692871 3.047975540161133 11
      vertex 4.59999942779541 2.960768699645996 14
      vertex 4.730513572692871 3.047975540161133 14
    endloop
  endfacet
  facet normal -0.5555705719267222 0.8314693858519475 0
    outer loop
      vertex 4.59999942779541 2.960768699645996 14
      vertex 4.730513572692871 3.047975540161133 11
      vertex 4.59999942779541 2.960768699645996 11
    endloop
  endfacet
  facet normal -0.9469313534967254 -0.3214358594881094 0
    outer loop
      vertex 5.159110069274902 4.310582160949707 11
      vertex 5.108654975891113 4.459219932556152 14
      vertex 5.108654975891113 4.459219932556152 11
    endloop
  endfacet
  facet normal -0.9469313534967254 -0.3214358594881094 0
    outer loop
      vertex 5.108654975891113 4.459219932556152 14
      vertex 5.159110069274902 4.310582160949707 11
      vertex 5.159110069274902 4.310582160949707 14
    endloop
  endfacet
  facet normal -0.8968730825560189 0.4422879986914232 0
    outer loop
      vertex 5.0392303466796875 3.3999996185302734 11
      vertex 5.108654975891113 3.5407791137695312 14
      vertex 5.108654975891113 3.5407791137695312 11
    endloop
  endfacet
  facet normal -0.8968730825560189 0.4422879986914232 0
    outer loop
      vertex 5.108654975891113 3.5407791137695312 14
      vertex 5.0392303466796875 3.3999996185302734 11
      vertex 5.0392303466796875 3.3999996185302734 14
    endloop
  endfacet
  facet normal 0.5555705719267222 -0.8314693858519475 0
    outer loop
      vertex 3.2694854736328125 4.952023506164551 11
      vertex 3.3999996185302734 5.0392303466796875 14
      vertex 3.2694854736328125 4.952023506164551 14
    endloop
  endfacet
  facet normal 0.5555705719267222 -0.8314693858519475 0
    outer loop
      vertex 3.3999996185302734 5.0392303466796875 14
      vertex 3.2694854736328125 4.952023506164551 11
      vertex 3.3999996185302734 5.0392303466796875 11
    endloop
  endfacet
  facet normal -0.9978588670652837 0.06540398626374683 0
    outer loop
      vertex 5.189733505249023 3.8433685302734375 11
      vertex 5.199999809265137 4 14
      vertex 5.199999809265137 4 11
    endloop
  endfacet
  facet normal -0.9978588670652837 0.06540398626374683 0
    outer loop
      vertex 5.199999809265137 4 14
      vertex 5.189733505249023 3.8433685302734375 11
      vertex 5.189733505249023 3.8433685302734375 14
    endloop
  endfacet
  facet normal -0.06540438278470898 0.9978588410755056 0
    outer loop
      vertex 4.156630516052246 2.81026554107666 11
      vertex 4 2.799999237060547 14
      vertex 4.156630516052246 2.81026554107666 14
    endloop
  endfacet
  facet normal -0.06540438278470898 0.9978588410755056 0
    outer loop
      vertex 4 2.799999237060547 14
      vertex 4.156630516052246 2.81026554107666 11
      vertex 4 2.799999237060547 11
    endloop
  endfacet
  facet normal -0.4422879986914232 0.8968730825560189 0
    outer loop
      vertex 4.59999942779541 2.960768699645996 11
      vertex 4.459219932556152 2.8913440704345703 14
      vertex 4.59999942779541 2.960768699645996 14
    endloop
  endfacet
  facet normal -0.4422879986914232 0.8968730825560189 0
    outer loop
      vertex 4.459219932556152 2.8913440704345703 14
      vertex 4.59999942779541 2.960768699645996 11
      vertex 4.459219932556152 2.8913440704345703 11
    endloop
  endfacet
  facet normal 0.8314693858519475 -0.5555705719267222 0
    outer loop
      vertex 2.960768699645996 4.59999942779541 14
      vertex 3.047975540161133 4.730513572692871 11
      vertex 3.047975540161133 4.730513572692871 14
    endloop
  endfacet
  facet normal 0.8314693858519475 -0.5555705719267222 0
    outer loop
      vertex 3.047975540161133 4.730513572692871 11
      vertex 2.960768699645996 4.59999942779541 14
      vertex 2.960768699645996 4.59999942779541 11
    endloop
  endfacet
  facet normal -0.6593451063715958 0.7518404290165759 0
    outer loop
      vertex 4.848527908325195 3.1514711380004883 11
      vertex 4.730513572692871 3.047975540161133 14
      vertex 4.848527908325195 3.1514711380004883 14
    endloop
  endfacet
  facet normal -0.6593451063715958 0.7518404290165759 0
    outer loop
      vertex 4.730513572692871 3.047975540161133 14
      vertex 4.848527908325195 3.1514711380004883 11
      vertex 4.730513572692871 3.047975540161133 11
    endloop
  endfacet
  facet normal 0.7518404290165759 -0.6593451063715958 0
    outer loop
      vertex 3.047975540161133 4.730513572692871 14
      vertex 3.1514711380004883 4.848527908325195 11
      vertex 3.1514711380004883 4.848527908325195 14
    endloop
  endfacet
  facet normal 0.7518404290165759 -0.6593451063715958 0
    outer loop
      vertex 3.1514711380004883 4.848527908325195 11
      vertex 3.047975540161133 4.730513572692871 14
      vertex 3.047975540161133 4.730513572692871 11
    endloop
  endfacet
  facet normal -0.19509369148909367 -0.9807846101673692 0
    outer loop
      vertex 4.156630516052246 5.189733505249023 11
      vertex 4.310582160949707 5.159110069274902 14
      vertex 4.156630516052246 5.189733505249023 14
    endloop
  endfacet
  facet normal -0.19509369148909367 -0.9807846101673692 0
    outer loop
      vertex 4.310582160949707 5.159110069274902 14
      vertex 4.156630516052246 5.189733505249023 11
      vertex 4.310582160949707 5.159110069274902 11
    endloop
  endfacet
  facet normal -0.8314693858519475 -0.5555705719267222 0
    outer loop
      vertex 5.0392303466796875 4.59999942779541 11
      vertex 4.952023506164551 4.730513572692871 14
      vertex 4.952023506164551 4.730513572692871 11
    endloop
  endfacet
  facet normal -0.8314693858519475 -0.5555705719267222 0
    outer loop
      vertex 4.952023506164551 4.730513572692871 14
      vertex 5.0392303466796875 4.59999942779541 11
      vertex 5.0392303466796875 4.59999942779541 14
    endloop
  endfacet
  facet normal -0.3214358594881094 -0.9469313534967254 0
    outer loop
      vertex 4.310582160949707 5.159110069274902 11
      vertex 4.459219932556152 5.108654975891113 14
      vertex 4.310582160949707 5.159110069274902 14
    endloop
  endfacet
  facet normal -0.3214358594881094 -0.9469313534967254 0
    outer loop
      vertex 4.459219932556152 5.108654975891113 14
      vertex 4.310582160949707 5.159110069274902 11
      vertex 4.459219932556152 5.108654975891113 11
    endloop
  endfacet
  facet normal 0.3214358594881094 0.9469313534967254 0
    outer loop
      vertex 3.6894168853759766 2.8408889770507812 11
      vertex 3.5407791137695312 2.8913440704345703 14
      vertex 3.6894168853759766 2.8408889770507812 14
    endloop
  endfacet
  facet normal 0.3214358594881094 0.9469313534967254 0
    outer loop
      vertex 3.5407791137695312 2.8913440704345703 14
      vertex 3.6894168853759766 2.8408889770507812 11
      vertex 3.5407791137695312 2.8913440704345703 11
    endloop
  endfacet
  facet normal 0.9469313534967254 -0.3214358594881094 0
    outer loop
      vertex 2.8408889770507812 4.310582160949707 14
      vertex 2.8913440704345703 4.459219932556152 11
      vertex 2.8913440704345703 4.459219932556152 14
    endloop
  endfacet
  facet normal 0.9469313534967254 -0.3214358594881094 0
    outer loop
      vertex 2.8913440704345703 4.459219932556152 11
      vertex 2.8408889770507812 4.310582160949707 14
      vertex 2.8408889770507812 4.310582160949707 11
    endloop
  endfacet
  facet normal -0.8968730825560189 -0.4422879986914232 0
    outer loop
      vertex 5.108654975891113 4.459219932556152 11
      vertex 5.0392303466796875 4.59999942779541 14
      vertex 5.0392303466796875 4.59999942779541 11
    endloop
  endfacet
  facet normal -0.8968730825560189 -0.4422879986914232 0
    outer loop
      vertex 5.0392303466796875 4.59999942779541 14
      vertex 5.108654975891113 4.459219932556152 11
      vertex 5.108654975891113 4.459219932556152 14
    endloop
  endfacet
  facet normal 0.06540398626374683 0.9978588670652837 0
    outer loop
      vertex 4 2.799999237060547 11
      vertex 3.8433685302734375 2.81026554107666 14
      vertex 4 2.799999237060547 14
    endloop
  endfacet
  facet normal 0.06540398626374683 0.9978588670652837 0
    outer loop
      vertex 3.8433685302734375 2.81026554107666 14
      vertex 4 2.799999237060547 11
      vertex 3.8433685302734375 2.81026554107666 11
    endloop
  endfacet
  facet normal -0.9807846101673692 0.19509369148909367 0
    outer loop
      vertex 5.159110069274902 3.6894168853759766 11
      vertex 5.189733505249023 3.8433685302734375 14
      vertex 5.189733505249023 3.8433685302734375 11
    endloop
  endfacet
  facet normal -0.9807846101673692 0.19509369148909367 0
    outer loop
      vertex 5.189733505249023 3.8433685302734375 14
      vertex 5.159110069274902 3.6894168853759766 11
      vertex 5.159110069274902 3.6894168853759766 14
    endloop
  endfacet
  facet normal -0.7518404290165759 -0.6593451063715958 0
    outer loop
      vertex 4.952023506164551 4.730513572692871 11
      vertex 4.848527908325195 4.848527908325195 14
      vertex 4.848527908325195 4.848527908325195 11
    endloop
  endfacet
  facet normal -0.7518404290165759 -0.6593451063715958 0
    outer loop
      vertex 4.848527908325195 4.848527908325195 14
      vertex 4.952023506164551 4.730513572692871 11
      vertex 4.952023506164551 4.730513572692871 14
    endloop
  endfacet
  facet normal 0.6593451063715958 -0.7518404290165759 0
    outer loop
      vertex 3.1514711380004883 4.848527908325195 11
      vertex 3.2694854736328125 4.952023506164551 14
      vertex 3.1514711380004883 4.848527908325195 14
    endloop
  endfacet
  facet normal 0.6593451063715958 -0.7518404290165759 0
    outer loop
      vertex 3.2694854736328125 4.952023506164551 14
      vertex 3.1514711380004883 4.848527908325195 11
      vertex 3.2694854736328125 4.952023506164551 11
    endloop
  endfacet
  facet normal 0.06540398626374683 -0.9978588670652837 0
    outer loop
      vertex 3.8433685302734375 5.189733505249023 11
      vertex 4 5.199999809265137 14
      vertex 3.8433685302734375 5.189733505249023 14
    endloop
  endfacet
  facet normal 0.06540398626374683 -0.9978588670652837 0
    outer loop
      vertex 4 5.199999809265137 14
      vertex 3.8433685302734375 5.189733505249023 11
      vertex 4 5.199999809265137 11
    endloop
  endfacet
  facet normal -0.6593451063715958 -0.7518404290165759 0
    outer loop
      vertex 4.730513572692871 4.952023506164551 11
      vertex 4.848527908325195 4.848527908325195 14
      vertex 4.730513572692871 4.952023506164551 14
    endloop
  endfacet
  facet normal -0.6593451063715958 -0.7518404290165759 0
    outer loop
      vertex 4.848527908325195 4.848527908325195 14
      vertex 4.730513572692871 4.952023506164551 11
      vertex 4.848527908325195 4.848527908325195 11
    endloop
  endfacet
  facet normal 0.8314693858519475 0.5555705719267222 0
    outer loop
      vertex 3.047975540161133 3.2694854736328125 14
      vertex 2.960768699645996 3.3999996185302734 11
      vertex 2.960768699645996 3.3999996185302734 14
    endloop
  endfacet
  facet normal 0.8314693858519475 0.5555705719267222 0
    outer loop
      vertex 2.960768699645996 3.3999996185302734 11
      vertex 3.047975540161133 3.2694854736328125 14
      vertex 3.047975540161133 3.2694854736328125 11
    endloop
  endfacet
  facet normal -0.3214358594881094 0.9469313534967254 0
    outer loop
      vertex 4.459219932556152 2.8913440704345703 11
      vertex 4.310582160949707 2.8408889770507812 14
      vertex 4.459219932556152 2.8913440704345703 14
    endloop
  endfacet
  facet normal -0.3214358594881094 0.9469313534967254 0
    outer loop
      vertex 4.310582160949707 2.8408889770507812 14
      vertex 4.459219932556152 2.8913440704345703 11
      vertex 4.310582160949707 2.8408889770507812 11
    endloop
  endfacet
  facet normal 0.9978588670652837 0.06540398626374683 0
    outer loop
      vertex 2.81026554107666 3.8433685302734375 14
      vertex 2.799999237060547 4 11
      vertex 2.799999237060547 4 14
    endloop
  endfacet
  facet normal 0.9978588670652837 0.06540398626374683 0
    outer loop
      vertex 2.799999237060547 4 11
      vertex 2.81026554107666 3.8433685302734375 14
      vertex 2.81026554107666 3.8433685302734375 11
    endloop
  endfacet
  facet normal 0.9469313534967254 0.3214358594881094 0
    outer loop
      vertex 2.8913440704345703 3.5407791137695312 14
      vertex 2.8408889770507812 3.6894168853759766 11
      vertex 2.8408889770507812 3.6894168853759766 14
    endloop
  endfacet
  facet normal 0.9469313534967254 0.3214358594881094 0
    outer loop
      vertex 2.8408889770507812 3.6894168853759766 11
      vertex 2.8913440704345703 3.5407791137695312 14
      vertex 2.8913440704345703 3.5407791137695312 11
    endloop
  endfacet
  facet normal 0.4422879986914232 -0.8968730825560189 0
    outer loop
      vertex 3.3999996185302734 5.0392303466796875 11
      vertex 3.5407791137695312 5.108654975891113 14
      vertex 3.3999996185302734 5.0392303466796875 14
    endloop
  endfacet
  facet normal 0.4422879986914232 -0.8968730825560189 0
    outer loop
      vertex 3.5407791137695312 5.108654975891113 14
      vertex 3.3999996185302734 5.0392303466796875 11
      vertex 3.5407791137695312 5.108654975891113 11
    endloop
  endfacet
  facet normal -0.8314693858519475 0.5555705719267222 0
    outer loop
      vertex 4.952023506164551 3.2694854736328125 11
      vertex 5.0392303466796875 3.3999996185302734 14
      vertex 5.0392303466796875 3.3999996185302734 11
    endloop
  endfacet
  facet normal -0.8314693858519475 0.5555705719267222 0
    outer loop
      vertex 5.0392303466796875 3.3999996185302734 14
      vertex 4.952023506164551 3.2694854736328125 11
      vertex 4.952023506164551 3.2694854736328125 14
    endloop
  endfacet
  facet normal -0.4422879986914232 -0.8968730825560189 0
    outer loop
      vertex 4.459219932556152 5.108654975891113 11
      vertex 4.59999942779541 5.0392303466796875 14
      vertex 4.459219932556152 5.108654975891113 14
    endloop
  endfacet
  facet normal -0.4422879986914232 -0.8968730825560189 0
    outer loop
      vertex 4.59999942779541 5.0392303466796875 14
      vertex 4.459219932556152 5.108654975891113 11
      vertex 4.59999942779541 5.0392303466796875 11
    endloop
  endfacet
  facet normal 0.4422879986914232 0.8968730825560189 0
    outer loop
      vertex 3.5407791137695312 2.8913440704345703 11
      vertex 3.3999996185302734 2.960768699645996 14
      vertex 3.5407791137695312 2.8913440704345703 14
    endloop
  endfacet
  facet normal 0.4422879986914232 0.8968730825560189 0
    outer loop
      vertex 3.3999996185302734 2.960768699645996 14
      vertex 3.5407791137695312 2.8913440704345703 11
      vertex 3.3999996185302734 2.960768699645996 11
    endloop
  endfacet
  facet normal -0.7518404290165759 0.6593451063715958 0
    outer loop
      vertex 4.848527908325195 3.1514711380004883 11
      vertex 4.952023506164551 3.2694854736328125 14
      vertex 4.952023506164551 3.2694854736328125 11
    endloop
  endfacet
  facet normal -0.7518404290165759 0.6593451063715958 0
    outer loop
      vertex 4.952023506164551 3.2694854736328125 14
      vertex 4.848527908325195 3.1514711380004883 11
      vertex 4.848527908325195 3.1514711380004883 14
    endloop
  endfacet
  facet normal -0.5555705719267222 -0.8314693858519475 0
    outer loop
      vertex 4.59999942779541 5.0392303466796875 11
      vertex 4.730513572692871 4.952023506164551 14
      vertex 4.59999942779541 5.0392303466796875 14
    endloop
  endfacet
  facet normal -0.5555705719267222 -0.8314693858519475 0
    outer loop
      vertex 4.730513572692871 4.952023506164551 14
      vertex 4.59999942779541 5.0392303466796875 11
      vertex 4.730513572692871 4.952023506164551 11
    endloop
  endfacet
  facet normal -0.9469313534967254 0.3214358594881094 0
    outer loop
      vertex 5.108654975891113 3.5407791137695312 11
      vertex 5.159110069274902 3.6894168853759766 14
      vertex 5.159110069274902 3.6894168853759766 11
    endloop
  endfacet
  facet normal -0.9469313534967254 0.3214358594881094 0
    outer loop
      vertex 5.159110069274902 3.6894168853759766 14
      vertex 5.108654975891113 3.5407791137695312 11
      vertex 5.108654975891113 3.5407791137695312 14
    endloop
  endfacet
  facet normal -0.06540438278470898 -0.9978588410755056 0
    outer loop
      vertex 4 5.199999809265137 11
      vertex 4.156630516052246 5.189733505249023 14
      vertex 4 5.199999809265137 14
    endloop
  endfacet
  facet normal -0.06540438278470898 -0.9978588410755056 0
    outer loop
      vertex 4.156630516052246 5.189733505249023 14
      vertex 4 5.199999809265137 11
      vertex 4.156630516052246 5.189733505249023 11
    endloop
  endfacet
  facet normal 0.6593451063715958 0.7518404290165759 0
    outer loop
      vertex 3.2694854736328125 3.047975540161133 11
      vertex 3.1514711380004883 3.1514711380004883 14
      vertex 3.2694854736328125 3.047975540161133 14
    endloop
  endfacet
  facet normal 0.6593451063715958 0.7518404290165759 0
    outer loop
      vertex 3.1514711380004883 3.1514711380004883 14
      vertex 3.2694854736328125 3.047975540161133 11
      vertex 3.1514711380004883 3.1514711380004883 11
    endloop
  endfacet
  facet normal 0.9807846101673692 -0.19509369148909367 0
    outer loop
      vertex 2.81026554107666 4.156630516052246 14
      vertex 2.8408889770507812 4.310582160949707 11
      vertex 2.8408889770507812 4.310582160949707 14
    endloop
  endfacet
  facet normal 0.9807846101673692 -0.19509369148909367 0
    outer loop
      vertex 2.8408889770507812 4.310582160949707 11
      vertex 2.81026554107666 4.156630516052246 14
      vertex 2.81026554107666 4.156630516052246 11
    endloop
  endfacet
  facet normal 0.8968730825560189 0.4422879986914232 0
    outer loop
      vertex 2.960768699645996 3.3999996185302734 14
      vertex 2.8913440704345703 3.5407791137695312 11
      vertex 2.8913440704345703 3.5407791137695312 14
    endloop
  endfacet
  facet normal 0.8968730825560189 0.4422879986914232 0
    outer loop
      vertex 2.8913440704345703 3.5407791137695312 11
      vertex 2.960768699645996 3.3999996185302734 14
      vertex 2.960768699645996 3.3999996185302734 11
    endloop
  endfacet
  facet normal 0.8968730825560189 -0.4422879986914232 0
    outer loop
      vertex 2.8913440704345703 4.459219932556152 14
      vertex 2.960768699645996 4.59999942779541 11
      vertex 2.960768699645996 4.59999942779541 14
    endloop
  endfacet
  facet normal 0.8968730825560189 -0.4422879986914232 0
    outer loop
      vertex 2.960768699645996 4.59999942779541 11
      vertex 2.8913440704345703 4.459219932556152 14
      vertex 2.8913440704345703 4.459219932556152 11
    endloop
  endfacet
  facet normal 0.19509369148909367 -0.9807846101673692 0
    outer loop
      vertex 3.6894168853759766 5.159110069274902 11
      vertex 3.8433685302734375 5.189733505249023 14
      vertex 3.6894168853759766 5.159110069274902 14
    endloop
  endfacet
  facet normal 0.19509369148909367 -0.9807846101673692 0
    outer loop
      vertex 3.8433685302734375 5.189733505249023 14
      vertex 3.6894168853759766 5.159110069274902 11
      vertex 3.8433685302734375 5.189733505249023 11
    endloop
  endfacet
  facet normal 0.3214358594881094 -0.9469313534967254 0
    outer loop
      vertex 3.5407791137695312 5.108654975891113 11
      vertex 3.6894168853759766 5.159110069274902 14
      vertex 3.5407791137695312 5.108654975891113 14
    endloop
  endfacet
  facet normal 0.3214358594881094 -0.9469313534967254 0
    outer loop
      vertex 3.6894168853759766 5.159110069274902 14
      vertex 3.5407791137695312 5.108654975891113 11
      vertex 3.6894168853759766 5.159110069274902 11
    endloop
  endfacet
  facet normal 0.7518404290165759 0.6593451063715958 0
    outer loop
      vertex 3.1514711380004883 3.1514711380004883 14
      vertex 3.047975540161133 3.2694854736328125 11
      vertex 3.047975540161133 3.2694854736328125 14
    endloop
  endfacet
  facet normal 0.7518404290165759 0.6593451063715958 0
    outer loop
      vertex 3.047975540161133 3.2694854736328125 11
      vertex 3.1514711380004883 3.1514711380004883 14
      vertex 3.1514711380004883 3.1514711380004883 11
    endloop
  endfacet
  facet normal 0.9978588410755056 -0.06540438278470898 0
    outer loop
      vertex 2.799999237060547 4 14
      vertex 2.81026554107666 4.156630516052246 11
      vertex 2.81026554107666 4.156630516052246 14
    endloop
  endfacet
  facet normal 0.9978588410755056 -0.06540438278470898 0
    outer loop
      vertex 2.81026554107666 4.156630516052246 11
      vertex 2.799999237060547 4 14
      vertex 2.799999237060547 4 11
    endloop
  endfacet
  facet normal 0.9807846101673692 0.19509369148909367 0
    outer loop
      vertex 2.8408889770507812 3.6894168853759766 14
      vertex 2.81026554107666 3.8433685302734375 11
      vertex 2.81026554107666 3.8433685302734375 14
    endloop
  endfacet
  facet normal 0.9807846101673692 0.19509369148909367 0
    outer loop
      vertex 2.81026554107666 3.8433685302734375 11
      vertex 2.8408889770507812 3.6894168853759766 14
      vertex 2.8408889770507812 3.6894168853759766 11
    endloop
  endfacet
  facet normal 0.19509369148909367 0.9807846101673692 0
    outer loop
      vertex 3.8433685302734375 2.81026554107666 11
      vertex 3.6894168853759766 2.8408889770507812 14
      vertex 3.8433685302734375 2.81026554107666 14
    endloop
  endfacet
  facet normal 0.19509369148909367 0.9807846101673692 0
    outer loop
      vertex 3.6894168853759766 2.8408889770507812 14
      vertex 3.8433685302734375 2.81026554107666 11
      vertex 3.6894168853759766 2.8408889770507812 11
    endloop
  endfacet
  facet normal -0.19509369148909367 0.9807846101673692 0
    outer loop
      vertex 4.310582160949707 2.8408889770507812 11
      vertex 4.156630516052246 2.81026554107666 14
      vertex 4.310582160949707 2.8408889770507812 14
    endloop
  endfacet
  facet normal -0.19509369148909367 0.9807846101673692 0
    outer loop
      vertex 4.156630516052246 2.81026554107666 14
      vertex 4.310582160949707 2.8408889770507812 11
      vertex 4.156630516052246 2.81026554107666 11
    endloop
  endfacet
  facet normal 0.5555705719267222 0.8314693858519475 0
    outer loop
      vertex 3.3999996185302734 2.960768699645996 11
      vertex 3.2694854736328125 3.047975540161133 14
      vertex 3.3999996185302734 2.960768699645996 14
    endloop
  endfacet
  facet normal 0.5555705719267222 0.8314693858519475 0
    outer loop
      vertex 3.2694854736328125 3.047975540161133 14
      vertex 3.3999996185302734 2.960768699645996 11
      vertex 3.2694854736328125 3.047975540161133 11
    endloop
  endfacet
  facet normal -0.9807841476653768 -0.195096016587475 0
    outer loop
      vertex 5.189733505249023 52.15663146972656 11
      vertex 5.159110069274902 52.31058120727539 14
      vertex 5.159110069274902 52.31058120727539 11
    endloop
  endfacet
  facet normal -0.9807841476653768 -0.195096016587475 0
    outer loop
      vertex 5.159110069274902 52.31058120727539 14
      vertex 5.189733505249023 52.15663146972656 11
      vertex 5.189733505249023 52.15663146972656 14
    endloop
  endfacet
  facet normal -0.9978588670652837 -0.06540398626374683 0
    outer loop
      vertex 5.199999809265137 52 11
      vertex 5.189733505249023 52.15663146972656 14
      vertex 5.189733505249023 52.15663146972656 11
    endloop
  endfacet
  facet normal -0.9978588670652837 -0.06540398626374683 0
    outer loop
      vertex 5.189733505249023 52.15663146972656 14
      vertex 5.199999809265137 52 11
      vertex 5.199999809265137 52 14
    endloop
  endfacet
  facet normal -0.5555579708067604 0.8314778055204329 0
    outer loop
      vertex 4.730513572692871 51.0479736328125 11
      vertex 4.59999942779541 50.96076965332031 14
      vertex 4.730513572692871 51.0479736328125 14
    endloop
  endfacet
  facet normal -0.5555579708067604 0.8314778055204329 0
    outer loop
      vertex 4.59999942779541 50.96076965332031 14
      vertex 4.730513572692871 51.0479736328125 11
      vertex 4.59999942779541 50.96076965332031 11
    endloop
  endfacet
  facet normal -0.946932608949983 -0.3214321609720762 0
    outer loop
      vertex 5.159110069274902 52.31058120727539 11
      vertex 5.108654975891113 52.45922088623047 14
      vertex 5.108654975891113 52.45922088623047 11
    endloop
  endfacet
  facet normal -0.946932608949983 -0.3214321609720762 0
    outer loop
      vertex 5.108654975891113 52.45922088623047 14
      vertex 5.159110069274902 52.31058120727539 11
      vertex 5.159110069274902 52.31058120727539 14
    endloop
  endfacet
  facet normal -0.8968707055018514 0.4422928188571583 0
    outer loop
      vertex 5.0392303466796875 51.400001525878906 11
      vertex 5.108654975891113 51.54077911376953 14
      vertex 5.108654975891113 51.54077911376953 11
    endloop
  endfacet
  facet normal -0.8968707055018514 0.4422928188571583 0
    outer loop
      vertex 5.108654975891113 51.54077911376953 14
      vertex 5.0392303466796875 51.400001525878906 11
      vertex 5.0392303466796875 51.400001525878906 14
    endloop
  endfacet
  facet normal 0.5555747722149755 -0.8314665792912412 0
    outer loop
      vertex 3.2694854736328125 52.952022552490234 11
      vertex 3.3999996185302734 53.03923034667969 14
      vertex 3.2694854736328125 52.952022552490234 14
    endloop
  endfacet
  facet normal 0.5555747722149755 -0.8314665792912412 0
    outer loop
      vertex 3.3999996185302734 53.03923034667969 14
      vertex 3.2694854736328125 52.952022552490234 11
      vertex 3.3999996185302734 53.03923034667969 11
    endloop
  endfacet
  facet normal -0.9978588670652837 0.06540398626374683 0
    outer loop
      vertex 5.189733505249023 51.84336853027344 11
      vertex 5.199999809265137 52 14
      vertex 5.199999809265137 52 11
    endloop
  endfacet
  facet normal -0.9978588670652837 0.06540398626374683 0
    outer loop
      vertex 5.199999809265137 52 14
      vertex 5.189733505249023 51.84336853027344 11
      vertex 5.189733505249023 51.84336853027344 14
    endloop
  endfacet
  facet normal -0.06539833312013894 0.9978592375806856 0
    outer loop
      vertex 4.156630516052246 50.810264587402344 11
      vertex 4 50.79999923706055 14
      vertex 4.156630516052246 50.810264587402344 14
    endloop
  endfacet
  facet normal -0.06539833312013894 0.9978592375806856 0
    outer loop
      vertex 4 50.79999923706055 14
      vertex 4.156630516052246 50.810264587402344 11
      vertex 4 50.79999923706055 11
    endloop
  endfacet
  facet normal -0.44230265989607015 0.8968658523150835 0
    outer loop
      vertex 4.59999942779541 50.96076965332031 11
      vertex 4.459219932556152 50.89134216308594 14
      vertex 4.59999942779541 50.96076965332031 14
    endloop
  endfacet
  facet normal -0.44230265989607015 0.8968658523150835 0
    outer loop
      vertex 4.459219932556152 50.89134216308594 14
      vertex 4.59999942779541 50.96076965332031 11
      vertex 4.459219932556152 50.89134216308594 11
    endloop
  endfacet
  facet normal 0.8314731363647196 -0.5555649588516328 0
    outer loop
      vertex 2.960768699645996 52.599998474121094 14
      vertex 3.047975540161133 52.73051452636719 11
      vertex 3.047975540161133 52.73051452636719 14
    endloop
  endfacet
  facet normal 0.8314731363647196 -0.5555649588516328 0
    outer loop
      vertex 3.047975540161133 52.73051452636719 11
      vertex 2.960768699645996 52.599998474121094 14
      vertex 2.960768699645996 52.599998474121094 11
    endloop
  endfacet
  facet normal -0.6593485406835198 0.751837417197703 0
    outer loop
      vertex 4.848527908325195 51.15147018432617 11
      vertex 4.730513572692871 51.0479736328125 14
      vertex 4.848527908325195 51.15147018432617 14
    endloop
  endfacet
  facet normal -0.6593485406835198 0.751837417197703 0
    outer loop
      vertex 4.730513572692871 51.0479736328125 14
      vertex 4.848527908325195 51.15147018432617 11
      vertex 4.730513572692871 51.0479736328125 11
    endloop
  endfacet
  facet normal 0.7518325049748685 -0.6593541419170841 0
    outer loop
      vertex 3.047975540161133 52.73051452636719 14
      vertex 3.1514711380004883 52.84852600097656 11
      vertex 3.1514711380004883 52.84852600097656 14
    endloop
  endfacet
  facet normal 0.7518325049748685 -0.6593541419170841 0
    outer loop
      vertex 3.1514711380004883 52.84852600097656 11
      vertex 3.047975540161133 52.73051452636719 14
      vertex 3.047975540161133 52.73051452636719 11
    endloop
  endfacet
  facet normal -0.19509953583495104 -0.9807834476157244 0
    outer loop
      vertex 4.156630516052246 53.189735412597656 11
      vertex 4.310582160949707 53.15911102294922 14
      vertex 4.156630516052246 53.189735412597656 14
    endloop
  endfacet
  facet normal -0.19509953583495104 -0.9807834476157244 0
    outer loop
      vertex 4.310582160949707 53.15911102294922 14
      vertex 4.156630516052246 53.189735412597656 11
      vertex 4.310582160949707 53.15911102294922 11
    endloop
  endfacet
  facet normal -0.8314731363647196 -0.5555649588516328 0
    outer loop
      vertex 5.0392303466796875 52.599998474121094 11
      vertex 4.952023506164551 52.73051452636719 14
      vertex 4.952023506164551 52.73051452636719 11
    endloop
  endfacet
  facet normal -0.8314731363647196 -0.5555649588516328 0
    outer loop
      vertex 4.952023506164551 52.73051452636719 14
      vertex 5.0392303466796875 52.599998474121094 11
      vertex 5.0392303466796875 52.599998474121094 14
    endloop
  endfacet
  facet normal -0.3214467551556186 -0.9469276548923491 0
    outer loop
      vertex 4.310582160949707 53.15911102294922 11
      vertex 4.459219932556152 53.1086540222168 14
      vertex 4.310582160949707 53.15911102294922 14
    endloop
  endfacet
  facet normal -0.3214467551556186 -0.9469276548923491 0
    outer loop
      vertex 4.459219932556152 53.1086540222168 14
      vertex 4.310582160949707 53.15911102294922 11
      vertex 4.459219932556152 53.1086540222168 11
    endloop
  endfacet
  facet normal 0.32142496369292944 0.9469350520046235 0
    outer loop
      vertex 3.6894168853759766 50.84088897705078 11
      vertex 3.5407791137695312 50.89134216308594 14
      vertex 3.6894168853759766 50.84088897705078 14
    endloop
  endfacet
  facet normal 0.32142496369292944 0.9469350520046235 0
    outer loop
      vertex 3.5407791137695312 50.89134216308594 14
      vertex 3.6894168853759766 50.84088897705078 11
      vertex 3.5407791137695312 50.89134216308594 11
    endloop
  endfacet
  facet normal 0.946932608949983 -0.3214321609720762 0
    outer loop
      vertex 2.8408889770507812 52.31058120727539 14
      vertex 2.8913440704345703 52.45922088623047 11
      vertex 2.8913440704345703 52.45922088623047 14
    endloop
  endfacet
  facet normal 0.946932608949983 -0.3214321609720762 0
    outer loop
      vertex 2.8913440704345703 52.45922088623047 11
      vertex 2.8408889770507812 52.31058120727539 14
      vertex 2.8408889770507812 52.31058120727539 11
    endloop
  endfacet
  facet normal -0.8968707055018514 -0.4422928188571583 0
    outer loop
      vertex 5.108654975891113 52.45922088623047 11
      vertex 5.0392303466796875 52.599998474121094 14
      vertex 5.0392303466796875 52.599998474121094 11
    endloop
  endfacet
  facet normal -0.8968707055018514 -0.4422928188571583 0
    outer loop
      vertex 5.0392303466796875 52.599998474121094 14
      vertex 5.108654975891113 52.45922088623047 11
      vertex 5.108654975891113 52.45922088623047 14
    endloop
  endfacet
  facet normal 0.06539793663553845 0.9978592635656665 0
    outer loop
      vertex 4 50.79999923706055 11
      vertex 3.8433685302734375 50.810264587402344 14
      vertex 4 50.79999923706055 14
    endloop
  endfacet
  facet normal 0.06539793663553845 0.9978592635656665 0
    outer loop
      vertex 3.8433685302734375 50.810264587402344 14
      vertex 4 50.79999923706055 11
      vertex 3.8433685302734375 50.810264587402344 11
    endloop
  endfacet
  facet normal -0.980785072652826 0.19509136644503502 0
    outer loop
      vertex 5.159110069274902 51.689414978027344 11
      vertex 5.189733505249023 51.84336853027344 14
      vertex 5.189733505249023 51.84336853027344 11
    endloop
  endfacet
  facet normal -0.980785072652826 0.19509136644503502 0
    outer loop
      vertex 5.189733505249023 51.84336853027344 14
      vertex 5.159110069274902 51.689414978027344 11
      vertex 5.159110069274902 51.689414978027344 14
    endloop
  endfacet
  facet normal 0.7518430702914201 0.6593420945569688 0
    outer loop
      vertex 3.1514711380004883 51.15147018432617 14
      vertex 3.047975540161133 51.26948547363281 11
      vertex 3.047975540161133 51.26948547363281 14
    endloop
  endfacet
  facet normal 0.7518430702914201 0.6593420945569688 0
    outer loop
      vertex 3.047975540161133 51.26948547363281 11
      vertex 3.1514711380004883 51.15147018432617 14
      vertex 3.1514711380004883 51.15147018432617 11
    endloop
  endfacet
  facet normal -0.7518325049748685 -0.6593541419170841 0
    outer loop
      vertex 4.952023506164551 52.73051452636719 11
      vertex 4.848527908325195 52.84852600097656 14
      vertex 4.848527908325195 52.84852600097656 11
    endloop
  endfacet
  facet normal -0.7518325049748685 -0.6593541419170841 0
    outer loop
      vertex 4.848527908325195 52.84852600097656 14
      vertex 4.952023506164551 52.73051452636719 11
      vertex 4.952023506164551 52.73051452636719 14
    endloop
  endfacet
  facet normal 0.6593485406835198 -0.751837417197703 0
    outer loop
      vertex 3.1514711380004883 52.84852600097656 11
      vertex 3.2694854736328125 52.952022552490234 14
      vertex 3.1514711380004883 52.84852600097656 14
    endloop
  endfacet
  facet normal 0.6593485406835198 -0.751837417197703 0
    outer loop
      vertex 3.2694854736328125 52.952022552490234 14
      vertex 3.1514711380004883 52.84852600097656 11
      vertex 3.2694854736328125 52.952022552490234 11
    endloop
  endfacet
  facet normal 0.06539793663553845 -0.9978592635656665 0
    outer loop
      vertex 3.8433685302734375 53.189735412597656 11
      vertex 4 53.20000076293945 14
      vertex 3.8433685302734375 53.189735412597656 14
    endloop
  endfacet
  facet normal 0.06539793663553845 -0.9978592635656665 0
    outer loop
      vertex 4 53.20000076293945 14
      vertex 3.8433685302734375 53.189735412597656 11
      vertex 4 53.20000076293945 11
    endloop
  endfacet
  facet normal -0.6593485406835198 -0.751837417197703 0
    outer loop
      vertex 4.730513572692871 52.952022552490234 11
      vertex 4.848527908325195 52.84852600097656 14
      vertex 4.730513572692871 52.952022552490234 14
    endloop
  endfacet
  facet normal -0.6593485406835198 -0.751837417197703 0
    outer loop
      vertex 4.848527908325195 52.84852600097656 14
      vertex 4.730513572692871 52.952022552490234 11
      vertex 4.848527908325195 52.84852600097656 11
    endloop
  endfacet
  facet normal 0.8314731363647196 0.5555649588516328 0
    outer loop
      vertex 3.047975540161133 51.26948547363281 14
      vertex 2.960768699645996 51.400001525878906 11
      vertex 2.960768699645996 51.400001525878906 14
    endloop
  endfacet
  facet normal 0.8314731363647196 0.5555649588516328 0
    outer loop
      vertex 2.960768699645996 51.400001525878906 11
      vertex 3.047975540161133 51.26948547363281 14
      vertex 3.047975540161133 51.26948547363281 11
    endloop
  endfacet
  facet normal -0.32142496369292944 0.9469350520046235 0
    outer loop
      vertex 4.459219932556152 50.89134216308594 11
      vertex 4.310582160949707 50.84088897705078 14
      vertex 4.459219932556152 50.89134216308594 14
    endloop
  endfacet
  facet normal -0.32142496369292944 0.9469350520046235 0
    outer loop
      vertex 4.310582160949707 50.84088897705078 14
      vertex 4.459219932556152 50.89134216308594 11
      vertex 4.310582160949707 50.84088897705078 11
    endloop
  endfacet
  facet normal 0.9978588670652837 0.06540398626374683 0
    outer loop
      vertex 2.81026554107666 51.84336853027344 14
      vertex 2.799999237060547 52 11
      vertex 2.799999237060547 52 14
    endloop
  endfacet
  facet normal 0.9978588670652837 0.06540398626374683 0
    outer loop
      vertex 2.799999237060547 52 11
      vertex 2.81026554107666 51.84336853027344 14
      vertex 2.81026554107666 51.84336853027344 11
    endloop
  endfacet
  facet normal 0.9469300980001302 0.32143955808435276 0
    outer loop
      vertex 2.8913440704345703 51.54077911376953 14
      vertex 2.8408889770507812 51.689414978027344 11
      vertex 2.8408889770507812 51.689414978027344 14
    endloop
  endfacet
  facet normal 0.9469300980001302 0.32143955808435276 0
    outer loop
      vertex 2.8408889770507812 51.689414978027344 11
      vertex 2.8913440704345703 51.54077911376953 14
      vertex 2.8913440704345703 51.54077911376953 11
    endloop
  endfacet
  facet normal 0.44228311154441197 -0.8968754926089759 0
    outer loop
      vertex 3.3999996185302734 53.03923034667969 11
      vertex 3.5407791137695312 53.1086540222168 14
      vertex 3.3999996185302734 53.03923034667969 14
    endloop
  endfacet
  facet normal 0.44228311154441197 -0.8968754926089759 0
    outer loop
      vertex 3.5407791137695312 53.1086540222168 14
      vertex 3.3999996185302734 53.03923034667969 11
      vertex 3.5407791137695312 53.1086540222168 11
    endloop
  endfacet
  facet normal -0.8314731363647196 0.5555649588516328 0
    outer loop
      vertex 4.952023506164551 51.26948547363281 11
      vertex 5.0392303466796875 51.400001525878906 14
      vertex 5.0392303466796875 51.400001525878906 11
    endloop
  endfacet
  facet normal -0.8314731363647196 0.5555649588516328 0
    outer loop
      vertex 5.0392303466796875 51.400001525878906 14
      vertex 4.952023506164551 51.26948547363281 11
      vertex 4.952023506164551 51.26948547363281 14
    endloop
  endfacet
  facet normal -0.44228311154441197 -0.8968754926089759 0
    outer loop
      vertex 4.459219932556152 53.1086540222168 11
      vertex 4.59999942779541 53.03923034667969 14
      vertex 4.459219932556152 53.1086540222168 14
    endloop
  endfacet
  facet normal -0.44228311154441197 -0.8968754926089759 0
    outer loop
      vertex 4.59999942779541 53.03923034667969 14
      vertex 4.459219932556152 53.1086540222168 11
      vertex 4.59999942779541 53.03923034667969 11
    endloop
  endfacet
  facet normal 0.44230265989607015 0.8968658523150835 0
    outer loop
      vertex 3.5407791137695312 50.89134216308594 11
      vertex 3.3999996185302734 50.96076965332031 14
      vertex 3.5407791137695312 50.89134216308594 14
    endloop
  endfacet
  facet normal 0.44230265989607015 0.8968658523150835 0
    outer loop
      vertex 3.3999996185302734 50.96076965332031 14
      vertex 3.5407791137695312 50.89134216308594 11
      vertex 3.3999996185302734 50.96076965332031 11
    endloop
  endfacet
  facet normal -0.7518430702914201 0.6593420945569688 0
    outer loop
      vertex 4.848527908325195 51.15147018432617 11
      vertex 4.952023506164551 51.26948547363281 14
      vertex 4.952023506164551 51.26948547363281 11
    endloop
  endfacet
  facet normal -0.7518430702914201 0.6593420945569688 0
    outer loop
      vertex 4.952023506164551 51.26948547363281 14
      vertex 4.848527908325195 51.15147018432617 11
      vertex 4.848527908325195 51.15147018432617 14
    endloop
  endfacet
  facet normal -0.5555747722149755 -0.8314665792912412 0
    outer loop
      vertex 4.59999942779541 53.03923034667969 11
      vertex 4.730513572692871 52.952022552490234 14
      vertex 4.59999942779541 53.03923034667969 14
    endloop
  endfacet
  facet normal -0.5555747722149755 -0.8314665792912412 0
    outer loop
      vertex 4.730513572692871 52.952022552490234 14
      vertex 4.59999942779541 53.03923034667969 11
      vertex 4.730513572692871 52.952022552490234 11
    endloop
  endfacet
  facet normal 0.980785072652826 0.19509136644503502 0
    outer loop
      vertex 2.8408889770507812 51.689414978027344 14
      vertex 2.81026554107666 51.84336853027344 11
      vertex 2.81026554107666 51.84336853027344 14
    endloop
  endfacet
  facet normal 0.980785072652826 0.19509136644503502 0
    outer loop
      vertex 2.81026554107666 51.84336853027344 11
      vertex 2.8408889770507812 51.689414978027344 14
      vertex 2.8408889770507812 51.689414978027344 11
    endloop
  endfacet
  facet normal -0.9469300980001302 0.32143955808435276 0
    outer loop
      vertex 5.108654975891113 51.54077911376953 11
      vertex 5.159110069274902 51.689414978027344 14
      vertex 5.159110069274902 51.689414978027344 11
    endloop
  endfacet
  facet normal -0.9469300980001302 0.32143955808435276 0
    outer loop
      vertex 5.159110069274902 51.689414978027344 14
      vertex 5.108654975891113 51.54077911376953 11
      vertex 5.108654975891113 51.54077911376953 14
    endloop
  endfacet
  facet normal -0.06539833312013894 -0.9978592375806856 0
    outer loop
      vertex 4 53.20000076293945 11
      vertex 4.156630516052246 53.189735412597656 14
      vertex 4 53.20000076293945 14
    endloop
  endfacet
  facet normal -0.06539833312013894 -0.9978592375806856 0
    outer loop
      vertex 4.156630516052246 53.189735412597656 14
      vertex 4 53.20000076293945 11
      vertex 4.156630516052246 53.189735412597656 11
    endloop
  endfacet
  facet normal 0.6593485406835198 0.751837417197703 0
    outer loop
      vertex 3.2694854736328125 51.0479736328125 11
      vertex 3.1514711380004883 51.15147018432617 14
      vertex 3.2694854736328125 51.0479736328125 14
    endloop
  endfacet
  facet normal 0.6593485406835198 0.751837417197703 0
    outer loop
      vertex 3.1514711380004883 51.15147018432617 14
      vertex 3.2694854736328125 51.0479736328125 11
      vertex 3.1514711380004883 51.15147018432617 11
    endloop
  endfacet
  facet normal 0.9807841476653768 -0.195096016587475 0
    outer loop
      vertex 2.81026554107666 52.15663146972656 14
      vertex 2.8408889770507812 52.31058120727539 11
      vertex 2.8408889770507812 52.31058120727539 14
    endloop
  endfacet
  facet normal 0.9807841476653768 -0.195096016587475 0
    outer loop
      vertex 2.8408889770507812 52.31058120727539 11
      vertex 2.81026554107666 52.15663146972656 14
      vertex 2.81026554107666 52.15663146972656 11
    endloop
  endfacet
  facet normal 0.8968707055018514 0.4422928188571583 0
    outer loop
      vertex 2.960768699645996 51.400001525878906 14
      vertex 2.8913440704345703 51.54077911376953 11
      vertex 2.8913440704345703 51.54077911376953 14
    endloop
  endfacet
  facet normal 0.8968707055018514 0.4422928188571583 0
    outer loop
      vertex 2.8913440704345703 51.54077911376953 11
      vertex 2.960768699645996 51.400001525878906 14
      vertex 2.960768699645996 51.400001525878906 11
    endloop
  endfacet
  facet normal 0.8968707055018514 -0.4422928188571583 0
    outer loop
      vertex 2.8913440704345703 52.45922088623047 14
      vertex 2.960768699645996 52.599998474121094 11
      vertex 2.960768699645996 52.599998474121094 14
    endloop
  endfacet
  facet normal 0.8968707055018514 -0.4422928188571583 0
    outer loop
      vertex 2.960768699645996 52.599998474121094 11
      vertex 2.8913440704345703 52.45922088623047 14
      vertex 2.8913440704345703 52.45922088623047 11
    endloop
  endfacet
  facet normal 0.19509953583495104 -0.9807834476157244 0
    outer loop
      vertex 3.6894168853759766 53.15911102294922 11
      vertex 3.8433685302734375 53.189735412597656 14
      vertex 3.6894168853759766 53.15911102294922 14
    endloop
  endfacet
  facet normal 0.19509953583495104 -0.9807834476157244 0
    outer loop
      vertex 3.8433685302734375 53.189735412597656 14
      vertex 3.6894168853759766 53.15911102294922 11
      vertex 3.8433685302734375 53.189735412597656 11
    endloop
  endfacet
  facet normal 0.3214467551556186 -0.9469276548923491 0
    outer loop
      vertex 3.5407791137695312 53.1086540222168 11
      vertex 3.6894168853759766 53.15911102294922 14
      vertex 3.5407791137695312 53.1086540222168 14
    endloop
  endfacet
  facet normal 0.3214467551556186 -0.9469276548923491 0
    outer loop
      vertex 3.6894168853759766 53.15911102294922 14
      vertex 3.5407791137695312 53.1086540222168 11
      vertex 3.6894168853759766 53.15911102294922 11
    endloop
  endfacet
  facet normal 0.9978588670652837 -0.06540398626374683 0
    outer loop
      vertex 2.799999237060547 52 14
      vertex 2.81026554107666 52.15663146972656 11
      vertex 2.81026554107666 52.15663146972656 14
    endloop
  endfacet
  facet normal 0.9978588670652837 -0.06540398626374683 0
    outer loop
      vertex 2.81026554107666 52.15663146972656 11
      vertex 2.799999237060547 52 14
      vertex 2.799999237060547 52 11
    endloop
  endfacet
  facet normal 0.19509953583495104 0.9807834476157244 0
    outer loop
      vertex 3.8433685302734375 50.810264587402344 11
      vertex 3.6894168853759766 50.84088897705078 14
      vertex 3.8433685302734375 50.810264587402344 14
    endloop
  endfacet
  facet normal 0.19509953583495104 0.9807834476157244 0
    outer loop
      vertex 3.6894168853759766 50.84088897705078 14
      vertex 3.8433685302734375 50.810264587402344 11
      vertex 3.6894168853759766 50.84088897705078 11
    endloop
  endfacet
  facet normal -0.19509953583495104 0.9807834476157244 0
    outer loop
      vertex 4.310582160949707 50.84088897705078 11
      vertex 4.156630516052246 50.810264587402344 14
      vertex 4.310582160949707 50.84088897705078 14
    endloop
  endfacet
  facet normal -0.19509953583495104 0.9807834476157244 0
    outer loop
      vertex 4.156630516052246 50.810264587402344 14
      vertex 4.310582160949707 50.84088897705078 11
      vertex 4.156630516052246 50.810264587402344 11
    endloop
  endfacet
  facet normal 0.5555579708067604 0.8314778055204329 0
    outer loop
      vertex 3.3999996185302734 50.96076965332031 11
      vertex 3.2694854736328125 51.0479736328125 14
      vertex 3.3999996185302734 50.96076965332031 14
    endloop
  endfacet
  facet normal 0.5555579708067604 0.8314778055204329 0
    outer loop
      vertex 3.2694854736328125 51.0479736328125 14
      vertex 3.3999996185302734 50.96076965332031 11
      vertex 3.2694854736328125 51.0479736328125 11
    endloop
  endfacet
  facet normal -0.9807834476157244 -0.19509953583495104 0
    outer loop
      vertex 63.189735412597656 4.156630516052246 11
      vertex 63.15911102294922 4.310582160949707 14
      vertex 63.15911102294922 4.310582160949707 11
    endloop
  endfacet
  facet normal -0.9807834476157244 -0.19509953583495104 0
    outer loop
      vertex 63.15911102294922 4.310582160949707 14
      vertex 63.189735412597656 4.156630516052246 11
      vertex 63.189735412597656 4.156630516052246 14
    endloop
  endfacet
  facet normal -0.9978592375806856 -0.06539833312013894 0
    outer loop
      vertex 63.20000076293945 4 11
      vertex 63.189735412597656 4.156630516052246 14
      vertex 63.189735412597656 4.156630516052246 11
    endloop
  endfacet
  facet normal -0.9978592375806856 -0.06539833312013894 0
    outer loop
      vertex 63.189735412597656 4.156630516052246 14
      vertex 63.20000076293945 4 11
      vertex 63.20000076293945 4 14
    endloop
  endfacet
  facet normal -0.9469276548923491 -0.3214467551556186 0
    outer loop
      vertex 63.15911102294922 4.310582160949707 11
      vertex 63.1086540222168 4.459219932556152 14
      vertex 63.1086540222168 4.459219932556152 11
    endloop
  endfacet
  facet normal -0.9469276548923491 -0.3214467551556186 0
    outer loop
      vertex 63.1086540222168 4.459219932556152 14
      vertex 63.15911102294922 4.310582160949707 11
      vertex 63.15911102294922 4.310582160949707 14
    endloop
  endfacet
  facet normal -0.9807834476157244 0.19509953583495104 0
    outer loop
      vertex 63.15911102294922 3.6894168853759766 11
      vertex 63.189735412597656 3.8433685302734375 14
      vertex 63.189735412597656 3.8433685302734375 11
    endloop
  endfacet
  facet normal -0.9807834476157244 0.19509953583495104 0
    outer loop
      vertex 63.189735412597656 3.8433685302734375 14
      vertex 63.15911102294922 3.6894168853759766 11
      vertex 63.15911102294922 3.6894168853759766 14
    endloop
  endfacet
  facet normal 0.06540398626374683 0.9978588670652837 0
    outer loop
      vertex 62 2.799999237060547 11
      vertex 61.84336853027344 2.81026554107666 14
      vertex 62 2.799999237060547 14
    endloop
  endfacet
  facet normal 0.06540398626374683 0.9978588670652837 0
    outer loop
      vertex 61.84336853027344 2.81026554107666 14
      vertex 62 2.799999237060547 11
      vertex 61.84336853027344 2.81026554107666 11
    endloop
  endfacet
  facet normal -0.9978592635656665 0.06539793663553845 0
    outer loop
      vertex 63.189735412597656 3.8433685302734375 11
      vertex 63.20000076293945 4 14
      vertex 63.20000076293945 4 11
    endloop
  endfacet
  facet normal -0.9978592635656665 0.06539793663553845 0
    outer loop
      vertex 63.20000076293945 4 14
      vertex 63.189735412597656 3.8433685302734375 11
      vertex 63.189735412597656 3.8433685302734375 14
    endloop
  endfacet
  facet normal 0.9807834476157244 -0.19509953583495104 0
    outer loop
      vertex 60.810264587402344 4.156630516052246 14
      vertex 60.84088897705078 4.310582160949707 11
      vertex 60.84088897705078 4.310582160949707 14
    endloop
  endfacet
  facet normal 0.9807834476157244 -0.19509953583495104 0
    outer loop
      vertex 60.84088897705078 4.310582160949707 11
      vertex 60.810264587402344 4.156630516052246 14
      vertex 60.810264587402344 4.156630516052246 11
    endloop
  endfacet
  facet normal -0.6593541419170841 0.7518325049748685 0
    outer loop
      vertex 62.84852600097656 3.1514711380004883 11
      vertex 62.73051452636719 3.047975540161133 14
      vertex 62.84852600097656 3.1514711380004883 14
    endloop
  endfacet
  facet normal -0.6593541419170841 0.7518325049748685 0
    outer loop
      vertex 62.73051452636719 3.047975540161133 14
      vertex 62.84852600097656 3.1514711380004883 11
      vertex 62.73051452636719 3.047975540161133 11
    endloop
  endfacet
  facet normal -0.4422928188571583 0.8968707055018514 0
    outer loop
      vertex 62.599998474121094 2.960768699645996 11
      vertex 62.45922088623047 2.8913440704345703 14
      vertex 62.599998474121094 2.960768699645996 14
    endloop
  endfacet
  facet normal -0.4422928188571583 0.8968707055018514 0
    outer loop
      vertex 62.45922088623047 2.8913440704345703 14
      vertex 62.599998474121094 2.960768699645996 11
      vertex 62.45922088623047 2.8913440704345703 11
    endloop
  endfacet
  facet normal 0.19509136644503502 -0.980785072652826 0
    outer loop
      vertex 61.689414978027344 5.159110069274902 11
      vertex 61.84336853027344 5.189733505249023 14
      vertex 61.689414978027344 5.159110069274902 14
    endloop
  endfacet
  facet normal 0.19509136644503502 -0.980785072652826 0
    outer loop
      vertex 61.84336853027344 5.189733505249023 14
      vertex 61.689414978027344 5.159110069274902 11
      vertex 61.84336853027344 5.189733505249023 11
    endloop
  endfacet
  facet normal 0.8314778055204329 -0.5555579708067604 0
    outer loop
      vertex 60.96076965332031 4.59999942779541 14
      vertex 61.0479736328125 4.730513572692871 11
      vertex 61.0479736328125 4.730513572692871 14
    endloop
  endfacet
  facet normal 0.8314778055204329 -0.5555579708067604 0
    outer loop
      vertex 61.0479736328125 4.730513572692871 11
      vertex 60.96076965332031 4.59999942779541 14
      vertex 60.96076965332031 4.59999942779541 11
    endloop
  endfacet
  facet normal -0.751837417197703 0.6593485406835198 0
    outer loop
      vertex 62.84852600097656 3.1514711380004883 11
      vertex 62.952022552490234 3.2694854736328125 14
      vertex 62.952022552490234 3.2694854736328125 11
    endloop
  endfacet
  facet normal -0.751837417197703 0.6593485406835198 0
    outer loop
      vertex 62.952022552490234 3.2694854736328125 14
      vertex 62.84852600097656 3.1514711380004883 11
      vertex 62.84852600097656 3.1514711380004883 14
    endloop
  endfacet
  facet normal -0.195096016587475 -0.9807841476653768 0
    outer loop
      vertex 62.15663146972656 5.189733505249023 11
      vertex 62.31058120727539 5.159110069274902 14
      vertex 62.15663146972656 5.189733505249023 14
    endloop
  endfacet
  facet normal -0.195096016587475 -0.9807841476653768 0
    outer loop
      vertex 62.31058120727539 5.159110069274902 14
      vertex 62.15663146972656 5.189733505249023 11
      vertex 62.31058120727539 5.159110069274902 11
    endloop
  endfacet
  facet normal -0.06540398626374683 -0.9978588670652837 0
    outer loop
      vertex 62 5.199999809265137 11
      vertex 62.15663146972656 5.189733505249023 14
      vertex 62 5.199999809265137 14
    endloop
  endfacet
  facet normal -0.06540398626374683 -0.9978588670652837 0
    outer loop
      vertex 62.15663146972656 5.189733505249023 14
      vertex 62 5.199999809265137 11
      vertex 62.15663146972656 5.189733505249023 11
    endloop
  endfacet
  facet normal -0.8314665792912412 -0.5555747722149755 0
    outer loop
      vertex 63.03923034667969 4.59999942779541 11
      vertex 62.952022552490234 4.730513572692871 14
      vertex 62.952022552490234 4.730513572692871 11
    endloop
  endfacet
  facet normal -0.8314665792912412 -0.5555747722149755 0
    outer loop
      vertex 62.952022552490234 4.730513572692871 14
      vertex 63.03923034667969 4.59999942779541 11
      vertex 63.03923034667969 4.59999942779541 14
    endloop
  endfacet
  facet normal 0.9978592375806856 -0.06539833312013894 0
    outer loop
      vertex 60.79999923706055 4 14
      vertex 60.810264587402344 4.156630516052246 11
      vertex 60.810264587402344 4.156630516052246 14
    endloop
  endfacet
  facet normal 0.9978592375806856 -0.06539833312013894 0
    outer loop
      vertex 60.810264587402344 4.156630516052246 11
      vertex 60.79999923706055 4 14
      vertex 60.79999923706055 4 11
    endloop
  endfacet
  facet normal 0.5555649588516328 -0.8314731363647196 0
    outer loop
      vertex 61.26948547363281 4.952023506164551 11
      vertex 61.400001525878906 5.0392303466796875 14
      vertex 61.26948547363281 4.952023506164551 14
    endloop
  endfacet
  facet normal 0.5555649588516328 -0.8314731363647196 0
    outer loop
      vertex 61.400001525878906 5.0392303466796875 14
      vertex 61.26948547363281 4.952023506164551 11
      vertex 61.400001525878906 5.0392303466796875 11
    endloop
  endfacet
  facet normal -0.6593541419170841 -0.7518325049748685 0
    outer loop
      vertex 62.73051452636719 4.952023506164551 11
      vertex 62.84852600097656 4.848527908325195 14
      vertex 62.73051452636719 4.952023506164551 14
    endloop
  endfacet
  facet normal -0.6593541419170841 -0.7518325049748685 0
    outer loop
      vertex 62.84852600097656 4.848527908325195 14
      vertex 62.73051452636719 4.952023506164551 11
      vertex 62.84852600097656 4.848527908325195 11
    endloop
  endfacet
  facet normal 0.32143955808435276 0.9469300980001302 0
    outer loop
      vertex 61.689414978027344 2.8408889770507812 11
      vertex 61.54077911376953 2.8913440704345703 14
      vertex 61.689414978027344 2.8408889770507812 14
    endloop
  endfacet
  facet normal 0.32143955808435276 0.9469300980001302 0
    outer loop
      vertex 61.54077911376953 2.8913440704345703 14
      vertex 61.689414978027344 2.8408889770507812 11
      vertex 61.54077911376953 2.8913440704345703 11
    endloop
  endfacet
  facet normal -0.195096016587475 0.9807841476653768 0
    outer loop
      vertex 62.31058120727539 2.8408889770507812 11
      vertex 62.15663146972656 2.81026554107666 14
      vertex 62.31058120727539 2.8408889770507812 14
    endloop
  endfacet
  facet normal -0.195096016587475 0.9807841476653768 0
    outer loop
      vertex 62.15663146972656 2.81026554107666 14
      vertex 62.31058120727539 2.8408889770507812 11
      vertex 62.15663146972656 2.81026554107666 11
    endloop
  endfacet
  facet normal -0.8968754926089759 -0.44228311154441197 0
    outer loop
      vertex 63.1086540222168 4.459219932556152 11
      vertex 63.03923034667969 4.59999942779541 14
      vertex 63.03923034667969 4.59999942779541 11
    endloop
  endfacet
  facet normal -0.8968754926089759 -0.44228311154441197 0
    outer loop
      vertex 63.03923034667969 4.59999942779541 14
      vertex 63.1086540222168 4.459219932556152 11
      vertex 63.1086540222168 4.459219932556152 14
    endloop
  endfacet
  facet normal 0.4422928188571583 -0.8968707055018514 0
    outer loop
      vertex 61.400001525878906 5.0392303466796875 11
      vertex 61.54077911376953 5.108654975891113 14
      vertex 61.400001525878906 5.0392303466796875 14
    endloop
  endfacet
  facet normal 0.4422928188571583 -0.8968707055018514 0
    outer loop
      vertex 61.54077911376953 5.108654975891113 14
      vertex 61.400001525878906 5.0392303466796875 11
      vertex 61.54077911376953 5.108654975891113 11
    endloop
  endfacet
  facet normal 0.6593420945569688 0.7518430702914201 0
    outer loop
      vertex 61.26948547363281 3.047975540161133 11
      vertex 61.15147018432617 3.1514711380004883 14
      vertex 61.26948547363281 3.047975540161133 14
    endloop
  endfacet
  facet normal 0.6593420945569688 0.7518430702914201 0
    outer loop
      vertex 61.15147018432617 3.1514711380004883 14
      vertex 61.26948547363281 3.047975540161133 11
      vertex 61.15147018432617 3.1514711380004883 11
    endloop
  endfacet
  facet normal -0.751837417197703 -0.6593485406835198 0
    outer loop
      vertex 62.952022552490234 4.730513572692871 11
      vertex 62.84852600097656 4.848527908325195 14
      vertex 62.84852600097656 4.848527908325195 11
    endloop
  endfacet
  facet normal -0.751837417197703 -0.6593485406835198 0
    outer loop
      vertex 62.84852600097656 4.848527908325195 14
      vertex 62.952022552490234 4.730513572692871 11
      vertex 62.952022552490234 4.730513572692871 14
    endloop
  endfacet
  facet normal 0.19509136644503502 0.980785072652826 0
    outer loop
      vertex 61.84336853027344 2.81026554107666 11
      vertex 61.689414978027344 2.8408889770507812 14
      vertex 61.84336853027344 2.81026554107666 14
    endloop
  endfacet
  facet normal 0.19509136644503502 0.980785072652826 0
    outer loop
      vertex 61.689414978027344 2.8408889770507812 14
      vertex 61.84336853027344 2.81026554107666 11
      vertex 61.689414978027344 2.8408889770507812 11
    endloop
  endfacet
  facet normal -0.3214321609720762 -0.946932608949983 0
    outer loop
      vertex 62.31058120727539 5.159110069274902 11
      vertex 62.45922088623047 5.108654975891113 14
      vertex 62.31058120727539 5.159110069274902 14
    endloop
  endfacet
  facet normal -0.3214321609720762 -0.946932608949983 0
    outer loop
      vertex 62.45922088623047 5.108654975891113 14
      vertex 62.31058120727539 5.159110069274902 11
      vertex 62.45922088623047 5.108654975891113 11
    endloop
  endfacet
  facet normal 0.4422928188571583 0.8968707055018514 0
    outer loop
      vertex 61.54077911376953 2.8913440704345703 11
      vertex 61.400001525878906 2.960768699645996 14
      vertex 61.54077911376953 2.8913440704345703 14
    endloop
  endfacet
  facet normal 0.4422928188571583 0.8968707055018514 0
    outer loop
      vertex 61.400001525878906 2.960768699645996 14
      vertex 61.54077911376953 2.8913440704345703 11
      vertex 61.400001525878906 2.960768699645996 11
    endloop
  endfacet
  facet normal 0.6593420945569688 -0.7518430702914201 0
    outer loop
      vertex 61.15147018432617 4.848527908325195 11
      vertex 61.26948547363281 4.952023506164551 14
      vertex 61.15147018432617 4.848527908325195 14
    endloop
  endfacet
  facet normal 0.6593420945569688 -0.7518430702914201 0
    outer loop
      vertex 61.26948547363281 4.952023506164551 14
      vertex 61.15147018432617 4.848527908325195 11
      vertex 61.26948547363281 4.952023506164551 11
    endloop
  endfacet
  facet normal -0.4422928188571583 -0.8968707055018514 0
    outer loop
      vertex 62.45922088623047 5.108654975891113 11
      vertex 62.599998474121094 5.0392303466796875 14
      vertex 62.45922088623047 5.108654975891113 14
    endloop
  endfacet
  facet normal -0.4422928188571583 -0.8968707055018514 0
    outer loop
      vertex 62.599998474121094 5.0392303466796875 14
      vertex 62.45922088623047 5.108654975891113 11
      vertex 62.599998474121094 5.0392303466796875 11
    endloop
  endfacet
  facet normal -0.8968754926089759 0.44228311154441197 0
    outer loop
      vertex 63.03923034667969 3.3999996185302734 11
      vertex 63.1086540222168 3.5407791137695312 14
      vertex 63.1086540222168 3.5407791137695312 11
    endloop
  endfacet
  facet normal -0.8968754926089759 0.44228311154441197 0
    outer loop
      vertex 63.1086540222168 3.5407791137695312 14
      vertex 63.03923034667969 3.3999996185302734 11
      vertex 63.03923034667969 3.3999996185302734 14
    endloop
  endfacet
  facet normal -0.5555649588516328 -0.8314731363647196 0
    outer loop
      vertex 62.599998474121094 5.0392303466796875 11
      vertex 62.73051452636719 4.952023506164551 14
      vertex 62.599998474121094 5.0392303466796875 14
    endloop
  endfacet
  facet normal -0.5555649588516328 -0.8314731363647196 0
    outer loop
      vertex 62.73051452636719 4.952023506164551 14
      vertex 62.599998474121094 5.0392303466796875 11
      vertex 62.73051452636719 4.952023506164551 11
    endloop
  endfacet
  facet normal 0.9469350520046235 -0.32142496369292944 0
    outer loop
      vertex 60.84088897705078 4.310582160949707 14
      vertex 60.89134216308594 4.459219932556152 11
      vertex 60.89134216308594 4.459219932556152 14
    endloop
  endfacet
  facet normal 0.9469350520046235 -0.32142496369292944 0
    outer loop
      vertex 60.89134216308594 4.459219932556152 11
      vertex 60.84088897705078 4.310582160949707 14
      vertex 60.84088897705078 4.310582160949707 11
    endloop
  endfacet
  facet normal 0.751837417197703 0.6593485406835198 0
    outer loop
      vertex 61.15147018432617 3.1514711380004883 14
      vertex 61.0479736328125 3.2694854736328125 11
      vertex 61.0479736328125 3.2694854736328125 14
    endloop
  endfacet
  facet normal 0.751837417197703 0.6593485406835198 0
    outer loop
      vertex 61.0479736328125 3.2694854736328125 11
      vertex 61.15147018432617 3.1514711380004883 14
      vertex 61.15147018432617 3.1514711380004883 11
    endloop
  endfacet
  facet normal 0.8968658523150835 0.44230265989607015 0
    outer loop
      vertex 60.96076965332031 3.3999996185302734 14
      vertex 60.89134216308594 3.5407791137695312 11
      vertex 60.89134216308594 3.5407791137695312 14
    endloop
  endfacet
  facet normal 0.8968658523150835 0.44230265989607015 0
    outer loop
      vertex 60.89134216308594 3.5407791137695312 11
      vertex 60.96076965332031 3.3999996185302734 14
      vertex 60.96076965332031 3.3999996185302734 11
    endloop
  endfacet
  facet normal -0.9469276548923491 0.3214467551556186 0
    outer loop
      vertex 63.1086540222168 3.5407791137695312 11
      vertex 63.15911102294922 3.6894168853759766 14
      vertex 63.15911102294922 3.6894168853759766 11
    endloop
  endfacet
  facet normal -0.9469276548923491 0.3214467551556186 0
    outer loop
      vertex 63.15911102294922 3.6894168853759766 14
      vertex 63.1086540222168 3.5407791137695312 11
      vertex 63.1086540222168 3.5407791137695312 14
    endloop
  endfacet
  facet normal 0.751837417197703 -0.6593485406835198 0
    outer loop
      vertex 61.0479736328125 4.730513572692871 14
      vertex 61.15147018432617 4.848527908325195 11
      vertex 61.15147018432617 4.848527908325195 14
    endloop
  endfacet
  facet normal 0.751837417197703 -0.6593485406835198 0
    outer loop
      vertex 61.15147018432617 4.848527908325195 11
      vertex 61.0479736328125 4.730513572692871 14
      vertex 61.0479736328125 4.730513572692871 11
    endloop
  endfacet
  facet normal 0.32143955808435276 -0.9469300980001302 0
    outer loop
      vertex 61.54077911376953 5.108654975891113 11
      vertex 61.689414978027344 5.159110069274902 14
      vertex 61.54077911376953 5.108654975891113 14
    endloop
  endfacet
  facet normal 0.32143955808435276 -0.9469300980001302 0
    outer loop
      vertex 61.689414978027344 5.159110069274902 14
      vertex 61.54077911376953 5.108654975891113 11
      vertex 61.689414978027344 5.159110069274902 11
    endloop
  endfacet
  facet normal 0.06540398626374683 -0.9978588670652837 0
    outer loop
      vertex 61.84336853027344 5.189733505249023 11
      vertex 62 5.199999809265137 14
      vertex 61.84336853027344 5.189733505249023 14
    endloop
  endfacet
  facet normal 0.06540398626374683 -0.9978588670652837 0
    outer loop
      vertex 62 5.199999809265137 14
      vertex 61.84336853027344 5.189733505249023 11
      vertex 62 5.199999809265137 11
    endloop
  endfacet
  facet normal 0.8314778055204329 0.5555579708067604 0
    outer loop
      vertex 61.0479736328125 3.2694854736328125 14
      vertex 60.96076965332031 3.3999996185302734 11
      vertex 60.96076965332031 3.3999996185302734 14
    endloop
  endfacet
  facet normal 0.8314778055204329 0.5555579708067604 0
    outer loop
      vertex 60.96076965332031 3.3999996185302734 11
      vertex 61.0479736328125 3.2694854736328125 14
      vertex 61.0479736328125 3.2694854736328125 11
    endloop
  endfacet
  facet normal -0.5555649588516328 0.8314731363647196 0
    outer loop
      vertex 62.73051452636719 3.047975540161133 11
      vertex 62.599998474121094 2.960768699645996 14
      vertex 62.73051452636719 3.047975540161133 14
    endloop
  endfacet
  facet normal -0.5555649588516328 0.8314731363647196 0
    outer loop
      vertex 62.599998474121094 2.960768699645996 14
      vertex 62.73051452636719 3.047975540161133 11
      vertex 62.599998474121094 2.960768699645996 11
    endloop
  endfacet
  facet normal -0.06540398626374683 0.9978588670652837 0
    outer loop
      vertex 62.15663146972656 2.81026554107666 11
      vertex 62 2.799999237060547 14
      vertex 62.15663146972656 2.81026554107666 14
    endloop
  endfacet
  facet normal -0.06540398626374683 0.9978588670652837 0
    outer loop
      vertex 62 2.799999237060547 14
      vertex 62.15663146972656 2.81026554107666 11
      vertex 62 2.799999237060547 11
    endloop
  endfacet
  facet normal 0.9978592635656665 0.06539793663553845 0
    outer loop
      vertex 60.810264587402344 3.8433685302734375 14
      vertex 60.79999923706055 4 11
      vertex 60.79999923706055 4 14
    endloop
  endfacet
  facet normal 0.9978592635656665 0.06539793663553845 0
    outer loop
      vertex 60.79999923706055 4 11
      vertex 60.810264587402344 3.8433685302734375 14
      vertex 60.810264587402344 3.8433685302734375 11
    endloop
  endfacet
  facet normal 0.9807834476157244 0.19509953583495104 0
    outer loop
      vertex 60.84088897705078 3.6894168853759766 14
      vertex 60.810264587402344 3.8433685302734375 11
      vertex 60.810264587402344 3.8433685302734375 14
    endloop
  endfacet
  facet normal 0.9807834476157244 0.19509953583495104 0
    outer loop
      vertex 60.810264587402344 3.8433685302734375 11
      vertex 60.84088897705078 3.6894168853759766 14
      vertex 60.84088897705078 3.6894168853759766 11
    endloop
  endfacet
  facet normal -0.3214321609720762 0.946932608949983 0
    outer loop
      vertex 62.45922088623047 2.8913440704345703 11
      vertex 62.31058120727539 2.8408889770507812 14
      vertex 62.45922088623047 2.8913440704345703 14
    endloop
  endfacet
  facet normal -0.3214321609720762 0.946932608949983 0
    outer loop
      vertex 62.31058120727539 2.8408889770507812 14
      vertex 62.45922088623047 2.8913440704345703 11
      vertex 62.31058120727539 2.8408889770507812 11
    endloop
  endfacet
  facet normal 0.8968658523150835 -0.44230265989607015 0
    outer loop
      vertex 60.89134216308594 4.459219932556152 14
      vertex 60.96076965332031 4.59999942779541 11
      vertex 60.96076965332031 4.59999942779541 14
    endloop
  endfacet
  facet normal 0.8968658523150835 -0.44230265989607015 0
    outer loop
      vertex 60.96076965332031 4.59999942779541 11
      vertex 60.89134216308594 4.459219932556152 14
      vertex 60.89134216308594 4.459219932556152 11
    endloop
  endfacet
  facet normal -0.8314665792912412 0.5555747722149755 0
    outer loop
      vertex 62.952022552490234 3.2694854736328125 11
      vertex 63.03923034667969 3.3999996185302734 14
      vertex 63.03923034667969 3.3999996185302734 11
    endloop
  endfacet
  facet normal -0.8314665792912412 0.5555747722149755 0
    outer loop
      vertex 63.03923034667969 3.3999996185302734 14
      vertex 62.952022552490234 3.2694854736328125 11
      vertex 62.952022552490234 3.2694854736328125 14
    endloop
  endfacet
  facet normal 0.9469350520046235 0.32142496369292944 0
    outer loop
      vertex 60.89134216308594 3.5407791137695312 14
      vertex 60.84088897705078 3.6894168853759766 11
      vertex 60.84088897705078 3.6894168853759766 14
    endloop
  endfacet
  facet normal 0.9469350520046235 0.32142496369292944 0
    outer loop
      vertex 60.84088897705078 3.6894168853759766 11
      vertex 60.89134216308594 3.5407791137695312 14
      vertex 60.89134216308594 3.5407791137695312 11
    endloop
  endfacet
  facet normal 0.5555649588516328 0.8314731363647196 0
    outer loop
      vertex 61.400001525878906 2.960768699645996 11
      vertex 61.26948547363281 3.047975540161133 14
      vertex 61.400001525878906 2.960768699645996 14
    endloop
  endfacet
  facet normal 0.5555649588516328 0.8314731363647196 0
    outer loop
      vertex 61.26948547363281 3.047975540161133 14
      vertex 61.400001525878906 2.960768699645996 11
      vertex 61.26948547363281 3.047975540161133 11
    endloop
  endfacet
  facet normal 0.9978592635656665 0.06539793663553845 0
    outer loop
      vertex 60.810264587402344 51.84336853027344 14
      vertex 60.79999923706055 52 11
      vertex 60.79999923706055 52 14
    endloop
  endfacet
  facet normal 0.9978592635656665 0.06539793663553845 0
    outer loop
      vertex 60.79999923706055 52 11
      vertex 60.810264587402344 51.84336853027344 14
      vertex 60.810264587402344 51.84336853027344 11
    endloop
  endfacet
  facet normal -0.5555691591353422 -0.8314703298480642 0
    outer loop
      vertex 62.599998474121094 53.03923034667969 11
      vertex 62.73051452636719 52.952022552490234 14
      vertex 62.599998474121094 53.03923034667969 14
    endloop
  endfacet
  facet normal -0.5555691591353422 -0.8314703298480642 0
    outer loop
      vertex 62.73051452636719 52.952022552490234 14
      vertex 62.599998474121094 53.03923034667969 11
      vertex 62.73051452636719 52.952022552490234 11
    endloop
  endfacet
  facet normal -0.7518294931051926 -0.659357576203678 0
    outer loop
      vertex 62.952022552490234 52.73051452636719 11
      vertex 62.84852600097656 52.84852600097656 14
      vertex 62.84852600097656 52.84852600097656 11
    endloop
  endfacet
  facet normal -0.7518294931051926 -0.659357576203678 0
    outer loop
      vertex 62.84852600097656 52.84852600097656 14
      vertex 62.952022552490234 52.73051452636719 11
      vertex 62.952022552490234 52.73051452636719 14
    endloop
  endfacet
  facet normal 0.8314815559010489 0.5555523577453083 0
    outer loop
      vertex 61.0479736328125 51.26948547363281 14
      vertex 60.96076965332031 51.400001525878906 11
      vertex 60.96076965332031 51.400001525878906 14
    endloop
  endfacet
  facet normal 0.8314815559010489 0.5555523577453083 0
    outer loop
      vertex 60.96076965332031 51.400001525878906 11
      vertex 61.0479736328125 51.26948547363281 14
      vertex 61.0479736328125 51.26948547363281 11
    endloop
  endfacet
  facet normal 0.3214504538483388 -0.9469263993155419 0
    outer loop
      vertex 61.54077911376953 53.1086540222168 11
      vertex 61.689414978027344 53.15911102294922 14
      vertex 61.54077911376953 53.1086540222168 14
    endloop
  endfacet
  facet normal 0.3214504538483388 -0.9469263993155419 0
    outer loop
      vertex 61.689414978027344 53.15911102294922 14
      vertex 61.54077911376953 53.1086540222168 11
      vertex 61.689414978027344 53.15911102294922 11
    endloop
  endfacet
  facet normal -0.9978592635656665 0.06539793663553845 0
    outer loop
      vertex 63.189735412597656 51.84336853027344 11
      vertex 63.20000076293945 52 14
      vertex 63.20000076293945 52 11
    endloop
  endfacet
  facet normal -0.9978592635656665 0.06539793663553845 0
    outer loop
      vertex 63.20000076293945 52 14
      vertex 63.189735412597656 51.84336853027344 11
      vertex 63.189735412597656 51.84336853027344 14
    endloop
  endfacet
  facet normal 0.9469363073776726 -0.32142126527337606 0
    outer loop
      vertex 60.84088897705078 52.31058120727539 14
      vertex 60.89134216308594 52.45922088623047 11
      vertex 60.89134216308594 52.45922088623047 14
    endloop
  endfacet
  facet normal 0.9469363073776726 -0.32142126527337606 0
    outer loop
      vertex 60.89134216308594 52.45922088623047 11
      vertex 60.84088897705078 52.31058120727539 14
      vertex 60.84088897705078 52.31058120727539 11
    endloop
  endfacet
  facet normal -0.9978592635656665 -0.06539793663553845 0
    outer loop
      vertex 63.20000076293945 52 11
      vertex 63.189735412597656 52.15663146972656 14
      vertex 63.189735412597656 52.15663146972656 11
    endloop
  endfacet
  facet normal -0.9978592635656665 -0.06539793663553845 0
    outer loop
      vertex 63.189735412597656 52.15663146972656 14
      vertex 63.20000076293945 52 11
      vertex 63.20000076293945 52 14
    endloop
  endfacet
  facet normal -0.19510186099747218 -0.98078298508657 0
    outer loop
      vertex 62.15663146972656 53.189735412597656 11
      vertex 62.31058120727539 53.15911102294922 14
      vertex 62.15663146972656 53.189735412597656 14
    endloop
  endfacet
  facet normal -0.19510186099747218 -0.98078298508657 0
    outer loop
      vertex 62.31058120727539 53.15911102294922 14
      vertex 62.15663146972656 53.189735412597656 11
      vertex 62.31058120727539 53.15911102294922 11
    endloop
  endfacet
  facet normal 0.6593455288773353 -0.7518400584894815 0
    outer loop
      vertex 61.15147018432617 52.84852600097656 11
      vertex 61.26948547363281 52.952022552490234 14
      vertex 61.15147018432617 52.84852600097656 14
    endloop
  endfacet
  facet normal 0.6593455288773353 -0.7518400584894815 0
    outer loop
      vertex 61.26948547363281 52.952022552490234 14
      vertex 61.15147018432617 52.84852600097656 11
      vertex 61.26948547363281 52.952022552490234 11
    endloop
  endfacet
  facet normal -0.9469263993155419 0.3214504538483388 0
    outer loop
      vertex 63.1086540222168 51.54077911376953 11
      vertex 63.15911102294922 51.689414978027344 14
      vertex 63.15911102294922 51.689414978027344 11
    endloop
  endfacet
  facet normal -0.9469263993155419 0.3214504538483388 0
    outer loop
      vertex 63.15911102294922 51.689414978027344 14
      vertex 63.1086540222168 51.54077911376953 11
      vertex 63.1086540222168 51.54077911376953 14
    endloop
  endfacet
  facet normal 0.8314815559010489 -0.5555523577453083 0
    outer loop
      vertex 60.96076965332031 52.599998474121094 14
      vertex 61.0479736328125 52.73051452636719 11
      vertex 61.0479736328125 52.73051452636719 14
    endloop
  endfacet
  facet normal 0.8314815559010489 -0.5555523577453083 0
    outer loop
      vertex 61.0479736328125 52.73051452636719 11
      vertex 60.96076965332031 52.599998474121094 14
      vertex 60.96076965332031 52.599998474121094 11
    endloop
  endfacet
  facet normal -0.98078298508657 -0.19510186099747218 0
    outer loop
      vertex 63.189735412597656 52.15663146972656 11
      vertex 63.15911102294922 52.31058120727539 14
      vertex 63.15911102294922 52.31058120727539 11
    endloop
  endfacet
  facet normal -0.98078298508657 -0.19510186099747218 0
    outer loop
      vertex 63.15911102294922 52.31058120727539 14
      vertex 63.189735412597656 52.15663146972656 11
      vertex 63.189735412597656 52.15663146972656 14
    endloop
  endfacet
  facet normal -0.3214430565431097 -0.9469289104258161 0
    outer loop
      vertex 62.31058120727539 53.15911102294922 11
      vertex 62.45922088623047 53.1086540222168 14
      vertex 62.31058120727539 53.15911102294922 14
    endloop
  endfacet
  facet normal -0.3214430565431097 -0.9469289104258161 0
    outer loop
      vertex 62.45922088623047 53.1086540222168 14
      vertex 62.31058120727539 53.15911102294922 11
      vertex 62.45922088623047 53.1086540222168 11
    endloop
  endfacet
  facet normal 0.7518400584894815 0.6593455288773353 0
    outer loop
      vertex 61.15147018432617 51.15147018432617 14
      vertex 61.0479736328125 51.26948547363281 11
      vertex 61.0479736328125 51.26948547363281 14
    endloop
  endfacet
  facet normal 0.7518400584894815 0.6593455288773353 0
    outer loop
      vertex 61.0479736328125 51.26948547363281 11
      vertex 61.15147018432617 51.15147018432617 14
      vertex 61.15147018432617 51.15147018432617 11
    endloop
  endfacet
  facet normal -0.896873115600952 -0.4422879316827912 0
    outer loop
      vertex 63.1086540222168 52.45922088623047 11
      vertex 63.03923034667969 52.599998474121094 14
      vertex 63.03923034667969 52.599998474121094 11
    endloop
  endfacet
  facet normal -0.896873115600952 -0.4422879316827912 0
    outer loop
      vertex 63.03923034667969 52.599998474121094 14
      vertex 63.1086540222168 52.45922088623047 11
      vertex 63.1086540222168 52.45922088623047 14
    endloop
  endfacet
  facet normal 0.5555691591353422 -0.8314703298480642 0
    outer loop
      vertex 61.26948547363281 52.952022552490234 11
      vertex 61.400001525878906 53.03923034667969 14
      vertex 61.26948547363281 52.952022552490234 14
    endloop
  endfacet
  facet normal 0.5555691591353422 -0.8314703298480642 0
    outer loop
      vertex 61.400001525878906 53.03923034667969 14
      vertex 61.26948547363281 52.952022552490234 11
      vertex 61.400001525878906 53.03923034667969 11
    endloop
  endfacet
  facet normal 0.19509721072675387 0.9807839101283424 0
    outer loop
      vertex 61.84336853027344 50.810264587402344 11
      vertex 61.689414978027344 50.84088897705078 14
      vertex 61.84336853027344 50.810264587402344 14
    endloop
  endfacet
  facet normal 0.19509721072675387 0.9807839101283424 0
    outer loop
      vertex 61.689414978027344 50.84088897705078 14
      vertex 61.84336853027344 50.810264587402344 11
      vertex 61.689414978027344 50.84088897705078 11
    endloop
  endfacet
  facet normal -0.9469289104258161 -0.3214430565431097 0
    outer loop
      vertex 63.15911102294922 52.31058120727539 11
      vertex 63.1086540222168 52.45922088623047 14
      vertex 63.1086540222168 52.45922088623047 11
    endloop
  endfacet
  facet normal -0.9469289104258161 -0.3214430565431097 0
    outer loop
      vertex 63.1086540222168 52.45922088623047 14
      vertex 63.15911102294922 52.31058120727539 11
      vertex 63.15911102294922 52.31058120727539 14
    endloop
  endfacet
  facet normal 0.06539793663553845 0.9978592635656665 0
    outer loop
      vertex 62 50.79999923706055 11
      vertex 61.84336853027344 50.810264587402344 14
      vertex 62 50.79999923706055 14
    endloop
  endfacet
  facet normal 0.06539793663553845 0.9978592635656665 0
    outer loop
      vertex 61.84336853027344 50.810264587402344 14
      vertex 62 50.79999923706055 11
      vertex 61.84336853027344 50.810264587402344 11
    endloop
  endfacet
  facet normal 0.8968634751224865 0.44230748014386667 0
    outer loop
      vertex 60.96076965332031 51.400001525878906 14
      vertex 60.89134216308594 51.54077911376953 11
      vertex 60.89134216308594 51.54077911376953 14
    endloop
  endfacet
  facet normal 0.8968634751224865 0.44230748014386667 0
    outer loop
      vertex 60.89134216308594 51.54077911376953 11
      vertex 60.96076965332031 51.400001525878906 14
      vertex 60.96076965332031 51.400001525878906 11
    endloop
  endfacet
  facet normal -0.659357576203678 -0.7518294931051926 0
    outer loop
      vertex 62.73051452636719 52.952022552490234 11
      vertex 62.84852600097656 52.84852600097656 14
      vertex 62.73051452636719 52.952022552490234 14
    endloop
  endfacet
  facet normal -0.659357576203678 -0.7518294931051926 0
    outer loop
      vertex 62.84852600097656 52.84852600097656 14
      vertex 62.73051452636719 52.952022552490234 11
      vertex 62.84852600097656 52.84852600097656 11
    endloop
  endfacet
  facet normal 0.06539793663553845 -0.9978592635656665 0
    outer loop
      vertex 61.84336853027344 53.189735412597656 11
      vertex 62 53.20000076293945 14
      vertex 61.84336853027344 53.189735412597656 14
    endloop
  endfacet
  facet normal 0.06539793663553845 -0.9978592635656665 0
    outer loop
      vertex 62 53.20000076293945 14
      vertex 61.84336853027344 53.189735412597656 11
      vertex 62 53.20000076293945 11
    endloop
  endfacet
  facet normal -0.8314703298480642 -0.5555691591353422 0
    outer loop
      vertex 63.03923034667969 52.599998474121094 11
      vertex 62.952022552490234 52.73051452636719 14
      vertex 62.952022552490234 52.73051452636719 11
    endloop
  endfacet
  facet normal -0.8314703298480642 -0.5555691591353422 0
    outer loop
      vertex 62.952022552490234 52.73051452636719 14
      vertex 63.03923034667969 52.599998474121094 11
      vertex 63.03923034667969 52.599998474121094 14
    endloop
  endfacet
  facet normal 0.8968634751224865 -0.44230748014386667 0
    outer loop
      vertex 60.89134216308594 52.45922088623047 14
      vertex 60.96076965332031 52.599998474121094 11
      vertex 60.96076965332031 52.599998474121094 14
    endloop
  endfacet
  facet normal 0.8968634751224865 -0.44230748014386667 0
    outer loop
      vertex 60.96076965332031 52.599998474121094 11
      vertex 60.89134216308594 52.45922088623047 14
      vertex 60.89134216308594 52.45922088623047 11
    endloop
  endfacet
  facet normal 0.7518294931051926 -0.659357576203678 0
    outer loop
      vertex 61.0479736328125 52.73051452636719 14
      vertex 61.15147018432617 52.84852600097656 11
      vertex 61.15147018432617 52.84852600097656 14
    endloop
  endfacet
  facet normal 0.7518294931051926 -0.659357576203678 0
    outer loop
      vertex 61.15147018432617 52.84852600097656 11
      vertex 61.0479736328125 52.73051452636719 14
      vertex 61.0479736328125 52.73051452636719 11
    endloop
  endfacet
  facet normal 0.19509721072675387 -0.9807839101283424 0
    outer loop
      vertex 61.689414978027344 53.15911102294922 11
      vertex 61.84336853027344 53.189735412597656 14
      vertex 61.689414978027344 53.15911102294922 14
    endloop
  endfacet
  facet normal 0.19509721072675387 -0.9807839101283424 0
    outer loop
      vertex 61.84336853027344 53.189735412597656 14
      vertex 61.689414978027344 53.15911102294922 11
      vertex 61.84336853027344 53.189735412597656 11
    endloop
  endfacet
  facet normal -0.06539793663553845 -0.9978592635656665 0
    outer loop
      vertex 62 53.20000076293945 11
      vertex 62.15663146972656 53.189735412597656 14
      vertex 62 53.20000076293945 14
    endloop
  endfacet
  facet normal -0.06539793663553845 -0.9978592635656665 0
    outer loop
      vertex 62.15663146972656 53.189735412597656 14
      vertex 62 53.20000076293945 11
      vertex 62.15663146972656 53.189735412597656 11
    endloop
  endfacet
  facet normal -0.659357576203678 0.7518294931051926 0
    outer loop
      vertex 62.84852600097656 51.15147018432617 11
      vertex 62.73051452636719 51.0479736328125 14
      vertex 62.84852600097656 51.15147018432617 14
    endloop
  endfacet
  facet normal -0.659357576203678 0.7518294931051926 0
    outer loop
      vertex 62.73051452636719 51.0479736328125 14
      vertex 62.84852600097656 51.15147018432617 11
      vertex 62.73051452636719 51.0479736328125 11
    endloop
  endfacet
  facet normal 0.9807839101283424 0.19509721072675387 0
    outer loop
      vertex 60.84088897705078 51.689414978027344 14
      vertex 60.810264587402344 51.84336853027344 11
      vertex 60.810264587402344 51.84336853027344 14
    endloop
  endfacet
  facet normal 0.9807839101283424 0.19509721072675387 0
    outer loop
      vertex 60.810264587402344 51.84336853027344 11
      vertex 60.84088897705078 51.689414978027344 14
      vertex 60.84088897705078 51.689414978027344 11
    endloop
  endfacet
  facet normal 0.4422879316827912 -0.896873115600952 0
    outer loop
      vertex 61.400001525878906 53.03923034667969 11
      vertex 61.54077911376953 53.1086540222168 14
      vertex 61.400001525878906 53.03923034667969 14
    endloop
  endfacet
  facet normal 0.4422879316827912 -0.896873115600952 0
    outer loop
      vertex 61.54077911376953 53.1086540222168 14
      vertex 61.400001525878906 53.03923034667969 11
      vertex 61.54077911376953 53.1086540222168 11
    endloop
  endfacet
  facet normal -0.4422879316827912 -0.896873115600952 0
    outer loop
      vertex 62.45922088623047 53.1086540222168 11
      vertex 62.599998474121094 53.03923034667969 14
      vertex 62.45922088623047 53.1086540222168 14
    endloop
  endfacet
  facet normal -0.4422879316827912 -0.896873115600952 0
    outer loop
      vertex 62.599998474121094 53.03923034667969 14
      vertex 62.45922088623047 53.1086540222168 11
      vertex 62.599998474121094 53.03923034667969 11
    endloop
  endfacet
  facet normal -0.896873115600952 0.4422879316827912 0
    outer loop
      vertex 63.03923034667969 51.400001525878906 11
      vertex 63.1086540222168 51.54077911376953 14
      vertex 63.1086540222168 51.54077911376953 11
    endloop
  endfacet
  facet normal -0.896873115600952 0.4422879316827912 0
    outer loop
      vertex 63.1086540222168 51.54077911376953 14
      vertex 63.03923034667969 51.400001525878906 11
      vertex 63.03923034667969 51.400001525878906 14
    endloop
  endfacet
  facet normal -0.06539793663553845 0.9978592635656665 0
    outer loop
      vertex 62.15663146972656 50.810264587402344 11
      vertex 62 50.79999923706055 14
      vertex 62.15663146972656 50.810264587402344 14
    endloop
  endfacet
  facet normal -0.06539793663553845 0.9978592635656665 0
    outer loop
      vertex 62 50.79999923706055 14
      vertex 62.15663146972656 50.810264587402344 11
      vertex 62 50.79999923706055 11
    endloop
  endfacet
  facet normal 0.98078298508657 -0.19510186099747218 0
    outer loop
      vertex 60.810264587402344 52.15663146972656 14
      vertex 60.84088897705078 52.31058120727539 11
      vertex 60.84088897705078 52.31058120727539 14
    endloop
  endfacet
  facet normal 0.98078298508657 -0.19510186099747218 0
    outer loop
      vertex 60.84088897705078 52.31058120727539 11
      vertex 60.810264587402344 52.15663146972656 14
      vertex 60.810264587402344 52.15663146972656 11
    endloop
  endfacet
  facet normal -0.44230748014386667 0.8968634751224865 0
    outer loop
      vertex 62.599998474121094 50.96076965332031 11
      vertex 62.45922088623047 50.89134216308594 14
      vertex 62.599998474121094 50.96076965332031 14
    endloop
  endfacet
  facet normal -0.44230748014386667 0.8968634751224865 0
    outer loop
      vertex 62.45922088623047 50.89134216308594 14
      vertex 62.599998474121094 50.96076965332031 11
      vertex 62.45922088623047 50.89134216308594 11
    endloop
  endfacet
  facet normal -0.9807839101283424 0.19509721072675387 0
    outer loop
      vertex 63.15911102294922 51.689414978027344 11
      vertex 63.189735412597656 51.84336853027344 14
      vertex 63.189735412597656 51.84336853027344 11
    endloop
  endfacet
  facet normal -0.9807839101283424 0.19509721072675387 0
    outer loop
      vertex 63.189735412597656 51.84336853027344 14
      vertex 63.15911102294922 51.689414978027344 11
      vertex 63.15911102294922 51.689414978027344 14
    endloop
  endfacet
  facet normal -0.5555523577453083 0.8314815559010489 0
    outer loop
      vertex 62.73051452636719 51.0479736328125 11
      vertex 62.599998474121094 50.96076965332031 14
      vertex 62.73051452636719 51.0479736328125 14
    endloop
  endfacet
  facet normal -0.5555523577453083 0.8314815559010489 0
    outer loop
      vertex 62.599998474121094 50.96076965332031 14
      vertex 62.73051452636719 51.0479736328125 11
      vertex 62.599998474121094 50.96076965332031 11
    endloop
  endfacet
  facet normal -0.8314703298480642 0.5555691591353422 0
    outer loop
      vertex 62.952022552490234 51.26948547363281 11
      vertex 63.03923034667969 51.400001525878906 14
      vertex 63.03923034667969 51.400001525878906 11
    endloop
  endfacet
  facet normal -0.8314703298480642 0.5555691591353422 0
    outer loop
      vertex 63.03923034667969 51.400001525878906 14
      vertex 62.952022552490234 51.26948547363281 11
      vertex 62.952022552490234 51.26948547363281 14
    endloop
  endfacet
  facet normal -0.32142126527337606 0.9469363073776726 0
    outer loop
      vertex 62.45922088623047 50.89134216308594 11
      vertex 62.31058120727539 50.84088897705078 14
      vertex 62.45922088623047 50.89134216308594 14
    endloop
  endfacet
  facet normal -0.32142126527337606 0.9469363073776726 0
    outer loop
      vertex 62.31058120727539 50.84088897705078 14
      vertex 62.45922088623047 50.89134216308594 11
      vertex 62.31058120727539 50.84088897705078 11
    endloop
  endfacet
  facet normal 0.9978592635656665 -0.06539793663553845 0
    outer loop
      vertex 60.79999923706055 52 14
      vertex 60.810264587402344 52.15663146972656 11
      vertex 60.810264587402344 52.15663146972656 14
    endloop
  endfacet
  facet normal 0.9978592635656665 -0.06539793663553845 0
    outer loop
      vertex 60.810264587402344 52.15663146972656 11
      vertex 60.79999923706055 52 14
      vertex 60.79999923706055 52 11
    endloop
  endfacet
  facet normal 0.6593455288773353 0.7518400584894815 0
    outer loop
      vertex 61.26948547363281 51.0479736328125 11
      vertex 61.15147018432617 51.15147018432617 14
      vertex 61.26948547363281 51.0479736328125 14
    endloop
  endfacet
  facet normal 0.6593455288773353 0.7518400584894815 0
    outer loop
      vertex 61.15147018432617 51.15147018432617 14
      vertex 61.26948547363281 51.0479736328125 11
      vertex 61.15147018432617 51.15147018432617 11
    endloop
  endfacet
  facet normal 0.9469337965882391 0.32142866219269195 0
    outer loop
      vertex 60.89134216308594 51.54077911376953 14
      vertex 60.84088897705078 51.689414978027344 11
      vertex 60.84088897705078 51.689414978027344 14
    endloop
  endfacet
  facet normal 0.9469337965882391 0.32142866219269195 0
    outer loop
      vertex 60.84088897705078 51.689414978027344 11
      vertex 60.89134216308594 51.54077911376953 14
      vertex 60.89134216308594 51.54077911376953 11
    endloop
  endfacet
  facet normal -0.19510186099747218 0.98078298508657 0
    outer loop
      vertex 62.31058120727539 50.84088897705078 11
      vertex 62.15663146972656 50.810264587402344 14
      vertex 62.31058120727539 50.84088897705078 14
    endloop
  endfacet
  facet normal -0.19510186099747218 0.98078298508657 0
    outer loop
      vertex 62.15663146972656 50.810264587402344 14
      vertex 62.31058120727539 50.84088897705078 11
      vertex 62.15663146972656 50.810264587402344 11
    endloop
  endfacet
  facet normal -0.7518400584894815 0.6593455288773353 0
    outer loop
      vertex 62.84852600097656 51.15147018432617 11
      vertex 62.952022552490234 51.26948547363281 14
      vertex 62.952022552490234 51.26948547363281 11
    endloop
  endfacet
  facet normal -0.7518400584894815 0.6593455288773353 0
    outer loop
      vertex 62.952022552490234 51.26948547363281 14
      vertex 62.84852600097656 51.15147018432617 11
      vertex 62.84852600097656 51.15147018432617 14
    endloop
  endfacet
  facet normal 0.44230748014386667 0.8968634751224865 0
    outer loop
      vertex 61.54077911376953 50.89134216308594 11
      vertex 61.400001525878906 50.96076965332031 14
      vertex 61.54077911376953 50.89134216308594 14
    endloop
  endfacet
  facet normal 0.44230748014386667 0.8968634751224865 0
    outer loop
      vertex 61.400001525878906 50.96076965332031 14
      vertex 61.54077911376953 50.89134216308594 11
      vertex 61.400001525878906 50.96076965332031 11
    endloop
  endfacet
  facet normal 0.5555523577453083 0.8314815559010489 0
    outer loop
      vertex 61.400001525878906 50.96076965332031 11
      vertex 61.26948547363281 51.0479736328125 14
      vertex 61.400001525878906 50.96076965332031 14
    endloop
  endfacet
  facet normal 0.5555523577453083 0.8314815559010489 0
    outer loop
      vertex 61.26948547363281 51.0479736328125 14
      vertex 61.400001525878906 50.96076965332031 11
      vertex 61.26948547363281 51.0479736328125 11
    endloop
  endfacet
  facet normal 0.32142866219269195 0.9469337965882391 0
    outer loop
      vertex 61.689414978027344 50.84088897705078 11
      vertex 61.54077911376953 50.89134216308594 14
      vertex 61.689414978027344 50.84088897705078 14
    endloop
  endfacet
  facet normal 0.32142866219269195 0.9469337965882391 0
    outer loop
      vertex 61.54077911376953 50.89134216308594 14
      vertex 61.689414978027344 50.84088897705078 11
      vertex 61.54077911376953 50.89134216308594 11
    endloop
  endfacet
  facet normal 1 0 0
    outer loop
      vertex -7.5 18.849998474121094 2.5
      vertex -7.5 16.56052589416504 -0.09999942779541016
      vertex -7.5 18.849998474121094 -0.8999996185302734
    endloop
  endfacet
  facet normal 1 0 0
    outer loop
      vertex -7.5 16.149999618530273 2.5
      vertex -7.5 16.56052589416504 -0.09999942779541016
      vertex -7.5 18.849998474121094 2.5
    endloop
  endfacet
  facet normal 1 0 0
    outer loop
      vertex -7.5 16.56052589416504 -0.09999942779541016
      vertex -7.5 16.149999618530273 2.5
      vertex -7.5 16.149999618530273 -0.09999942779541016
    endloop
  endfacet
  facet normal 1 0 0
    outer loop
      vertex -7.5 18.849998474121094 -0.8999996185302734
      vertex -7.5 16.56052589416504 -0.09999942779541016
      vertex -7.5 16.244735717773438 -0.8999996185302734
    endloop
  endfacet
  facet normal 0 0 1
    outer loop
      vertex -9.5 18.849998474121094 -3.4999990463256836
      vertex -6.299999237060547 16.149999618530273 -3.4999990463256836
      vertex -6.299999237060547 18.849998474121094 -3.4999990463256836
    endloop
  endfacet
  facet normal 0 0 1
    outer loop
      vertex -6.299999237060547 16.149999618530273 -3.4999990463256836
      vertex -9.5 18.849998474121094 -3.4999990463256836
      vertex -9.5 16.149999618530273 -3.4999990463256836
    endloop
  endfacet
  facet normal 0 -1 0
    outer loop
      vertex -7.5 18.849998474121094 2.5
      vertex -6.821190357208252 18.849998474121094 0.14999961853027344
      vertex -6.821190357208252 18.849998474121094 2.5
    endloop
  endfacet
  facet normal 0 -1 0
    outer loop
      vertex -7.5 18.849998474121094 -0.8999996185302734
      vertex -6.821190357208252 18.849998474121094 0.14999961853027344
      vertex -7.5 18.849998474121094 2.5
    endloop
  endfacet
  facet normal 0 -1 0
    outer loop
      vertex -6.299999237060547 18.849998474121094 -0.8999996185302734
      vertex -6.821190357208252 18.849998474121094 0.14999961853027344
      vertex -7.5 18.849998474121094 -0.8999996185302734
    endloop
  endfacet
  facet normal 0 -1 0
    outer loop
      vertex -6.821190357208252 18.849998474121094 0.14999961853027344
      vertex -6.299999237060547 18.849998474121094 -0.8999996185302734
      vertex -6.299999237060547 18.849998474121094 0.14999961853027344
    endloop
  endfacet
  facet normal 0 -1 0
    outer loop
      vertex -9.5 18.849998474121094 -3.4999990463256836
      vertex -6.299999237060547 18.849998474121094 -1.8999996185302734
      vertex -9.5 18.849998474121094 -1.8999996185302734
    endloop
  endfacet
  facet normal 0 -1 0
    outer loop
      vertex -6.299999237060547 18.849998474121094 -1.8999996185302734
      vertex -9.5 18.849998474121094 -3.4999990463256836
      vertex -6.299999237060547 18.849998474121094 -3.4999990463256836
    endloop
  endfacet
  facet normal 0 1 0
    outer loop
      vertex -6.299999237060547 16.149999618530273 0.7537875175476074
      vertex -6.47499942779541 16.149999618530273 0.7370834350585938
      vertex -6.449999809265137 16.149999618530273 0.7537875175476074
    endloop
  endfacet
  facet normal 0 1 0
    outer loop
      vertex -6.299999237060547 16.149999618530273 0.7537875175476074
      vertex -6.551255226135254 16.149999618530273 0.6994781494140625
      vertex -6.47499942779541 16.149999618530273 0.7370834350585938
    endloop
  endfacet
  facet normal 0 1 0
    outer loop
      vertex -6.299999237060547 16.149999618530273 -0.09999942779541016
      vertex -6.551255226135254 16.149999618530273 0.6994781494140625
      vertex -6.299999237060547 16.149999618530273 0.7537875175476074
    endloop
  endfacet
  facet normal 0 1 0
    outer loop
      vertex -6.715157508850098 16.149999618530273 0.6555604934692383
      vertex -6.299999237060547 16.149999618530273 -0.09999942779541016
      vertex -6.799999237060547 16.149999618530273 0.6499996185302734
    endloop
  endfacet
  facet normal 0 1 0
    outer loop
      vertex -6.631767272949219 16.149999618530273 0.6721477508544922
      vertex -6.299999237060547 16.149999618530273 -0.09999942779541016
      vertex -6.715157508850098 16.149999618530273 0.6555604934692383
    endloop
  endfacet
  facet normal 0 1 0
    outer loop
      vertex -6.551255226135254 16.149999618530273 0.6994781494140625
      vertex -6.299999237060547 16.149999618530273 -0.09999942779541016
      vertex -6.631767272949219 16.149999618530273 0.6721477508544922
    endloop
  endfacet
  facet normal 0 1 0
    outer loop
      vertex -6.8848419189453125 16.149999618530273 1.9444389343261719
      vertex -6.299999237060547 16.149999618530273 2.5
      vertex -6.799999237060547 16.149999618530273 1.9499998092651367
    endloop
  endfacet
  facet normal 0 1 0
    outer loop
      vertex -6.299999237060547 16.149999618530273 2.5
      vertex -6.715157508850098 16.149999618530273 1.9444389343261719
      vertex -6.799999237060547 16.149999618530273 1.9499998092651367
    endloop
  endfacet
  facet normal 0 1 0
    outer loop
      vertex -6.299999237060547 16.149999618530273 2.5
      vertex -6.631767272949219 16.149999618530273 1.927851676940918
      vertex -6.715157508850098 16.149999618530273 1.9444389343261719
    endloop
  endfacet
  facet normal 0 1 0
    outer loop
      vertex -6.299999237060547 16.149999618530273 2.5
      vertex -6.551255226135254 16.149999618530273 1.9005212783813477
      vertex -6.631767272949219 16.149999618530273 1.927851676940918
    endloop
  endfacet
  facet normal 0 1 0
    outer loop
      vertex -6.299999237060547 16.149999618530273 2.5
      vertex -6.47499942779541 16.149999618530273 1.8629159927368164
      vertex -6.551255226135254 16.149999618530273 1.9005212783813477
    endloop
  endfacet
  facet normal 0 1 0
    outer loop
      vertex -6.299999237060547 16.149999618530273 1.8462119102478027
      vertex -6.47499942779541 16.149999618530273 1.8629159927368164
      vertex -6.299999237060547 16.149999618530273 2.5
    endloop
  endfacet
  facet normal 0 1 0
    outer loop
      vertex -6.47499942779541 16.149999618530273 1.8629159927368164
      vertex -6.299999237060547 16.149999618530273 1.8462119102478027
      vertex -6.449999809265137 16.149999618530273 1.8462119102478027
    endloop
  endfacet
  facet normal 0 1 0
    outer loop
      vertex -6.299999237060547 16.149999618530273 2.5
      vertex -6.8848419189453125 16.149999618530273 1.9444389343261719
      vertex -7.5 16.149999618530273 2.5
    endloop
  endfacet
  facet normal 0 1 0
    outer loop
      vertex -6.968232154846191 16.149999618530273 1.927851676940918
      vertex -7.5 16.149999618530273 2.5
      vertex -6.8848419189453125 16.149999618530273 1.9444389343261719
    endloop
  endfacet
  facet normal 0 1 0
    outer loop
      vertex -7.048744201660156 16.149999618530273 1.9005212783813477
      vertex -7.5 16.149999618530273 2.5
      vertex -6.968232154846191 16.149999618530273 1.927851676940918
    endloop
  endfacet
  facet normal 0 1 0
    outer loop
      vertex -7.124999046325684 16.149999618530273 1.8629159927368164
      vertex -7.5 16.149999618530273 2.5
      vertex -7.048744201660156 16.149999618530273 1.9005212783813477
    endloop
  endfacet
  facet normal 0 1 0
    outer loop
      vertex -7.195694923400879 16.149999618530273 1.8156795501708984
      vertex -7.5 16.149999618530273 2.5
      vertex -7.124999046325684 16.149999618530273 1.8629159927368164
    endloop
  endfacet
  facet normal 0 1 0
    outer loop
      vertex -7.259618759155273 16.149999618530273 1.7596187591552734
      vertex -7.5 16.149999618530273 2.5
      vertex -7.195694923400879 16.149999618530273 1.8156795501708984
    endloop
  endfacet
  facet normal 0 1 0
    outer loop
      vertex -7.315679550170898 16.149999618530273 1.695694923400879
      vertex -7.5 16.149999618530273 2.5
      vertex -7.259618759155273 16.149999618530273 1.7596187591552734
    endloop
  endfacet
  facet normal 0 1 0
    outer loop
      vertex -7.362915992736816 16.149999618530273 1.625
      vertex -7.5 16.149999618530273 2.5
      vertex -7.315679550170898 16.149999618530273 1.695694923400879
    endloop
  endfacet
  facet normal 0 1 0
    outer loop
      vertex -7.400521278381348 16.149999618530273 1.5487442016601562
      vertex -7.5 16.149999618530273 2.5
      vertex -7.362915992736816 16.149999618530273 1.625
    endloop
  endfacet
  facet normal 0 1 0
    outer loop
      vertex -7.427851676940918 16.149999618530273 1.4682321548461914
      vertex -7.5 16.149999618530273 2.5
      vertex -7.400521278381348 16.149999618530273 1.5487442016601562
    endloop
  endfacet
  facet normal 0 1 0
    outer loop
      vertex -7.444438934326172 16.149999618530273 1.3848419189453125
      vertex -7.5 16.149999618530273 2.5
      vertex -7.427851676940918 16.149999618530273 1.4682321548461914
    endloop
  endfacet
  facet normal 0 1 0
    outer loop
      vertex -7.449999809265137 16.149999618530273 1.2999992370605469
      vertex -7.5 16.149999618530273 2.5
      vertex -7.444438934326172 16.149999618530273 1.3848419189453125
    endloop
  endfacet
  facet normal 0 1 0
    outer loop
      vertex -6.299999237060547 16.149999618530273 -0.09999942779541016
      vertex -6.8848419189453125 16.149999618530273 0.6555604934692383
      vertex -6.799999237060547 16.149999618530273 0.6499996185302734
    endloop
  endfacet
  facet normal 0 1 0
    outer loop
      vertex -7.5 16.149999618530273 -0.09999942779541016
      vertex -6.8848419189453125 16.149999618530273 0.6555604934692383
      vertex -6.299999237060547 16.149999618530273 -0.09999942779541016
    endloop
  endfacet
  facet normal 0 1 0
    outer loop
      vertex -6.8848419189453125 16.149999618530273 0.6555604934692383
      vertex -7.5 16.149999618530273 -0.09999942779541016
      vertex -6.968232154846191 16.149999618530273 0.6721477508544922
    endloop
  endfacet
  facet normal 0 1 0
    outer loop
      vertex -6.968232154846191 16.149999618530273 0.6721477508544922
      vertex -7.5 16.149999618530273 -0.09999942779541016
      vertex -7.048744201660156 16.149999618530273 0.6994781494140625
    endloop
  endfacet
  facet normal 0 1 0
    outer loop
      vertex -7.048744201660156 16.149999618530273 0.6994781494140625
      vertex -7.5 16.149999618530273 -0.09999942779541016
      vertex -7.124999046325684 16.149999618530273 0.7370834350585938
    endloop
  endfacet
  facet normal 0 1 0
    outer loop
      vertex -7.124999046325684 16.149999618530273 0.7370834350585938
      vertex -7.5 16.149999618530273 -0.09999942779541016
      vertex -7.195694923400879 16.149999618530273 0.7843198776245117
    endloop
  endfacet
  facet normal 0 1 0
    outer loop
      vertex -7.449999809265137 16.149999618530273 1.2999992370605469
      vertex -7.5 16.149999618530273 -0.09999942779541016
      vertex -7.5 16.149999618530273 2.5
    endloop
  endfacet
  facet normal 0 1 0
    outer loop
      vertex -7.444438934326172 16.149999618530273 1.2151575088500977
      vertex -7.5 16.149999618530273 -0.09999942779541016
      vertex -7.449999809265137 16.149999618530273 1.2999992370605469
    endloop
  endfacet
  facet normal 0 1 0
    outer loop
      vertex -7.427851676940918 16.149999618530273 1.1317672729492188
      vertex -7.5 16.149999618530273 -0.09999942779541016
      vertex -7.444438934326172 16.149999618530273 1.2151575088500977
    endloop
  endfacet
  facet normal 0 1 0
    outer loop
      vertex -7.400521278381348 16.149999618530273 1.051255226135254
      vertex -7.5 16.149999618530273 -0.09999942779541016
      vertex -7.427851676940918 16.149999618530273 1.1317672729492188
    endloop
  endfacet
  facet normal 0 1 0
    outer loop
      vertex -7.362915992736816 16.149999618530273 0.9749994277954102
      vertex -7.5 16.149999618530273 -0.09999942779541016
      vertex -7.400521278381348 16.149999618530273 1.051255226135254
    endloop
  endfacet
  facet normal 0 1 0
    outer loop
      vertex -7.315679550170898 16.149999618530273 0.9043045043945312
      vertex -7.5 16.149999618530273 -0.09999942779541016
      vertex -7.362915992736816 16.149999618530273 0.9749994277954102
    endloop
  endfacet
  facet normal 0 1 0
    outer loop
      vertex -7.259618759155273 16.149999618530273 0.8403797149658203
      vertex -7.5 16.149999618530273 -0.09999942779541016
      vertex -7.315679550170898 16.149999618530273 0.9043045043945312
    endloop
  endfacet
  facet normal 0 1 0
    outer loop
      vertex -7.195694923400879 16.149999618530273 0.7843198776245117
      vertex -7.5 16.149999618530273 -0.09999942779541016
      vertex -7.259618759155273 16.149999618530273 0.8403797149658203
    endloop
  endfacet
  facet normal 0 1 0
    outer loop
      vertex -6.299999237060547 16.149999618530273 -3.4999990463256836
      vertex -9.5 16.149999618530273 -1.8999996185302734
      vertex -6.299999237060547 16.149999618530273 -1.8999996185302734
    endloop
  endfacet
  facet normal 0 1 0
    outer loop
      vertex -9.5 16.149999618530273 -1.8999996185302734
      vertex -6.299999237060547 16.149999618530273 -3.4999990463256836
      vertex -9.5 16.149999618530273 -3.4999990463256836
    endloop
  endfacet
  facet normal -1 0 0
    outer loop
      vertex -6.299999237060547 18.849998474121094 -3.4999990463256836
      vertex -6.299999237060547 17.91357421875 -2.59999942779541
      vertex -6.299999237060547 18.849998474121094 -1.8999996185302734
    endloop
  endfacet
  facet normal -1 0 0
    outer loop
      vertex -6.299999237060547 18.849998474121094 -3.4999990463256836
      vertex -6.299999237060547 17.08642578125 -2.59999942779541
      vertex -6.299999237060547 17.91357421875 -2.59999942779541
    endloop
  endfacet
  facet normal -1 0 0
    outer loop
      vertex -6.299999237060547 16.149999618530273 -3.4999990463256836
      vertex -6.299999237060547 17.08642578125 -2.59999942779541
      vertex -6.299999237060547 18.849998474121094 -3.4999990463256836
    endloop
  endfacet
  facet normal -1 0 0
    outer loop
      vertex -6.299999237060547 16.149999618530273 -1.8999996185302734
      vertex -6.299999237060547 17.08642578125 -2.59999942779541
      vertex -6.299999237060547 16.149999618530273 -3.4999990463256836
    endloop
  endfacet
  facet normal -1 0 0
    outer loop
      vertex -6.299999237060547 17.08642578125 -2.59999942779541
      vertex -6.299999237060547 16.149999618530273 -1.8999996185302734
      vertex -6.299999237060547 17.08642578125 -1.8999996185302734
    endloop
  endfacet
  facet normal -1 0 0
    outer loop
      vertex -6.299999237060547 18.849998474121094 -1.8999996185302734
      vertex -6.299999237060547 17.91357421875 -2.59999942779541
      vertex -6.299999237060547 17.91357421875 -1.8999996185302734
    endloop
  endfacet
  facet normal -1 0 0
    outer loop
      vertex -6.299999237060547 17.5 1.7135738134384155
      vertex -6.299999237060547 17.7337646484375 1.3999996185302734
      vertex -6.299999237060547 17.5 1.3999996185302734
    endloop
  endfacet
  facet normal -1 0 0
    outer loop
      vertex -6.299999237060547 17.7337646484375 1.3999996185302734
      vertex -6.299999237060547 17.5 1.7135738134384155
      vertex -6.299999237060547 17.7337646484375 2.5
    endloop
  endfacet
  facet normal -1 0 0
    outer loop
      vertex -6.299999237060547 16.149999618530273 2.5
      vertex -6.299999237060547 17.5 1.7135738134384155
      vertex -6.299999237060547 16.299999237060547 1.7135738134384155
    endloop
  endfacet
  facet normal -1 0 0
    outer loop
      vertex -6.299999237060547 16.149999618530273 2.5
      vertex -6.299999237060547 16.299999237060547 1.7135738134384155
      vertex -6.299999237060547 16.259618759155273 1.7596187591552734
    endloop
  endfacet
  facet normal -1 0 0
    outer loop
      vertex -6.299999237060547 16.149999618530273 2.5
      vertex -6.299999237060547 16.259618759155273 1.7596187591552734
      vertex -6.299999237060547 16.195693969726562 1.8156795501708984
    endloop
  endfacet
  facet normal -1 0 0
    outer loop
      vertex -6.299999237060547 16.149999618530273 2.5
      vertex -6.299999237060547 16.195693969726562 1.8156795501708984
      vertex -6.299999237060547 16.149999618530273 1.8462119102478027
    endloop
  endfacet
  facet normal -1 0 0
    outer loop
      vertex -6.299999237060547 17.5 1.7135738134384155
      vertex -6.299999237060547 16.149999618530273 2.5
      vertex -6.299999237060547 17.7337646484375 2.5
    endloop
  endfacet
  facet normal -1 0 0
    outer loop
      vertex -6.299999237060547 17.08642578125 -0.8999996185302734
      vertex -6.299999237060547 16.56052589416504 -0.09999942779541016
      vertex -6.299999237060547 17.08642578125 0.8864253759384155
    endloop
  endfacet
  facet normal -1 0 0
    outer loop
      vertex -6.299999237060547 16.56052589416504 -0.09999942779541016
      vertex -6.299999237060547 17.08642578125 -0.8999996185302734
      vertex -6.299999237060547 16.244735717773438 -0.8999996185302734
    endloop
  endfacet
  facet normal -1 0 0
    outer loop
      vertex -6.299999237060547 16.259618759155273 0.8403797149658203
      vertex -6.299999237060547 17.08642578125 0.8864253759384155
      vertex -6.299999237060547 16.56052589416504 -0.09999942779541016
    endloop
  endfacet
  facet normal -1 0 0
    outer loop
      vertex -6.299999237060547 17.08642578125 0.8864253759384155
      vertex -6.299999237060547 16.259618759155273 0.8403797149658203
      vertex -6.299999237060547 16.299999237060547 0.8864253759384155
    endloop
  endfacet
  facet normal -1 0 0
    outer loop
      vertex -6.299999237060547 16.56052589416504 -0.09999942779541016
      vertex -6.299999237060547 16.195693969726562 0.7843198776245117
      vertex -6.299999237060547 16.259618759155273 0.8403797149658203
    endloop
  endfacet
  facet normal -1 0 0
    outer loop
      vertex -6.299999237060547 16.149999618530273 0.7537875175476074
      vertex -6.299999237060547 16.56052589416504 -0.09999942779541016
      vertex -6.299999237060547 16.149999618530273 -0.09999942779541016
    endloop
  endfacet
  facet normal -1 0 0
    outer loop
      vertex -6.299999237060547 16.56052589416504 -0.09999942779541016
      vertex -6.299999237060547 16.149999618530273 0.7537875175476074
      vertex -6.299999237060547 16.195693969726562 0.7843198776245117
    endloop
  endfacet
  facet normal -1 0 0
    outer loop
      vertex -6.299999237060547 17.91357421875 -0.8999996185302734
      vertex -6.299999237060547 18.849998474121094 0.14999961853027344
      vertex -6.299999237060547 18.849998474121094 -0.8999996185302734
    endloop
  endfacet
  facet normal -1 0 0
    outer loop
      vertex -6.299999237060547 18.849998474121094 0.14999961853027344
      vertex -6.299999237060547 17.91357421875 -0.8999996185302734
      vertex -6.299999237060547 17.91357421875 0.14999961853027344
    endloop
  endfacet
  facet normal 0 0 -1
    outer loop
      vertex -7.5 16.149999618530273 2.5
      vertex -6.299999237060547 17.7337646484375 2.5
      vertex -6.299999237060547 16.149999618530273 2.5
    endloop
  endfacet
  facet normal 0 0 -1
    outer loop
      vertex -6.299999237060547 17.7337646484375 2.5
      vertex -7.5 16.149999618530273 2.5
      vertex -6.300724029541016 17.73459243774414 2.5
    endloop
  endfacet
  facet normal 0 0 -1
    outer loop
      vertex -6.300724029541016 17.73459243774414 2.5
      vertex -7.5 16.149999618530273 2.5
      vertex -6.511473655700684 18.049999237060547 2.5
    endloop
  endfacet
  facet normal 0 0 -1
    outer loop
      vertex -7.5 18.849998474121094 2.5
      vertex -6.511473655700684 18.049999237060547 2.5
      vertex -7.5 16.149999618530273 2.5
    endloop
  endfacet
  facet normal 0 0 -1
    outer loop
      vertex -6.511473655700684 18.049999237060547 2.5
      vertex -7.5 18.849998474121094 2.5
      vertex -6.6792497634887695 18.390216827392578 2.5
    endloop
  endfacet
  facet normal 0 0 -1
    outer loop
      vertex -6.6792497634887695 18.390216827392578 2.5
      vertex -7.5 18.849998474121094 2.5
      vertex -6.80118465423584 18.74942398071289 2.5
    endloop
  endfacet
  facet normal 0 0 -1
    outer loop
      vertex -6.80118465423584 18.74942398071289 2.5
      vertex -7.5 18.849998474121094 2.5
      vertex -6.821190357208252 18.849998474121094 2.5
    endloop
  endfacet
  facet normal -0.9469304242984793 0.32143859683911946 0
    outer loop
      vertex -6.1994781494140625 17.25125503540039 -2.59999942779541
      vertex -6.172147750854492 17.331768035888672 -1.8999996185302734
      vertex -6.172147750854492 17.331768035888672 -2.59999942779541
    endloop
  endfacet
  facet normal -0.9469304242984793 0.32143859683911946 0
    outer loop
      vertex -6.172147750854492 17.331768035888672 -1.8999996185302734
      vertex -6.1994781494140625 17.25125503540039 -2.59999942779541
      vertex -6.1994781494140625 17.25125503540039 -1.8999996185302734
    endloop
  endfacet
  facet normal -0.9469304242984792 0.3214385968391194 0
    outer loop
      vertex -6.1994781494140625 17.25125503540039 1.051255226135254
      vertex -6.172147750854492 17.331768035888672 -0.8999996185302734
      vertex -6.1994781494140625 17.25125503540039 -0.8999996185302734
    endloop
  endfacet
  facet normal -0.9469304242984794 0.32143859683911946 0
    outer loop
      vertex -6.172147750854492 17.331768035888672 -0.8999996185302734
      vertex -6.1994781494140625 17.25125503540039 1.051255226135254
      vertex -6.172147750854492 17.331768035888672 1.1317672729492188
    endloop
  endfacet
  facet normal -0.8968723333751893 -0.44228951787957066 0
    outer loop
      vertex -6.1994781494140625 17.74874496459961 -2.59999942779541
      vertex -6.237083435058594 17.825000762939453 -1.8999996185302734
      vertex -6.237083435058594 17.825000762939453 -2.59999942779541
    endloop
  endfacet
  facet normal -0.8968723333751893 -0.44228951787957066 0
    outer loop
      vertex -6.237083435058594 17.825000762939453 -1.8999996185302734
      vertex -6.1994781494140625 17.74874496459961 -2.59999942779541
      vertex -6.1994781494140625 17.74874496459961 -1.8999996185302734
    endloop
  endfacet
  facet normal -0.8968723333751895 -0.44228951787957066 0
    outer loop
      vertex -6.1994781494140625 17.74874496459961 -0.8999996185302734
      vertex -6.237083435058594 17.825000762939453 0.14999961853027344
      vertex -6.237083435058594 17.825000762939453 -0.8999996185302734
    endloop
  endfacet
  facet normal -0.8968723333751895 -0.44228951787957066 0
    outer loop
      vertex -6.237083435058594 17.825000762939453 0.14999961853027344
      vertex -6.1994781494140625 17.74874496459961 -0.8999996185302734
      vertex -6.1994781494140625 17.74874496459961 0.14999961853027344
    endloop
  endfacet
  facet normal -0.9978589295529202 -0.0654030328922157 0
    outer loop
      vertex -6.149999618530273 17.5 -2.59999942779541
      vertex -6.155560493469238 17.584842681884766 -1.8999996185302734
      vertex -6.155560493469238 17.584842681884766 -2.59999942779541
    endloop
  endfacet
  facet normal -0.9978589295529202 -0.0654030328922157 0
    outer loop
      vertex -6.155560493469238 17.584842681884766 -1.8999996185302734
      vertex -6.149999618530273 17.5 -2.59999942779541
      vertex -6.149999618530273 17.5 -1.8999996185302734
    endloop
  endfacet
  facet normal -0.9978590987791839 -0.06540045094336223 0
    outer loop
      vertex -6.155560493469238 17.584842681884766 -0.8999996185302734
      vertex -6.15444278717041 17.56778907775879 0.14999961853027344
      vertex -6.155560493469238 17.584842681884766 0.14999961853027344
    endloop
  endfacet
  facet normal -0.9978589295529193 -0.06540303289221565 -4.211496286907531e-8
    outer loop
      vertex -6.149999618530273 17.5 -0.8999996185302734
      vertex -6.15444278717041 17.56778907775879 0.14999961853027344
      vertex -6.155560493469238 17.584842681884766 -0.8999996185302734
    endloop
  endfacet
  facet normal -0.9978588869798615 -0.06540368242929538 0
    outer loop
      vertex -6.149999618530273 17.5 1.2999992370605469
      vertex -6.15444278717041 17.56778907775879 0.14999961853027344
      vertex -6.149999618530273 17.5 -0.8999996185302734
    endloop
  endfacet
  facet normal -0.9978588869798614 -0.06540368242929538 0
    outer loop
      vertex -6.15444278717041 17.56778907775879 0.14999961853027344
      vertex -6.149999618530273 17.5 1.2999992370605469
      vertex -6.15444278717041 17.56778907775879 1.3999996185302734
    endloop
  endfacet
  facet normal -0.9978588869798615 -0.06540368242929538 0
    outer loop
      vertex -6.15444278717041 17.56778907775879 1.3999996185302734
      vertex -6.149999618530273 17.5 1.2999992370605469
      vertex -6.149999618530273 17.5 1.3999996185302734
    endloop
  endfacet
  facet normal -0.8968723333751893 0.44228951787957066 0
    outer loop
      vertex -6.237083435058594 17.174999237060547 -2.59999942779541
      vertex -6.1994781494140625 17.25125503540039 -1.8999996185302734
      vertex -6.1994781494140625 17.25125503540039 -2.59999942779541
    endloop
  endfacet
  facet normal -0.8968723333751893 0.44228951787957066 0
    outer loop
      vertex -6.1994781494140625 17.25125503540039 -1.8999996185302734
      vertex -6.237083435058594 17.174999237060547 -2.59999942779541
      vertex -6.237083435058594 17.174999237060547 -1.8999996185302734
    endloop
  endfacet
  facet normal -0.8968723333751893 0.44228951787957066 0
    outer loop
      vertex -6.237083435058594 17.174999237060547 0.9749994277954102
      vertex -6.1994781494140625 17.25125503540039 -0.8999996185302734
      vertex -6.237083435058594 17.174999237060547 -0.8999996185302734
    endloop
  endfacet
  facet normal -0.8968723333751895 0.44228951787957066 0
    outer loop
      vertex -6.1994781494140625 17.25125503540039 -0.8999996185302734
      vertex -6.237083435058594 17.174999237060547 0.9749994277954102
      vertex -6.1994781494140625 17.25125503540039 1.051255226135254
    endloop
  endfacet
  facet normal -0.9469304242984793 -0.32143859683911946 0
    outer loop
      vertex -6.172147750854492 17.668231964111328 -2.59999942779541
      vertex -6.1994781494140625 17.74874496459961 -1.8999996185302734
      vertex -6.1994781494140625 17.74874496459961 -2.59999942779541
    endloop
  endfacet
  facet normal -0.9469304242984793 -0.32143859683911946 0
    outer loop
      vertex -6.1994781494140625 17.74874496459961 -1.8999996185302734
      vertex -6.172147750854492 17.668231964111328 -2.59999942779541
      vertex -6.172147750854492 17.668231964111328 -1.8999996185302734
    endloop
  endfacet
  facet normal -0.9469304242984792 -0.3214385968391194 0
    outer loop
      vertex -6.172147750854492 17.668231964111328 -0.8999996185302734
      vertex -6.1994781494140625 17.74874496459961 0.14999961853027344
      vertex -6.1994781494140625 17.74874496459961 -0.8999996185302734
    endloop
  endfacet
  facet normal -0.9469304242984792 -0.3214385968391194 0
    outer loop
      vertex -6.1994781494140625 17.74874496459961 0.14999961853027344
      vertex -6.172147750854492 17.668231964111328 -0.8999996185302734
      vertex -6.172147750854492 17.668231964111328 0.14999961853027344
    endloop
  endfacet
  facet normal -0.8314682965910538 -0.5555722021159547 0
    outer loop
      vertex -6.237083435058594 17.825000762939453 -2.59999942779541
      vertex -6.284319877624512 17.895694732666016 -1.8999996185302734
      vertex -6.284319877624512 17.895694732666016 -2.59999942779541
    endloop
  endfacet
  facet normal -0.8314682965910538 -0.5555722021159547 0
    outer loop
      vertex -6.284319877624512 17.895694732666016 -1.8999996185302734
      vertex -6.237083435058594 17.825000762939453 -2.59999942779541
      vertex -6.237083435058594 17.825000762939453 -1.8999996185302734
    endloop
  endfacet
  facet normal -0.831468296591054 -0.5555722021159548 0
    outer loop
      vertex -6.237083435058594 17.825000762939453 -0.8999996185302734
      vertex -6.284319877624512 17.895694732666016 0.14999961853027344
      vertex -6.284319877624512 17.895694732666016 -0.8999996185302734
    endloop
  endfacet
  facet normal -0.831468296591054 -0.5555722021159548 0
    outer loop
      vertex -6.284319877624512 17.895694732666016 0.14999961853027344
      vertex -6.237083435058594 17.825000762939453 -0.8999996185302734
      vertex -6.237083435058594 17.825000762939453 0.14999961853027344
    endloop
  endfacet
  facet normal -0.751850835343082 0.6593332400189679 0
    outer loop
      vertex -6.299999237060547 17.08642578125 -2.59999942779541
      vertex -6.284319877624512 17.104305267333984 -1.8999996185302734
      vertex -6.284319877624512 17.104305267333984 -2.59999942779541
    endloop
  endfacet
  facet normal -0.751850835343082 0.6593332400189679 0
    outer loop
      vertex -6.284319877624512 17.104305267333984 -1.8999996185302734
      vertex -6.299999237060547 17.08642578125 -2.59999942779541
      vertex -6.299999237060547 17.08642578125 -1.8999996185302734
    endloop
  endfacet
  facet normal -0.7518508353430821 0.659333240018968 0
    outer loop
      vertex -6.299999237060547 17.08642578125 0.8864253759384155
      vertex -6.284319877624512 17.104305267333984 -0.8999996185302734
      vertex -6.299999237060547 17.08642578125 -0.8999996185302734
    endloop
  endfacet
  facet normal -0.751850835343082 0.6593332400189679 0
    outer loop
      vertex -6.284319877624512 17.104305267333984 -0.8999996185302734
      vertex -6.299999237060547 17.08642578125 0.8864253759384155
      vertex -6.284319877624512 17.104305267333984 0.9043045043945312
    endloop
  endfacet
  facet normal -0.9978589295529202 0.0654030328922157 0
    outer loop
      vertex -6.155560493469238 17.415157318115234 1.3848419189453125
      vertex -6.149999618530273 17.5 1.3999996185302734
      vertex -6.149999618530273 17.5 1.2999992370605469
    endloop
  endfacet
  facet normal -0.9978589295529202 0.0654030328922157 0
    outer loop
      vertex -6.149999618530273 17.5 1.3999996185302734
      vertex -6.155560493469238 17.415157318115234 1.3848419189453125
      vertex -6.155560493469238 17.415157318115234 1.3999996185302734
    endloop
  endfacet
  facet normal -0.9978589295529202 0.0654030328922157 0
    outer loop
      vertex -6.155560493469238 17.415157318115234 -2.59999942779541
      vertex -6.149999618530273 17.5 -1.8999996185302734
      vertex -6.149999618530273 17.5 -2.59999942779541
    endloop
  endfacet
  facet normal -0.9978589295529202 0.0654030328922157 0
    outer loop
      vertex -6.149999618530273 17.5 -1.8999996185302734
      vertex -6.155560493469238 17.415157318115234 -2.59999942779541
      vertex -6.155560493469238 17.415157318115234 -1.8999996185302734
    endloop
  endfacet
  facet normal -0.9978589295529201 0.06540303289221569 0
    outer loop
      vertex -6.155560493469238 17.415157318115234 1.2151575088500977
      vertex -6.149999618530273 17.5 -0.8999996185302734
      vertex -6.155560493469238 17.415157318115234 -0.8999996185302734
    endloop
  endfacet
  facet normal -0.9978589295529202 0.0654030328922157 0
    outer loop
      vertex -6.149999618530273 17.5 -0.8999996185302734
      vertex -6.155560493469238 17.415157318115234 1.2151575088500977
      vertex -6.149999618530273 17.5 1.2999992370605469
    endloop
  endfacet
  facet normal -0.9807850602087721 -0.1950914290051598 0
    outer loop
      vertex -6.155560493469238 17.584842681884766 -2.59999942779541
      vertex -6.172147750854492 17.668231964111328 -1.8999996185302734
      vertex -6.172147750854492 17.668231964111328 -2.59999942779541
    endloop
  endfacet
  facet normal -0.9807850602087721 -0.1950914290051598 0
    outer loop
      vertex -6.172147750854492 17.668231964111328 -1.8999996185302734
      vertex -6.155560493469238 17.584842681884766 -2.59999942779541
      vertex -6.155560493469238 17.584842681884766 -1.8999996185302734
    endloop
  endfacet
  facet normal -0.9807850602087721 -0.1950914290051598 0
    outer loop
      vertex -6.155560493469238 17.584842681884766 -0.8999996185302734
      vertex -6.172147750854492 17.668231964111328 0.14999961853027344
      vertex -6.172147750854492 17.668231964111328 -0.8999996185302734
    endloop
  endfacet
  facet normal -0.9807850602087721 -0.1950914290051598 0
    outer loop
      vertex -6.172147750854492 17.668231964111328 0.14999961853027344
      vertex -6.155560493469238 17.584842681884766 -0.8999996185302734
      vertex -6.155560493469238 17.584842681884766 0.14999961853027344
    endloop
  endfacet
  facet normal -0.9807850602087721 0.1950914290051598 0
    outer loop
      vertex -6.172147750854492 17.331768035888672 -2.59999942779541
      vertex -6.155560493469238 17.415157318115234 -1.8999996185302734
      vertex -6.155560493469238 17.415157318115234 -2.59999942779541
    endloop
  endfacet
  facet normal -0.9807850602087721 0.1950914290051598 0
    outer loop
      vertex -6.155560493469238 17.415157318115234 -1.8999996185302734
      vertex -6.172147750854492 17.331768035888672 -2.59999942779541
      vertex -6.172147750854492 17.331768035888672 -1.8999996185302734
    endloop
  endfacet
  facet normal -0.9807854358711523 0.19508954042447765 0
    outer loop
      vertex -6.155560493469238 17.415157318115234 1.3999996185302734
      vertex -6.155560493469238 17.415157318115234 1.3848419189453125
      vertex -6.158575534820557 17.399999618530273 1.3999996185302734
    endloop
  endfacet
  facet normal -0.9807850602087721 0.1950914290051598 0
    outer loop
      vertex -6.172147750854492 17.331768035888672 1.1317672729492188
      vertex -6.155560493469238 17.415157318115234 -0.8999996185302734
      vertex -6.172147750854492 17.331768035888672 -0.8999996185302734
    endloop
  endfacet
  facet normal -0.9807850602087722 0.19509142900515983 0
    outer loop
      vertex -6.155560493469238 17.415157318115234 -0.8999996185302734
      vertex -6.172147750854492 17.331768035888672 1.1317672729492188
      vertex -6.155560493469238 17.415157318115234 1.2151575088500977
    endloop
  endfacet
  facet normal 0 0 1
    outer loop
      vertex -6.155560493469238 17.584842681884766 -2.59999942779541
      vertex -6.155560493469238 17.415157318115234 -2.59999942779541
      vertex -6.149999618530273 17.5 -2.59999942779541
    endloop
  endfacet
  facet normal 0 0 1
    outer loop
      vertex -6.172147750854492 17.668231964111328 -2.59999942779541
      vertex -6.155560493469238 17.415157318115234 -2.59999942779541
      vertex -6.155560493469238 17.584842681884766 -2.59999942779541
    endloop
  endfacet
  facet normal 0 0 1
    outer loop
      vertex -6.172147750854492 17.668231964111328 -2.59999942779541
      vertex -6.172147750854492 17.331768035888672 -2.59999942779541
      vertex -6.155560493469238 17.415157318115234 -2.59999942779541
    endloop
  endfacet
  facet normal 0 0 1
    outer loop
      vertex -6.1994781494140625 17.74874496459961 -2.59999942779541
      vertex -6.172147750854492 17.331768035888672 -2.59999942779541
      vertex -6.172147750854492 17.668231964111328 -2.59999942779541
    endloop
  endfacet
  facet normal 0 0 1
    outer loop
      vertex -6.1994781494140625 17.74874496459961 -2.59999942779541
      vertex -6.1994781494140625 17.25125503540039 -2.59999942779541
      vertex -6.172147750854492 17.331768035888672 -2.59999942779541
    endloop
  endfacet
  facet normal 0 0 1
    outer loop
      vertex -6.237083435058594 17.825000762939453 -2.59999942779541
      vertex -6.1994781494140625 17.25125503540039 -2.59999942779541
      vertex -6.1994781494140625 17.74874496459961 -2.59999942779541
    endloop
  endfacet
  facet normal 0 0 1
    outer loop
      vertex -6.237083435058594 17.825000762939453 -2.59999942779541
      vertex -6.237083435058594 17.174999237060547 -2.59999942779541
      vertex -6.1994781494140625 17.25125503540039 -2.59999942779541
    endloop
  endfacet
  facet normal 0 0 1
    outer loop
      vertex -6.299999237060547 17.91357421875 -2.59999942779541
      vertex -6.237083435058594 17.825000762939453 -2.59999942779541
      vertex -6.284319877624512 17.895694732666016 -2.59999942779541
    endloop
  endfacet
  facet normal 0 0 1
    outer loop
      vertex -6.237083435058594 17.825000762939453 -2.59999942779541
      vertex -6.299999237060547 17.91357421875 -2.59999942779541
      vertex -6.237083435058594 17.174999237060547 -2.59999942779541
    endloop
  endfacet
  facet normal 0 0 1
    outer loop
      vertex -6.299999237060547 17.08642578125 -2.59999942779541
      vertex -6.237083435058594 17.174999237060547 -2.59999942779541
      vertex -6.299999237060547 17.91357421875 -2.59999942779541
    endloop
  endfacet
  facet normal 0 0 1
    outer loop
      vertex -6.237083435058594 17.174999237060547 -2.59999942779541
      vertex -6.299999237060547 17.08642578125 -2.59999942779541
      vertex -6.284319877624512 17.104305267333984 -2.59999942779541
    endloop
  endfacet
  facet normal -0.8314682965910538 0.5555722021159547 0
    outer loop
      vertex -6.284319877624512 17.104305267333984 -2.59999942779541
      vertex -6.237083435058594 17.174999237060547 -1.8999996185302734
      vertex -6.237083435058594 17.174999237060547 -2.59999942779541
    endloop
  endfacet
  facet normal -0.8314682965910538 0.5555722021159547 0
    outer loop
      vertex -6.237083435058594 17.174999237060547 -1.8999996185302734
      vertex -6.284319877624512 17.104305267333984 -2.59999942779541
      vertex -6.284319877624512 17.104305267333984 -1.8999996185302734
    endloop
  endfacet
  facet normal -0.8314682965910539 0.5555722021159547 0
    outer loop
      vertex -6.284319877624512 17.104305267333984 0.9043045043945312
      vertex -6.237083435058594 17.174999237060547 -0.8999996185302734
      vertex -6.284319877624512 17.104305267333984 -0.8999996185302734
    endloop
  endfacet
  facet normal -0.8314682965910539 0.5555722021159547 0
    outer loop
      vertex -6.237083435058594 17.174999237060547 -0.8999996185302734
      vertex -6.284319877624512 17.104305267333984 0.9043045043945312
      vertex -6.237083435058594 17.174999237060547 0.9749994277954102
    endloop
  endfacet
  facet normal -0.751850835343082 -0.6593332400189679 0
    outer loop
      vertex -6.284319877624512 17.895694732666016 -2.59999942779541
      vertex -6.299999237060547 17.91357421875 -1.8999996185302734
      vertex -6.299999237060547 17.91357421875 -2.59999942779541
    endloop
  endfacet
  facet normal -0.751850835343082 -0.6593332400189679 0
    outer loop
      vertex -6.299999237060547 17.91357421875 -1.8999996185302734
      vertex -6.284319877624512 17.895694732666016 -2.59999942779541
      vertex -6.284319877624512 17.895694732666016 -1.8999996185302734
    endloop
  endfacet
  facet normal -0.751850835343082 -0.6593332400189679 0
    outer loop
      vertex -6.284319877624512 17.895694732666016 -0.8999996185302734
      vertex -6.299999237060547 17.91357421875 0.14999961853027344
      vertex -6.299999237060547 17.91357421875 -0.8999996185302734
    endloop
  endfacet
  facet normal -0.751850835343082 -0.6593332400189679 0
    outer loop
      vertex -6.299999237060547 17.91357421875 0.14999961853027344
      vertex -6.284319877624512 17.895694732666016 -0.8999996185302734
      vertex -6.284319877624512 17.895694732666016 0.14999961853027344
    endloop
  endfacet
  facet normal 0 0 -1
    outer loop
      vertex -6.158575534820557 17.5 1.3999996185302734
      vertex -6.149999618530273 17.5 1.3999996185302734
      vertex -6.155560493469238 17.415157318115234 1.3999996185302734
    endloop
  endfacet
  facet normal 0 0 -1
    outer loop
      vertex -6.158575534820557 17.5 1.3999996185302734
      vertex -6.155560493469238 17.415157318115234 1.3999996185302734
      vertex -6.158575534820557 17.399999618530273 1.3999996185302734
    endloop
  endfacet
  facet normal 0 0 -1
    outer loop
      vertex -6.149999618530273 17.5 1.3999996185302734
      vertex -6.158575534820557 17.5 1.3999996185302734
      vertex -6.15444278717041 17.56778907775879 1.3999996185302734
    endloop
  endfacet
  facet normal 0 0 -1
    outer loop
      vertex -6.299999237060547 17.5 1.3999996185302734
      vertex -6.15444278717041 17.56778907775879 1.3999996185302734
      vertex -6.158575534820557 17.5 1.3999996185302734
    endloop
  endfacet
  facet normal 0 0 -1
    outer loop
      vertex -6.15444278717041 17.56778907775879 1.3999996185302734
      vertex -6.299999237060547 17.5 1.3999996185302734
      vertex -6.299999237060547 17.7337646484375 1.3999996185302734
    endloop
  endfacet
  facet normal 0 -1 0
    outer loop
      vertex -6.299999237060547 17.5 1.3999996185302734
      vertex -6.284319877624512 17.5 1.695694923400879
      vertex -6.299999237060547 17.5 1.7135738134384155
    endloop
  endfacet
  facet normal 0 -1 0
    outer loop
      vertex -6.284319877624512 17.5 1.695694923400879
      vertex -6.299999237060547 17.5 1.3999996185302734
      vertex -6.237083435058594 17.5 1.625
    endloop
  endfacet
  facet normal 0 -1 0
    outer loop
      vertex -6.237083435058594 17.5 1.625
      vertex -6.299999237060547 17.5 1.3999996185302734
      vertex -6.1994781494140625 17.5 1.5487442016601562
    endloop
  endfacet
  facet normal 0 -1 0
    outer loop
      vertex -6.1994781494140625 17.5 1.5487442016601562
      vertex -6.299999237060547 17.5 1.3999996185302734
      vertex -6.172147750854492 17.5 1.4682321548461914
    endloop
  endfacet
  facet normal 0 -1 0
    outer loop
      vertex -6.172147750854492 17.5 1.4682321548461914
      vertex -6.299999237060547 17.5 1.3999996185302734
      vertex -6.158575534820557 17.5 1.3999996185302734
    endloop
  endfacet
  facet normal -0.9469292653740662 0 -0.32144201091041524
    outer loop
      vertex -6.172147750854492 16.427852630615234 1.4682321548461914
      vertex -6.1994781494140625 17.5 1.5487442016601562
      vertex -6.172147750854492 17.5 1.4682321548461914
    endloop
  endfacet
  facet normal -0.9469292653740662 0 -0.32144201091041524
    outer loop
      vertex -6.1994781494140625 17.5 1.5487442016601562
      vertex -6.172147750854492 16.427852630615234 1.4682321548461914
      vertex -6.1994781494140625 16.40052032470703 1.5487442016601562
    endloop
  endfacet
  facet normal 0.32144201091041524 0 0.9469292653740661
    outer loop
      vertex -7.048744201660156 16.149999618530273 0.6994781494140625
      vertex -6.968232154846191 15.799999237060547 0.6721477508544922
      vertex -6.968232154846191 16.149999618530273 0.6721477508544922
    endloop
  endfacet
  facet normal 0.32144201091041524 0 0.9469292653740661
    outer loop
      vertex -6.968232154846191 15.799999237060547 0.6721477508544922
      vertex -7.048744201660156 16.149999618530273 0.6994781494140625
      vertex -7.048744201660156 15.799999237060547 0.6994781494140625
    endloop
  endfacet
  facet normal -0.8314717586810395 0 0.5555670207237461
    outer loop
      vertex -6.284319877624512 17.104305267333984 0.9043045043945312
      vertex -6.237083435058594 16.3629150390625 0.9749994277954102
      vertex -6.237083435058594 17.174999237060547 0.9749994277954102
    endloop
  endfacet
  facet normal -0.8314717586810394 0 0.555567020723746
    outer loop
      vertex -6.237083435058594 16.3629150390625 0.9749994277954102
      vertex -6.284319877624512 17.104305267333984 0.9043045043945312
      vertex -6.284319877624512 16.3156795501709 0.9043045043945312
    endloop
  endfacet
  facet normal 0.9807854871154084 0 0.19508928280095492
    outer loop
      vertex -7.444438934326172 15.799999237060547 1.2151575088500977
      vertex -7.427851676940918 16.149999618530273 1.1317672729492188
      vertex -7.444438934326172 16.149999618530273 1.2151575088500977
    endloop
  endfacet
  facet normal 0.9807854871154084 0 0.19508928280095492
    outer loop
      vertex -7.427851676940918 16.149999618530273 1.1317672729492188
      vertex -7.444438934326172 15.799999237060547 1.2151575088500977
      vertex -7.427851676940918 15.799999237060547 1.1317672729492188
    endloop
  endfacet
  facet normal 0.7518334427905536 0 -0.6593530725656045
    outer loop
      vertex -7.259618759155273 15.799999237060547 1.7596187591552734
      vertex -7.315679550170898 16.149999618530273 1.695694923400879
      vertex -7.259618759155273 16.149999618530273 1.7596187591552734
    endloop
  endfacet
  facet normal 0.7518334427905536 0 -0.6593530725656045
    outer loop
      vertex -7.315679550170898 16.149999618530273 1.695694923400879
      vertex -7.259618759155273 15.799999237060547 1.7596187591552734
      vertex -7.315679550170898 15.799999237060547 1.695694923400879
    endloop
  endfacet
  facet normal -0.7518442976381228 0 0.6593406950196825
    outer loop
      vertex -6.299999237060547 17.08642578125 0.8864253759384155
      vertex -6.284319877624512 16.3156795501709 0.9043045043945312
      vertex -6.284319877624512 17.104305267333984 0.9043045043945312
    endloop
  endfacet
  facet normal -0.7518442976381227 0 0.6593406950196825
    outer loop
      vertex -6.284319877624512 16.3156795501709 0.9043045043945312
      vertex -6.299999237060547 17.08642578125 0.8864253759384155
      vertex -6.299999237060547 16.299999237060547 0.8864253759384155
    endloop
  endfacet
  facet normal -0.7518399390449471 0 -0.6593456650778029
    outer loop
      vertex -6.284319877624512 16.3156795501709 1.695694923400879
      vertex -6.299999237060547 17.5 1.7135738134384155
      vertex -6.284319877624512 17.5 1.695694923400879
    endloop
  endfacet
  facet normal -0.7518399390449471 0 -0.6593456650778029
    outer loop
      vertex -6.299999237060547 17.5 1.7135738134384155
      vertex -6.284319877624512 16.3156795501709 1.695694923400879
      vertex -6.299999237060547 16.299999237060547 1.7135738134384155
    endloop
  endfacet
  facet normal -0.9978588815731776 0 0.0654037649185976
    outer loop
      vertex -6.155560493469238 17.415157318115234 1.2151575088500977
      vertex -6.149999618530273 16.450000762939453 1.2999992370605469
      vertex -6.149999618530273 17.5 1.2999992370605469
    endloop
  endfacet
  facet normal -0.9978588815731776 0 0.0654037649185976
    outer loop
      vertex -6.149999618530273 16.450000762939453 1.2999992370605469
      vertex -6.155560493469238 17.415157318115234 1.2151575088500977
      vertex -6.155560493469238 16.444438934326172 1.2151575088500977
    endloop
  endfacet
  facet normal -0.5555672767520681 0 0.8314715876097578
    outer loop
      vertex -6.449999809265137 16.149999618530273 0.7537875175476074
      vertex -6.47499942779541 16.149999618530273 0.7370834350585938
      vertex -6.47499942779541 16.125 0.7370834350585938
    endloop
  endfacet
  facet normal 0.8314717586810395 0 0.555567020723746
    outer loop
      vertex -7.362915992736816 15.799999237060547 0.9749994277954102
      vertex -7.315679550170898 16.149999618530273 0.9043045043945312
      vertex -7.362915992736816 16.149999618530273 0.9749994277954102
    endloop
  endfacet
  facet normal 0.8314717586810395 0 0.555567020723746
    outer loop
      vertex -7.315679550170898 16.149999618530273 0.9043045043945312
      vertex -7.362915992736816 15.799999237060547 0.9749994277954102
      vertex -7.315679550170898 15.799999237060547 0.9043045043945312
    endloop
  endfacet
  facet normal 0.9978588815731776 0 0.0654037649185976
    outer loop
      vertex -7.449999809265137 15.799999237060547 1.2999992370605469
      vertex -7.444438934326172 16.149999618530273 1.2151575088500977
      vertex -7.449999809265137 16.149999618530273 1.2999992370605469
    endloop
  endfacet
  facet normal 0.9978588815731776 0 0.0654037649185976
    outer loop
      vertex -7.444438934326172 16.149999618530273 1.2151575088500977
      vertex -7.449999809265137 15.799999237060547 1.2999992370605469
      vertex -7.444438934326172 15.799999237060547 1.2151575088500977
    endloop
  endfacet
  facet normal 0.5555618394066086 0 0.8314752206741616
    outer loop
      vertex -7.195694923400879 16.149999618530273 0.7843198776245117
      vertex -7.124999046325684 15.799999237060547 0.7370834350585938
      vertex -7.124999046325684 16.149999618530273 0.7370834350585938
    endloop
  endfacet
  facet normal 0.5555618394066086 0 0.8314752206741616
    outer loop
      vertex -7.124999046325684 15.799999237060547 0.7370834350585938
      vertex -7.195694923400879 16.149999618530273 0.7843198776245117
      vertex -7.195694923400879 15.799999237060547 0.7843198776245117
    endloop
  endfacet
  facet normal 0.6593530725656045 0 -0.7518334427905536
    outer loop
      vertex -7.259618759155273 15.799999237060547 1.7596187591552734
      vertex -7.195694923400879 16.149999618530273 1.8156795501708984
      vertex -7.195694923400879 15.799999237060547 1.8156795501708984
    endloop
  endfacet
  facet normal 0.6593530725656045 0 -0.7518334427905536
    outer loop
      vertex -7.195694923400879 16.149999618530273 1.8156795501708984
      vertex -7.259618759155273 15.799999237060547 1.7596187591552734
      vertex -7.259618759155273 16.149999618530273 1.7596187591552734
    endloop
  endfacet
  facet normal 0.7518383190799803 0 0.6593475122899831
    outer loop
      vertex -7.315679550170898 15.799999237060547 0.9043045043945312
      vertex -7.259618759155273 16.149999618530273 0.8403797149658203
      vertex -7.315679550170898 16.149999618530273 0.9043045043945312
    endloop
  endfacet
  facet normal 0.7518383190799803 0 0.6593475122899831
    outer loop
      vertex -7.259618759155273 16.149999618530273 0.8403797149658203
      vertex -7.315679550170898 15.799999237060547 0.9043045043945312
      vertex -7.259618759155273 15.799999237060547 0.8403797149658203
    endloop
  endfacet
  facet normal -0.19508928280095492 0 0.9807854871154085
    outer loop
      vertex -6.715157508850098 16.149999618530273 0.6555604934692383
      vertex -6.631767272949219 15.968232154846191 0.6721477508544922
      vertex -6.631767272949219 16.149999618530273 0.6721477508544922
    endloop
  endfacet
  facet normal -0.19508928280095494 0 0.9807854871154086
    outer loop
      vertex -6.631767272949219 15.968232154846191 0.6721477508544922
      vertex -6.715157508850098 16.149999618530273 0.6555604934692383
      vertex -6.715157508850098 15.884841918945312 0.6555604934692383
    endloop
  endfacet
  facet normal -0.8314717586810395 0 -0.555567020723746
    outer loop
      vertex -6.237083435058594 16.3629150390625 1.625
      vertex -6.284319877624512 17.5 1.695694923400879
      vertex -6.237083435058594 17.5 1.625
    endloop
  endfacet
  facet normal -0.8314717586810395 0 -0.555567020723746
    outer loop
      vertex -6.284319877624512 17.5 1.695694923400879
      vertex -6.237083435058594 16.3629150390625 1.625
      vertex -6.284319877624512 16.3156795501709 1.695694923400879
    endloop
  endfacet
  facet normal 0.9807854871154084 0 -0.19508928280095492
    outer loop
      vertex -7.427851676940918 15.799999237060547 1.4682321548461914
      vertex -7.444438934326172 16.149999618530273 1.3848419189453125
      vertex -7.427851676940918 16.149999618530273 1.4682321548461914
    endloop
  endfacet
  facet normal 0.9807854871154084 0 -0.19508928280095492
    outer loop
      vertex -7.444438934326172 16.149999618530273 1.3848419189453125
      vertex -7.427851676940918 15.799999237060547 1.4682321548461914
      vertex -7.444438934326172 15.799999237060547 1.3848419189453125
    endloop
  endfacet
  facet normal -0.5555672767520681 0 -0.8314715876097578
    outer loop
      vertex -6.47499942779541 16.149999618530273 1.8629159927368164
      vertex -6.449999809265137 16.149999618530273 1.8462119102478027
      vertex -6.47499942779541 16.125 1.8629159927368164
    endloop
  endfacet
  facet normal -0.32144201091041524 0 -0.9469292653740661
    outer loop
      vertex -6.631767272949219 16.149999618530273 1.927851676940918
      vertex -6.551255226135254 16.048744201660156 1.9005212783813477
      vertex -6.631767272949219 15.968232154846191 1.927851676940918
    endloop
  endfacet
  facet normal -0.32144201091041524 0 -0.9469292653740661
    outer loop
      vertex -6.551255226135254 16.048744201660156 1.9005212783813477
      vertex -6.631767272949219 16.149999618530273 1.927851676940918
      vertex -6.551255226135254 16.149999618530273 1.9005212783813477
    endloop
  endfacet
  facet normal -0.0654037649185976 0 -0.9978588815731776
    outer loop
      vertex -6.799999237060547 16.149999618530273 1.9499998092651367
      vertex -6.715157508850098 15.884841918945312 1.9444389343261719
      vertex -6.799999237060547 15.799999237060547 1.9499998092651367
    endloop
  endfacet
  facet normal -0.0654037649185976 0 -0.9978588815731777
    outer loop
      vertex -6.715157508850098 15.884841918945312 1.9444389343261719
      vertex -6.799999237060547 16.149999618530273 1.9499998092651367
      vertex -6.715157508850098 16.149999618530273 1.9444389343261719
    endloop
  endfacet
  facet normal -0.9978589295529201 0 -0.06540303289221569
    outer loop
      vertex -6.149999618530273 16.450000762939453 1.2999992370605469
      vertex -6.155560493469238 17.415157318115234 1.3848419189453125
      vertex -6.149999618530273 17.5 1.2999992370605469
    endloop
  endfacet
  facet normal -0.9978589295529202 0 -0.0654030328922157
    outer loop
      vertex -6.155560493469238 17.415157318115234 1.3848419189453125
      vertex -6.149999618530273 16.450000762939453 1.2999992370605469
      vertex -6.155560493469238 16.444438934326172 1.3848419189453125
    endloop
  endfacet
  facet normal 0.32144201091041524 0 -0.9469292653740661
    outer loop
      vertex -7.048744201660156 15.799999237060547 1.9005212783813477
      vertex -6.968232154846191 16.149999618530273 1.927851676940918
      vertex -6.968232154846191 15.799999237060547 1.927851676940918
    endloop
  endfacet
  facet normal 0.32144201091041524 0 -0.9469292653740661
    outer loop
      vertex -6.968232154846191 16.149999618530273 1.927851676940918
      vertex -7.048744201660156 15.799999237060547 1.9005212783813477
      vertex -7.048744201660156 16.149999618530273 1.9005212783813477
    endloop
  endfacet
  facet normal 0.8968723333751895 0 -0.44228951787957066
    outer loop
      vertex -7.362915992736816 15.799999237060547 1.625
      vertex -7.400521278381348 16.149999618530273 1.5487442016601562
      vertex -7.362915992736816 16.149999618530273 1.625
    endloop
  endfacet
  facet normal 0.8968723333751895 0 -0.44228951787957066
    outer loop
      vertex -7.400521278381348 16.149999618530273 1.5487442016601562
      vertex -7.362915992736816 15.799999237060547 1.625
      vertex -7.400521278381348 15.799999237060547 1.5487442016601562
    endloop
  endfacet
  facet normal -0.9469292653740661 0 0.32144201091041524
    outer loop
      vertex -6.1994781494140625 17.25125503540039 1.051255226135254
      vertex -6.172147750854492 16.427852630615234 1.1317672729492188
      vertex -6.172147750854492 17.331768035888672 1.1317672729492188
    endloop
  endfacet
  facet normal -0.9469292653740662 0 0.32144201091041524
    outer loop
      vertex -6.172147750854492 16.427852630615234 1.1317672729492188
      vertex -6.1994781494140625 17.25125503540039 1.051255226135254
      vertex -6.1994781494140625 16.40052032470703 1.051255226135254
    endloop
  endfacet
  facet normal 0.4422939672539877 0 0.8968701391677217
    outer loop
      vertex -7.124999046325684 16.149999618530273 0.7370834350585938
      vertex -7.048744201660156 15.799999237060547 0.6994781494140625
      vertex -7.048744201660156 16.149999618530273 0.6994781494140625
    endloop
  endfacet
  facet normal 0.4422939672539877 0 0.8968701391677217
    outer loop
      vertex -7.048744201660156 15.799999237060547 0.6994781494140625
      vertex -7.124999046325684 16.149999618530273 0.7370834350585938
      vertex -7.124999046325684 15.799999237060547 0.7370834350585938
    endloop
  endfacet
  facet normal 0.8314717586810395 0 -0.555567020723746
    outer loop
      vertex -7.315679550170898 15.799999237060547 1.695694923400879
      vertex -7.362915992736816 16.149999618530273 1.625
      vertex -7.315679550170898 16.149999618530273 1.695694923400879
    endloop
  endfacet
  facet normal 0.8314717586810395 0 -0.555567020723746
    outer loop
      vertex -7.362915992736816 16.149999618530273 1.625
      vertex -7.315679550170898 15.799999237060547 1.695694923400879
      vertex -7.362915992736816 15.799999237060547 1.625
    endloop
  endfacet
  facet normal 0.0654030328922157 0 0.9978589295529203
    outer loop
      vertex -6.8848419189453125 16.149999618530273 0.6555604934692383
      vertex -6.799999237060547 15.799999237060547 0.6499996185302734
      vertex -6.799999237060547 16.149999618530273 0.6499996185302734
    endloop
  endfacet
  facet normal 0.0654030328922157 0 0.9978589295529203
    outer loop
      vertex -6.799999237060547 15.799999237060547 0.6499996185302734
      vertex -6.8848419189453125 16.149999618530273 0.6555604934692383
      vertex -6.8848419189453125 15.799999237060547 0.6555604934692383
    endloop
  endfacet
  facet normal 0.9469292653740661 0 0.32144201091041524
    outer loop
      vertex -7.427851676940918 15.799999237060547 1.1317672729492188
      vertex -7.400521278381348 16.149999618530273 1.051255226135254
      vertex -7.427851676940918 16.149999618530273 1.1317672729492188
    endloop
  endfacet
  facet normal 0.9469292653740661 0 0.32144201091041524
    outer loop
      vertex -7.400521278381348 16.149999618530273 1.051255226135254
      vertex -7.427851676940918 15.799999237060547 1.1317672729492188
      vertex -7.400521278381348 15.799999237060547 1.051255226135254
    endloop
  endfacet
  facet normal -0.44228951787957066 0 0.8968723333751895
    outer loop
      vertex -6.551255226135254 16.149999618530273 0.6994781494140625
      vertex -6.47499942779541 16.125 0.7370834350585938
      vertex -6.47499942779541 16.149999618530273 0.7370834350585938
    endloop
  endfacet
  facet normal -0.44228951787957066 0 0.8968723333751895
    outer loop
      vertex -6.47499942779541 16.125 0.7370834350585938
      vertex -6.551255226135254 16.149999618530273 0.6994781494140625
      vertex -6.551255226135254 16.048744201660156 0.6994781494140625
    endloop
  endfacet
  facet normal -0.9807854358711523 0 -0.19508954042447765
    outer loop
      vertex -6.155560493469238 17.415157318115234 1.3848419189453125
      vertex -6.155560493469238 16.444438934326172 1.3848419189453125
      vertex -6.158575534820557 17.399999618530273 1.3999996185302734
    endloop
  endfacet
  facet normal -0.9807854984991926 0 -0.19508922557048178
    outer loop
      vertex -6.158575534820557 17.399999618530273 1.3999996185302734
      vertex -6.172147750854492 17.5 1.4682321548461914
      vertex -6.158575534820557 17.5 1.3999996185302734
    endloop
  endfacet
  facet normal -0.9807854869542377 -4.2349124412753015e-9 -0.1950892836112196
    outer loop
      vertex -6.172147750854492 16.427852630615234 1.4682321548461914
      vertex -6.158575534820557 17.399999618530273 1.3999996185302734
      vertex -6.155560493469238 16.444438934326172 1.3848419189453125
    endloop
  endfacet
  facet normal -0.9807854984991925 0 -0.19508922557048175
    outer loop
      vertex -6.158575534820557 17.399999618530273 1.3999996185302734
      vertex -6.172147750854492 16.427852630615234 1.4682321548461914
      vertex -6.172147750854492 17.5 1.4682321548461914
    endloop
  endfacet
  facet normal -0.44228951787957066 0 -0.8968723333751895
    outer loop
      vertex -6.551255226135254 16.149999618530273 1.9005212783813477
      vertex -6.47499942779541 16.125 1.8629159927368164
      vertex -6.551255226135254 16.048744201660156 1.9005212783813477
    endloop
  endfacet
  facet normal -0.44228951787957066 0 -0.8968723333751895
    outer loop
      vertex -6.47499942779541 16.125 1.8629159927368164
      vertex -6.551255226135254 16.149999618530273 1.9005212783813477
      vertex -6.47499942779541 16.149999618530273 1.8629159927368164
    endloop
  endfacet
  facet normal 0.19508928280095492 0 0.9807854871154084
    outer loop
      vertex -6.968232154846191 16.149999618530273 0.6721477508544922
      vertex -6.8848419189453125 15.799999237060547 0.6555604934692383
      vertex -6.8848419189453125 16.149999618530273 0.6555604934692383
    endloop
  endfacet
  facet normal 0.19508928280095492 0 0.9807854871154084
    outer loop
      vertex -6.8848419189453125 15.799999237060547 0.6555604934692383
      vertex -6.968232154846191 16.149999618530273 0.6721477508544922
      vertex -6.968232154846191 15.799999237060547 0.6721477508544922
    endloop
  endfacet
  facet normal 0 1 0
    outer loop
      vertex -6.799999237060547 15.799999237060547 1.9499998092651367
      vertex -6.968232154846191 15.799999237060547 1.927851676940918
      vertex -6.8848419189453125 15.799999237060547 1.9444389343261719
    endloop
  endfacet
  facet normal 0 1 0
    outer loop
      vertex -6.799999237060547 15.799999237060547 1.9499998092651367
      vertex -7.048744201660156 15.799999237060547 1.9005212783813477
      vertex -6.968232154846191 15.799999237060547 1.927851676940918
    endloop
  endfacet
  facet normal 0 1 0
    outer loop
      vertex -6.799999237060547 15.799999237060547 1.9499998092651367
      vertex -7.124999046325684 15.799999237060547 1.8629159927368164
      vertex -7.048744201660156 15.799999237060547 1.9005212783813477
    endloop
  endfacet
  facet normal 0 1 0
    outer loop
      vertex -6.799999237060547 15.799999237060547 1.9499998092651367
      vertex -7.195694923400879 15.799999237060547 1.8156795501708984
      vertex -7.124999046325684 15.799999237060547 1.8629159927368164
    endloop
  endfacet
  facet normal 0 1 0
    outer loop
      vertex -6.799999237060547 15.799999237060547 1.9499998092651367
      vertex -7.259618759155273 15.799999237060547 1.7596187591552734
      vertex -7.195694923400879 15.799999237060547 1.8156795501708984
    endloop
  endfacet
  facet normal 0 1 0
    outer loop
      vertex -6.799999237060547 15.799999237060547 1.9499998092651367
      vertex -7.315679550170898 15.799999237060547 1.695694923400879
      vertex -7.259618759155273 15.799999237060547 1.7596187591552734
    endloop
  endfacet
  facet normal 0 1 0
    outer loop
      vertex -6.799999237060547 15.799999237060547 1.9499998092651367
      vertex -7.362915992736816 15.799999237060547 1.625
      vertex -7.315679550170898 15.799999237060547 1.695694923400879
    endloop
  endfacet
  facet normal 0 1 0
    outer loop
      vertex -6.799999237060547 15.799999237060547 1.9499998092651367
      vertex -7.400521278381348 15.799999237060547 1.5487442016601562
      vertex -7.362915992736816 15.799999237060547 1.625
    endloop
  endfacet
  facet normal 0 1 0
    outer loop
      vertex -6.799999237060547 15.799999237060547 1.9499998092651367
      vertex -7.427851676940918 15.799999237060547 1.4682321548461914
      vertex -7.400521278381348 15.799999237060547 1.5487442016601562
    endloop
  endfacet
  facet normal 0 1 0
    outer loop
      vertex -6.799999237060547 15.799999237060547 1.9499998092651367
      vertex -7.444438934326172 15.799999237060547 1.3848419189453125
      vertex -7.427851676940918 15.799999237060547 1.4682321548461914
    endloop
  endfacet
  facet normal 0 1 0
    outer loop
      vertex -6.799999237060547 15.799999237060547 1.9499998092651367
      vertex -7.449999809265137 15.799999237060547 1.2999992370605469
      vertex -7.444438934326172 15.799999237060547 1.3848419189453125
    endloop
  endfacet
  facet normal 0 1 0
    outer loop
      vertex -6.799999237060547 15.799999237060547 1.9499998092651367
      vertex -7.444438934326172 15.799999237060547 1.2151575088500977
      vertex -7.449999809265137 15.799999237060547 1.2999992370605469
    endloop
  endfacet
  facet normal 0 1 0
    outer loop
      vertex -6.799999237060547 15.799999237060547 1.9499998092651367
      vertex -7.427851676940918 15.799999237060547 1.1317672729492188
      vertex -7.444438934326172 15.799999237060547 1.2151575088500977
    endloop
  endfacet
  facet normal 0 1 0
    outer loop
      vertex -6.799999237060547 15.799999237060547 1.9499998092651367
      vertex -7.400521278381348 15.799999237060547 1.051255226135254
      vertex -7.427851676940918 15.799999237060547 1.1317672729492188
    endloop
  endfacet
  facet normal 0 1 0
    outer loop
      vertex -6.799999237060547 15.799999237060547 1.9499998092651367
      vertex -7.362915992736816 15.799999237060547 0.9749994277954102
      vertex -7.400521278381348 15.799999237060547 1.051255226135254
    endloop
  endfacet
  facet normal 0 1 0
    outer loop
      vertex -6.799999237060547 15.799999237060547 1.9499998092651367
      vertex -7.315679550170898 15.799999237060547 0.9043045043945312
      vertex -7.362915992736816 15.799999237060547 0.9749994277954102
    endloop
  endfacet
  facet normal 0 1 0
    outer loop
      vertex -6.799999237060547 15.799999237060547 1.9499998092651367
      vertex -7.259618759155273 15.799999237060547 0.8403797149658203
      vertex -7.315679550170898 15.799999237060547 0.9043045043945312
    endloop
  endfacet
  facet normal 0 1 0
    outer loop
      vertex -6.799999237060547 15.799999237060547 1.9499998092651367
      vertex -7.195694923400879 15.799999237060547 0.7843198776245117
      vertex -7.259618759155273 15.799999237060547 0.8403797149658203
    endloop
  endfacet
  facet normal 0 1 0
    outer loop
      vertex -6.799999237060547 15.799999237060547 1.9499998092651367
      vertex -7.124999046325684 15.799999237060547 0.7370834350585938
      vertex -7.195694923400879 15.799999237060547 0.7843198776245117
    endloop
  endfacet
  facet normal 0 1 0
    outer loop
      vertex -6.799999237060547 15.799999237060547 1.9499998092651367
      vertex -7.048744201660156 15.799999237060547 0.6994781494140625
      vertex -7.124999046325684 15.799999237060547 0.7370834350585938
    endloop
  endfacet
  facet normal 0 1 0
    outer loop
      vertex -6.799999237060547 15.799999237060547 1.9499998092651367
      vertex -6.968232154846191 15.799999237060547 0.6721477508544922
      vertex -7.048744201660156 15.799999237060547 0.6994781494140625
    endloop
  endfacet
  facet normal 0 1 0
    outer loop
      vertex -6.799999237060547 15.799999237060547 1.9499998092651367
      vertex -6.8848419189453125 15.799999237060547 0.6555604934692383
      vertex -6.968232154846191 15.799999237060547 0.6721477508544922
    endloop
  endfacet
  facet normal 0 1 0
    outer loop
      vertex -6.8848419189453125 15.799999237060547 0.6555604934692383
      vertex -6.799999237060547 15.799999237060547 1.9499998092651367
      vertex -6.799999237060547 15.799999237060547 0.6499996185302734
    endloop
  endfacet
  facet normal 0.19508928280095492 0 -0.9807854871154084
    outer loop
      vertex -6.968232154846191 15.799999237060547 1.927851676940918
      vertex -6.8848419189453125 16.149999618530273 1.9444389343261719
      vertex -6.8848419189453125 15.799999237060547 1.9444389343261719
    endloop
  endfacet
  facet normal 0.19508928280095492 0 -0.9807854871154084
    outer loop
      vertex -6.8848419189453125 16.149999618530273 1.9444389343261719
      vertex -6.968232154846191 15.799999237060547 1.927851676940918
      vertex -6.968232154846191 16.149999618530273 1.927851676940918
    endloop
  endfacet
  facet normal -0.0654037649185976 0 0.9978588815731777
    outer loop
      vertex -6.799999237060547 16.149999618530273 0.6499996185302734
      vertex -6.715157508850098 15.884841918945312 0.6555604934692383
      vertex -6.715157508850098 16.149999618530273 0.6555604934692383
    endloop
  endfacet
  facet normal -0.0654037649185976 0 0.9978588815731776
    outer loop
      vertex -6.715157508850098 15.884841918945312 0.6555604934692383
      vertex -6.799999237060547 16.149999618530273 0.6499996185302734
      vertex -6.799999237060547 15.799999237060547 0.6499996185302734
    endloop
  endfacet
  facet normal -0.9807854871154085 0 0.19508928280095492
    outer loop
      vertex -6.172147750854492 17.331768035888672 1.1317672729492188
      vertex -6.155560493469238 16.444438934326172 1.2151575088500977
      vertex -6.155560493469238 17.415157318115234 1.2151575088500977
    endloop
  endfacet
  facet normal -0.9807854871154085 0 0.19508928280095492
    outer loop
      vertex -6.155560493469238 16.444438934326172 1.2151575088500977
      vertex -6.172147750854492 17.331768035888672 1.1317672729492188
      vertex -6.172147750854492 16.427852630615234 1.1317672729492188
    endloop
  endfacet
  facet normal -0.8968723333751895 0 -0.44228951787957066
    outer loop
      vertex -6.1994781494140625 16.40052032470703 1.5487442016601562
      vertex -6.237083435058594 17.5 1.625
      vertex -6.1994781494140625 17.5 1.5487442016601562
    endloop
  endfacet
  facet normal -0.8968723333751893 0 -0.44228951787957066
    outer loop
      vertex -6.237083435058594 17.5 1.625
      vertex -6.1994781494140625 16.40052032470703 1.5487442016601562
      vertex -6.237083435058594 16.3629150390625 1.625
    endloop
  endfacet
  facet normal -0.32144201091041524 0 0.9469292653740661
    outer loop
      vertex -6.631767272949219 16.149999618530273 0.6721477508544922
      vertex -6.551255226135254 16.048744201660156 0.6994781494140625
      vertex -6.551255226135254 16.149999618530273 0.6994781494140625
    endloop
  endfacet
  facet normal -0.32144201091041524 0 0.9469292653740661
    outer loop
      vertex -6.551255226135254 16.048744201660156 0.6994781494140625
      vertex -6.631767272949219 16.149999618530273 0.6721477508544922
      vertex -6.631767272949219 15.968232154846191 0.6721477508544922
    endloop
  endfacet
  facet normal 0.9978589295529203 0 -0.0654030328922157
    outer loop
      vertex -7.444438934326172 15.799999237060547 1.3848419189453125
      vertex -7.449999809265137 16.149999618530273 1.2999992370605469
      vertex -7.444438934326172 16.149999618530273 1.3848419189453125
    endloop
  endfacet
  facet normal 0.9978589295529203 0 -0.0654030328922157
    outer loop
      vertex -7.449999809265137 16.149999618530273 1.2999992370605469
      vertex -7.444438934326172 15.799999237060547 1.3848419189453125
      vertex -7.449999809265137 15.799999237060547 1.2999992370605469
    endloop
  endfacet
  facet normal -0.19508928280095494 0 -0.9807854871154086
    outer loop
      vertex -6.715157508850098 16.149999618530273 1.9444389343261719
      vertex -6.631767272949219 15.968232154846191 1.927851676940918
      vertex -6.715157508850098 15.884841918945312 1.9444389343261719
    endloop
  endfacet
  facet normal -0.19508928280095492 0 -0.9807854871154085
    outer loop
      vertex -6.631767272949219 15.968232154846191 1.927851676940918
      vertex -6.715157508850098 16.149999618530273 1.9444389343261719
      vertex -6.631767272949219 16.149999618530273 1.927851676940918
    endloop
  endfacet
  facet normal 0.8968723333751895 0 0.44228951787957066
    outer loop
      vertex -7.400521278381348 15.799999237060547 1.051255226135254
      vertex -7.362915992736816 16.149999618530273 0.9749994277954102
      vertex -7.400521278381348 16.149999618530273 1.051255226135254
    endloop
  endfacet
  facet normal 0.8968723333751895 0 0.44228951787957066
    outer loop
      vertex -7.362915992736816 16.149999618530273 0.9749994277954102
      vertex -7.400521278381348 15.799999237060547 1.051255226135254
      vertex -7.362915992736816 15.799999237060547 0.9749994277954102
    endloop
  endfacet
  facet normal 0.0654030328922157 0 -0.9978589295529203
    outer loop
      vertex -6.8848419189453125 15.799999237060547 1.9444389343261719
      vertex -6.799999237060547 16.149999618530273 1.9499998092651367
      vertex -6.799999237060547 15.799999237060547 1.9499998092651367
    endloop
  endfacet
  facet normal 0.0654030328922157 0 -0.9978589295529203
    outer loop
      vertex -6.799999237060547 16.149999618530273 1.9499998092651367
      vertex -6.8848419189453125 15.799999237060547 1.9444389343261719
      vertex -6.8848419189453125 16.149999618530273 1.9444389343261719
    endloop
  endfacet
  facet normal 0.9469292653740661 0 -0.32144201091041524
    outer loop
      vertex -7.400521278381348 15.799999237060547 1.5487442016601562
      vertex -7.427851676940918 16.149999618530273 1.4682321548461914
      vertex -7.400521278381348 16.149999618530273 1.5487442016601562
    endloop
  endfacet
  facet normal 0.9469292653740661 0 -0.32144201091041524
    outer loop
      vertex -7.427851676940918 16.149999618530273 1.4682321548461914
      vertex -7.400521278381348 15.799999237060547 1.5487442016601562
      vertex -7.427851676940918 15.799999237060547 1.4682321548461914
    endloop
  endfacet
  facet normal -0.8968723333751895 0 0.44228951787957066
    outer loop
      vertex -6.237083435058594 17.174999237060547 0.9749994277954102
      vertex -6.1994781494140625 16.40052032470703 1.051255226135254
      vertex -6.1994781494140625 17.25125503540039 1.051255226135254
    endloop
  endfacet
  facet normal -0.8968723333751895 0 0.4422895178795707
    outer loop
      vertex -6.1994781494140625 16.40052032470703 1.051255226135254
      vertex -6.237083435058594 17.174999237060547 0.9749994277954102
      vertex -6.237083435058594 16.3629150390625 0.9749994277954102
    endloop
  endfacet
  facet normal 0.6593467323066303 0 0.7518390031094215
    outer loop
      vertex -7.259618759155273 16.149999618530273 0.8403797149658203
      vertex -7.195694923400879 15.799999237060547 0.7843198776245117
      vertex -7.195694923400879 16.149999618530273 0.7843198776245117
    endloop
  endfacet
  facet normal 0.6593467323066303 0 0.7518390031094215
    outer loop
      vertex -7.195694923400879 15.799999237060547 0.7843198776245117
      vertex -7.259618759155273 16.149999618530273 0.8403797149658203
      vertex -7.259618759155273 15.799999237060547 0.8403797149658203
    endloop
  endfacet
  facet normal 0.5555618394066086 0 -0.8314752206741616
    outer loop
      vertex -7.195694923400879 15.799999237060547 1.8156795501708984
      vertex -7.124999046325684 16.149999618530273 1.8629159927368164
      vertex -7.124999046325684 15.799999237060547 1.8629159927368164
    endloop
  endfacet
  facet normal 0.5555618394066086 0 -0.8314752206741616
    outer loop
      vertex -7.124999046325684 16.149999618530273 1.8629159927368164
      vertex -7.195694923400879 15.799999237060547 1.8156795501708984
      vertex -7.195694923400879 16.149999618530273 1.8156795501708984
    endloop
  endfacet
  facet normal 0.4422939672539877 0 -0.8968701391677217
    outer loop
      vertex -7.124999046325684 15.799999237060547 1.8629159927368164
      vertex -7.048744201660156 16.149999618530273 1.9005212783813477
      vertex -7.048744201660156 15.799999237060547 1.9005212783813477
    endloop
  endfacet
  facet normal 0.4422939672539877 0 -0.8968701391677217
    outer loop
      vertex -7.048744201660156 16.149999618530273 1.9005212783813477
      vertex -7.124999046325684 15.799999237060547 1.8629159927368164
      vertex -7.124999046325684 16.149999618530273 1.8629159927368164
    endloop
  endfacet
  facet normal 0 -0.9978581494766549 0.06541493348636906
    outer loop
      vertex 1.1999998092651367 16.444438934326172 1.2151575088500977
      vertex -6.149999618530273 16.450000762939453 1.2999992370605469
      vertex -6.155560493469238 16.444438934326172 1.2151575088500977
    endloop
  endfacet
  facet normal 0 -0.9978581494766547 0.06541493348636905
    outer loop
      vertex -6.149999618530273 16.450000762939453 1.2999992370605469
      vertex 1.1999998092651367 16.444438934326172 1.2151575088500977
      vertex 1.1999998092651367 16.450000762939453 1.2999992370605469
    endloop
  endfacet
  facet normal 0 -0.0654030328922157 0.9978589295529201
    outer loop
      vertex -6.715157508850098 15.884841918945312 0.6555604934692383
      vertex 1.1999998092651367 15.799999237060547 0.6499996185302734
      vertex 1.1999998092651367 15.884841918945312 0.6555604934692383
    endloop
  endfacet
  facet normal 0 -0.0654030328922157 0.9978589295529202
    outer loop
      vertex 1.1999998092651367 15.799999237060547 0.6499996185302734
      vertex -6.715157508850098 15.884841918945312 0.6555604934692383
      vertex -6.799999237060547 15.799999237060547 0.6499996185302734
    endloop
  endfacet
  facet normal 0 -0.9807876332418174 0.19507849312498357
    outer loop
      vertex 1.1999998092651367 16.427852630615234 1.1317672729492188
      vertex -6.155560493469238 16.444438934326172 1.2151575088500977
      vertex -6.172147750854492 16.427852630615234 1.1317672729492188
    endloop
  endfacet
  facet normal 0 -0.9807876332418174 0.19507849312498357
    outer loop
      vertex -6.155560493469238 16.444438934326172 1.2151575088500977
      vertex 1.1999998092651367 16.427852630615234 1.1317672729492188
      vertex 1.1999998092651367 16.444438934326172 1.2151575088500977
    endloop
  endfacet
  facet normal 0 -0.32144201091041524 -0.9469292653740661
    outer loop
      vertex 0.5721473693847656 15.968232154846191 1.927851676940918
      vertex -6.551255226135254 16.048744201660156 1.9005212783813477
      vertex 0.5994777679443359 16.048744201660156 1.9005212783813477
    endloop
  endfacet
  facet normal 0 -0.32144201091041524 -0.9469292653740661
    outer loop
      vertex -6.551255226135254 16.048744201660156 1.9005212783813477
      vertex 0.5721473693847656 15.968232154846191 1.927851676940918
      vertex -6.631767272949219 15.968232154846191 1.927851676940918
    endloop
  endfacet
  facet normal 0 0.8314717586810395 0.555567020723746
    outer loop
      vertex 1.1999998092651367 15.284319877624512 0.9043045043945312
      vertex -6.799999237060547 15.237083435058594 0.9749994277954102
      vertex 1.1999998092651367 15.237083435058594 0.9749994277954102
    endloop
  endfacet
  facet normal 0 0.8314717586810395 0.555567020723746
    outer loop
      vertex -6.799999237060547 15.237083435058594 0.9749994277954102
      vertex 1.1999998092651367 15.284319877624512 0.9043045043945312
      vertex -6.799999237060547 15.284319877624512 0.9043045043945312
    endloop
  endfacet
  facet normal 0 0.44228951787957066 0.8968723333751893
    outer loop
      vertex -6.799999237060547 15.551255226135254 0.6994781494140625
      vertex 1.1999998092651367 15.47499942779541 0.7370834350585938
      vertex 1.1999998092651367 15.551255226135254 0.6994781494140625
    endloop
  endfacet
  facet normal 0 0.44228951787957066 0.8968723333751893
    outer loop
      vertex 1.1999998092651367 15.47499942779541 0.7370834350585938
      vertex -6.799999237060547 15.551255226135254 0.6994781494140625
      vertex -6.799999237060547 15.47499942779541 0.7370834350585938
    endloop
  endfacet
  facet normal 0 -0.6593411720022334 0.751843879341131
    outer loop
      vertex -6.299999237060547 16.259618759155273 0.8403797149658203
      vertex 1.1999998092651367 16.195693969726562 0.7843198776245117
      vertex 1.1999998092651367 16.259618759155273 0.8403797149658203
    endloop
  endfacet
  facet normal 0 -0.6593411720022334 0.751843879341131
    outer loop
      vertex 1.1999998092651367 16.195693969726562 0.7843198776245117
      vertex -6.299999237060547 16.259618759155273 0.8403797149658203
      vertex -6.299999237060547 16.195693969726562 0.7843198776245117
    endloop
  endfacet
  facet normal 0 -0.44228951787957066 0.8968723333751895
    outer loop
      vertex -6.47499942779541 16.125 0.7370834350585938
      vertex 1.1999998092651367 16.048744201660156 0.6994781494140625
      vertex 1.1999998092651367 16.125 0.7370834350585938
    endloop
  endfacet
  facet normal 0 -0.44228951787957066 0.8968723333751893
    outer loop
      vertex 1.1999998092651367 16.048744201660156 0.6994781494140625
      vertex -6.47499942779541 16.125 0.7370834350585938
      vertex -6.551255226135254 16.048744201660156 0.6994781494140625
    endloop
  endfacet
  facet normal 0 0.44228951787957066 -0.8968723333751895
    outer loop
      vertex -6.799999237060547 15.47499942779541 1.8629159927368164
      vertex 0.5994777679443359 15.551255226135254 1.9005212783813477
      vertex 0.6370830535888672 15.47499942779541 1.8629159927368164
    endloop
  endfacet
  facet normal 0 0.4422895178795706 -0.8968723333751893
    outer loop
      vertex 0.5994777679443359 15.551255226135254 1.9005212783813477
      vertex -6.799999237060547 15.47499942779541 1.8629159927368164
      vertex -6.799999237060547 15.551255226135254 1.9005212783813477
    endloop
  endfacet
  facet normal 0 0.0654037649185976 -0.9978588815731776
    outer loop
      vertex -6.799999237060547 15.715157508850098 1.9444389343261719
      vertex 0.5499992370605469 15.799999237060547 1.9499998092651367
      vertex 0.5555601119995117 15.715157508850098 1.9444389343261719
    endloop
  endfacet
  facet normal 0 0.0654037649185976 -0.9978588815731775
    outer loop
      vertex 0.5499992370605469 15.799999237060547 1.9499998092651367
      vertex -6.799999237060547 15.715157508850098 1.9444389343261719
      vertex -6.799999237060547 15.799999237060547 1.9499998092651367
    endloop
  endfacet
  facet normal 0 -0.19508928280095494 0.9807854871154085
    outer loop
      vertex -6.631767272949219 15.968232154846191 0.6721477508544922
      vertex 1.1999998092651367 15.884841918945312 0.6555604934692383
      vertex 1.1999998092651367 15.968232154846191 0.6721477508544922
    endloop
  endfacet
  facet normal 0 -0.19508928280095492 0.9807854871154085
    outer loop
      vertex 1.1999998092651367 15.884841918945312 0.6555604934692383
      vertex -6.631767272949219 15.968232154846191 0.6721477508544922
      vertex -6.715157508850098 15.884841918945312 0.6555604934692383
    endloop
  endfacet
  facet normal 0 0.8968723333751893 0.44228951787957066
    outer loop
      vertex 1.1999998092651367 15.237083435058594 0.9749994277954102
      vertex -6.799999237060547 15.199478149414062 1.051255226135254
      vertex 1.1999998092651367 15.199478149414062 1.051255226135254
    endloop
  endfacet
  facet normal 0 0.8968723333751893 0.44228951787957066
    outer loop
      vertex -6.799999237060547 15.199478149414062 1.051255226135254
      vertex 1.1999998092651367 15.237083435058594 0.9749994277954102
      vertex -6.799999237060547 15.237083435058594 0.9749994277954102
    endloop
  endfacet
  facet normal 0 0.555567020723746 0.8314717586810395
    outer loop
      vertex -6.799999237060547 15.47499942779541 0.7370834350585938
      vertex 1.1999998092651367 15.404304504394531 0.7843198776245117
      vertex 1.1999998092651367 15.47499942779541 0.7370834350585938
    endloop
  endfacet
  facet normal 0 0.555567020723746 0.8314717586810395
    outer loop
      vertex 1.1999998092651367 15.404304504394531 0.7843198776245117
      vertex -6.799999237060547 15.47499942779541 0.7370834350585938
      vertex -6.799999237060547 15.404304504394531 0.7843198776245117
    endloop
  endfacet
  facet normal 0 -0.32144201091041524 0.9469292653740661
    outer loop
      vertex -6.551255226135254 16.048744201660156 0.6994781494140625
      vertex 1.1999998092651367 15.968232154846191 0.6721477508544922
      vertex 1.1999998092651367 16.048744201660156 0.6994781494140625
    endloop
  endfacet
  facet normal 0 -0.32144201091041524 0.9469292653740662
    outer loop
      vertex 1.1999998092651367 15.968232154846191 0.6721477508544922
      vertex -6.551255226135254 16.048744201660156 0.6994781494140625
      vertex -6.631767272949219 15.968232154846191 0.6721477508544922
    endloop
  endfacet
  facet normal 0 -0.6593475122899831 -0.7518383190799804
    outer loop
      vertex -6.299999237060547 16.259618759155273 1.7596187591552734
      vertex 0.6843194961547852 16.195693969726562 1.8156795501708984
      vertex -6.299999237060547 16.195693969726562 1.8156795501708984
    endloop
  endfacet
  facet normal 0 -0.6593475122899832 -0.7518383190799806
    outer loop
      vertex 0.6843194961547852 16.195693969726562 1.8156795501708984
      vertex -6.299999237060547 16.259618759155273 1.7596187591552734
      vertex 0.7403802871704102 16.259618759155273 1.7596187591552734
    endloop
  endfacet
  facet normal 0 -0.44228951787957066 -0.8968723333751895
    outer loop
      vertex 0.5994777679443359 16.048744201660156 1.9005212783813477
      vertex -6.47499942779541 16.125 1.8629159927368164
      vertex 0.6370830535888672 16.125 1.8629159927368164
    endloop
  endfacet
  facet normal 0 -0.4422895178795706 -0.8968723333751893
    outer loop
      vertex -6.47499942779541 16.125 1.8629159927368164
      vertex 0.5994777679443359 16.048744201660156 1.9005212783813477
      vertex -6.551255226135254 16.048744201660156 1.9005212783813477
    endloop
  endfacet
  facet normal 0 -0.0654030328922157 -0.9978589295529202
    outer loop
      vertex 0.5499992370605469 15.799999237060547 1.9499998092651367
      vertex -6.715157508850098 15.884841918945312 1.9444389343261719
      vertex 0.5555601119995117 15.884841918945312 1.9444389343261719
    endloop
  endfacet
  facet normal 0 -0.0654030328922157 -0.9978589295529202
    outer loop
      vertex -6.715157508850098 15.884841918945312 1.9444389343261719
      vertex 0.5499992370605469 15.799999237060547 1.9499998092651367
      vertex -6.799999237060547 15.799999237060547 1.9499998092651367
    endloop
  endfacet
  facet normal 0 0.19508928280095492 0.9807854871154085
    outer loop
      vertex -6.799999237060547 15.715157508850098 0.6555604934692383
      vertex 1.1999998092651367 15.631767272949219 0.6721477508544922
      vertex 1.1999998092651367 15.715157508850098 0.6555604934692383
    endloop
  endfacet
  facet normal 0 0.19508928280095492 0.9807854871154085
    outer loop
      vertex 1.1999998092651367 15.631767272949219 0.6721477508544922
      vertex -6.799999237060547 15.715157508850098 0.6555604934692383
      vertex -6.799999237060547 15.631767272949219 0.6721477508544922
    endloop
  endfacet
  facet normal 0 -0.8968723333751893 0.4422895178795706
    outer loop
      vertex 1.1999998092651367 16.3629150390625 0.9749994277954102
      vertex -6.1994781494140625 16.40052032470703 1.051255226135254
      vertex -6.237083435058594 16.3629150390625 0.9749994277954102
    endloop
  endfacet
  facet normal 0 -0.8968723333751895 0.44228951787957066
    outer loop
      vertex -6.1994781494140625 16.40052032470703 1.051255226135254
      vertex 1.1999998092651367 16.3629150390625 0.9749994277954102
      vertex 1.1999998092651367 16.40052032470703 1.051255226135254
    endloop
  endfacet
  facet normal 0 0.555567020723746 -0.8314717586810395
    outer loop
      vertex -6.799999237060547 15.404304504394531 1.8156795501708984
      vertex 0.6370830535888672 15.47499942779541 1.8629159927368164
      vertex 0.6843194961547852 15.404304504394531 1.8156795501708984
    endloop
  endfacet
  facet normal 0 0.555567020723746 -0.8314717586810394
    outer loop
      vertex 0.6370830535888672 15.47499942779541 1.8629159927368164
      vertex -6.799999237060547 15.404304504394531 1.8156795501708984
      vertex -6.799999237060547 15.47499942779541 1.8629159927368164
    endloop
  endfacet
  facet normal 0.00004439399258320104 -0.7518437161792255 0.6593413565604584
    outer loop
      vertex -6.299999237060547 16.259618759155273 0.8403797149658203
      vertex -6.284319877624512 16.3156795501709 0.9043045043945312
      vertex -6.299999237060547 16.299999237060547 0.8864253759384155
    endloop
  endfacet
  facet normal 0 -0.7518383190799804 0.6593475122899831
    outer loop
      vertex 1.1999998092651367 16.259618759155273 0.8403797149658203
      vertex -6.284319877624512 16.3156795501709 0.9043045043945312
      vertex -6.299999237060547 16.259618759155273 0.8403797149658203
    endloop
  endfacet
  facet normal 0 -0.7518383190799804 0.6593475122899831
    outer loop
      vertex -6.284319877624512 16.3156795501709 0.9043045043945312
      vertex 1.1999998092651367 16.259618759155273 0.8403797149658203
      vertex 1.1999998092651367 16.3156795501709 0.9043045043945312
    endloop
  endfacet
  facet normal 0 -0.8968723333751893 -0.44228951787957066
    outer loop
      vertex -6.1994781494140625 16.40052032470703 1.5487442016601562
      vertex 0.875 16.3629150390625 1.625
      vertex -6.237083435058594 16.3629150390625 1.625
    endloop
  endfacet
  facet normal 0 -0.8968723333751893 -0.4422895178795706
    outer loop
      vertex 0.875 16.3629150390625 1.625
      vertex -6.1994781494140625 16.40052032470703 1.5487442016601562
      vertex 0.9512548446655273 16.40052032470703 1.5487442016601562
    endloop
  endfacet
  facet normal 0 -0.9469224369987249 0.32146212577595507
    outer loop
      vertex 1.1999998092651367 16.40052032470703 1.051255226135254
      vertex -6.172147750854492 16.427852630615234 1.1317672729492188
      vertex -6.1994781494140625 16.40052032470703 1.051255226135254
    endloop
  endfacet
  facet normal 0 -0.9469224369987249 0.3214621257759551
    outer loop
      vertex -6.172147750854492 16.427852630615234 1.1317672729492188
      vertex 1.1999998092651367 16.40052032470703 1.051255226135254
      vertex 1.1999998092651367 16.427852630615234 1.1317672729492188
    endloop
  endfacet
  facet normal 0 -0.19508928280095492 -0.9807854871154084
    outer loop
      vertex 0.5555601119995117 15.884841918945312 1.9444389343261719
      vertex -6.631767272949219 15.968232154846191 1.927851676940918
      vertex 0.5721473693847656 15.968232154846191 1.927851676940918
    endloop
  endfacet
  facet normal 0 -0.19508928280095494 -0.9807854871154086
    outer loop
      vertex -6.631767272949219 15.968232154846191 1.927851676940918
      vertex 0.5555601119995117 15.884841918945312 1.9444389343261719
      vertex -6.715157508850098 15.884841918945312 1.9444389343261719
    endloop
  endfacet
  facet normal 0 0.7518438793411311 0.6593411720022334
    outer loop
      vertex 1.1999998092651367 15.34037971496582 0.8403797149658203
      vertex -6.799999237060547 15.284319877624512 0.9043045043945312
      vertex 1.1999998092651367 15.284319877624512 0.9043045043945312
    endloop
  endfacet
  facet normal 0 0.7518438793411311 0.6593411720022334
    outer loop
      vertex -6.799999237060547 15.284319877624512 0.9043045043945312
      vertex 1.1999998092651367 15.34037971496582 0.8403797149658203
      vertex -6.799999237060547 15.34037971496582 0.8403797149658203
    endloop
  endfacet
  facet normal 0 0.9469292653740661 0.32144201091041524
    outer loop
      vertex 1.1999998092651367 15.199478149414062 1.051255226135254
      vertex -6.799999237060547 15.172147750854492 1.1317672729492188
      vertex 1.1999998092651367 15.172147750854492 1.1317672729492188
    endloop
  endfacet
  facet normal 0 0.9469292653740661 0.32144201091041524
    outer loop
      vertex -6.799999237060547 15.172147750854492 1.1317672729492188
      vertex 1.1999998092651367 15.199478149414062 1.051255226135254
      vertex -6.799999237060547 15.199478149414062 1.051255226135254
    endloop
  endfacet
  facet normal 0 0.19508928280095492 -0.9807854871154084
    outer loop
      vertex -6.799999237060547 15.631767272949219 1.927851676940918
      vertex 0.5555601119995117 15.715157508850098 1.9444389343261719
      vertex 0.5721473693847656 15.631767272949219 1.927851676940918
    endloop
  endfacet
  facet normal 0 0.19508928280095492 -0.9807854871154084
    outer loop
      vertex 0.5555601119995117 15.715157508850098 1.9444389343261719
      vertex -6.799999237060547 15.631767272949219 1.927851676940918
      vertex -6.799999237060547 15.715157508850098 1.9444389343261719
    endloop
  endfacet
  facet normal 0 -0.5555722021159547 0.8314682965910539
    outer loop
      vertex -6.299999237060547 16.195693969726562 0.7843198776245117
      vertex 1.1999998092651367 16.125 0.7370834350585938
      vertex 1.1999998092651367 16.195693969726562 0.7843198776245117
    endloop
  endfacet
  facet normal -3.673968613796984e-8 -0.5555748967835458 0.8314664960561857
    outer loop
      vertex -6.299999237060547 16.149999618530273 0.7537875175476074
      vertex 1.1999998092651367 16.125 0.7370834350585938
      vertex -6.299999237060547 16.195693969726562 0.7843198776245117
    endloop
  endfacet
  facet normal 0 -0.5555672767520681 0.8314715876097577
    outer loop
      vertex -6.47499942779541 16.125 0.7370834350585938
      vertex -6.299999237060547 16.149999618530273 0.7537875175476074
      vertex -6.449999809265137 16.149999618530273 0.7537875175476074
    endloop
  endfacet
  facet normal 0 -0.5555672767520681 0.8314715876097578
    outer loop
      vertex -6.299999237060547 16.149999618530273 0.7537875175476074
      vertex -6.47499942779541 16.125 0.7370834350585938
      vertex 1.1999998092651367 16.125 0.7370834350585938
    endloop
  endfacet
  facet normal 0 -0.555567276752068 -0.8314715876097577
    outer loop
      vertex -6.47499942779541 16.125 1.8629159927368164
      vertex -6.299999237060547 16.149999618530273 1.8462119102478027
      vertex 0.6370830535888672 16.125 1.8629159927368164
    endloop
  endfacet
  facet normal 0 -0.5555672767520681 -0.8314715876097577
    outer loop
      vertex -6.299999237060547 16.149999618530273 1.8462119102478027
      vertex -6.47499942779541 16.125 1.8629159927368164
      vertex -6.449999809265137 16.149999618530273 1.8462119102478027
    endloop
  endfacet
  facet normal -3.972096617168474e-8 -0.5555748967835458 -0.8314664960561856
    outer loop
      vertex -6.299999237060547 16.195693969726562 1.8156795501708984
      vertex 0.6370830535888672 16.125 1.8629159927368164
      vertex -6.299999237060547 16.149999618530273 1.8462119102478027
    endloop
  endfacet
  facet normal 0 -0.5555722021159547 -0.8314682965910539
    outer loop
      vertex 0.6370830535888672 16.125 1.8629159927368164
      vertex -6.299999237060547 16.195693969726562 1.8156795501708984
      vertex 0.6843194961547852 16.195693969726562 1.8156795501708984
    endloop
  endfacet
  facet normal 0 -0.9978581974727498 -0.06541420133605814
    outer loop
      vertex -6.149999618530273 16.450000762939453 1.2999992370605469
      vertex 1.115157127380371 16.444438934326172 1.3848419189453125
      vertex -6.155560493469238 16.444438934326172 1.3848419189453125
    endloop
  endfacet
  facet normal 0 -0.9978581974727498 -0.06541420133605814
    outer loop
      vertex 1.115157127380371 16.444438934326172 1.3848419189453125
      vertex -6.149999618530273 16.450000762939453 1.2999992370605469
      vertex 1.1999998092651367 16.450000762939453 1.2999992370605469
    endloop
  endfacet
  facet normal 0 0.6593475122899831 -0.7518383190799804
    outer loop
      vertex -6.799999237060547 15.34037971496582 1.7596187591552734
      vertex 0.6843194961547852 15.404304504394531 1.8156795501708984
      vertex 0.7403802871704102 15.34037971496582 1.7596187591552734
    endloop
  endfacet
  facet normal 0 0.6593475122899832 -0.7518383190799806
    outer loop
      vertex 0.6843194961547852 15.404304504394531 1.8156795501708984
      vertex -6.799999237060547 15.34037971496582 1.7596187591552734
      vertex -6.799999237060547 15.404304504394531 1.8156795501708984
    endloop
  endfacet
  facet normal 0 0.8314717586810395 -0.555567020723746
    outer loop
      vertex -6.799999237060547 15.237083435058594 1.625
      vertex 0.8043041229248047 15.284319877624512 1.695694923400879
      vertex 0.875 15.237083435058594 1.625
    endloop
  endfacet
  facet normal 0 0.8314717586810394 -0.555567020723746
    outer loop
      vertex 0.8043041229248047 15.284319877624512 1.695694923400879
      vertex -6.799999237060547 15.237083435058594 1.625
      vertex -6.799999237060547 15.284319877624512 1.695694923400879
    endloop
  endfacet
  facet normal 0 0.9978589295529202 -0.0654030328922157
    outer loop
      vertex -6.799999237060547 15.149999618530273 1.2999992370605469
      vertex 1.115157127380371 15.155560493469238 1.3848419189453125
      vertex 1.1999998092651367 15.149999618530273 1.2999992370605469
    endloop
  endfacet
  facet normal 0 0.9978589295529202 -0.0654030328922157
    outer loop
      vertex 1.115157127380371 15.155560493469238 1.3848419189453125
      vertex -6.799999237060547 15.149999618530273 1.2999992370605469
      vertex -6.799999237060547 15.155560493469238 1.3848419189453125
    endloop
  endfacet
  facet normal 0 0.0654037649185976 0.9978588815731776
    outer loop
      vertex -6.799999237060547 15.799999237060547 0.6499996185302734
      vertex 1.1999998092651367 15.715157508850098 0.6555604934692383
      vertex 1.1999998092651367 15.799999237060547 0.6499996185302734
    endloop
  endfacet
  facet normal 0 0.0654037649185976 0.9978588815731776
    outer loop
      vertex 1.1999998092651367 15.715157508850098 0.6555604934692383
      vertex -6.799999237060547 15.799999237060547 0.6499996185302734
      vertex -6.799999237060547 15.715157508850098 0.6555604934692383
    endloop
  endfacet
  facet normal 0 0.9469292653740661 -0.32144201091041524
    outer loop
      vertex -6.799999237060547 15.172147750854492 1.4682321548461914
      vertex 0.9512548446655273 15.199478149414062 1.5487442016601562
      vertex 1.0317668914794922 15.172147750854492 1.4682321548461914
    endloop
  endfacet
  facet normal 0 0.9469292653740661 -0.32144201091041524
    outer loop
      vertex 0.9512548446655273 15.199478149414062 1.5487442016601562
      vertex -6.799999237060547 15.172147750854492 1.4682321548461914
      vertex -6.799999237060547 15.199478149414062 1.5487442016601562
    endloop
  endfacet
  facet normal 0.00004274067460477775 -0.7518386390065264 -0.6593471460998742
    outer loop
      vertex -6.284319877624512 16.3156795501709 1.695694923400879
      vertex -6.299999237060547 16.259618759155273 1.7596187591552734
      vertex -6.299999237060547 16.299999237060547 1.7135738134384155
    endloop
  endfacet
  facet normal 0 -0.7518334427905536 -0.6593530725656045
    outer loop
      vertex -6.299999237060547 16.259618759155273 1.7596187591552734
      vertex -6.284319877624512 16.3156795501709 1.695694923400879
      vertex 0.7403802871704102 16.259618759155273 1.7596187591552734
    endloop
  endfacet
  facet normal 0 -0.7518334427905536 -0.6593530725656045
    outer loop
      vertex 0.7403802871704102 16.259618759155273 1.7596187591552734
      vertex -6.284319877624512 16.3156795501709 1.695694923400879
      vertex 0.8043041229248047 16.3156795501709 1.695694923400879
    endloop
  endfacet
  facet normal 0 -0.9807876332418175 -0.1950784931249836
    outer loop
      vertex -6.155560493469238 16.444438934326172 1.3848419189453125
      vertex 1.0317668914794922 16.427852630615234 1.4682321548461914
      vertex -6.172147750854492 16.427852630615234 1.4682321548461914
    endloop
  endfacet
  facet normal 0 -0.9807876332418175 -0.19507849312498357
    outer loop
      vertex 1.0317668914794922 16.427852630615234 1.4682321548461914
      vertex -6.155560493469238 16.444438934326172 1.3848419189453125
      vertex 1.115157127380371 16.444438934326172 1.3848419189453125
    endloop
  endfacet
  facet normal 0 -0.9469224369987249 -0.3214621257759551
    outer loop
      vertex -6.172147750854492 16.427852630615234 1.4682321548461914
      vertex 0.9512548446655273 16.40052032470703 1.5487442016601562
      vertex -6.1994781494140625 16.40052032470703 1.5487442016601562
    endloop
  endfacet
  facet normal 0 -0.9469224369987249 -0.32146212577595507
    outer loop
      vertex 0.9512548446655273 16.40052032470703 1.5487442016601562
      vertex -6.172147750854492 16.427852630615234 1.4682321548461914
      vertex 1.0317668914794922 16.427852630615234 1.4682321548461914
    endloop
  endfacet
  facet normal 0 0.9978588815731776 0.0654037649185976
    outer loop
      vertex 1.1999998092651367 15.155560493469238 1.2151575088500977
      vertex -6.799999237060547 15.149999618530273 1.2999992370605469
      vertex 1.1999998092651367 15.149999618530273 1.2999992370605469
    endloop
  endfacet
  facet normal 0 0.9978588815731776 0.0654037649185976
    outer loop
      vertex -6.799999237060547 15.149999618530273 1.2999992370605469
      vertex 1.1999998092651367 15.155560493469238 1.2151575088500977
      vertex -6.799999237060547 15.155560493469238 1.2151575088500977
    endloop
  endfacet
  facet normal 1 0 0
    outer loop
      vertex -6.799999237060547 15.715157508850098 1.9444389343261719
      vertex -6.799999237060547 15.799999237060547 0.6499996185302734
      vertex -6.799999237060547 15.799999237060547 1.9499998092651367
    endloop
  endfacet
  facet normal 1 0 0
    outer loop
      vertex -6.799999237060547 15.715157508850098 1.9444389343261719
      vertex -6.799999237060547 15.715157508850098 0.6555604934692383
      vertex -6.799999237060547 15.799999237060547 0.6499996185302734
    endloop
  endfacet
  facet normal 1 0 0
    outer loop
      vertex -6.799999237060547 15.631767272949219 1.927851676940918
      vertex -6.799999237060547 15.715157508850098 0.6555604934692383
      vertex -6.799999237060547 15.715157508850098 1.9444389343261719
    endloop
  endfacet
  facet normal 1 0 0
    outer loop
      vertex -6.799999237060547 15.631767272949219 1.927851676940918
      vertex -6.799999237060547 15.631767272949219 0.6721477508544922
      vertex -6.799999237060547 15.715157508850098 0.6555604934692383
    endloop
  endfacet
  facet normal 1 0 0
    outer loop
      vertex -6.799999237060547 15.551255226135254 1.9005212783813477
      vertex -6.799999237060547 15.631767272949219 0.6721477508544922
      vertex -6.799999237060547 15.631767272949219 1.927851676940918
    endloop
  endfacet
  facet normal 1 0 0
    outer loop
      vertex -6.799999237060547 15.551255226135254 1.9005212783813477
      vertex -6.799999237060547 15.551255226135254 0.6994781494140625
      vertex -6.799999237060547 15.631767272949219 0.6721477508544922
    endloop
  endfacet
  facet normal 1 0 0
    outer loop
      vertex -6.799999237060547 15.47499942779541 1.8629159927368164
      vertex -6.799999237060547 15.551255226135254 0.6994781494140625
      vertex -6.799999237060547 15.551255226135254 1.9005212783813477
    endloop
  endfacet
  facet normal 1 0 0
    outer loop
      vertex -6.799999237060547 15.47499942779541 1.8629159927368164
      vertex -6.799999237060547 15.47499942779541 0.7370834350585938
      vertex -6.799999237060547 15.551255226135254 0.6994781494140625
    endloop
  endfacet
  facet normal 1 0 0
    outer loop
      vertex -6.799999237060547 15.404304504394531 1.8156795501708984
      vertex -6.799999237060547 15.47499942779541 0.7370834350585938
      vertex -6.799999237060547 15.47499942779541 1.8629159927368164
    endloop
  endfacet
  facet normal 1 0 0
    outer loop
      vertex -6.799999237060547 15.404304504394531 1.8156795501708984
      vertex -6.799999237060547 15.404304504394531 0.7843198776245117
      vertex -6.799999237060547 15.47499942779541 0.7370834350585938
    endloop
  endfacet
  facet normal 1 0 0
    outer loop
      vertex -6.799999237060547 15.34037971496582 1.7596187591552734
      vertex -6.799999237060547 15.404304504394531 0.7843198776245117
      vertex -6.799999237060547 15.404304504394531 1.8156795501708984
    endloop
  endfacet
  facet normal 1 0 0
    outer loop
      vertex -6.799999237060547 15.34037971496582 1.7596187591552734
      vertex -6.799999237060547 15.34037971496582 0.8403797149658203
      vertex -6.799999237060547 15.404304504394531 0.7843198776245117
    endloop
  endfacet
  facet normal 1 0 0
    outer loop
      vertex -6.799999237060547 15.284319877624512 1.695694923400879
      vertex -6.799999237060547 15.34037971496582 0.8403797149658203
      vertex -6.799999237060547 15.34037971496582 1.7596187591552734
    endloop
  endfacet
  facet normal 1 0 0
    outer loop
      vertex -6.799999237060547 15.284319877624512 1.695694923400879
      vertex -6.799999237060547 15.284319877624512 0.9043045043945312
      vertex -6.799999237060547 15.34037971496582 0.8403797149658203
    endloop
  endfacet
  facet normal 1 0 0
    outer loop
      vertex -6.799999237060547 15.237083435058594 1.625
      vertex -6.799999237060547 15.284319877624512 0.9043045043945312
      vertex -6.799999237060547 15.284319877624512 1.695694923400879
    endloop
  endfacet
  facet normal 1 0 0
    outer loop
      vertex -6.799999237060547 15.237083435058594 1.625
      vertex -6.799999237060547 15.237083435058594 0.9749994277954102
      vertex -6.799999237060547 15.284319877624512 0.9043045043945312
    endloop
  endfacet
  facet normal 1 0 0
    outer loop
      vertex -6.799999237060547 15.199478149414062 1.5487442016601562
      vertex -6.799999237060547 15.237083435058594 0.9749994277954102
      vertex -6.799999237060547 15.237083435058594 1.625
    endloop
  endfacet
  facet normal 1 0 0
    outer loop
      vertex -6.799999237060547 15.199478149414062 1.5487442016601562
      vertex -6.799999237060547 15.199478149414062 1.051255226135254
      vertex -6.799999237060547 15.237083435058594 0.9749994277954102
    endloop
  endfacet
  facet normal 1 0 0
    outer loop
      vertex -6.799999237060547 15.172147750854492 1.4682321548461914
      vertex -6.799999237060547 15.199478149414062 1.051255226135254
      vertex -6.799999237060547 15.199478149414062 1.5487442016601562
    endloop
  endfacet
  facet normal 1 0 0
    outer loop
      vertex -6.799999237060547 15.172147750854492 1.4682321548461914
      vertex -6.799999237060547 15.172147750854492 1.1317672729492188
      vertex -6.799999237060547 15.199478149414062 1.051255226135254
    endloop
  endfacet
  facet normal 1 0 0
    outer loop
      vertex -6.799999237060547 15.155560493469238 1.3848419189453125
      vertex -6.799999237060547 15.172147750854492 1.1317672729492188
      vertex -6.799999237060547 15.172147750854492 1.4682321548461914
    endloop
  endfacet
  facet normal 1 0 0
    outer loop
      vertex -6.799999237060547 15.155560493469238 1.3848419189453125
      vertex -6.799999237060547 15.155560493469238 1.2151575088500977
      vertex -6.799999237060547 15.172147750854492 1.1317672729492188
    endloop
  endfacet
  facet normal 1 0 0
    outer loop
      vertex -6.799999237060547 15.155560493469238 1.2151575088500977
      vertex -6.799999237060547 15.155560493469238 1.3848419189453125
      vertex -6.799999237060547 15.149999618530273 1.2999992370605469
    endloop
  endfacet
  facet normal 0 0.7518390031094215 -0.6593467323066303
    outer loop
      vertex -6.799999237060547 15.284319877624512 1.695694923400879
      vertex 0.7403802871704102 15.34037971496582 1.7596187591552734
      vertex 0.8043041229248047 15.284319877624512 1.695694923400879
    endloop
  endfacet
  facet normal 0 0.7518390031094215 -0.6593467323066303
    outer loop
      vertex 0.7403802871704102 15.34037971496582 1.7596187591552734
      vertex -6.799999237060547 15.284319877624512 1.695694923400879
      vertex -6.799999237060547 15.34037971496582 1.7596187591552734
    endloop
  endfacet
  facet normal 0 0.8968723333751895 -0.44228951787957066
    outer loop
      vertex -6.799999237060547 15.199478149414062 1.5487442016601562
      vertex 0.875 15.237083435058594 1.625
      vertex 0.9512548446655273 15.199478149414062 1.5487442016601562
    endloop
  endfacet
  facet normal 0 0.8968723333751895 -0.44228951787957066
    outer loop
      vertex 0.875 15.237083435058594 1.625
      vertex -6.799999237060547 15.199478149414062 1.5487442016601562
      vertex -6.799999237060547 15.237083435058594 1.625
    endloop
  endfacet
  facet normal 0 0.6593411720022334 0.7518438793411311
    outer loop
      vertex -6.799999237060547 15.404304504394531 0.7843198776245117
      vertex 1.1999998092651367 15.34037971496582 0.8403797149658203
      vertex 1.1999998092651367 15.404304504394531 0.7843198776245117
    endloop
  endfacet
  facet normal 0 0.6593411720022334 0.7518438793411311
    outer loop
      vertex 1.1999998092651367 15.34037971496582 0.8403797149658203
      vertex -6.799999237060547 15.404304504394531 0.7843198776245117
      vertex -6.799999237060547 15.34037971496582 0.8403797149658203
    endloop
  endfacet
  facet normal 0 0.32144201091041524 0.9469292653740661
    outer loop
      vertex -6.799999237060547 15.631767272949219 0.6721477508544922
      vertex 1.1999998092651367 15.551255226135254 0.6994781494140625
      vertex 1.1999998092651367 15.631767272949219 0.6721477508544922
    endloop
  endfacet
  facet normal 0 0.32144201091041524 0.9469292653740661
    outer loop
      vertex 1.1999998092651367 15.551255226135254 0.6994781494140625
      vertex -6.799999237060547 15.631767272949219 0.6721477508544922
      vertex -6.799999237060547 15.551255226135254 0.6994781494140625
    endloop
  endfacet
  facet normal 0 0.32144201091041524 -0.9469292653740661
    outer loop
      vertex -6.799999237060547 15.551255226135254 1.9005212783813477
      vertex 0.5721473693847656 15.631767272949219 1.927851676940918
      vertex 0.5994777679443359 15.551255226135254 1.9005212783813477
    endloop
  endfacet
  facet normal 0 0.32144201091041524 -0.9469292653740662
    outer loop
      vertex 0.5721473693847656 15.631767272949219 1.927851676940918
      vertex -6.799999237060547 15.551255226135254 1.9005212783813477
      vertex -6.799999237060547 15.631767272949219 1.927851676940918
    endloop
  endfacet
  facet normal 0 0.9807854871154085 0.19508928280095492
    outer loop
      vertex 1.1999998092651367 15.172147750854492 1.1317672729492188
      vertex -6.799999237060547 15.155560493469238 1.2151575088500977
      vertex 1.1999998092651367 15.155560493469238 1.2151575088500977
    endloop
  endfacet
  facet normal 0 0.9807854871154085 0.19508928280095492
    outer loop
      vertex -6.799999237060547 15.155560493469238 1.2151575088500977
      vertex 1.1999998092651367 15.172147750854492 1.1317672729492188
      vertex -6.799999237060547 15.172147750854492 1.1317672729492188
    endloop
  endfacet
  facet normal 0 -0.8314769400318396 -0.555559266141146
    outer loop
      vertex -6.237083435058594 16.3629150390625 1.625
      vertex 0.8043041229248047 16.3156795501709 1.695694923400879
      vertex -6.284319877624512 16.3156795501709 1.695694923400879
    endloop
  endfacet
  facet normal 0 -0.8314769400318396 -0.555559266141146
    outer loop
      vertex 0.8043041229248047 16.3156795501709 1.695694923400879
      vertex -6.237083435058594 16.3629150390625 1.625
      vertex 0.875 16.3629150390625 1.625
    endloop
  endfacet
  facet normal 0 -0.8314769400318395 0.555559266141146
    outer loop
      vertex 1.1999998092651367 16.3156795501709 0.9043045043945312
      vertex -6.237083435058594 16.3629150390625 0.9749994277954102
      vertex -6.284319877624512 16.3156795501709 0.9043045043945312
    endloop
  endfacet
  facet normal 0 -0.8314769400318395 0.5555592661411459
    outer loop
      vertex -6.237083435058594 16.3629150390625 0.9749994277954102
      vertex 1.1999998092651367 16.3156795501709 0.9043045043945312
      vertex 1.1999998092651367 16.3629150390625 0.9749994277954102
    endloop
  endfacet
  facet normal 0 0.9807854871154086 -0.19508928280095494
    outer loop
      vertex -6.799999237060547 15.155560493469238 1.3848419189453125
      vertex 1.0317668914794922 15.172147750854492 1.4682321548461914
      vertex 1.115157127380371 15.155560493469238 1.3848419189453125
    endloop
  endfacet
  facet normal 0 0.9807854871154085 -0.19508928280095492
    outer loop
      vertex 1.0317668914794922 15.172147750854492 1.4682321548461914
      vertex -6.799999237060547 15.155560493469238 1.3848419189453125
      vertex -6.799999237060547 15.172147750854492 1.4682321548461914
    endloop
  endfacet
  facet normal -1 0 0
    outer loop
      vertex 1.1999998092651367 16.427852630615234 1.1317672729492188
      vertex 1.1999998092651367 16.450000762939453 1.2999992370605469
      vertex 1.1999998092651367 16.444438934326172 1.2151575088500977
    endloop
  endfacet
  facet normal -1 0 0
    outer loop
      vertex 1.1999998092651367 16.40052032470703 1.051255226135254
      vertex 1.1999998092651367 16.450000762939453 1.2999992370605469
      vertex 1.1999998092651367 16.427852630615234 1.1317672729492188
    endloop
  endfacet
  facet normal -1 0 0
    outer loop
      vertex 1.1999998092651367 16.3629150390625 0.9749994277954102
      vertex 1.1999998092651367 16.450000762939453 1.2999992370605469
      vertex 1.1999998092651367 16.40052032470703 1.051255226135254
    endloop
  endfacet
  facet normal -1 0 0
    outer loop
      vertex 1.1999998092651367 16.3156795501709 0.9043045043945312
      vertex 1.1999998092651367 16.450000762939453 1.2999992370605469
      vertex 1.1999998092651367 16.3629150390625 0.9749994277954102
    endloop
  endfacet
  facet normal -1 0 0
    outer loop
      vertex 1.1999998092651367 16.259618759155273 0.8403797149658203
      vertex 1.1999998092651367 16.450000762939453 1.2999992370605469
      vertex 1.1999998092651367 16.3156795501709 0.9043045043945312
    endloop
  endfacet
  facet normal -1 0 0
    outer loop
      vertex 1.1999998092651367 16.195693969726562 0.7843198776245117
      vertex 1.1999998092651367 16.450000762939453 1.2999992370605469
      vertex 1.1999998092651367 16.259618759155273 0.8403797149658203
    endloop
  endfacet
  facet normal -1 0 0
    outer loop
      vertex 1.1999998092651367 16.125 0.7370834350585938
      vertex 1.1999998092651367 16.450000762939453 1.2999992370605469
      vertex 1.1999998092651367 16.195693969726562 0.7843198776245117
    endloop
  endfacet
  facet normal -1 0 0
    outer loop
      vertex 1.1999998092651367 16.048744201660156 0.6994781494140625
      vertex 1.1999998092651367 16.450000762939453 1.2999992370605469
      vertex 1.1999998092651367 16.125 0.7370834350585938
    endloop
  endfacet
  facet normal -1 0 0
    outer loop
      vertex 1.1999998092651367 15.968232154846191 0.6721477508544922
      vertex 1.1999998092651367 16.450000762939453 1.2999992370605469
      vertex 1.1999998092651367 16.048744201660156 0.6994781494140625
    endloop
  endfacet
  facet normal -1 0 0
    outer loop
      vertex 1.1999998092651367 15.884841918945312 0.6555604934692383
      vertex 1.1999998092651367 16.450000762939453 1.2999992370605469
      vertex 1.1999998092651367 15.968232154846191 0.6721477508544922
    endloop
  endfacet
  facet normal -1 0 0
    outer loop
      vertex 1.1999998092651367 15.799999237060547 0.6499996185302734
      vertex 1.1999998092651367 16.450000762939453 1.2999992370605469
      vertex 1.1999998092651367 15.884841918945312 0.6555604934692383
    endloop
  endfacet
  facet normal -1 0 0
    outer loop
      vertex 1.1999998092651367 15.715157508850098 0.6555604934692383
      vertex 1.1999998092651367 16.450000762939453 1.2999992370605469
      vertex 1.1999998092651367 15.799999237060547 0.6499996185302734
    endloop
  endfacet
  facet normal -1 0 0
    outer loop
      vertex 1.1999998092651367 15.631767272949219 0.6721477508544922
      vertex 1.1999998092651367 16.450000762939453 1.2999992370605469
      vertex 1.1999998092651367 15.715157508850098 0.6555604934692383
    endloop
  endfacet
  facet normal -1 0 0
    outer loop
      vertex 1.1999998092651367 15.551255226135254 0.6994781494140625
      vertex 1.1999998092651367 16.450000762939453 1.2999992370605469
      vertex 1.1999998092651367 15.631767272949219 0.6721477508544922
    endloop
  endfacet
  facet normal -1 0 0
    outer loop
      vertex 1.1999998092651367 15.47499942779541 0.7370834350585938
      vertex 1.1999998092651367 16.450000762939453 1.2999992370605469
      vertex 1.1999998092651367 15.551255226135254 0.6994781494140625
    endloop
  endfacet
  facet normal -1 0 0
    outer loop
      vertex 1.1999998092651367 15.404304504394531 0.7843198776245117
      vertex 1.1999998092651367 16.450000762939453 1.2999992370605469
      vertex 1.1999998092651367 15.47499942779541 0.7370834350585938
    endloop
  endfacet
  facet normal -1 0 0
    outer loop
      vertex 1.1999998092651367 15.34037971496582 0.8403797149658203
      vertex 1.1999998092651367 16.450000762939453 1.2999992370605469
      vertex 1.1999998092651367 15.404304504394531 0.7843198776245117
    endloop
  endfacet
  facet normal -1 0 0
    outer loop
      vertex 1.1999998092651367 15.284319877624512 0.9043045043945312
      vertex 1.1999998092651367 16.450000762939453 1.2999992370605469
      vertex 1.1999998092651367 15.34037971496582 0.8403797149658203
    endloop
  endfacet
  facet normal -1 0 0
    outer loop
      vertex 1.1999998092651367 15.237083435058594 0.9749994277954102
      vertex 1.1999998092651367 16.450000762939453 1.2999992370605469
      vertex 1.1999998092651367 15.284319877624512 0.9043045043945312
    endloop
  endfacet
  facet normal -1 0 0
    outer loop
      vertex 1.1999998092651367 15.199478149414062 1.051255226135254
      vertex 1.1999998092651367 16.450000762939453 1.2999992370605469
      vertex 1.1999998092651367 15.237083435058594 0.9749994277954102
    endloop
  endfacet
  facet normal -1 0 0
    outer loop
      vertex 1.1999998092651367 15.172147750854492 1.1317672729492188
      vertex 1.1999998092651367 16.450000762939453 1.2999992370605469
      vertex 1.1999998092651367 15.199478149414062 1.051255226135254
    endloop
  endfacet
  facet normal -1 0 0
    outer loop
      vertex 1.1999998092651367 15.155560493469238 1.2151575088500977
      vertex 1.1999998092651367 16.450000762939453 1.2999992370605469
      vertex 1.1999998092651367 15.172147750854492 1.1317672729492188
    endloop
  endfacet
  facet normal -1 0 0
    outer loop
      vertex 1.1999998092651367 16.450000762939453 1.2999992370605469
      vertex 1.1999998092651367 15.155560493469238 1.2151575088500977
      vertex 1.1999998092651367 15.149999618530273 1.2999992370605469
    endloop
  endfacet
  facet normal -0.8968723333751895 -0.44228951787957066 0
    outer loop
      vertex 1.800520896911621 16.048744201660156 12.199478149414062
      vertex 1.7629156112670898 16.125 1.2999992370605469
      vertex 1.800520896911621 16.048744201660156 1.2999992370605469
    endloop
  endfacet
  facet normal -0.8968723333751893 -0.44228951787957066 0
    outer loop
      vertex 1.7629156112670898 16.125 1.2999992370605469
      vertex 1.800520896911621 16.048744201660156 12.199478149414062
      vertex 1.7629156112670898 16.125 12.237083435058594
    endloop
  endfacet
  facet normal -0.9978589295529202 -0.0654030328922157 0
    outer loop
      vertex 1.8499994277954102 15.799999237060547 12.149999618530273
      vertex 1.8444385528564453 15.884841918945312 1.2999992370605469
      vertex 1.8499994277954102 15.799999237060547 1.2999992370605469
    endloop
  endfacet
  facet normal -0.9978589295529202 -0.0654030328922157 0
    outer loop
      vertex 1.8444385528564453 15.884841918945312 1.2999992370605469
      vertex 1.8499994277954102 15.799999237060547 12.149999618530273
      vertex 1.8444385528564453 15.884841918945312 12.155560493469238
    endloop
  endfacet
  facet normal 0 0 -1
    outer loop
      vertex 1.115157127380371 15.155560493469238 12.799999237060547
      vertex 1.1999998092651367 16.450000762939453 12.799999237060547
      vertex 1.1999998092651367 15.149999618530273 12.799999237060547
    endloop
  endfacet
  facet normal 0 0 -1
    outer loop
      vertex 1.115157127380371 15.155560493469238 12.799999237060547
      vertex 1.115157127380371 16.444438934326172 12.799999237060547
      vertex 1.1999998092651367 16.450000762939453 12.799999237060547
    endloop
  endfacet
  facet normal 0 0 -1
    outer loop
      vertex 1.0317668914794922 15.172147750854492 12.799999237060547
      vertex 1.115157127380371 16.444438934326172 12.799999237060547
      vertex 1.115157127380371 15.155560493469238 12.799999237060547
    endloop
  endfacet
  facet normal 0 0 -1
    outer loop
      vertex 1.0317668914794922 15.172147750854492 12.799999237060547
      vertex 1.0317668914794922 16.427852630615234 12.799999237060547
      vertex 1.115157127380371 16.444438934326172 12.799999237060547
    endloop
  endfacet
  facet normal 0 0 -1
    outer loop
      vertex 0.9512548446655273 15.199478149414062 12.799999237060547
      vertex 1.0317668914794922 16.427852630615234 12.799999237060547
      vertex 1.0317668914794922 15.172147750854492 12.799999237060547
    endloop
  endfacet
  facet normal 0 0 -1
    outer loop
      vertex 0.9512548446655273 15.199478149414062 12.799999237060547
      vertex 0.9512548446655273 16.40052032470703 12.799999237060547
      vertex 1.0317668914794922 16.427852630615234 12.799999237060547
    endloop
  endfacet
  facet normal 0 0 -1
    outer loop
      vertex 0.875 15.237083435058594 12.799999237060547
      vertex 0.9512548446655273 16.40052032470703 12.799999237060547
      vertex 0.9512548446655273 15.199478149414062 12.799999237060547
    endloop
  endfacet
  facet normal 0 0 -1
    outer loop
      vertex 0.875 15.237083435058594 12.799999237060547
      vertex 0.875 16.3629150390625 12.799999237060547
      vertex 0.9512548446655273 16.40052032470703 12.799999237060547
    endloop
  endfacet
  facet normal 0 0 -1
    outer loop
      vertex 0.8043041229248047 15.284319877624512 12.799999237060547
      vertex 0.875 16.3629150390625 12.799999237060547
      vertex 0.875 15.237083435058594 12.799999237060547
    endloop
  endfacet
  facet normal 0 0 -1
    outer loop
      vertex 0.8043041229248047 15.284319877624512 12.799999237060547
      vertex 0.8043041229248047 16.3156795501709 12.799999237060547
      vertex 0.875 16.3629150390625 12.799999237060547
    endloop
  endfacet
  facet normal 0 0 -1
    outer loop
      vertex 0.7403802871704102 15.34037971496582 12.799999237060547
      vertex 0.8043041229248047 16.3156795501709 12.799999237060547
      vertex 0.8043041229248047 15.284319877624512 12.799999237060547
    endloop
  endfacet
  facet normal 0 0 -1
    outer loop
      vertex 0.7403802871704102 15.34037971496582 12.799999237060547
      vertex 0.7403802871704102 16.259618759155273 12.799999237060547
      vertex 0.8043041229248047 16.3156795501709 12.799999237060547
    endloop
  endfacet
  facet normal 0 0 -1
    outer loop
      vertex 0.6843194961547852 15.404304504394531 12.799999237060547
      vertex 0.7403802871704102 16.259618759155273 12.799999237060547
      vertex 0.7403802871704102 15.34037971496582 12.799999237060547
    endloop
  endfacet
  facet normal 0 0 -1
    outer loop
      vertex 0.6843194961547852 15.404304504394531 12.799999237060547
      vertex 0.6843194961547852 16.195693969726562 12.799999237060547
      vertex 0.7403802871704102 16.259618759155273 12.799999237060547
    endloop
  endfacet
  facet normal 0 0 -1
    outer loop
      vertex 0.6370830535888672 15.47499942779541 12.799999237060547
      vertex 0.6843194961547852 16.195693969726562 12.799999237060547
      vertex 0.6843194961547852 15.404304504394531 12.799999237060547
    endloop
  endfacet
  facet normal 0 0 -1
    outer loop
      vertex 0.6370830535888672 15.47499942779541 12.799999237060547
      vertex 0.6370830535888672 16.125 12.799999237060547
      vertex 0.6843194961547852 16.195693969726562 12.799999237060547
    endloop
  endfacet
  facet normal 0 0 -1
    outer loop
      vertex 0.5994777679443359 15.551255226135254 12.799999237060547
      vertex 0.6370830535888672 16.125 12.799999237060547
      vertex 0.6370830535888672 15.47499942779541 12.799999237060547
    endloop
  endfacet
  facet normal 0 0 -1
    outer loop
      vertex 0.5994777679443359 15.551255226135254 12.799999237060547
      vertex 0.5994777679443359 16.048744201660156 12.799999237060547
      vertex 0.6370830535888672 16.125 12.799999237060547
    endloop
  endfacet
  facet normal 0 0 -1
    outer loop
      vertex 0.5721473693847656 15.631767272949219 12.799999237060547
      vertex 0.5994777679443359 16.048744201660156 12.799999237060547
      vertex 0.5994777679443359 15.551255226135254 12.799999237060547
    endloop
  endfacet
  facet normal 0 0 -1
    outer loop
      vertex 0.5721473693847656 15.631767272949219 12.799999237060547
      vertex 0.5721473693847656 15.968232154846191 12.799999237060547
      vertex 0.5994777679443359 16.048744201660156 12.799999237060547
    endloop
  endfacet
  facet normal 0 0 -1
    outer loop
      vertex 0.5555601119995117 15.715157508850098 12.799999237060547
      vertex 0.5721473693847656 15.968232154846191 12.799999237060547
      vertex 0.5721473693847656 15.631767272949219 12.799999237060547
    endloop
  endfacet
  facet normal 0 0 -1
    outer loop
      vertex 0.5555601119995117 15.715157508850098 12.799999237060547
      vertex 0.5555601119995117 15.884841918945312 12.799999237060547
      vertex 0.5721473693847656 15.968232154846191 12.799999237060547
    endloop
  endfacet
  facet normal 0 0 -1
    outer loop
      vertex 0.5555601119995117 15.884841918945312 12.799999237060547
      vertex 0.5555601119995117 15.715157508850098 12.799999237060547
      vertex 0.5499992370605469 15.799999237060547 12.799999237060547
    endloop
  endfacet
  facet normal 0.9469292653740662 -0.32144201091041524 0
    outer loop
      vertex 0.5721473693847656 15.968232154846191 1.927851676940918
      vertex 0.5994777679443359 16.048744201660156 12.799999237060547
      vertex 0.5721473693847656 15.968232154846191 12.799999237060547
    endloop
  endfacet
  facet normal 0.9469292653740661 -0.32144201091041524 0
    outer loop
      vertex 0.5994777679443359 16.048744201660156 12.799999237060547
      vertex 0.5721473693847656 15.968232154846191 1.927851676940918
      vertex 0.5994777679443359 16.048744201660156 1.9005212783813477
    endloop
  endfacet
  facet normal -0.5555670207237461 0.8314717586810395 0
    outer loop
      vertex 1.5249996185302734 15.237083435058594 1.2999992370605469
      vertex 1.5956945419311523 15.284319877624512 12.404304504394531
      vertex 1.5956945419311523 15.284319877624512 1.2999992370605469
    endloop
  endfacet
  facet normal -0.555567020723746 0.8314717586810395 0
    outer loop
      vertex 1.5956945419311523 15.284319877624512 12.404304504394531
      vertex 1.5249996185302734 15.237083435058594 1.2999992370605469
      vertex 1.5249996185302734 15.237083435058594 12.47499942779541
    endloop
  endfacet
  facet normal -0.8968723333751895 0.44228951787957066 0
    outer loop
      vertex 1.7629156112670898 15.47499942779541 1.2999992370605469
      vertex 1.800520896911621 15.551255226135254 12.199478149414062
      vertex 1.800520896911621 15.551255226135254 1.2999992370605469
    endloop
  endfacet
  facet normal -0.8968723333751893 0.44228951787957066 0
    outer loop
      vertex 1.800520896911621 15.551255226135254 12.199478149414062
      vertex 1.7629156112670898 15.47499942779541 1.2999992370605469
      vertex 1.7629156112670898 15.47499942779541 12.237083435058594
    endloop
  endfacet
  facet normal 0.7518383190799804 0.6593475122899831 0
    outer loop
      vertex 0.7403802871704102 15.34037971496582 12.799999237060547
      vertex 0.6843194961547852 15.404304504394531 1.8156795501708984
      vertex 0.6843194961547852 15.404304504394531 12.799999237060547
    endloop
  endfacet
  facet normal 0.7518383190799804 0.6593475122899832 0
    outer loop
      vertex 0.6843194961547852 15.404304504394531 1.8156795501708984
      vertex 0.7403802871704102 15.34037971496582 12.799999237060547
      vertex 0.7403802871704102 15.34037971496582 1.7596187591552734
    endloop
  endfacet
  facet normal -0.6593475122899832 -0.7518383190799804 0
    outer loop
      vertex 1.5956945419311523 16.3156795501709 1.2999992370605469
      vertex 1.6596193313598633 16.259618759155273 12.34037971496582
      vertex 1.5956945419311523 16.3156795501709 12.404304504394531
    endloop
  endfacet
  facet normal -0.6593475122899832 -0.7518383190799804 0
    outer loop
      vertex 1.6596193313598633 16.259618759155273 12.34037971496582
      vertex 1.5956945419311523 16.3156795501709 1.2999992370605469
      vertex 1.6596193313598633 16.259618759155273 1.2999992370605469
    endloop
  endfacet
  facet normal -0.9807854871154085 -0.19508928280095492 0
    outer loop
      vertex 1.8444385528564453 15.884841918945312 12.155560493469238
      vertex 1.8278512954711914 15.968232154846191 1.2999992370605469
      vertex 1.8444385528564453 15.884841918945312 1.2999992370605469
    endloop
  endfacet
  facet normal -0.9807854871154084 -0.19508928280095492 0
    outer loop
      vertex 1.8278512954711914 15.968232154846191 1.2999992370605469
      vertex 1.8444385528564453 15.884841918945312 12.155560493469238
      vertex 1.8278512954711914 15.968232154846191 12.172147750854492
    endloop
  endfacet
  facet normal -0.7518438793411311 -0.6593411720022334 0
    outer loop
      vertex 1.7156791687011719 16.195693969726562 12.284319877624512
      vertex 1.6596193313598633 16.259618759155273 1.2999992370605469
      vertex 1.7156791687011719 16.195693969726562 1.2999992370605469
    endloop
  endfacet
  facet normal -0.7518438793411311 -0.6593411720022334 0
    outer loop
      vertex 1.6596193313598633 16.259618759155273 1.2999992370605469
      vertex 1.7156791687011719 16.195693969726562 12.284319877624512
      vertex 1.6596193313598633 16.259618759155273 12.34037971496582
    endloop
  endfacet
  facet normal -0.44228951787957066 -0.8968723333751895 0
    outer loop
      vertex 1.4487438201904297 16.40052032470703 1.2999992370605469
      vertex 1.5249996185302734 16.3629150390625 12.47499942779541
      vertex 1.4487438201904297 16.40052032470703 12.551255226135254
    endloop
  endfacet
  facet normal -0.44228951787957066 -0.8968723333751895 0
    outer loop
      vertex 1.5249996185302734 16.3629150390625 12.47499942779541
      vertex 1.4487438201904297 16.40052032470703 1.2999992370605469
      vertex 1.5249996185302734 16.3629150390625 1.2999992370605469
    endloop
  endfacet
  facet normal -0.32146212577595507 -0.9469224369987249 0
    outer loop
      vertex 1.3682317733764648 16.427852630615234 1.2999992370605469
      vertex 1.4487438201904297 16.40052032470703 12.551255226135254
      vertex 1.3682317733764648 16.427852630615234 12.631767272949219
    endloop
  endfacet
  facet normal -0.32146212577595507 -0.9469224369987248 0
    outer loop
      vertex 1.4487438201904297 16.40052032470703 12.551255226135254
      vertex 1.3682317733764648 16.427852630615234 1.2999992370605469
      vertex 1.4487438201904297 16.40052032470703 1.2999992370605469
    endloop
  endfacet
  facet normal 0 0 1
    outer loop
      vertex 1.8444385528564453 15.884841918945312 1.2999992370605469
      vertex 1.8444385528564453 15.715157508850098 1.2999992370605469
      vertex 1.8499994277954102 15.799999237060547 1.2999992370605469
    endloop
  endfacet
  facet normal 0 0 1
    outer loop
      vertex 1.8278512954711914 15.968232154846191 1.2999992370605469
      vertex 1.8444385528564453 15.715157508850098 1.2999992370605469
      vertex 1.8444385528564453 15.884841918945312 1.2999992370605469
    endloop
  endfacet
  facet normal 0 0 1
    outer loop
      vertex 1.8278512954711914 15.968232154846191 1.2999992370605469
      vertex 1.8278512954711914 15.631767272949219 1.2999992370605469
      vertex 1.8444385528564453 15.715157508850098 1.2999992370605469
    endloop
  endfacet
  facet normal 0 0 1
    outer loop
      vertex 1.800520896911621 16.048744201660156 1.2999992370605469
      vertex 1.8278512954711914 15.631767272949219 1.2999992370605469
      vertex 1.8278512954711914 15.968232154846191 1.2999992370605469
    endloop
  endfacet
  facet normal 0 0 1
    outer loop
      vertex 1.800520896911621 16.048744201660156 1.2999992370605469
      vertex 1.800520896911621 15.551255226135254 1.2999992370605469
      vertex 1.8278512954711914 15.631767272949219 1.2999992370605469
    endloop
  endfacet
  facet normal 0 0 1
    outer loop
      vertex 1.7629156112670898 16.125 1.2999992370605469
      vertex 1.800520896911621 15.551255226135254 1.2999992370605469
      vertex 1.800520896911621 16.048744201660156 1.2999992370605469
    endloop
  endfacet
  facet normal 0 0 1
    outer loop
      vertex 1.7629156112670898 16.125 1.2999992370605469
      vertex 1.7629156112670898 15.47499942779541 1.2999992370605469
      vertex 1.800520896911621 15.551255226135254 1.2999992370605469
    endloop
  endfacet
  facet normal 0 0 1
    outer loop
      vertex 1.7156791687011719 16.195693969726562 1.2999992370605469
      vertex 1.7629156112670898 15.47499942779541 1.2999992370605469
      vertex 1.7629156112670898 16.125 1.2999992370605469
    endloop
  endfacet
  facet normal 0 0 1
    outer loop
      vertex 1.7156791687011719 16.195693969726562 1.2999992370605469
      vertex 1.7156791687011719 15.404304504394531 1.2999992370605469
      vertex 1.7629156112670898 15.47499942779541 1.2999992370605469
    endloop
  endfacet
  facet normal 0 0 1
    outer loop
      vertex 1.6596193313598633 16.259618759155273 1.2999992370605469
      vertex 1.7156791687011719 15.404304504394531 1.2999992370605469
      vertex 1.7156791687011719 16.195693969726562 1.2999992370605469
    endloop
  endfacet
  facet normal 0 0 1
    outer loop
      vertex 1.6596193313598633 16.259618759155273 1.2999992370605469
      vertex 1.6596193313598633 15.34037971496582 1.2999992370605469
      vertex 1.7156791687011719 15.404304504394531 1.2999992370605469
    endloop
  endfacet
  facet normal 0 0 1
    outer loop
      vertex 1.5956945419311523 16.3156795501709 1.2999992370605469
      vertex 1.6596193313598633 15.34037971496582 1.2999992370605469
      vertex 1.6596193313598633 16.259618759155273 1.2999992370605469
    endloop
  endfacet
  facet normal 0 0 1
    outer loop
      vertex 1.5956945419311523 16.3156795501709 1.2999992370605469
      vertex 1.5956945419311523 15.284319877624512 1.2999992370605469
      vertex 1.6596193313598633 15.34037971496582 1.2999992370605469
    endloop
  endfacet
  facet normal 0 0 1
    outer loop
      vertex 1.5249996185302734 16.3629150390625 1.2999992370605469
      vertex 1.5956945419311523 15.284319877624512 1.2999992370605469
      vertex 1.5956945419311523 16.3156795501709 1.2999992370605469
    endloop
  endfacet
  facet normal 0 0 1
    outer loop
      vertex 1.5249996185302734 16.3629150390625 1.2999992370605469
      vertex 1.5249996185302734 15.237083435058594 1.2999992370605469
      vertex 1.5956945419311523 15.284319877624512 1.2999992370605469
    endloop
  endfacet
  facet normal 0 0 1
    outer loop
      vertex 1.4487438201904297 16.40052032470703 1.2999992370605469
      vertex 1.5249996185302734 15.237083435058594 1.2999992370605469
      vertex 1.5249996185302734 16.3629150390625 1.2999992370605469
    endloop
  endfacet
  facet normal 0 0 1
    outer loop
      vertex 1.4487438201904297 16.40052032470703 1.2999992370605469
      vertex 1.4487438201904297 15.199478149414062 1.2999992370605469
      vertex 1.5249996185302734 15.237083435058594 1.2999992370605469
    endloop
  endfacet
  facet normal 0 0 1
    outer loop
      vertex 1.3682317733764648 16.427852630615234 1.2999992370605469
      vertex 1.4487438201904297 15.199478149414062 1.2999992370605469
      vertex 1.4487438201904297 16.40052032470703 1.2999992370605469
    endloop
  endfacet
  facet normal 0 0 1
    outer loop
      vertex 1.3682317733764648 16.427852630615234 1.2999992370605469
      vertex 1.3682317733764648 15.172147750854492 1.2999992370605469
      vertex 1.4487438201904297 15.199478149414062 1.2999992370605469
    endloop
  endfacet
  facet normal 0 0 1
    outer loop
      vertex 1.284841537475586 16.444438934326172 1.2999992370605469
      vertex 1.3682317733764648 15.172147750854492 1.2999992370605469
      vertex 1.3682317733764648 16.427852630615234 1.2999992370605469
    endloop
  endfacet
  facet normal 0 0 1
    outer loop
      vertex 1.284841537475586 16.444438934326172 1.2999992370605469
      vertex 1.284841537475586 15.155560493469238 1.2999992370605469
      vertex 1.3682317733764648 15.172147750854492 1.2999992370605469
    endloop
  endfacet
  facet normal 0 0 1
    outer loop
      vertex 1.1999998092651367 16.450000762939453 1.2999992370605469
      vertex 1.284841537475586 15.155560493469238 1.2999992370605469
      vertex 1.284841537475586 16.444438934326172 1.2999992370605469
    endloop
  endfacet
  facet normal 0 0 1
    outer loop
      vertex 1.284841537475586 15.155560493469238 1.2999992370605469
      vertex 1.1999998092651367 16.450000762939453 1.2999992370605469
      vertex 1.1999998092651367 15.149999618530273 1.2999992370605469
    endloop
  endfacet
  facet normal -0.06541493348636906 -0.9978581494766549 0
    outer loop
      vertex 1.1999998092651367 16.450000762939453 1.2999992370605469
      vertex 1.284841537475586 16.444438934326172 12.715157508850098
      vertex 1.1999998092651367 16.450000762939453 12.799999237060547
    endloop
  endfacet
  facet normal -0.06541493348636906 -0.9978581494766547 0
    outer loop
      vertex 1.284841537475586 16.444438934326172 12.715157508850098
      vertex 1.1999998092651367 16.450000762939453 1.2999992370605469
      vertex 1.284841537475586 16.444438934326172 1.2999992370605469
    endloop
  endfacet
  facet normal 0.8968723333751893 0.44228951787957066 0
    outer loop
      vertex 0.6370830535888672 15.47499942779541 12.799999237060547
      vertex 0.5994777679443359 15.551255226135254 1.9005212783813477
      vertex 0.5994777679443359 15.551255226135254 12.799999237060547
    endloop
  endfacet
  facet normal 0.8968723333751895 0.44228951787957066 0
    outer loop
      vertex 0.5994777679443359 15.551255226135254 1.9005212783813477
      vertex 0.6370830535888672 15.47499942779541 12.799999237060547
      vertex 0.6370830535888672 15.47499942779541 1.8629159927368164
    endloop
  endfacet
  facet normal -0.9469292653740662 -0.32144201091041524 0
    outer loop
      vertex 1.8278512954711914 15.968232154846191 12.172147750854492
      vertex 1.800520896911621 16.048744201660156 1.2999992370605469
      vertex 1.8278512954711914 15.968232154846191 1.2999992370605469
    endloop
  endfacet
  facet normal -0.9469292653740661 -0.32144201091041524 0
    outer loop
      vertex 1.800520896911621 16.048744201660156 1.2999992370605469
      vertex 1.8278512954711914 15.968232154846191 12.172147750854492
      vertex 1.800520896911621 16.048744201660156 12.199478149414062
    endloop
  endfacet
  facet normal -0.44228951787957066 0.8968723333751895 0
    outer loop
      vertex 1.4487438201904297 15.199478149414062 1.2999992370605469
      vertex 1.5249996185302734 15.237083435058594 12.47499942779541
      vertex 1.5249996185302734 15.237083435058594 1.2999992370605469
    endloop
  endfacet
  facet normal -0.44228951787957066 0.8968723333751895 0
    outer loop
      vertex 1.5249996185302734 15.237083435058594 12.47499942779541
      vertex 1.4487438201904297 15.199478149414062 1.2999992370605469
      vertex 1.4487438201904297 15.199478149414062 12.551255226135254
    endloop
  endfacet
  facet normal -0.8314717586810394 0.555567020723746 0
    outer loop
      vertex 1.7156791687011719 15.404304504394531 1.2999992370605469
      vertex 1.7629156112670898 15.47499942779541 12.237083435058594
      vertex 1.7629156112670898 15.47499942779541 1.2999992370605469
    endloop
  endfacet
  facet normal -0.8314717586810395 0.555567020723746 0
    outer loop
      vertex 1.7629156112670898 15.47499942779541 12.237083435058594
      vertex 1.7156791687011719 15.404304504394531 1.2999992370605469
      vertex 1.7156791687011719 15.404304504394531 12.284319877624512
    endloop
  endfacet
  facet normal 0.32144201091041524 0.9469292653740661 0
    outer loop
      vertex 1.0317668914794922 15.172147750854492 12.799999237060547
      vertex 0.9512548446655273 15.199478149414062 1.5487442016601562
      vertex 0.9512548446655273 15.199478149414062 12.799999237060547
    endloop
  endfacet
  facet normal 0.32144201091041524 0.9469292653740661 0
    outer loop
      vertex 0.9512548446655273 15.199478149414062 1.5487442016601562
      vertex 1.0317668914794922 15.172147750854492 12.799999237060547
      vertex 1.0317668914794922 15.172147750854492 1.4682321548461914
    endloop
  endfacet
  facet normal 0.7518383190799804 -0.6593475122899831 0
    outer loop
      vertex 0.6843194961547852 16.195693969726562 1.8156795501708984
      vertex 0.7403802871704102 16.259618759155273 12.799999237060547
      vertex 0.6843194961547852 16.195693969726562 12.799999237060547
    endloop
  endfacet
  facet normal 0.7518383190799804 -0.6593475122899832 0
    outer loop
      vertex 0.7403802871704102 16.259618759155273 12.799999237060547
      vertex 0.6843194961547852 16.195693969726562 1.8156795501708984
      vertex 0.7403802871704102 16.259618759155273 1.7596187591552734
    endloop
  endfacet
  facet normal 0.8968723333751893 -0.44228951787957066 0
    outer loop
      vertex 0.5994777679443359 16.048744201660156 1.9005212783813477
      vertex 0.6370830535888672 16.125 12.799999237060547
      vertex 0.5994777679443359 16.048744201660156 12.799999237060547
    endloop
  endfacet
  facet normal 0.8968723333751895 -0.44228951787957066 0
    outer loop
      vertex 0.6370830535888672 16.125 12.799999237060547
      vertex 0.5994777679443359 16.048744201660156 1.9005212783813477
      vertex 0.6370830535888672 16.125 1.8629159927368164
    endloop
  endfacet
  facet normal 0.9978589295529202 -0.0654030328922157 0
    outer loop
      vertex 0.5499992370605469 15.799999237060547 1.9499998092651367
      vertex 0.5555601119995117 15.884841918945312 12.799999237060547
      vertex 0.5499992370605469 15.799999237060547 12.799999237060547
    endloop
  endfacet
  facet normal 0.9978589295529201 -0.06540303289221569 0
    outer loop
      vertex 0.5555601119995117 15.884841918945312 12.799999237060547
      vertex 0.5499992370605469 15.799999237060547 1.9499998092651367
      vertex 0.5555601119995117 15.884841918945312 1.9444389343261719
    endloop
  endfacet
  facet normal -0.9807854871154085 0.19508928280095492 0
    outer loop
      vertex 1.8278512954711914 15.631767272949219 1.2999992370605469
      vertex 1.8444385528564453 15.715157508850098 12.155560493469238
      vertex 1.8444385528564453 15.715157508850098 1.2999992370605469
    endloop
  endfacet
  facet normal -0.9807854871154084 0.19508928280095492 0
    outer loop
      vertex 1.8444385528564453 15.715157508850098 12.155560493469238
      vertex 1.8278512954711914 15.631767272949219 1.2999992370605469
      vertex 1.8278512954711914 15.631767272949219 12.172147750854492
    endloop
  endfacet
  facet normal 0.44229396725398773 -0.8968701391677217 0
    outer loop
      vertex 0.875 16.3629150390625 1.625
      vertex 0.9512548446655273 16.40052032470703 12.799999237060547
      vertex 0.875 16.3629150390625 12.799999237060547
    endloop
  endfacet
  facet normal 0.4422939672539877 -0.8968701391677216 0
    outer loop
      vertex 0.9512548446655273 16.40052032470703 12.799999237060547
      vertex 0.875 16.3629150390625 1.625
      vertex 0.9512548446655273 16.40052032470703 1.5487442016601562
    endloop
  endfacet
  facet normal -0.19507849312498357 -0.9807876332418174 0
    outer loop
      vertex 1.284841537475586 16.444438934326172 1.2999992370605469
      vertex 1.3682317733764648 16.427852630615234 12.631767272949219
      vertex 1.284841537475586 16.444438934326172 12.715157508850098
    endloop
  endfacet
  facet normal -0.19507849312498357 -0.9807876332418174 0
    outer loop
      vertex 1.3682317733764648 16.427852630615234 12.631767272949219
      vertex 1.284841537475586 16.444438934326172 1.2999992370605469
      vertex 1.3682317733764648 16.427852630615234 1.2999992370605469
    endloop
  endfacet
  facet normal 0.9807854871154084 -0.19508928280095492 0
    outer loop
      vertex 0.5555601119995117 15.884841918945312 1.9444389343261719
      vertex 0.5721473693847656 15.968232154846191 12.799999237060547
      vertex 0.5555601119995117 15.884841918945312 12.799999237060547
    endloop
  endfacet
  facet normal 0.9807854871154085 -0.19508928280095492 0
    outer loop
      vertex 0.5721473693847656 15.968232154846191 12.799999237060547
      vertex 0.5555601119995117 15.884841918945312 1.9444389343261719
      vertex 0.5721473693847656 15.968232154846191 1.927851676940918
    endloop
  endfacet
  facet normal 0.5555618394066086 0.8314752206741616 0
    outer loop
      vertex 0.875 15.237083435058594 12.799999237060547
      vertex 0.8043041229248047 15.284319877624512 1.695694923400879
      vertex 0.8043041229248047 15.284319877624512 12.799999237060547
    endloop
  endfacet
  facet normal 0.5555618394066086 0.8314752206741616 0
    outer loop
      vertex 0.8043041229248047 15.284319877624512 1.695694923400879
      vertex 0.875 15.237083435058594 12.799999237060547
      vertex 0.875 15.237083435058594 1.625
    endloop
  endfacet
  facet normal -0.6593411720022334 0.7518438793411311 0
    outer loop
      vertex 1.5956945419311523 15.284319877624512 1.2999992370605469
      vertex 1.6596193313598633 15.34037971496582 12.34037971496582
      vertex 1.6596193313598633 15.34037971496582 1.2999992370605469
    endloop
  endfacet
  facet normal -0.6593411720022334 0.7518438793411311 0
    outer loop
      vertex 1.6596193313598633 15.34037971496582 12.34037971496582
      vertex 1.5956945419311523 15.284319877624512 1.2999992370605469
      vertex 1.5956945419311523 15.284319877624512 12.404304504394531
    endloop
  endfacet
  facet normal -0.32144201091041524 0.9469292653740661 0
    outer loop
      vertex 1.3682317733764648 15.172147750854492 1.2999992370605469
      vertex 1.4487438201904297 15.199478149414062 12.551255226135254
      vertex 1.4487438201904297 15.199478149414062 1.2999992370605469
    endloop
  endfacet
  facet normal -0.32144201091041524 0.9469292653740661 0
    outer loop
      vertex 1.4487438201904297 15.199478149414062 12.551255226135254
      vertex 1.3682317733764648 15.172147750854492 1.2999992370605469
      vertex 1.3682317733764648 15.172147750854492 12.631767272949219
    endloop
  endfacet
  facet normal -0.8314682965910538 -0.5555722021159547 0
    outer loop
      vertex 1.7629156112670898 16.125 12.237083435058594
      vertex 1.7156791687011719 16.195693969726562 1.2999992370605469
      vertex 1.7629156112670898 16.125 1.2999992370605469
    endloop
  endfacet
  facet normal -0.8314682965910539 -0.5555722021159547 0
    outer loop
      vertex 1.7156791687011719 16.195693969726562 1.2999992370605469
      vertex 1.7629156112670898 16.125 12.237083435058594
      vertex 1.7156791687011719 16.195693969726562 12.284319877624512
    endloop
  endfacet
  facet normal 0.8314682965910539 -0.5555722021159547 0
    outer loop
      vertex 0.6370830535888672 16.125 1.8629159927368164
      vertex 0.6843194961547852 16.195693969726562 12.799999237060547
      vertex 0.6370830535888672 16.125 12.799999237060547
    endloop
  endfacet
  facet normal 0.8314682965910538 -0.5555722021159547 0
    outer loop
      vertex 0.6843194961547852 16.195693969726562 12.799999237060547
      vertex 0.6370830535888672 16.125 1.8629159927368164
      vertex 0.6843194961547852 16.195693969726562 1.8156795501708984
    endloop
  endfacet
  facet normal 0.06541420133605816 -0.99785819747275 0
    outer loop
      vertex 1.115157127380371 16.444438934326172 1.3848419189453125
      vertex 1.1999998092651367 16.450000762939453 12.799999237060547
      vertex 1.115157127380371 16.444438934326172 12.799999237060547
    endloop
  endfacet
  facet normal 0.06541420133605816 -0.99785819747275 0
    outer loop
      vertex 1.1999998092651367 16.450000762939453 12.799999237060547
      vertex 1.115157127380371 16.444438934326172 1.3848419189453125
      vertex 1.1999998092651367 16.450000762939453 1.2999992370605469
    endloop
  endfacet
  facet normal 0.0654030328922157 0.9978589295529202 0
    outer loop
      vertex 1.1999998092651367 15.149999618530273 12.799999237060547
      vertex 1.115157127380371 15.155560493469238 1.3848419189453125
      vertex 1.115157127380371 15.155560493469238 12.799999237060547
    endloop
  endfacet
  facet normal 0.0654030328922157 0.9978589295529202 0
    outer loop
      vertex 1.115157127380371 15.155560493469238 1.3848419189453125
      vertex 1.1999998092651367 15.149999618530273 12.799999237060547
      vertex 1.1999998092651367 15.149999618530273 1.2999992370605469
    endloop
  endfacet
  facet normal -0.9978588815731776 0.0654037649185976 0
    outer loop
      vertex 1.8444385528564453 15.715157508850098 1.2999992370605469
      vertex 1.8499994277954102 15.799999237060547 12.149999618530273
      vertex 1.8499994277954102 15.799999237060547 1.2999992370605469
    endloop
  endfacet
  facet normal -0.9978588815731775 0.06540376491859759 0
    outer loop
      vertex 1.8499994277954102 15.799999237060547 12.149999618530273
      vertex 1.8444385528564453 15.715157508850098 1.2999992370605469
      vertex 1.8444385528564453 15.715157508850098 12.155560493469238
    endloop
  endfacet
  facet normal 0.6593530725656046 -0.7518334427905536 0
    outer loop
      vertex 0.7403802871704102 16.259618759155273 1.7596187591552734
      vertex 0.8043041229248047 16.3156795501709 12.799999237060547
      vertex 0.7403802871704102 16.259618759155273 12.799999237060547
    endloop
  endfacet
  facet normal 0.6593530725656045 -0.7518334427905536 0
    outer loop
      vertex 0.8043041229248047 16.3156795501709 12.799999237060547
      vertex 0.7403802871704102 16.259618759155273 1.7596187591552734
      vertex 0.8043041229248047 16.3156795501709 1.695694923400879
    endloop
  endfacet
  facet normal 0.9807854871154084 0.19508928280095492 0
    outer loop
      vertex 0.5721473693847656 15.631767272949219 12.799999237060547
      vertex 0.5555601119995117 15.715157508850098 1.9444389343261719
      vertex 0.5555601119995117 15.715157508850098 12.799999237060547
    endloop
  endfacet
  facet normal 0.9807854871154085 0.19508928280095492 0
    outer loop
      vertex 0.5555601119995117 15.715157508850098 1.9444389343261719
      vertex 0.5721473693847656 15.631767272949219 12.799999237060547
      vertex 0.5721473693847656 15.631767272949219 1.927851676940918
    endloop
  endfacet
  facet normal 0.19507849312498357 -0.9807876332418174 0
    outer loop
      vertex 1.0317668914794922 16.427852630615234 1.4682321548461914
      vertex 1.115157127380371 16.444438934326172 12.799999237060547
      vertex 1.0317668914794922 16.427852630615234 12.799999237060547
    endloop
  endfacet
  facet normal 0.19507849312498357 -0.9807876332418174 0
    outer loop
      vertex 1.115157127380371 16.444438934326172 12.799999237060547
      vertex 1.0317668914794922 16.427852630615234 1.4682321548461914
      vertex 1.115157127380371 16.444438934326172 1.3848419189453125
    endloop
  endfacet
  facet normal 0.32146212577595507 -0.9469224369987248 0
    outer loop
      vertex 0.9512548446655273 16.40052032470703 1.5487442016601562
      vertex 1.0317668914794922 16.427852630615234 12.799999237060547
      vertex 0.9512548446655273 16.40052032470703 12.799999237060547
    endloop
  endfacet
  facet normal 0.32146212577595507 -0.9469224369987248 0
    outer loop
      vertex 1.0317668914794922 16.427852630615234 12.799999237060547
      vertex 0.9512548446655273 16.40052032470703 1.5487442016601562
      vertex 1.0317668914794922 16.427852630615234 1.4682321548461914
    endloop
  endfacet
  facet normal -0.0654037649185976 0.9978588815731776 0
    outer loop
      vertex 1.1999998092651367 15.149999618530273 1.2999992370605469
      vertex 1.284841537475586 15.155560493469238 12.715157508850098
      vertex 1.284841537475586 15.155560493469238 1.2999992370605469
    endloop
  endfacet
  facet normal -0.0654037649185976 0.9978588815731776 0
    outer loop
      vertex 1.284841537475586 15.155560493469238 12.715157508850098
      vertex 1.1999998092651367 15.149999618530273 1.2999992370605469
      vertex 1.1999998092651367 15.149999618530273 12.799999237060547
    endloop
  endfacet
  facet normal 0.9978588815731776 0.0654037649185976 0
    outer loop
      vertex 0.5555601119995117 15.715157508850098 12.799999237060547
      vertex 0.5499992370605469 15.799999237060547 1.9499998092651367
      vertex 0.5499992370605469 15.799999237060547 12.799999237060547
    endloop
  endfacet
  facet normal 0.9978588815731776 0.0654037649185976 0
    outer loop
      vertex 0.5499992370605469 15.799999237060547 1.9499998092651367
      vertex 0.5555601119995117 15.715157508850098 12.799999237060547
      vertex 0.5555601119995117 15.715157508850098 1.9444389343261719
    endloop
  endfacet
  facet normal 0.19508928280095492 0.9807854871154085 0
    outer loop
      vertex 1.115157127380371 15.155560493469238 12.799999237060547
      vertex 1.0317668914794922 15.172147750854492 1.4682321548461914
      vertex 1.0317668914794922 15.172147750854492 12.799999237060547
    endloop
  endfacet
  facet normal 0.19508928280095492 0.9807854871154085 0
    outer loop
      vertex 1.0317668914794922 15.172147750854492 1.4682321548461914
      vertex 1.115157127380371 15.155560493469238 12.799999237060547
      vertex 1.115157127380371 15.155560493469238 1.3848419189453125
    endloop
  endfacet
  facet normal 0.44229396725398773 0.8968701391677217 0
    outer loop
      vertex 0.9512548446655273 15.199478149414062 12.799999237060547
      vertex 0.875 15.237083435058594 1.625
      vertex 0.875 15.237083435058594 12.799999237060547
    endloop
  endfacet
  facet normal 0.4422939672539877 0.8968701391677216 0
    outer loop
      vertex 0.875 15.237083435058594 1.625
      vertex 0.9512548446655273 15.199478149414062 12.799999237060547
      vertex 0.9512548446655273 15.199478149414062 1.5487442016601562
    endloop
  endfacet
  facet normal 0.8314717586810395 0.555567020723746 0
    outer loop
      vertex 0.6843194961547852 15.404304504394531 12.799999237060547
      vertex 0.6370830535888672 15.47499942779541 1.8629159927368164
      vertex 0.6370830535888672 15.47499942779541 12.799999237060547
    endloop
  endfacet
  facet normal 0.8314717586810395 0.555567020723746 0
    outer loop
      vertex 0.6370830535888672 15.47499942779541 1.8629159927368164
      vertex 0.6843194961547852 15.404304504394531 12.799999237060547
      vertex 0.6843194961547852 15.404304504394531 1.8156795501708984
    endloop
  endfacet
  facet normal 0.6593467323066304 0.7518390031094216 0
    outer loop
      vertex 0.8043041229248047 15.284319877624512 12.799999237060547
      vertex 0.7403802871704102 15.34037971496582 1.7596187591552734
      vertex 0.7403802871704102 15.34037971496582 12.799999237060547
    endloop
  endfacet
  facet normal 0.6593467323066303 0.7518390031094215 0
    outer loop
      vertex 0.7403802871704102 15.34037971496582 1.7596187591552734
      vertex 0.8043041229248047 15.284319877624512 12.799999237060547
      vertex 0.8043041229248047 15.284319877624512 1.695694923400879
    endloop
  endfacet
  facet normal -0.7518438793411311 0.6593411720022334 0
    outer loop
      vertex 1.6596193313598633 15.34037971496582 1.2999992370605469
      vertex 1.7156791687011719 15.404304504394531 12.284319877624512
      vertex 1.7156791687011719 15.404304504394531 1.2999992370605469
    endloop
  endfacet
  facet normal -0.7518438793411311 0.6593411720022334 0
    outer loop
      vertex 1.7156791687011719 15.404304504394531 12.284319877624512
      vertex 1.6596193313598633 15.34037971496582 1.2999992370605469
      vertex 1.6596193313598633 15.34037971496582 12.34037971496582
    endloop
  endfacet
  facet normal -0.9469292653740662 0.32144201091041524 0
    outer loop
      vertex 1.800520896911621 15.551255226135254 1.2999992370605469
      vertex 1.8278512954711914 15.631767272949219 12.172147750854492
      vertex 1.8278512954711914 15.631767272949219 1.2999992370605469
    endloop
  endfacet
  facet normal -0.9469292653740661 0.32144201091041524 0
    outer loop
      vertex 1.8278512954711914 15.631767272949219 12.172147750854492
      vertex 1.800520896911621 15.551255226135254 1.2999992370605469
      vertex 1.800520896911621 15.551255226135254 12.199478149414062
    endloop
  endfacet
  facet normal 0.9469292653740662 0.32144201091041524 0
    outer loop
      vertex 0.5994777679443359 15.551255226135254 12.799999237060547
      vertex 0.5721473693847656 15.631767272949219 1.927851676940918
      vertex 0.5721473693847656 15.631767272949219 12.799999237060547
    endloop
  endfacet
  facet normal 0.9469292653740661 0.32144201091041524 0
    outer loop
      vertex 0.5721473693847656 15.631767272949219 1.927851676940918
      vertex 0.5994777679443359 15.551255226135254 12.799999237060547
      vertex 0.5994777679443359 15.551255226135254 1.9005212783813477
    endloop
  endfacet
  facet normal -0.19508928280095492 0.9807854871154085 0
    outer loop
      vertex 1.284841537475586 15.155560493469238 1.2999992370605469
      vertex 1.3682317733764648 15.172147750854492 12.631767272949219
      vertex 1.3682317733764648 15.172147750854492 1.2999992370605469
    endloop
  endfacet
  facet normal -0.19508928280095492 0.9807854871154084 0
    outer loop
      vertex 1.3682317733764648 15.172147750854492 12.631767272949219
      vertex 1.284841537475586 15.155560493469238 1.2999992370605469
      vertex 1.284841537475586 15.155560493469238 12.715157508850098
    endloop
  endfacet
  facet normal 0.5555540848317556 -0.8314804019498898 0
    outer loop
      vertex 0.8043041229248047 16.3156795501709 1.695694923400879
      vertex 0.875 16.3629150390625 12.799999237060547
      vertex 0.8043041229248047 16.3156795501709 12.799999237060547
    endloop
  endfacet
  facet normal 0.5555540848317556 -0.8314804019498898 0
    outer loop
      vertex 0.875 16.3629150390625 12.799999237060547
      vertex 0.8043041229248047 16.3156795501709 1.695694923400879
      vertex 0.875 16.3629150390625 1.625
    endloop
  endfacet
  facet normal -0.555559266141146 -0.8314769400318396 0
    outer loop
      vertex 1.5249996185302734 16.3629150390625 1.2999992370605469
      vertex 1.5956945419311523 16.3156795501709 12.404304504394531
      vertex 1.5249996185302734 16.3629150390625 12.47499942779541
    endloop
  endfacet
  facet normal -0.5555592661411459 -0.8314769400318395 0
    outer loop
      vertex 1.5956945419311523 16.3156795501709 12.404304504394531
      vertex 1.5249996185302734 16.3629150390625 1.2999992370605469
      vertex 1.5956945419311523 16.3156795501709 1.2999992370605469
    endloop
  endfacet
  facet normal 0 -0.9978581494766547 0.06541493348636906
    outer loop
      vertex 1.284841537475586 16.444438934326172 12.715157508850098
      vertex 2.3999996185302734 16.450000762939453 12.799999237060547
      vertex 1.1999998092651367 16.450000762939453 12.799999237060547
    endloop
  endfacet
  facet normal 0 -0.9978581494766547 0.06541493348636906
    outer loop
      vertex 2.3999996185302734 16.450000762939453 12.799999237060547
      vertex 1.284841537475586 16.444438934326172 12.715157508850098
      vertex 2.3999996185302734 16.444438934326172 12.715157508850098
    endloop
  endfacet
  facet normal 0 -0.0654030328922157 0.9978589295529201
    outer loop
      vertex 2.3999996185302734 15.884841918945312 12.155560493469238
      vertex 1.8499994277954102 15.799999237060547 12.149999618530273
      vertex 2.3999996185302734 15.799999237060547 12.149999618530273
    endloop
  endfacet
  facet normal 0 -0.0654030328922157 0.9978589295529201
    outer loop
      vertex 1.8499994277954102 15.799999237060547 12.149999618530273
      vertex 2.3999996185302734 15.884841918945312 12.155560493469238
      vertex 1.8444385528564453 15.884841918945312 12.155560493469238
    endloop
  endfacet
  facet normal 0 -0.9807876332418174 0.19507849312498357
    outer loop
      vertex 1.3682317733764648 16.427852630615234 12.631767272949219
      vertex 2.3999996185302734 16.444438934326172 12.715157508850098
      vertex 1.284841537475586 16.444438934326172 12.715157508850098
    endloop
  endfacet
  facet normal 0 -0.9807876332418174 0.19507849312498357
    outer loop
      vertex 2.3999996185302734 16.444438934326172 12.715157508850098
      vertex 1.3682317733764648 16.427852630615234 12.631767272949219
      vertex 2.3999996185302734 16.427852630615234 12.631767272949219
    endloop
  endfacet
  facet normal 0 -0.32144201091041524 -0.9469292653740662
    outer loop
      vertex 1.1999998092651367 15.968232154846191 13.427851676940918
      vertex 2.3999996185302734 16.048744201660156 13.400521278381348
      vertex 2.3999996185302734 15.968232154846191 13.427851676940918
    endloop
  endfacet
  facet normal 0 -0.32144201091041524 -0.9469292653740662
    outer loop
      vertex 2.3999996185302734 16.048744201660156 13.400521278381348
      vertex 1.1999998092651367 15.968232154846191 13.427851676940918
      vertex 1.1999998092651367 16.048744201660156 13.400521278381348
    endloop
  endfacet
  facet normal 0 0.8314717586810395 0.555567020723746
    outer loop
      vertex 1.5956945419311523 15.284319877624512 12.404304504394531
      vertex 2.3999996185302734 15.237083435058594 12.47499942779541
      vertex 2.3999996185302734 15.284319877624512 12.404304504394531
    endloop
  endfacet
  facet normal 0 0.8314717586810395 0.555567020723746
    outer loop
      vertex 2.3999996185302734 15.237083435058594 12.47499942779541
      vertex 1.5956945419311523 15.284319877624512 12.404304504394531
      vertex 1.5249996185302734 15.237083435058594 12.47499942779541
    endloop
  endfacet
  facet normal 0 0.44228951787957066 0.8968723333751893
    outer loop
      vertex 1.800520896911621 15.551255226135254 12.199478149414062
      vertex 2.3999996185302734 15.47499942779541 12.237083435058594
      vertex 2.3999996185302734 15.551255226135254 12.199478149414062
    endloop
  endfacet
  facet normal 0 0.44228951787957066 0.8968723333751895
    outer loop
      vertex 2.3999996185302734 15.47499942779541 12.237083435058594
      vertex 1.800520896911621 15.551255226135254 12.199478149414062
      vertex 1.7629156112670898 15.47499942779541 12.237083435058594
    endloop
  endfacet
  facet normal 0 -0.6593411720022334 0.7518438793411311
    outer loop
      vertex 2.3999996185302734 16.259618759155273 12.34037971496582
      vertex 1.7156791687011719 16.195693969726562 12.284319877624512
      vertex 2.3999996185302734 16.195693969726562 12.284319877624512
    endloop
  endfacet
  facet normal 0 -0.6593411720022335 0.7518438793411311
    outer loop
      vertex 1.7156791687011719 16.195693969726562 12.284319877624512
      vertex 2.3999996185302734 16.259618759155273 12.34037971496582
      vertex 1.6596193313598633 16.259618759155273 12.34037971496582
    endloop
  endfacet
  facet normal 0 -0.44228951787957066 0.8968723333751893
    outer loop
      vertex 2.3999996185302734 16.125 12.237083435058594
      vertex 1.800520896911621 16.048744201660156 12.199478149414062
      vertex 2.3999996185302734 16.048744201660156 12.199478149414062
    endloop
  endfacet
  facet normal 0 -0.44228951787957066 0.8968723333751895
    outer loop
      vertex 1.800520896911621 16.048744201660156 12.199478149414062
      vertex 2.3999996185302734 16.125 12.237083435058594
      vertex 1.7629156112670898 16.125 12.237083435058594
    endloop
  endfacet
  facet normal 0 0.44228951787957066 -0.8968723333751895
    outer loop
      vertex 1.1999998092651367 15.47499942779541 13.362915992736816
      vertex 2.3999996185302734 15.551255226135254 13.400521278381348
      vertex 2.3999996185302734 15.47499942779541 13.362915992736816
    endloop
  endfacet
  facet normal 0 0.44228951787957066 -0.8968723333751895
    outer loop
      vertex 2.3999996185302734 15.551255226135254 13.400521278381348
      vertex 1.1999998092651367 15.47499942779541 13.362915992736816
      vertex 1.1999998092651367 15.551255226135254 13.400521278381348
    endloop
  endfacet
  facet normal 0 0.0654037649185976 -0.9978588815731776
    outer loop
      vertex 1.1999998092651367 15.715157508850098 13.444438934326172
      vertex 2.3999996185302734 15.799999237060547 13.449999809265137
      vertex 2.3999996185302734 15.715157508850098 13.444438934326172
    endloop
  endfacet
  facet normal 0 0.0654037649185976 -0.9978588815731776
    outer loop
      vertex 2.3999996185302734 15.799999237060547 13.449999809265137
      vertex 1.1999998092651367 15.715157508850098 13.444438934326172
      vertex 1.1999998092651367 15.799999237060547 13.449999809265137
    endloop
  endfacet
  facet normal 0 -0.19508928280095492 0.9807854871154084
    outer loop
      vertex 2.3999996185302734 15.968232154846191 12.172147750854492
      vertex 1.8444385528564453 15.884841918945312 12.155560493469238
      vertex 2.3999996185302734 15.884841918945312 12.155560493469238
    endloop
  endfacet
  facet normal 0 -0.19508928280095492 0.9807854871154085
    outer loop
      vertex 1.8444385528564453 15.884841918945312 12.155560493469238
      vertex 2.3999996185302734 15.968232154846191 12.172147750854492
      vertex 1.8278512954711914 15.968232154846191 12.172147750854492
    endloop
  endfacet
  facet normal 0 0.8968723333751895 0.44228951787957066
    outer loop
      vertex 1.5249996185302734 15.237083435058594 12.47499942779541
      vertex 2.3999996185302734 15.199478149414062 12.551255226135254
      vertex 2.3999996185302734 15.237083435058594 12.47499942779541
    endloop
  endfacet
  facet normal 0 0.8968723333751893 0.44228951787957066
    outer loop
      vertex 2.3999996185302734 15.199478149414062 12.551255226135254
      vertex 1.5249996185302734 15.237083435058594 12.47499942779541
      vertex 1.4487438201904297 15.199478149414062 12.551255226135254
    endloop
  endfacet
  facet normal 0 0.555567020723746 0.8314717586810395
    outer loop
      vertex 1.7629156112670898 15.47499942779541 12.237083435058594
      vertex 2.3999996185302734 15.404304504394531 12.284319877624512
      vertex 2.3999996185302734 15.47499942779541 12.237083435058594
    endloop
  endfacet
  facet normal 0 0.555567020723746 0.8314717586810395
    outer loop
      vertex 2.3999996185302734 15.404304504394531 12.284319877624512
      vertex 1.7629156112670898 15.47499942779541 12.237083435058594
      vertex 1.7156791687011719 15.404304504394531 12.284319877624512
    endloop
  endfacet
  facet normal 0 -0.32144201091041524 0.9469292653740662
    outer loop
      vertex 2.3999996185302734 16.048744201660156 12.199478149414062
      vertex 1.8278512954711914 15.968232154846191 12.172147750854492
      vertex 2.3999996185302734 15.968232154846191 12.172147750854492
    endloop
  endfacet
  facet normal 0 -0.32144201091041524 0.9469292653740662
    outer loop
      vertex 1.8278512954711914 15.968232154846191 12.172147750854492
      vertex 2.3999996185302734 16.048744201660156 12.199478149414062
      vertex 1.800520896911621 16.048744201660156 12.199478149414062
    endloop
  endfacet
  facet normal 0 -0.6593475122899832 -0.7518383190799806
    outer loop
      vertex 1.1999998092651367 16.195693969726562 13.315679550170898
      vertex 2.3999996185302734 16.259618759155273 13.259618759155273
      vertex 2.3999996185302734 16.195693969726562 13.315679550170898
    endloop
  endfacet
  facet normal 0 -0.6593475122899832 -0.7518383190799806
    outer loop
      vertex 2.3999996185302734 16.259618759155273 13.259618759155273
      vertex 1.1999998092651367 16.195693969726562 13.315679550170898
      vertex 1.1999998092651367 16.259618759155273 13.259618759155273
    endloop
  endfacet
  facet normal 0 -0.44228951787957066 -0.8968723333751895
    outer loop
      vertex 1.1999998092651367 16.048744201660156 13.400521278381348
      vertex 2.3999996185302734 16.125 13.362915992736816
      vertex 2.3999996185302734 16.048744201660156 13.400521278381348
    endloop
  endfacet
  facet normal 0 -0.44228951787957066 -0.8968723333751895
    outer loop
      vertex 2.3999996185302734 16.125 13.362915992736816
      vertex 1.1999998092651367 16.048744201660156 13.400521278381348
      vertex 1.1999998092651367 16.125 13.362915992736816
    endloop
  endfacet
  facet normal 0 -0.0654030328922157 -0.9978589295529202
    outer loop
      vertex 1.1999998092651367 15.799999237060547 13.449999809265137
      vertex 2.3999996185302734 15.884841918945312 13.444438934326172
      vertex 2.3999996185302734 15.799999237060547 13.449999809265137
    endloop
  endfacet
  facet normal 0 -0.0654030328922157 -0.9978589295529202
    outer loop
      vertex 2.3999996185302734 15.884841918945312 13.444438934326172
      vertex 1.1999998092651367 15.799999237060547 13.449999809265137
      vertex 1.1999998092651367 15.884841918945312 13.444438934326172
    endloop
  endfacet
  facet normal 0 0.19508928280095492 0.9807854871154084
    outer loop
      vertex 1.8444385528564453 15.715157508850098 12.155560493469238
      vertex 2.3999996185302734 15.631767272949219 12.172147750854492
      vertex 2.3999996185302734 15.715157508850098 12.155560493469238
    endloop
  endfacet
  facet normal 0 0.19508928280095492 0.9807854871154085
    outer loop
      vertex 2.3999996185302734 15.631767272949219 12.172147750854492
      vertex 1.8444385528564453 15.715157508850098 12.155560493469238
      vertex 1.8278512954711914 15.631767272949219 12.172147750854492
    endloop
  endfacet
  facet normal 0 -0.8968723333751893 0.44228951787957066
    outer loop
      vertex 1.5249996185302734 16.3629150390625 12.47499942779541
      vertex 2.3999996185302734 16.40052032470703 12.551255226135254
      vertex 1.4487438201904297 16.40052032470703 12.551255226135254
    endloop
  endfacet
  facet normal 0 -0.8968723333751895 0.44228951787957066
    outer loop
      vertex 2.3999996185302734 16.40052032470703 12.551255226135254
      vertex 1.5249996185302734 16.3629150390625 12.47499942779541
      vertex 2.3999996185302734 16.3629150390625 12.47499942779541
    endloop
  endfacet
  facet normal 0 0.5555670207237461 -0.8314717586810395
    outer loop
      vertex 1.1999998092651367 15.404304504394531 13.315679550170898
      vertex 2.3999996185302734 15.47499942779541 13.362915992736816
      vertex 2.3999996185302734 15.404304504394531 13.315679550170898
    endloop
  endfacet
  facet normal 0 0.5555670207237461 -0.8314717586810395
    outer loop
      vertex 2.3999996185302734 15.47499942779541 13.362915992736816
      vertex 1.1999998092651367 15.404304504394531 13.315679550170898
      vertex 1.1999998092651367 15.47499942779541 13.362915992736816
    endloop
  endfacet
  facet normal 0 -0.7518383190799803 0.6593475122899831
    outer loop
      vertex 1.6596193313598633 16.259618759155273 12.34037971496582
      vertex 2.3999996185302734 16.3156795501709 12.404304504394531
      vertex 1.5956945419311523 16.3156795501709 12.404304504394531
    endloop
  endfacet
  facet normal 0 -0.7518383190799804 0.6593475122899831
    outer loop
      vertex 2.3999996185302734 16.3156795501709 12.404304504394531
      vertex 1.6596193313598633 16.259618759155273 12.34037971496582
      vertex 2.3999996185302734 16.259618759155273 12.34037971496582
    endloop
  endfacet
  facet normal 0 -0.8968723333751895 -0.44228951787957066
    outer loop
      vertex 1.1999998092651367 16.40052032470703 13.048744201660156
      vertex 2.3999996185302734 16.3629150390625 13.125
      vertex 1.1999998092651367 16.3629150390625 13.125
    endloop
  endfacet
  facet normal 0 -0.8968723333751895 -0.44228951787957066
    outer loop
      vertex 2.3999996185302734 16.3629150390625 13.125
      vertex 1.1999998092651367 16.40052032470703 13.048744201660156
      vertex 2.3999996185302734 16.40052032470703 13.048744201660156
    endloop
  endfacet
  facet normal 0 -0.9469224369987248 0.32146212577595507
    outer loop
      vertex 1.4487438201904297 16.40052032470703 12.551255226135254
      vertex 2.3999996185302734 16.427852630615234 12.631767272949219
      vertex 1.3682317733764648 16.427852630615234 12.631767272949219
    endloop
  endfacet
  facet normal 0 -0.9469224369987248 0.32146212577595507
    outer loop
      vertex 2.3999996185302734 16.427852630615234 12.631767272949219
      vertex 1.4487438201904297 16.40052032470703 12.551255226135254
      vertex 2.3999996185302734 16.40052032470703 12.551255226135254
    endloop
  endfacet
  facet normal 0 -0.19508928280095492 -0.9807854871154085
    outer loop
      vertex 1.1999998092651367 15.884841918945312 13.444438934326172
      vertex 2.3999996185302734 15.968232154846191 13.427851676940918
      vertex 2.3999996185302734 15.884841918945312 13.444438934326172
    endloop
  endfacet
  facet normal 0 -0.19508928280095492 -0.9807854871154085
    outer loop
      vertex 2.3999996185302734 15.968232154846191 13.427851676940918
      vertex 1.1999998092651367 15.884841918945312 13.444438934326172
      vertex 1.1999998092651367 15.968232154846191 13.427851676940918
    endloop
  endfacet
  facet normal 0 0.7518438793411311 0.6593411720022335
    outer loop
      vertex 1.6596193313598633 15.34037971496582 12.34037971496582
      vertex 2.3999996185302734 15.284319877624512 12.404304504394531
      vertex 2.3999996185302734 15.34037971496582 12.34037971496582
    endloop
  endfacet
  facet normal 0 0.7518438793411311 0.6593411720022334
    outer loop
      vertex 2.3999996185302734 15.284319877624512 12.404304504394531
      vertex 1.6596193313598633 15.34037971496582 12.34037971496582
      vertex 1.5956945419311523 15.284319877624512 12.404304504394531
    endloop
  endfacet
  facet normal 0 0.9469292653740661 0.32144201091041524
    outer loop
      vertex 1.4487438201904297 15.199478149414062 12.551255226135254
      vertex 2.3999996185302734 15.172147750854492 12.631767272949219
      vertex 2.3999996185302734 15.199478149414062 12.551255226135254
    endloop
  endfacet
  facet normal 0 0.9469292653740661 0.32144201091041524
    outer loop
      vertex 2.3999996185302734 15.172147750854492 12.631767272949219
      vertex 1.4487438201904297 15.199478149414062 12.551255226135254
      vertex 1.3682317733764648 15.172147750854492 12.631767272949219
    endloop
  endfacet
  facet normal 0 0.19508928280095492 -0.9807854871154085
    outer loop
      vertex 1.1999998092651367 15.631767272949219 13.427851676940918
      vertex 2.3999996185302734 15.715157508850098 13.444438934326172
      vertex 2.3999996185302734 15.631767272949219 13.427851676940918
    endloop
  endfacet
  facet normal 0 0.19508928280095492 -0.9807854871154085
    outer loop
      vertex 2.3999996185302734 15.715157508850098 13.444438934326172
      vertex 1.1999998092651367 15.631767272949219 13.427851676940918
      vertex 1.1999998092651367 15.715157508850098 13.444438934326172
    endloop
  endfacet
  facet normal 0 -0.5555722021159547 0.8314682965910539
    outer loop
      vertex 2.3999996185302734 16.195693969726562 12.284319877624512
      vertex 1.7629156112670898 16.125 12.237083435058594
      vertex 2.3999996185302734 16.125 12.237083435058594
    endloop
  endfacet
  facet normal 0 -0.5555722021159547 0.8314682965910539
    outer loop
      vertex 1.7629156112670898 16.125 12.237083435058594
      vertex 2.3999996185302734 16.195693969726562 12.284319877624512
      vertex 1.7156791687011719 16.195693969726562 12.284319877624512
    endloop
  endfacet
  facet normal 0 -0.5555722021159547 -0.8314682965910539
    outer loop
      vertex 1.1999998092651367 16.125 13.362915992736816
      vertex 2.3999996185302734 16.195693969726562 13.315679550170898
      vertex 2.3999996185302734 16.125 13.362915992736816
    endloop
  endfacet
  facet normal 0 -0.5555722021159547 -0.8314682965910539
    outer loop
      vertex 2.3999996185302734 16.195693969726562 13.315679550170898
      vertex 1.1999998092651367 16.125 13.362915992736816
      vertex 1.1999998092651367 16.195693969726562 13.315679550170898
    endloop
  endfacet
  facet normal 0 -0.99785819747275 -0.06541420133605816
    outer loop
      vertex 1.1999998092651367 16.450000762939453 12.799999237060547
      vertex 2.3999996185302734 16.444438934326172 12.884841918945312
      vertex 1.1999998092651367 16.444438934326172 12.884841918945312
    endloop
  endfacet
  facet normal 0 -0.99785819747275 -0.06541420133605816
    outer loop
      vertex 2.3999996185302734 16.444438934326172 12.884841918945312
      vertex 1.1999998092651367 16.450000762939453 12.799999237060547
      vertex 2.3999996185302734 16.450000762939453 12.799999237060547
    endloop
  endfacet
  facet normal 0 0.6593475122899832 -0.7518383190799806
    outer loop
      vertex 1.1999998092651367 15.34037971496582 13.259618759155273
      vertex 2.3999996185302734 15.404304504394531 13.315679550170898
      vertex 2.3999996185302734 15.34037971496582 13.259618759155273
    endloop
  endfacet
  facet normal 0 0.6593475122899832 -0.7518383190799806
    outer loop
      vertex 2.3999996185302734 15.404304504394531 13.315679550170898
      vertex 1.1999998092651367 15.34037971496582 13.259618759155273
      vertex 1.1999998092651367 15.404304504394531 13.315679550170898
    endloop
  endfacet
  facet normal 0 0.8314717586810395 -0.5555670207237461
    outer loop
      vertex 2.3999996185302734 15.237083435058594 13.125
      vertex 1.1999998092651367 15.284319877624512 13.195694923400879
      vertex 2.3999996185302734 15.284319877624512 13.195694923400879
    endloop
  endfacet
  facet normal 0 0.8314717586810395 -0.5555670207237461
    outer loop
      vertex 1.1999998092651367 15.284319877624512 13.195694923400879
      vertex 2.3999996185302734 15.237083435058594 13.125
      vertex 1.1999998092651367 15.237083435058594 13.125
    endloop
  endfacet
  facet normal 0 0.0654037649185976 0.9978588815731776
    outer loop
      vertex 1.8499994277954102 15.799999237060547 12.149999618530273
      vertex 2.3999996185302734 15.715157508850098 12.155560493469238
      vertex 2.3999996185302734 15.799999237060547 12.149999618530273
    endloop
  endfacet
  facet normal 0 0.06540376491859759 0.9978588815731775
    outer loop
      vertex 2.3999996185302734 15.715157508850098 12.155560493469238
      vertex 1.8499994277954102 15.799999237060547 12.149999618530273
      vertex 1.8444385528564453 15.715157508850098 12.155560493469238
    endloop
  endfacet
  facet normal 0 0.9469292653740662 -0.32144201091041524
    outer loop
      vertex 2.3999996185302734 15.172147750854492 12.968232154846191
      vertex 1.1999998092651367 15.199478149414062 13.048744201660156
      vertex 2.3999996185302734 15.199478149414062 13.048744201660156
    endloop
  endfacet
  facet normal 0 0.9469292653740662 -0.32144201091041524
    outer loop
      vertex 1.1999998092651367 15.199478149414062 13.048744201660156
      vertex 2.3999996185302734 15.172147750854492 12.968232154846191
      vertex 1.1999998092651367 15.172147750854492 12.968232154846191
    endloop
  endfacet
  facet normal 0 -0.7518334427905536 -0.6593530725656045
    outer loop
      vertex 1.1999998092651367 16.3156795501709 13.195694923400879
      vertex 2.3999996185302734 16.259618759155273 13.259618759155273
      vertex 1.1999998092651367 16.259618759155273 13.259618759155273
    endloop
  endfacet
  facet normal 0 -0.7518334427905536 -0.6593530725656045
    outer loop
      vertex 2.3999996185302734 16.259618759155273 13.259618759155273
      vertex 1.1999998092651367 16.3156795501709 13.195694923400879
      vertex 2.3999996185302734 16.3156795501709 13.195694923400879
    endloop
  endfacet
  facet normal 0 -0.9807876332418174 -0.19507849312498357
    outer loop
      vertex 1.1999998092651367 16.444438934326172 12.884841918945312
      vertex 2.3999996185302734 16.427852630615234 12.968232154846191
      vertex 1.1999998092651367 16.427852630615234 12.968232154846191
    endloop
  endfacet
  facet normal 0 -0.9807876332418174 -0.19507849312498357
    outer loop
      vertex 2.3999996185302734 16.427852630615234 12.968232154846191
      vertex 1.1999998092651367 16.444438934326172 12.884841918945312
      vertex 2.3999996185302734 16.444438934326172 12.884841918945312
    endloop
  endfacet
  facet normal 0 -0.9469224369987249 -0.32146212577595507
    outer loop
      vertex 1.1999998092651367 16.427852630615234 12.968232154846191
      vertex 2.3999996185302734 16.40052032470703 13.048744201660156
      vertex 1.1999998092651367 16.40052032470703 13.048744201660156
    endloop
  endfacet
  facet normal 0 -0.9469224369987249 -0.32146212577595507
    outer loop
      vertex 2.3999996185302734 16.40052032470703 13.048744201660156
      vertex 1.1999998092651367 16.427852630615234 12.968232154846191
      vertex 2.3999996185302734 16.427852630615234 12.968232154846191
    endloop
  endfacet
  facet normal 0 0.9978588815731775 0.06540376491859759
    outer loop
      vertex 1.284841537475586 15.155560493469238 12.715157508850098
      vertex 2.3999996185302734 15.149999618530273 12.799999237060547
      vertex 2.3999996185302734 15.155560493469238 12.715157508850098
    endloop
  endfacet
  facet normal 0 0.9978588815731776 0.0654037649185976
    outer loop
      vertex 2.3999996185302734 15.149999618530273 12.799999237060547
      vertex 1.284841537475586 15.155560493469238 12.715157508850098
      vertex 1.1999998092651367 15.149999618530273 12.799999237060547
    endloop
  endfacet
  facet normal 1 0 0
    outer loop
      vertex 1.1999998092651367 16.427852630615234 12.968232154846191
      vertex 1.1999998092651367 16.450000762939453 12.799999237060547
      vertex 1.1999998092651367 16.444438934326172 12.884841918945312
    endloop
  endfacet
  facet normal 1 0 0
    outer loop
      vertex 1.1999998092651367 16.40052032470703 13.048744201660156
      vertex 1.1999998092651367 16.450000762939453 12.799999237060547
      vertex 1.1999998092651367 16.427852630615234 12.968232154846191
    endloop
  endfacet
  facet normal 1 0 0
    outer loop
      vertex 1.1999998092651367 16.3629150390625 13.125
      vertex 1.1999998092651367 16.450000762939453 12.799999237060547
      vertex 1.1999998092651367 16.40052032470703 13.048744201660156
    endloop
  endfacet
  facet normal 1 0 0
    outer loop
      vertex 1.1999998092651367 16.3156795501709 13.195694923400879
      vertex 1.1999998092651367 16.450000762939453 12.799999237060547
      vertex 1.1999998092651367 16.3629150390625 13.125
    endloop
  endfacet
  facet normal 1 0 0
    outer loop
      vertex 1.1999998092651367 16.259618759155273 13.259618759155273
      vertex 1.1999998092651367 16.450000762939453 12.799999237060547
      vertex 1.1999998092651367 16.3156795501709 13.195694923400879
    endloop
  endfacet
  facet normal 1 0 0
    outer loop
      vertex 1.1999998092651367 16.195693969726562 13.315679550170898
      vertex 1.1999998092651367 16.450000762939453 12.799999237060547
      vertex 1.1999998092651367 16.259618759155273 13.259618759155273
    endloop
  endfacet
  facet normal 1 0 0
    outer loop
      vertex 1.1999998092651367 16.125 13.362915992736816
      vertex 1.1999998092651367 16.450000762939453 12.799999237060547
      vertex 1.1999998092651367 16.195693969726562 13.315679550170898
    endloop
  endfacet
  facet normal 1 0 0
    outer loop
      vertex 1.1999998092651367 16.048744201660156 13.400521278381348
      vertex 1.1999998092651367 16.450000762939453 12.799999237060547
      vertex 1.1999998092651367 16.125 13.362915992736816
    endloop
  endfacet
  facet normal 1 0 0
    outer loop
      vertex 1.1999998092651367 15.968232154846191 13.427851676940918
      vertex 1.1999998092651367 16.450000762939453 12.799999237060547
      vertex 1.1999998092651367 16.048744201660156 13.400521278381348
    endloop
  endfacet
  facet normal 1 0 0
    outer loop
      vertex 1.1999998092651367 15.884841918945312 13.444438934326172
      vertex 1.1999998092651367 16.450000762939453 12.799999237060547
      vertex 1.1999998092651367 15.968232154846191 13.427851676940918
    endloop
  endfacet
  facet normal 1 0 0
    outer loop
      vertex 1.1999998092651367 15.799999237060547 13.449999809265137
      vertex 1.1999998092651367 16.450000762939453 12.799999237060547
      vertex 1.1999998092651367 15.884841918945312 13.444438934326172
    endloop
  endfacet
  facet normal 1 0 0
    outer loop
      vertex 1.1999998092651367 15.715157508850098 13.444438934326172
      vertex 1.1999998092651367 16.450000762939453 12.799999237060547
      vertex 1.1999998092651367 15.799999237060547 13.449999809265137
    endloop
  endfacet
  facet normal 1 0 0
    outer loop
      vertex 1.1999998092651367 15.631767272949219 13.427851676940918
      vertex 1.1999998092651367 16.450000762939453 12.799999237060547
      vertex 1.1999998092651367 15.715157508850098 13.444438934326172
    endloop
  endfacet
  facet normal 1 0 0
    outer loop
      vertex 1.1999998092651367 15.551255226135254 13.400521278381348
      vertex 1.1999998092651367 16.450000762939453 12.799999237060547
      vertex 1.1999998092651367 15.631767272949219 13.427851676940918
    endloop
  endfacet
  facet normal 1 0 0
    outer loop
      vertex 1.1999998092651367 15.47499942779541 13.362915992736816
      vertex 1.1999998092651367 16.450000762939453 12.799999237060547
      vertex 1.1999998092651367 15.551255226135254 13.400521278381348
    endloop
  endfacet
  facet normal 1 0 0
    outer loop
      vertex 1.1999998092651367 15.404304504394531 13.315679550170898
      vertex 1.1999998092651367 16.450000762939453 12.799999237060547
      vertex 1.1999998092651367 15.47499942779541 13.362915992736816
    endloop
  endfacet
  facet normal 1 0 0
    outer loop
      vertex 1.1999998092651367 15.34037971496582 13.259618759155273
      vertex 1.1999998092651367 16.450000762939453 12.799999237060547
      vertex 1.1999998092651367 15.404304504394531 13.315679550170898
    endloop
  endfacet
  facet normal 1 0 0
    outer loop
      vertex 1.1999998092651367 15.284319877624512 13.195694923400879
      vertex 1.1999998092651367 16.450000762939453 12.799999237060547
      vertex 1.1999998092651367 15.34037971496582 13.259618759155273
    endloop
  endfacet
  facet normal 1 0 0
    outer loop
      vertex 1.1999998092651367 15.237083435058594 13.125
      vertex 1.1999998092651367 16.450000762939453 12.799999237060547
      vertex 1.1999998092651367 15.284319877624512 13.195694923400879
    endloop
  endfacet
  facet normal 1 0 0
    outer loop
      vertex 1.1999998092651367 15.199478149414062 13.048744201660156
      vertex 1.1999998092651367 16.450000762939453 12.799999237060547
      vertex 1.1999998092651367 15.237083435058594 13.125
    endloop
  endfacet
  facet normal 1 0 0
    outer loop
      vertex 1.1999998092651367 15.172147750854492 12.968232154846191
      vertex 1.1999998092651367 16.450000762939453 12.799999237060547
      vertex 1.1999998092651367 15.199478149414062 13.048744201660156
    endloop
  endfacet
  facet normal 1 0 0
    outer loop
      vertex 1.1999998092651367 15.155560493469238 12.884841918945312
      vertex 1.1999998092651367 16.450000762939453 12.799999237060547
      vertex 1.1999998092651367 15.172147750854492 12.968232154846191
    endloop
  endfacet
  facet normal 1 0 0
    outer loop
      vertex 1.1999998092651367 16.450000762939453 12.799999237060547
      vertex 1.1999998092651367 15.155560493469238 12.884841918945312
      vertex 1.1999998092651367 15.149999618530273 12.799999237060547
    endloop
  endfacet
  facet normal 0 0.7518390031094215 -0.6593467323066303
    outer loop
      vertex 2.3999996185302734 15.284319877624512 13.195694923400879
      vertex 1.1999998092651367 15.34037971496582 13.259618759155273
      vertex 2.3999996185302734 15.34037971496582 13.259618759155273
    endloop
  endfacet
  facet normal 0 0.7518390031094215 -0.6593467323066303
    outer loop
      vertex 1.1999998092651367 15.34037971496582 13.259618759155273
      vertex 2.3999996185302734 15.284319877624512 13.195694923400879
      vertex 1.1999998092651367 15.284319877624512 13.195694923400879
    endloop
  endfacet
  facet normal 0 0.8968723333751895 -0.44228951787957066
    outer loop
      vertex 2.3999996185302734 15.199478149414062 13.048744201660156
      vertex 1.1999998092651367 15.237083435058594 13.125
      vertex 2.3999996185302734 15.237083435058594 13.125
    endloop
  endfacet
  facet normal 0 0.8968723333751895 -0.44228951787957066
    outer loop
      vertex 1.1999998092651367 15.237083435058594 13.125
      vertex 2.3999996185302734 15.199478149414062 13.048744201660156
      vertex 1.1999998092651367 15.199478149414062 13.048744201660156
    endloop
  endfacet
  facet normal 0 0.6593411720022334 0.7518438793411311
    outer loop
      vertex 1.7156791687011719 15.404304504394531 12.284319877624512
      vertex 2.3999996185302734 15.34037971496582 12.34037971496582
      vertex 2.3999996185302734 15.404304504394531 12.284319877624512
    endloop
  endfacet
  facet normal 0 0.6593411720022335 0.7518438793411311
    outer loop
      vertex 2.3999996185302734 15.34037971496582 12.34037971496582
      vertex 1.7156791687011719 15.404304504394531 12.284319877624512
      vertex 1.6596193313598633 15.34037971496582 12.34037971496582
    endloop
  endfacet
  facet normal 0 0.32144201091041524 0.9469292653740662
    outer loop
      vertex 1.8278512954711914 15.631767272949219 12.172147750854492
      vertex 2.3999996185302734 15.551255226135254 12.199478149414062
      vertex 2.3999996185302734 15.631767272949219 12.172147750854492
    endloop
  endfacet
  facet normal 0 0.32144201091041524 0.9469292653740662
    outer loop
      vertex 2.3999996185302734 15.551255226135254 12.199478149414062
      vertex 1.8278512954711914 15.631767272949219 12.172147750854492
      vertex 1.800520896911621 15.551255226135254 12.199478149414062
    endloop
  endfacet
  facet normal 0 0.32144201091041524 -0.9469292653740662
    outer loop
      vertex 1.1999998092651367 15.551255226135254 13.400521278381348
      vertex 2.3999996185302734 15.631767272949219 13.427851676940918
      vertex 2.3999996185302734 15.551255226135254 13.400521278381348
    endloop
  endfacet
  facet normal 0 0.32144201091041524 -0.9469292653740662
    outer loop
      vertex 2.3999996185302734 15.631767272949219 13.427851676940918
      vertex 1.1999998092651367 15.551255226135254 13.400521278381348
      vertex 1.1999998092651367 15.631767272949219 13.427851676940918
    endloop
  endfacet
  facet normal 0 0.9807854871154084 0.19508928280095492
    outer loop
      vertex 1.3682317733764648 15.172147750854492 12.631767272949219
      vertex 2.3999996185302734 15.155560493469238 12.715157508850098
      vertex 2.3999996185302734 15.172147750854492 12.631767272949219
    endloop
  endfacet
  facet normal 0 0.9807854871154085 0.19508928280095492
    outer loop
      vertex 2.3999996185302734 15.155560493469238 12.715157508850098
      vertex 1.3682317733764648 15.172147750854492 12.631767272949219
      vertex 1.284841537475586 15.155560493469238 12.715157508850098
    endloop
  endfacet
  facet normal 0 -0.8314769400318395 -0.555559266141146
    outer loop
      vertex 1.1999998092651367 16.3629150390625 13.125
      vertex 2.3999996185302734 16.3156795501709 13.195694923400879
      vertex 1.1999998092651367 16.3156795501709 13.195694923400879
    endloop
  endfacet
  facet normal 0 -0.8314769400318395 -0.555559266141146
    outer loop
      vertex 2.3999996185302734 16.3156795501709 13.195694923400879
      vertex 1.1999998092651367 16.3629150390625 13.125
      vertex 2.3999996185302734 16.3629150390625 13.125
    endloop
  endfacet
  facet normal 0 -0.8314769400318395 0.555559266141146
    outer loop
      vertex 1.5956945419311523 16.3156795501709 12.404304504394531
      vertex 2.3999996185302734 16.3629150390625 12.47499942779541
      vertex 1.5249996185302734 16.3629150390625 12.47499942779541
    endloop
  endfacet
  facet normal 0 -0.8314769400318395 0.555559266141146
    outer loop
      vertex 2.3999996185302734 16.3629150390625 12.47499942779541
      vertex 1.5956945419311523 16.3156795501709 12.404304504394531
      vertex 2.3999996185302734 16.3156795501709 12.404304504394531
    endloop
  endfacet
  facet normal 0 0.9978589295529202 -0.0654030328922157
    outer loop
      vertex 2.3999996185302734 15.149999618530273 12.799999237060547
      vertex 1.1999998092651367 15.155560493469238 12.884841918945312
      vertex 2.3999996185302734 15.155560493469238 12.884841918945312
    endloop
  endfacet
  facet normal 0 0.9978589295529202 -0.0654030328922157
    outer loop
      vertex 1.1999998092651367 15.155560493469238 12.884841918945312
      vertex 2.3999996185302734 15.149999618530273 12.799999237060547
      vertex 1.1999998092651367 15.149999618530273 12.799999237060547
    endloop
  endfacet
  facet normal 0 0.9807854871154085 -0.19508928280095492
    outer loop
      vertex 2.3999996185302734 15.155560493469238 12.884841918945312
      vertex 1.1999998092651367 15.172147750854492 12.968232154846191
      vertex 2.3999996185302734 15.172147750854492 12.968232154846191
    endloop
  endfacet
  facet normal 0 0.9807854871154085 -0.19508928280095492
    outer loop
      vertex 1.1999998092651367 15.172147750854492 12.968232154846191
      vertex 2.3999996185302734 15.155560493469238 12.884841918945312
      vertex 1.1999998092651367 15.155560493469238 12.884841918945312
    endloop
  endfacet
  facet normal 1 0 0
    outer loop
      vertex -7.5 22.849998474121094 2.5
      vertex -7.5 22.439472198486328 -0.09999942779541016
      vertex -7.5 22.849998474121094 -0.09999942779541016
    endloop
  endfacet
  facet normal 1 0 0
    outer loop
      vertex -7.5 22.439472198486328 -0.09999942779541016
      vertex -7.5 22.849998474121094 2.5
      vertex -7.5 20.149999618530273 2.5
    endloop
  endfacet
  facet normal 1 0 0
    outer loop
      vertex -7.5 20.149999618530273 -0.8999996185302734
      vertex -7.5 22.439472198486328 -0.09999942779541016
      vertex -7.5 20.149999618530273 2.5
    endloop
  endfacet
  facet normal 1 0 0
    outer loop
      vertex -7.5 22.439472198486328 -0.09999942779541016
      vertex -7.5 20.149999618530273 -0.8999996185302734
      vertex -7.5 22.75526237487793 -0.8999996185302734
    endloop
  endfacet
  facet normal 0 0 1
    outer loop
      vertex -9.5 22.849998474121094 -3.4999990463256836
      vertex -6.299999237060547 20.149999618530273 -3.4999990463256836
      vertex -6.299999237060547 22.849998474121094 -3.4999990463256836
    endloop
  endfacet
  facet normal 0 0 1
    outer loop
      vertex -6.299999237060547 20.149999618530273 -3.4999990463256836
      vertex -9.5 22.849998474121094 -3.4999990463256836
      vertex -9.5 20.149999618530273 -3.4999990463256836
    endloop
  endfacet
  facet normal 0 -1 0
    outer loop
      vertex -6.8848419189453125 22.849998474121094 1.9444389343261719
      vertex -6.299999237060547 22.849998474121094 2.5
      vertex -7.5 22.849998474121094 2.5
    endloop
  endfacet
  facet normal 0 -1 0
    outer loop
      vertex -6.299999237060547 22.849998474121094 2.5
      vertex -6.8848419189453125 22.849998474121094 1.9444389343261719
      vertex -6.799999237060547 22.849998474121094 1.9499998092651367
    endloop
  endfacet
  facet normal 0 -1 0
    outer loop
      vertex -7.5 22.849998474121094 2.5
      vertex -6.968232154846191 22.849998474121094 1.927851676940918
      vertex -6.8848419189453125 22.849998474121094 1.9444389343261719
    endloop
  endfacet
  facet normal 0 -1 0
    outer loop
      vertex -7.5 22.849998474121094 2.5
      vertex -7.048744201660156 22.849998474121094 1.9005212783813477
      vertex -6.968232154846191 22.849998474121094 1.927851676940918
    endloop
  endfacet
  facet normal 0 -1 0
    outer loop
      vertex -7.5 22.849998474121094 2.5
      vertex -7.124999046325684 22.849998474121094 1.8629159927368164
      vertex -7.048744201660156 22.849998474121094 1.9005212783813477
    endloop
  endfacet
  facet normal 0 -1 0
    outer loop
      vertex -7.5 22.849998474121094 2.5
      vertex -7.195694923400879 22.849998474121094 1.8156795501708984
      vertex -7.124999046325684 22.849998474121094 1.8629159927368164
    endloop
  endfacet
  facet normal 0 -1 0
    outer loop
      vertex -7.5 22.849998474121094 2.5
      vertex -7.259618759155273 22.849998474121094 1.7596187591552734
      vertex -7.195694923400879 22.849998474121094 1.8156795501708984
    endloop
  endfacet
  facet normal 0 -1 0
    outer loop
      vertex -7.5 22.849998474121094 2.5
      vertex -7.315679550170898 22.849998474121094 1.695694923400879
      vertex -7.259618759155273 22.849998474121094 1.7596187591552734
    endloop
  endfacet
  facet normal 0 -1 0
    outer loop
      vertex -7.5 22.849998474121094 2.5
      vertex -7.362915992736816 22.849998474121094 1.625
      vertex -7.315679550170898 22.849998474121094 1.695694923400879
    endloop
  endfacet
  facet normal 0 -1 0
    outer loop
      vertex -7.5 22.849998474121094 2.5
      vertex -7.400521278381348 22.849998474121094 1.5487442016601562
      vertex -7.362915992736816 22.849998474121094 1.625
    endloop
  endfacet
  facet normal 0 -1 0
    outer loop
      vertex -7.5 22.849998474121094 2.5
      vertex -7.427851676940918 22.849998474121094 1.4682321548461914
      vertex -7.400521278381348 22.849998474121094 1.5487442016601562
    endloop
  endfacet
  facet normal 0 -1 0
    outer loop
      vertex -7.5 22.849998474121094 2.5
      vertex -7.444438934326172 22.849998474121094 1.3848419189453125
      vertex -7.427851676940918 22.849998474121094 1.4682321548461914
    endloop
  endfacet
  facet normal 0 -1 0
    outer loop
      vertex -7.5 22.849998474121094 2.5
      vertex -7.449999809265137 22.849998474121094 1.2999992370605469
      vertex -7.444438934326172 22.849998474121094 1.3848419189453125
    endloop
  endfacet
  facet normal 0 -1 0
    outer loop
      vertex -6.299999237060547 22.849998474121094 -0.09999942779541016
      vertex -6.8848419189453125 22.849998474121094 0.6555604934692383
      vertex -7.5 22.849998474121094 -0.09999942779541016
    endloop
  endfacet
  facet normal 0 -1 0
    outer loop
      vertex -6.968232154846191 22.849998474121094 0.6721477508544922
      vertex -7.5 22.849998474121094 -0.09999942779541016
      vertex -6.8848419189453125 22.849998474121094 0.6555604934692383
    endloop
  endfacet
  facet normal 0 -1 0
    outer loop
      vertex -7.048744201660156 22.849998474121094 0.6994781494140625
      vertex -7.5 22.849998474121094 -0.09999942779541016
      vertex -6.968232154846191 22.849998474121094 0.6721477508544922
    endloop
  endfacet
  facet normal 0 -1 0
    outer loop
      vertex -7.124999046325684 22.849998474121094 0.7370834350585938
      vertex -7.5 22.849998474121094 -0.09999942779541016
      vertex -7.048744201660156 22.849998474121094 0.6994781494140625
    endloop
  endfacet
  facet normal 0 -1 0
    outer loop
      vertex -7.195694923400879 22.849998474121094 0.7843198776245117
      vertex -7.5 22.849998474121094 -0.09999942779541016
      vertex -7.124999046325684 22.849998474121094 0.7370834350585938
    endloop
  endfacet
  facet normal 0 -1 0
    outer loop
      vertex -7.259618759155273 22.849998474121094 0.8403797149658203
      vertex -7.5 22.849998474121094 -0.09999942779541016
      vertex -7.195694923400879 22.849998474121094 0.7843198776245117
    endloop
  endfacet
  facet normal 0 -1 0
    outer loop
      vertex -7.315679550170898 22.849998474121094 0.9043045043945312
      vertex -7.5 22.849998474121094 -0.09999942779541016
      vertex -7.259618759155273 22.849998474121094 0.8403797149658203
    endloop
  endfacet
  facet normal 0 -1 0
    outer loop
      vertex -7.362915992736816 22.849998474121094 0.9749994277954102
      vertex -7.5 22.849998474121094 -0.09999942779541016
      vertex -7.315679550170898 22.849998474121094 0.9043045043945312
    endloop
  endfacet
  facet normal 0 -1 0
    outer loop
      vertex -7.400521278381348 22.849998474121094 1.051255226135254
      vertex -7.5 22.849998474121094 -0.09999942779541016
      vertex -7.362915992736816 22.849998474121094 0.9749994277954102
    endloop
  endfacet
  facet normal 0 -1 0
    outer loop
      vertex -7.427851676940918 22.849998474121094 1.1317672729492188
      vertex -7.5 22.849998474121094 -0.09999942779541016
      vertex -7.400521278381348 22.849998474121094 1.051255226135254
    endloop
  endfacet
  facet normal 0 -1 0
    outer loop
      vertex -7.444438934326172 22.849998474121094 1.2151575088500977
      vertex -7.5 22.849998474121094 -0.09999942779541016
      vertex -7.427851676940918 22.849998474121094 1.1317672729492188
    endloop
  endfacet
  facet normal 0 -1 0
    outer loop
      vertex -7.449999809265137 22.849998474121094 1.2999992370605469
      vertex -7.5 22.849998474121094 -0.09999942779541016
      vertex -7.444438934326172 22.849998474121094 1.2151575088500977
    endloop
  endfacet
  facet normal 0 -1 0
    outer loop
      vertex -7.5 22.849998474121094 -0.09999942779541016
      vertex -7.449999809265137 22.849998474121094 1.2999992370605469
      vertex -7.5 22.849998474121094 2.5
    endloop
  endfacet
  facet normal 0 -1 0
    outer loop
      vertex -6.715157508850098 22.849998474121094 1.9444389343261719
      vertex -6.299999237060547 22.849998474121094 2.5
      vertex -6.799999237060547 22.849998474121094 1.9499998092651367
    endloop
  endfacet
  facet normal 0 -1 0
    outer loop
      vertex -6.631767272949219 22.849998474121094 1.927851676940918
      vertex -6.299999237060547 22.849998474121094 2.5
      vertex -6.715157508850098 22.849998474121094 1.9444389343261719
    endloop
  endfacet
  facet normal 0 -1 0
    outer loop
      vertex -6.551255226135254 22.849998474121094 1.9005212783813477
      vertex -6.299999237060547 22.849998474121094 2.5
      vertex -6.631767272949219 22.849998474121094 1.927851676940918
    endloop
  endfacet
  facet normal 0 -1 0
    outer loop
      vertex -6.47499942779541 22.849998474121094 1.8629159927368164
      vertex -6.299999237060547 22.849998474121094 2.5
      vertex -6.551255226135254 22.849998474121094 1.9005212783813477
    endloop
  endfacet
  facet normal 0 -1 0
    outer loop
      vertex -6.299999237060547 22.849998474121094 1.846211552619934
      vertex -6.47499942779541 22.849998474121094 1.8629159927368164
      vertex -6.4499993324279785 22.849998474121094 1.846211552619934
    endloop
  endfacet
  facet normal 0 -1 0
    outer loop
      vertex -6.47499942779541 22.849998474121094 1.8629159927368164
      vertex -6.299999237060547 22.849998474121094 1.846211552619934
      vertex -6.299999237060547 22.849998474121094 2.5
    endloop
  endfacet
  facet normal 0 -1 0
    outer loop
      vertex -6.47499942779541 22.849998474121094 0.7370834350585938
      vertex -6.299999237060547 22.849998474121094 0.7537879347801208
      vertex -6.4499993324279785 22.849998474121094 0.7537879347801208
    endloop
  endfacet
  facet normal 0 -1 0
    outer loop
      vertex -6.551255226135254 22.849998474121094 0.6994781494140625
      vertex -6.299999237060547 22.849998474121094 0.7537879347801208
      vertex -6.47499942779541 22.849998474121094 0.7370834350585938
    endloop
  endfacet
  facet normal 0 -1 0
    outer loop
      vertex -6.299999237060547 22.849998474121094 -0.09999942779541016
      vertex -6.551255226135254 22.849998474121094 0.6994781494140625
      vertex -6.631767272949219 22.849998474121094 0.6721477508544922
    endloop
  endfacet
  facet normal 0 -1 0
    outer loop
      vertex -6.8848419189453125 22.849998474121094 0.6555604934692383
      vertex -6.299999237060547 22.849998474121094 -0.09999942779541016
      vertex -6.799999237060547 22.849998474121094 0.6499996185302734
    endloop
  endfacet
  facet normal 0 -1 0
    outer loop
      vertex -6.799999237060547 22.849998474121094 0.6499996185302734
      vertex -6.299999237060547 22.849998474121094 -0.09999942779541016
      vertex -6.715157508850098 22.849998474121094 0.6555604934692383
    endloop
  endfacet
  facet normal 0 -1 0
    outer loop
      vertex -6.715157508850098 22.849998474121094 0.6555604934692383
      vertex -6.299999237060547 22.849998474121094 -0.09999942779541016
      vertex -6.631767272949219 22.849998474121094 0.6721477508544922
    endloop
  endfacet
  facet normal 0 -1 0
    outer loop
      vertex -6.551255226135254 22.849998474121094 0.6994781494140625
      vertex -6.299999237060547 22.849998474121094 -0.09999942779541016
      vertex -6.299999237060547 22.849998474121094 0.7537879347801208
    endloop
  endfacet
  facet normal 0 -1 0
    outer loop
      vertex -9.5 22.849998474121094 -3.4999990463256836
      vertex -6.299999237060547 22.849998474121094 -1.8999996185302734
      vertex -9.5 22.849998474121094 -1.8999996185302734
    endloop
  endfacet
  facet normal 0 -1 0
    outer loop
      vertex -6.299999237060547 22.849998474121094 -1.8999996185302734
      vertex -9.5 22.849998474121094 -3.4999990463256836
      vertex -6.299999237060547 22.849998474121094 -3.4999990463256836
    endloop
  endfacet
  facet normal 0 1 0
    outer loop
      vertex -6.299999237060547 20.149999618530273 0.14999961853027344
      vertex -6.299999237060547 20.149999618530273 -0.8999996185302734
      vertex -6.821190357208252 20.149999618530273 0.14999961853027344
    endloop
  endfacet
  facet normal 0 1 0
    outer loop
      vertex -6.821190357208252 20.149999618530273 0.14999961853027344
      vertex -7.5 20.149999618530273 2.5
      vertex -6.821190357208252 20.149999618530273 2.5
    endloop
  endfacet
  facet normal 0 1 0
    outer loop
      vertex -6.821190357208252 20.149999618530273 0.14999961853027344
      vertex -7.5 20.149999618530273 -0.8999996185302734
      vertex -7.5 20.149999618530273 2.5
    endloop
  endfacet
  facet normal 0 1 0
    outer loop
      vertex -7.5 20.149999618530273 -0.8999996185302734
      vertex -6.821190357208252 20.149999618530273 0.14999961853027344
      vertex -6.299999237060547 20.149999618530273 -0.8999996185302734
    endloop
  endfacet
  facet normal 0 1 0
    outer loop
      vertex -6.299999237060547 20.149999618530273 -3.4999990463256836
      vertex -9.5 20.149999618530273 -1.8999996185302734
      vertex -6.299999237060547 20.149999618530273 -1.8999996185302734
    endloop
  endfacet
  facet normal 0 1 0
    outer loop
      vertex -9.5 20.149999618530273 -1.8999996185302734
      vertex -6.299999237060547 20.149999618530273 -3.4999990463256836
      vertex -9.5 20.149999618530273 -3.4999990463256836
    endloop
  endfacet
  facet normal -1 0 0
    outer loop
      vertex -6.299999237060547 21.5 1.3999996185302734
      vertex -6.299999237060547 21.266233444213867 1.3999996185302734
      vertex -6.299999237060547 21.5 1.7135738134384155
    endloop
  endfacet
  facet normal -1 0 0
    outer loop
      vertex -6.299999237060547 22.804304122924805 1.8156795501708984
      vertex -6.299999237060547 22.849998474121094 2.5
      vertex -6.299999237060547 22.849998474121094 1.846211552619934
    endloop
  endfacet
  facet normal -1 0 0
    outer loop
      vertex -6.299999237060547 22.740379333496094 1.7596187591552734
      vertex -6.299999237060547 22.849998474121094 2.5
      vertex -6.299999237060547 22.804304122924805 1.8156795501708984
    endloop
  endfacet
  facet normal -1 0 0
    outer loop
      vertex -6.299999237060547 22.69999885559082 1.7135738134384155
      vertex -6.299999237060547 22.849998474121094 2.5
      vertex -6.299999237060547 22.740379333496094 1.7596187591552734
    endloop
  endfacet
  facet normal -1 0 0
    outer loop
      vertex -6.299999237060547 21.5 1.7135738134384155
      vertex -6.299999237060547 22.849998474121094 2.5
      vertex -6.299999237060547 22.69999885559082 1.7135738134384155
    endloop
  endfacet
  facet normal -1 0 0
    outer loop
      vertex -6.299999237060547 21.5 1.7135738134384155
      vertex -6.299999237060547 21.266233444213867 2.5
      vertex -6.299999237060547 22.849998474121094 2.5
    endloop
  endfacet
  facet normal -1 0 0
    outer loop
      vertex -6.299999237060547 21.266233444213867 2.5
      vertex -6.299999237060547 21.5 1.7135738134384155
      vertex -6.299999237060547 21.266233444213867 1.3999996185302734
    endloop
  endfacet
  facet normal -1 0 0
    outer loop
      vertex -6.299999237060547 22.849998474121094 -3.4999990463256836
      vertex -6.299999237060547 21.91357421875 -2.59999942779541
      vertex -6.299999237060547 22.849998474121094 -1.8999996185302734
    endloop
  endfacet
  facet normal -1 0 0
    outer loop
      vertex -6.299999237060547 22.849998474121094 -3.4999990463256836
      vertex -6.299999237060547 21.08642578125 -2.59999942779541
      vertex -6.299999237060547 21.91357421875 -2.59999942779541
    endloop
  endfacet
  facet normal -1 0 0
    outer loop
      vertex -6.299999237060547 20.149999618530273 -3.4999990463256836
      vertex -6.299999237060547 21.08642578125 -2.59999942779541
      vertex -6.299999237060547 22.849998474121094 -3.4999990463256836
    endloop
  endfacet
  facet normal -1 0 0
    outer loop
      vertex -6.299999237060547 20.149999618530273 -1.8999996185302734
      vertex -6.299999237060547 21.08642578125 -2.59999942779541
      vertex -6.299999237060547 20.149999618530273 -3.4999990463256836
    endloop
  endfacet
  facet normal -1 0 0
    outer loop
      vertex -6.299999237060547 21.08642578125 -2.59999942779541
      vertex -6.299999237060547 20.149999618530273 -1.8999996185302734
      vertex -6.299999237060547 21.08642578125 -1.8999996185302734
    endloop
  endfacet
  facet normal -1 0 0
    outer loop
      vertex -6.299999237060547 22.849998474121094 -1.8999996185302734
      vertex -6.299999237060547 21.91357421875 -2.59999942779541
      vertex -6.299999237060547 21.91357421875 -1.8999996185302734
    endloop
  endfacet
  facet normal -1 0 0
    outer loop
      vertex -6.299999237060547 22.75526237487793 -0.8999996185302734
      vertex -6.299999237060547 21.91357421875 -0.8999996185302734
      vertex -6.299999237060547 22.439472198486328 -0.09999942779541016
    endloop
  endfacet
  facet normal -1 0 0
    outer loop
      vertex -6.299999237060547 22.439472198486328 -0.09999942779541016
      vertex -6.299999237060547 22.849998474121094 0.7537879347801208
      vertex -6.299999237060547 22.849998474121094 -0.09999942779541016
    endloop
  endfacet
  facet normal -1 0 0
    outer loop
      vertex -6.299999237060547 22.849998474121094 0.7537879347801208
      vertex -6.299999237060547 22.439472198486328 -0.09999942779541016
      vertex -6.299999237060547 22.804304122924805 0.7843198776245117
    endloop
  endfacet
  facet normal -1 0 0
    outer loop
      vertex -6.299999237060547 22.804304122924805 0.7843198776245117
      vertex -6.299999237060547 22.439472198486328 -0.09999942779541016
      vertex -6.299999237060547 22.740379333496094 0.8403797149658203
    endloop
  endfacet
  facet normal -1 0 0
    outer loop
      vertex -6.299999237060547 21.91357421875 0.8864253759384155
      vertex -6.299999237060547 22.740379333496094 0.8403797149658203
      vertex -6.299999237060547 22.439472198486328 -0.09999942779541016
    endloop
  endfacet
  facet normal -1 0 0
    outer loop
      vertex -6.299999237060547 21.91357421875 0.8864253759384155
      vertex -6.299999237060547 22.439472198486328 -0.09999942779541016
      vertex -6.299999237060547 21.91357421875 -0.8999996185302734
    endloop
  endfacet
  facet normal -1 0 0
    outer loop
      vertex -6.299999237060547 22.740379333496094 0.8403797149658203
      vertex -6.299999237060547 21.91357421875 0.8864253759384155
      vertex -6.299999237060547 22.69999885559082 0.8864253759384155
    endloop
  endfacet
  facet normal -1 0 0
    outer loop
      vertex -6.299999237060547 20.149999618530273 -0.8999996185302734
      vertex -6.299999237060547 21.08642578125 0.14999961853027344
      vertex -6.299999237060547 21.08642578125 -0.8999996185302734
    endloop
  endfacet
  facet normal -1 0 0
    outer loop
      vertex -6.299999237060547 21.08642578125 0.14999961853027344
      vertex -6.299999237060547 20.149999618530273 -0.8999996185302734
      vertex -6.299999237060547 20.149999618530273 0.14999961853027344
    endloop
  endfacet
  facet normal 0 0 -1
    outer loop
      vertex -7.5 22.849998474121094 2.5
      vertex -6.299999237060547 21.266233444213867 2.5
      vertex -6.300724029541016 21.26540756225586 2.5
    endloop
  endfacet
  facet normal 0 0 -1
    outer loop
      vertex -7.5 22.849998474121094 2.5
      vertex -6.300724029541016 21.26540756225586 2.5
      vertex -6.511473655700684 20.950000762939453 2.5
    endloop
  endfacet
  facet normal 0 0 -1
    outer loop
      vertex -7.5 20.149999618530273 2.5
      vertex -6.511473655700684 20.950000762939453 2.5
      vertex -6.6792497634887695 20.60978126525879 2.5
    endloop
  endfacet
  facet normal 0 0 -1
    outer loop
      vertex -7.5 20.149999618530273 2.5
      vertex -6.6792497634887695 20.60978126525879 2.5
      vertex -6.80118465423584 20.25057601928711 2.5
    endloop
  endfacet
  facet normal 0 0 -1
    outer loop
      vertex -7.5 20.149999618530273 2.5
      vertex -6.80118465423584 20.25057601928711 2.5
      vertex -6.821190357208252 20.149999618530273 2.5
    endloop
  endfacet
  facet normal 0 0 -1
    outer loop
      vertex -6.511473655700684 20.950000762939453 2.5
      vertex -7.5 20.149999618530273 2.5
      vertex -7.5 22.849998474121094 2.5
    endloop
  endfacet
  facet normal 0 0 -1
    outer loop
      vertex -6.299999237060547 21.266233444213867 2.5
      vertex -7.5 22.849998474121094 2.5
      vertex -6.299999237060547 22.849998474121094 2.5
    endloop
  endfacet
  facet normal -0.9978589295529202 -0.0654030328922157 0
    outer loop
      vertex -6.149999618530273 21.5 -2.59999942779541
      vertex -6.155560493469238 21.584842681884766 -1.8999996185302734
      vertex -6.155560493469238 21.584842681884766 -2.59999942779541
    endloop
  endfacet
  facet normal -0.9978589295529202 -0.0654030328922157 0
    outer loop
      vertex -6.155560493469238 21.584842681884766 -1.8999996185302734
      vertex -6.149999618530273 21.5 -2.59999942779541
      vertex -6.149999618530273 21.5 -1.8999996185302734
    endloop
  endfacet
  facet normal -0.9978589295529202 -0.0654030328922157 0
    outer loop
      vertex -6.149999618530273 21.5 1.3999996185302734
      vertex -6.155560493469238 21.584842681884766 1.3848419189453125
      vertex -6.149999618530273 21.5 1.2999992370605469
    endloop
  endfacet
  facet normal -0.9978589295529202 -0.0654030328922157 0
    outer loop
      vertex -6.155560493469238 21.584842681884766 1.3848419189453125
      vertex -6.149999618530273 21.5 1.3999996185302734
      vertex -6.155560493469238 21.584842681884766 1.3999996185302734
    endloop
  endfacet
  facet normal -0.9978589295529201 -0.06540303289221569 0
    outer loop
      vertex -6.149999618530273 21.5 -0.8999996185302734
      vertex -6.155560493469238 21.584842681884766 1.2151575088500977
      vertex -6.155560493469238 21.584842681884766 -0.8999996185302734
    endloop
  endfacet
  facet normal -0.9978589295529202 -0.0654030328922157 0
    outer loop
      vertex -6.155560493469238 21.584842681884766 1.2151575088500977
      vertex -6.149999618530273 21.5 -0.8999996185302734
      vertex -6.149999618530273 21.5 1.2999992370605469
    endloop
  endfacet
  facet normal -0.9978589295529202 0.0654030328922157 0
    outer loop
      vertex -6.155560493469238 21.415157318115234 -2.59999942779541
      vertex -6.149999618530273 21.5 -1.8999996185302734
      vertex -6.149999618530273 21.5 -2.59999942779541
    endloop
  endfacet
  facet normal -0.9978589295529202 0.0654030328922157 0
    outer loop
      vertex -6.149999618530273 21.5 -1.8999996185302734
      vertex -6.155560493469238 21.415157318115234 -2.59999942779541
      vertex -6.155560493469238 21.415157318115234 -1.8999996185302734
    endloop
  endfacet
  facet normal -0.9978588869798615 0.06540368242929538 0
    outer loop
      vertex -6.15444278717041 21.43221092224121 0.14999961853027344
      vertex -6.149999618530273 21.5 1.2999992370605469
      vertex -6.149999618530273 21.5 -0.8999996185302734
    endloop
  endfacet
  facet normal -0.9978588869798614 0.06540368242929538 0
    outer loop
      vertex -6.15444278717041 21.43221092224121 1.3999996185302734
      vertex -6.149999618530273 21.5 1.2999992370605469
      vertex -6.15444278717041 21.43221092224121 0.14999961853027344
    endloop
  endfacet
  facet normal -0.9978589295529193 0.06540303289221565 -4.211496286907531e-8
    outer loop
      vertex -6.155560493469238 21.415157318115234 -0.8999996185302734
      vertex -6.15444278717041 21.43221092224121 0.14999961853027344
      vertex -6.149999618530273 21.5 -0.8999996185302734
    endloop
  endfacet
  facet normal -0.9978590987791839 0.06540045094336223 0
    outer loop
      vertex -6.15444278717041 21.43221092224121 0.14999961853027344
      vertex -6.155560493469238 21.415157318115234 -0.8999996185302734
      vertex -6.155560493469238 21.415157318115234 0.14999961853027344
    endloop
  endfacet
  facet normal -0.9978588869798615 0.06540368242929538 0
    outer loop
      vertex -6.149999618530273 21.5 1.2999992370605469
      vertex -6.15444278717041 21.43221092224121 1.3999996185302734
      vertex -6.149999618530273 21.5 1.3999996185302734
    endloop
  endfacet
  facet normal -0.9469304242984793 0.32143859683911946 0
    outer loop
      vertex -6.1994781494140625 21.25125503540039 -2.59999942779541
      vertex -6.172147750854492 21.331768035888672 -1.8999996185302734
      vertex -6.172147750854492 21.331768035888672 -2.59999942779541
    endloop
  endfacet
  facet normal -0.9469304242984793 0.32143859683911946 0
    outer loop
      vertex -6.172147750854492 21.331768035888672 -1.8999996185302734
      vertex -6.1994781494140625 21.25125503540039 -2.59999942779541
      vertex -6.1994781494140625 21.25125503540039 -1.8999996185302734
    endloop
  endfacet
  facet normal -0.9469304242984792 0.3214385968391194 0
    outer loop
      vertex -6.1994781494140625 21.25125503540039 -0.8999996185302734
      vertex -6.172147750854492 21.331768035888672 0.14999961853027344
      vertex -6.172147750854492 21.331768035888672 -0.8999996185302734
    endloop
  endfacet
  facet normal -0.9469304242984792 0.3214385968391194 0
    outer loop
      vertex -6.172147750854492 21.331768035888672 0.14999961853027344
      vertex -6.1994781494140625 21.25125503540039 -0.8999996185302734
      vertex -6.1994781494140625 21.25125503540039 0.14999961853027344
    endloop
  endfacet
  facet normal -0.8314682965910538 0.5555722021159547 0
    outer loop
      vertex -6.284319877624512 21.104305267333984 -2.59999942779541
      vertex -6.237083435058594 21.174999237060547 -1.8999996185302734
      vertex -6.237083435058594 21.174999237060547 -2.59999942779541
    endloop
  endfacet
  facet normal -0.8314682965910538 0.5555722021159547 0
    outer loop
      vertex -6.237083435058594 21.174999237060547 -1.8999996185302734
      vertex -6.284319877624512 21.104305267333984 -2.59999942779541
      vertex -6.284319877624512 21.104305267333984 -1.8999996185302734
    endloop
  endfacet
  facet normal -0.831468296591054 0.5555722021159548 0
    outer loop
      vertex -6.284319877624512 21.104305267333984 -0.8999996185302734
      vertex -6.237083435058594 21.174999237060547 0.14999961853027344
      vertex -6.237083435058594 21.174999237060547 -0.8999996185302734
    endloop
  endfacet
  facet normal -0.831468296591054 0.5555722021159548 0
    outer loop
      vertex -6.237083435058594 21.174999237060547 0.14999961853027344
      vertex -6.284319877624512 21.104305267333984 -0.8999996185302734
      vertex -6.284319877624512 21.104305267333984 0.14999961853027344
    endloop
  endfacet
  facet normal -0.8968723333751893 -0.44228951787957066 0
    outer loop
      vertex -6.1994781494140625 21.74874496459961 -2.59999942779541
      vertex -6.237083435058594 21.825000762939453 -1.8999996185302734
      vertex -6.237083435058594 21.825000762939453 -2.59999942779541
    endloop
  endfacet
  facet normal -0.8968723333751893 -0.44228951787957066 0
    outer loop
      vertex -6.237083435058594 21.825000762939453 -1.8999996185302734
      vertex -6.1994781494140625 21.74874496459961 -2.59999942779541
      vertex -6.1994781494140625 21.74874496459961 -1.8999996185302734
    endloop
  endfacet
  facet normal -0.8968723333751893 -0.44228951787957066 0
    outer loop
      vertex -6.1994781494140625 21.74874496459961 -0.8999996185302734
      vertex -6.237083435058594 21.825000762939453 0.9749994277954102
      vertex -6.237083435058594 21.825000762939453 -0.8999996185302734
    endloop
  endfacet
  facet normal -0.8968723333751895 -0.44228951787957066 0
    outer loop
      vertex -6.237083435058594 21.825000762939453 0.9749994277954102
      vertex -6.1994781494140625 21.74874496459961 -0.8999996185302734
      vertex -6.1994781494140625 21.74874496459961 1.051255226135254
    endloop
  endfacet
  facet normal -0.9807850602087721 0.1950914290051598 0
    outer loop
      vertex -6.172147750854492 21.331768035888672 -2.59999942779541
      vertex -6.155560493469238 21.415157318115234 -1.8999996185302734
      vertex -6.155560493469238 21.415157318115234 -2.59999942779541
    endloop
  endfacet
  facet normal -0.9807850602087721 0.1950914290051598 0
    outer loop
      vertex -6.155560493469238 21.415157318115234 -1.8999996185302734
      vertex -6.172147750854492 21.331768035888672 -2.59999942779541
      vertex -6.172147750854492 21.331768035888672 -1.8999996185302734
    endloop
  endfacet
  facet normal -0.9807850602087721 0.1950914290051598 0
    outer loop
      vertex -6.172147750854492 21.331768035888672 -0.8999996185302734
      vertex -6.155560493469238 21.415157318115234 0.14999961853027344
      vertex -6.155560493469238 21.415157318115234 -0.8999996185302734
    endloop
  endfacet
  facet normal -0.9807850602087721 0.1950914290051598 0
    outer loop
      vertex -6.155560493469238 21.415157318115234 0.14999961853027344
      vertex -6.172147750854492 21.331768035888672 -0.8999996185302734
      vertex -6.172147750854492 21.331768035888672 0.14999961853027344
    endloop
  endfacet
  facet normal -0.9807850602087721 -0.1950914290051598 0
    outer loop
      vertex -6.155560493469238 21.584842681884766 -2.59999942779541
      vertex -6.172147750854492 21.668231964111328 -1.8999996185302734
      vertex -6.172147750854492 21.668231964111328 -2.59999942779541
    endloop
  endfacet
  facet normal -0.9807850602087721 -0.1950914290051598 0
    outer loop
      vertex -6.172147750854492 21.668231964111328 -1.8999996185302734
      vertex -6.155560493469238 21.584842681884766 -2.59999942779541
      vertex -6.155560493469238 21.584842681884766 -1.8999996185302734
    endloop
  endfacet
  facet normal -0.9807807378212521 -0.19511315772853563 0
    outer loop
      vertex -6.155560493469238 21.584842681884766 1.3848419189453125
      vertex -6.155560493469238 21.584842681884766 1.3999996185302734
      vertex -6.158575534820557 21.599998474121094 1.3999996185302734
    endloop
  endfacet
  facet normal -0.9807850602087721 -0.1950914290051598 0
    outer loop
      vertex -6.155560493469238 21.584842681884766 -0.8999996185302734
      vertex -6.172147750854492 21.668231964111328 1.1317672729492188
      vertex -6.172147750854492 21.668231964111328 -0.8999996185302734
    endloop
  endfacet
  facet normal -0.9807850602087722 -0.19509142900515983 0
    outer loop
      vertex -6.172147750854492 21.668231964111328 1.1317672729492188
      vertex -6.155560493469238 21.584842681884766 -0.8999996185302734
      vertex -6.155560493469238 21.584842681884766 1.2151575088500977
    endloop
  endfacet
  facet normal -0.9469304242984793 -0.32143859683911946 0
    outer loop
      vertex -6.172147750854492 21.668231964111328 -2.59999942779541
      vertex -6.1994781494140625 21.74874496459961 -1.8999996185302734
      vertex -6.1994781494140625 21.74874496459961 -2.59999942779541
    endloop
  endfacet
  facet normal -0.9469304242984793 -0.32143859683911946 0
    outer loop
      vertex -6.1994781494140625 21.74874496459961 -1.8999996185302734
      vertex -6.172147750854492 21.668231964111328 -2.59999942779541
      vertex -6.172147750854492 21.668231964111328 -1.8999996185302734
    endloop
  endfacet
  facet normal -0.9469304242984792 -0.3214385968391194 0
    outer loop
      vertex -6.172147750854492 21.668231964111328 -0.8999996185302734
      vertex -6.1994781494140625 21.74874496459961 1.051255226135254
      vertex -6.1994781494140625 21.74874496459961 -0.8999996185302734
    endloop
  endfacet
  facet normal -0.9469304242984794 -0.32143859683911946 0
    outer loop
      vertex -6.1994781494140625 21.74874496459961 1.051255226135254
      vertex -6.172147750854492 21.668231964111328 -0.8999996185302734
      vertex -6.172147750854492 21.668231964111328 1.1317672729492188
    endloop
  endfacet
  facet normal -0.751850835343082 -0.6593332400189679 0
    outer loop
      vertex -6.284319877624512 21.895694732666016 -2.59999942779541
      vertex -6.299999237060547 21.91357421875 -1.8999996185302734
      vertex -6.299999237060547 21.91357421875 -2.59999942779541
    endloop
  endfacet
  facet normal -0.751850835343082 -0.6593332400189679 0
    outer loop
      vertex -6.299999237060547 21.91357421875 -1.8999996185302734
      vertex -6.284319877624512 21.895694732666016 -2.59999942779541
      vertex -6.284319877624512 21.895694732666016 -1.8999996185302734
    endloop
  endfacet
  facet normal -0.7518508353430821 -0.659333240018968 0
    outer loop
      vertex -6.284319877624512 21.895694732666016 -0.8999996185302734
      vertex -6.299999237060547 21.91357421875 0.8864253759384155
      vertex -6.299999237060547 21.91357421875 -0.8999996185302734
    endloop
  endfacet
  facet normal -0.751850835343082 -0.6593332400189679 0
    outer loop
      vertex -6.299999237060547 21.91357421875 0.8864253759384155
      vertex -6.284319877624512 21.895694732666016 -0.8999996185302734
      vertex -6.284319877624512 21.895694732666016 0.9043045043945312
    endloop
  endfacet
  facet normal -0.8314682965910538 -0.5555722021159547 0
    outer loop
      vertex -6.237083435058594 21.825000762939453 -2.59999942779541
      vertex -6.284319877624512 21.895694732666016 -1.8999996185302734
      vertex -6.284319877624512 21.895694732666016 -2.59999942779541
    endloop
  endfacet
  facet normal -0.8314682965910538 -0.5555722021159547 0
    outer loop
      vertex -6.284319877624512 21.895694732666016 -1.8999996185302734
      vertex -6.237083435058594 21.825000762939453 -2.59999942779541
      vertex -6.237083435058594 21.825000762939453 -1.8999996185302734
    endloop
  endfacet
  facet normal -0.8314682965910539 -0.5555722021159547 0
    outer loop
      vertex -6.237083435058594 21.825000762939453 -0.8999996185302734
      vertex -6.284319877624512 21.895694732666016 0.9043045043945312
      vertex -6.284319877624512 21.895694732666016 -0.8999996185302734
    endloop
  endfacet
  facet normal -0.8314682965910539 -0.5555722021159547 0
    outer loop
      vertex -6.284319877624512 21.895694732666016 0.9043045043945312
      vertex -6.237083435058594 21.825000762939453 -0.8999996185302734
      vertex -6.237083435058594 21.825000762939453 0.9749994277954102
    endloop
  endfacet
  facet normal -0.751850835343082 0.6593332400189679 0
    outer loop
      vertex -6.299999237060547 21.08642578125 -2.59999942779541
      vertex -6.284319877624512 21.104305267333984 -1.8999996185302734
      vertex -6.284319877624512 21.104305267333984 -2.59999942779541
    endloop
  endfacet
  facet normal -0.751850835343082 0.6593332400189679 0
    outer loop
      vertex -6.284319877624512 21.104305267333984 -1.8999996185302734
      vertex -6.299999237060547 21.08642578125 -2.59999942779541
      vertex -6.299999237060547 21.08642578125 -1.8999996185302734
    endloop
  endfacet
  facet normal -0.751850835343082 0.6593332400189679 0
    outer loop
      vertex -6.299999237060547 21.08642578125 -0.8999996185302734
      vertex -6.284319877624512 21.104305267333984 0.14999961853027344
      vertex -6.284319877624512 21.104305267333984 -0.8999996185302734
    endloop
  endfacet
  facet normal -0.751850835343082 0.6593332400189679 0
    outer loop
      vertex -6.284319877624512 21.104305267333984 0.14999961853027344
      vertex -6.299999237060547 21.08642578125 -0.8999996185302734
      vertex -6.299999237060547 21.08642578125 0.14999961853027344
    endloop
  endfacet
  facet normal -0.8968723333751893 0.44228951787957066 0
    outer loop
      vertex -6.237083435058594 21.174999237060547 -2.59999942779541
      vertex -6.1994781494140625 21.25125503540039 -1.8999996185302734
      vertex -6.1994781494140625 21.25125503540039 -2.59999942779541
    endloop
  endfacet
  facet normal -0.8968723333751893 0.44228951787957066 0
    outer loop
      vertex -6.1994781494140625 21.25125503540039 -1.8999996185302734
      vertex -6.237083435058594 21.174999237060547 -2.59999942779541
      vertex -6.237083435058594 21.174999237060547 -1.8999996185302734
    endloop
  endfacet
  facet normal -0.8968723333751895 0.44228951787957066 0
    outer loop
      vertex -6.237083435058594 21.174999237060547 -0.8999996185302734
      vertex -6.1994781494140625 21.25125503540039 0.14999961853027344
      vertex -6.1994781494140625 21.25125503540039 -0.8999996185302734
    endloop
  endfacet
  facet normal -0.8968723333751895 0.44228951787957066 0
    outer loop
      vertex -6.1994781494140625 21.25125503540039 0.14999961853027344
      vertex -6.237083435058594 21.174999237060547 -0.8999996185302734
      vertex -6.237083435058594 21.174999237060547 0.14999961853027344
    endloop
  endfacet
  facet normal 0 0 1
    outer loop
      vertex -6.155560493469238 21.584842681884766 -2.59999942779541
      vertex -6.155560493469238 21.415157318115234 -2.59999942779541
      vertex -6.149999618530273 21.5 -2.59999942779541
    endloop
  endfacet
  facet normal 0 0 1
    outer loop
      vertex -6.172147750854492 21.668231964111328 -2.59999942779541
      vertex -6.155560493469238 21.415157318115234 -2.59999942779541
      vertex -6.155560493469238 21.584842681884766 -2.59999942779541
    endloop
  endfacet
  facet normal 0 0 1
    outer loop
      vertex -6.172147750854492 21.668231964111328 -2.59999942779541
      vertex -6.172147750854492 21.331768035888672 -2.59999942779541
      vertex -6.155560493469238 21.415157318115234 -2.59999942779541
    endloop
  endfacet
  facet normal 0 0 1
    outer loop
      vertex -6.1994781494140625 21.74874496459961 -2.59999942779541
      vertex -6.172147750854492 21.331768035888672 -2.59999942779541
      vertex -6.172147750854492 21.668231964111328 -2.59999942779541
    endloop
  endfacet
  facet normal 0 0 1
    outer loop
      vertex -6.1994781494140625 21.74874496459961 -2.59999942779541
      vertex -6.1994781494140625 21.25125503540039 -2.59999942779541
      vertex -6.172147750854492 21.331768035888672 -2.59999942779541
    endloop
  endfacet
  facet normal 0 0 1
    outer loop
      vertex -6.237083435058594 21.825000762939453 -2.59999942779541
      vertex -6.1994781494140625 21.25125503540039 -2.59999942779541
      vertex -6.1994781494140625 21.74874496459961 -2.59999942779541
    endloop
  endfacet
  facet normal 0 0 1
    outer loop
      vertex -6.237083435058594 21.825000762939453 -2.59999942779541
      vertex -6.237083435058594 21.174999237060547 -2.59999942779541
      vertex -6.1994781494140625 21.25125503540039 -2.59999942779541
    endloop
  endfacet
  facet normal 0 0 1
    outer loop
      vertex -6.299999237060547 21.91357421875 -2.59999942779541
      vertex -6.237083435058594 21.825000762939453 -2.59999942779541
      vertex -6.284319877624512 21.895694732666016 -2.59999942779541
    endloop
  endfacet
  facet normal 0 0 1
    outer loop
      vertex -6.237083435058594 21.825000762939453 -2.59999942779541
      vertex -6.299999237060547 21.91357421875 -2.59999942779541
      vertex -6.237083435058594 21.174999237060547 -2.59999942779541
    endloop
  endfacet
  facet normal 0 0 1
    outer loop
      vertex -6.299999237060547 21.08642578125 -2.59999942779541
      vertex -6.237083435058594 21.174999237060547 -2.59999942779541
      vertex -6.299999237060547 21.91357421875 -2.59999942779541
    endloop
  endfacet
  facet normal 0 0 1
    outer loop
      vertex -6.237083435058594 21.174999237060547 -2.59999942779541
      vertex -6.299999237060547 21.08642578125 -2.59999942779541
      vertex -6.284319877624512 21.104305267333984 -2.59999942779541
    endloop
  endfacet
  facet normal 0 0 -1
    outer loop
      vertex -6.158575534820557 21.5 1.3999996185302734
      vertex -6.149999618530273 21.5 1.3999996185302734
      vertex -6.15444278717041 21.43221092224121 1.3999996185302734
    endloop
  endfacet
  facet normal 0 0 -1
    outer loop
      vertex -6.149999618530273 21.5 1.3999996185302734
      vertex -6.158575534820557 21.5 1.3999996185302734
      vertex -6.155560493469238 21.584842681884766 1.3999996185302734
    endloop
  endfacet
  facet normal 0 0 -1
    outer loop
      vertex -6.299999237060547 21.5 1.3999996185302734
      vertex -6.15444278717041 21.43221092224121 1.3999996185302734
      vertex -6.299999237060547 21.266233444213867 1.3999996185302734
    endloop
  endfacet
  facet normal 0 0 -1
    outer loop
      vertex -6.15444278717041 21.43221092224121 1.3999996185302734
      vertex -6.299999237060547 21.5 1.3999996185302734
      vertex -6.158575534820557 21.5 1.3999996185302734
    endloop
  endfacet
  facet normal 0 0 -1
    outer loop
      vertex -6.155560493469238 21.584842681884766 1.3999996185302734
      vertex -6.158575534820557 21.5 1.3999996185302734
      vertex -6.158575534820557 21.599998474121094 1.3999996185302734
    endloop
  endfacet
  facet normal 0.9807854871154085 0 -0.19508928280095492
    outer loop
      vertex -7.427851676940918 22.849998474121094 1.4682321548461914
      vertex -7.444438934326172 23.200000762939453 1.3848419189453125
      vertex -7.427851676940918 23.200000762939453 1.4682321548461914
    endloop
  endfacet
  facet normal 0.9807854871154085 0 -0.19508928280095492
    outer loop
      vertex -7.444438934326172 23.200000762939453 1.3848419189453125
      vertex -7.427851676940918 22.849998474121094 1.4682321548461914
      vertex -7.444438934326172 22.849998474121094 1.3848419189453125
    endloop
  endfacet
  facet normal -0.9978588815731776 0 0.0654037649185976
    outer loop
      vertex -6.155560493469238 21.584842681884766 1.2151575088500977
      vertex -6.149999618530273 22.549999237060547 1.2999992370605469
      vertex -6.155560493469238 22.555561065673828 1.2151575088500977
    endloop
  endfacet
  facet normal -0.9978588815731776 0 0.0654037649185976
    outer loop
      vertex -6.149999618530273 22.549999237060547 1.2999992370605469
      vertex -6.155560493469238 21.584842681884766 1.2151575088500977
      vertex -6.149999618530273 21.5 1.2999992370605469
    endloop
  endfacet
  facet normal -0.8968723333751893 0 0.44228951787957066
    outer loop
      vertex -6.237083435058594 21.825000762939453 0.9749994277954102
      vertex -6.1994781494140625 22.599477767944336 1.051255226135254
      vertex -6.237083435058594 22.637083053588867 0.9749994277954102
    endloop
  endfacet
  facet normal -0.8968723333751893 0 0.44228951787957066
    outer loop
      vertex -6.1994781494140625 22.599477767944336 1.051255226135254
      vertex -6.237083435058594 21.825000762939453 0.9749994277954102
      vertex -6.1994781494140625 21.74874496459961 1.051255226135254
    endloop
  endfacet
  facet normal -0.0654037649185976 0 -0.9978588815731775
    outer loop
      vertex -6.799999237060547 22.849998474121094 1.9499998092651367
      vertex -6.715157508850098 23.115158081054688 1.9444389343261719
      vertex -6.715157508850098 22.849998474121094 1.9444389343261719
    endloop
  endfacet
  facet normal -0.0654037649185976 0 -0.9978588815731775
    outer loop
      vertex -6.715157508850098 23.115158081054688 1.9444389343261719
      vertex -6.799999237060547 22.849998474121094 1.9499998092651367
      vertex -6.799999237060547 23.200000762939453 1.9499998092651367
    endloop
  endfacet
  facet normal -0.9978589295529202 0 -0.0654030328922157
    outer loop
      vertex -6.149999618530273 22.549999237060547 1.2999992370605469
      vertex -6.155560493469238 21.584842681884766 1.3848419189453125
      vertex -6.155560493469238 22.555561065673828 1.3848419189453125
    endloop
  endfacet
  facet normal -0.9978589295529201 0 -0.06540303289221569
    outer loop
      vertex -6.155560493469238 21.584842681884766 1.3848419189453125
      vertex -6.149999618530273 22.549999237060547 1.2999992370605469
      vertex -6.149999618530273 21.5 1.2999992370605469
    endloop
  endfacet
  facet normal 0.7518383190799804 0 0.6593475122899832
    outer loop
      vertex -7.315679550170898 22.849998474121094 0.9043045043945312
      vertex -7.259618759155273 23.200000762939453 0.8403797149658203
      vertex -7.315679550170898 23.200000762939453 0.9043045043945312
    endloop
  endfacet
  facet normal 0.7518383190799804 0 0.6593475122899832
    outer loop
      vertex -7.259618759155273 23.200000762939453 0.8403797149658203
      vertex -7.315679550170898 22.849998474121094 0.9043045043945312
      vertex -7.259618759155273 22.849998474121094 0.8403797149658203
    endloop
  endfacet
  facet normal -0.9469292653740662 0 -0.32144201091041524
    outer loop
      vertex -6.1994781494140625 21.5 1.5487442016601562
      vertex -6.172147750854492 22.572147369384766 1.4682321548461914
      vertex -6.172147750854492 21.5 1.4682321548461914
    endloop
  endfacet
  facet normal -0.9469292653740662 0 -0.3214420109104153
    outer loop
      vertex -6.172147750854492 22.572147369384766 1.4682321548461914
      vertex -6.1994781494140625 21.5 1.5487442016601562
      vertex -6.1994781494140625 22.599477767944336 1.5487442016601562
    endloop
  endfacet
  facet normal 0.9807854871154085 0 0.19508928280095492
    outer loop
      vertex -7.444438934326172 22.849998474121094 1.2151575088500977
      vertex -7.427851676940918 23.200000762939453 1.1317672729492188
      vertex -7.444438934326172 23.200000762939453 1.2151575088500977
    endloop
  endfacet
  facet normal 0.9807854871154085 0 0.19508928280095492
    outer loop
      vertex -7.427851676940918 23.200000762939453 1.1317672729492188
      vertex -7.444438934326172 22.849998474121094 1.2151575088500977
      vertex -7.427851676940918 22.849998474121094 1.1317672729492188
    endloop
  endfacet
  facet normal -0.32144201091041524 0 -0.9469292653740662
    outer loop
      vertex -6.631767272949219 22.849998474121094 1.927851676940918
      vertex -6.551255226135254 22.951255798339844 1.9005212783813477
      vertex -6.551255226135254 22.849998474121094 1.9005212783813477
    endloop
  endfacet
  facet normal -0.3214420109104153 0 -0.9469292653740662
    outer loop
      vertex -6.551255226135254 22.951255798339844 1.9005212783813477
      vertex -6.631767272949219 22.849998474121094 1.927851676940918
      vertex -6.631767272949219 23.031766891479492 1.927851676940918
    endloop
  endfacet
  facet normal 0.8314717586810395 0 0.555567020723746
    outer loop
      vertex -7.362915992736816 22.849998474121094 0.9749994277954102
      vertex -7.315679550170898 23.200000762939453 0.9043045043945312
      vertex -7.362915992736816 23.200000762939453 0.9749994277954102
    endloop
  endfacet
  facet normal 0.8314717586810395 0 0.555567020723746
    outer loop
      vertex -7.315679550170898 23.200000762939453 0.9043045043945312
      vertex -7.362915992736816 22.849998474121094 0.9749994277954102
      vertex -7.315679550170898 22.849998474121094 0.9043045043945312
    endloop
  endfacet
  facet normal 0.5555618394066086 0 0.8314752206741616
    outer loop
      vertex -7.195694923400879 23.200000762939453 0.7843198776245117
      vertex -7.124999046325684 22.849998474121094 0.7370834350585938
      vertex -7.124999046325684 23.200000762939453 0.7370834350585938
    endloop
  endfacet
  facet normal 0.5555618394066086 0 0.8314752206741616
    outer loop
      vertex -7.124999046325684 22.849998474121094 0.7370834350585938
      vertex -7.195694923400879 23.200000762939453 0.7843198776245117
      vertex -7.195694923400879 22.849998474121094 0.7843198776245117
    endloop
  endfacet
  facet normal 0.19508928280095492 0 0.9807854871154085
    outer loop
      vertex -6.968232154846191 23.200000762939453 0.6721477508544922
      vertex -6.8848419189453125 22.849998474121094 0.6555604934692383
      vertex -6.8848419189453125 23.200000762939453 0.6555604934692383
    endloop
  endfacet
  facet normal 0.19508928280095492 0 0.9807854871154085
    outer loop
      vertex -6.8848419189453125 22.849998474121094 0.6555604934692383
      vertex -6.968232154846191 23.200000762939453 0.6721477508544922
      vertex -6.968232154846191 22.849998474121094 0.6721477508544922
    endloop
  endfacet
  facet normal 0.9469292653740661 0 0.32144201091041524
    outer loop
      vertex -7.427851676940918 22.849998474121094 1.1317672729492188
      vertex -7.400521278381348 23.200000762939453 1.051255226135254
      vertex -7.427851676940918 23.200000762939453 1.1317672729492188
    endloop
  endfacet
  facet normal 0.9469292653740661 0 0.32144201091041524
    outer loop
      vertex -7.400521278381348 23.200000762939453 1.051255226135254
      vertex -7.427851676940918 22.849998474121094 1.1317672729492188
      vertex -7.400521278381348 22.849998474121094 1.051255226135254
    endloop
  endfacet
  facet normal -0.9807854358711523 0 -0.19508954042447765
    outer loop
      vertex -6.155560493469238 22.555561065673828 1.3848419189453125
      vertex -6.155560493469238 21.584842681884766 1.3848419189453125
      vertex -6.158575534820557 21.599998474121094 1.3999996185302734
    endloop
  endfacet
  facet normal -0.980785486954238 4.234904014773709e-9 -0.19508928361121797
    outer loop
      vertex -6.158575534820557 21.599998474121094 1.3999996185302734
      vertex -6.172147750854492 22.572147369384766 1.4682321548461914
      vertex -6.155560493469238 22.555561065673828 1.3848419189453125
    endloop
  endfacet
  facet normal -0.9807854984991926 0 -0.19508922557048178
    outer loop
      vertex -6.172147750854492 21.5 1.4682321548461914
      vertex -6.158575534820557 21.599998474121094 1.3999996185302734
      vertex -6.158575534820557 21.5 1.3999996185302734
    endloop
  endfacet
  facet normal -0.9807854984991925 0 -0.19508922557048175
    outer loop
      vertex -6.158575534820557 21.599998474121094 1.3999996185302734
      vertex -6.172147750854492 21.5 1.4682321548461914
      vertex -6.172147750854492 22.572147369384766 1.4682321548461914
    endloop
  endfacet
  facet normal -0.5555681739002839 0 -0.8314709881583987
    outer loop
      vertex -6.47499942779541 22.875 1.8629159927368164
      vertex -6.4499993324279785 22.849998474121094 1.846211552619934
      vertex -6.47499942779541 22.849998474121094 1.8629159927368164
    endloop
  endfacet
  facet normal 0.32144201091041524 0 -0.9469292653740661
    outer loop
      vertex -7.048744201660156 22.849998474121094 1.9005212783813477
      vertex -6.968232154846191 23.200000762939453 1.927851676940918
      vertex -6.968232154846191 22.849998474121094 1.927851676940918
    endloop
  endfacet
  facet normal 0.32144201091041524 0 -0.9469292653740661
    outer loop
      vertex -6.968232154846191 23.200000762939453 1.927851676940918
      vertex -7.048744201660156 22.849998474121094 1.9005212783813477
      vertex -7.048744201660156 23.200000762939453 1.9005212783813477
    endloop
  endfacet
  facet normal -0.9807854871154085 0 0.19508928280095492
    outer loop
      vertex -6.172147750854492 21.668231964111328 1.1317672729492188
      vertex -6.155560493469238 22.555561065673828 1.2151575088500977
      vertex -6.172147750854492 22.572147369384766 1.1317672729492188
    endloop
  endfacet
  facet normal -0.9807854871154085 0 0.19508928280095492
    outer loop
      vertex -6.155560493469238 22.555561065673828 1.2151575088500977
      vertex -6.172147750854492 21.668231964111328 1.1317672729492188
      vertex -6.155560493469238 21.584842681884766 1.2151575088500977
    endloop
  endfacet
  facet normal -0.9469292653740661 0 0.32144201091041524
    outer loop
      vertex -6.1994781494140625 21.74874496459961 1.051255226135254
      vertex -6.172147750854492 22.572147369384766 1.1317672729492188
      vertex -6.1994781494140625 22.599477767944336 1.051255226135254
    endloop
  endfacet
  facet normal -0.9469292653740661 0 0.32144201091041524
    outer loop
      vertex -6.172147750854492 22.572147369384766 1.1317672729492188
      vertex -6.1994781494140625 21.74874496459961 1.051255226135254
      vertex -6.172147750854492 21.668231964111328 1.1317672729492188
    endloop
  endfacet
  facet normal -0.7518442976381228 0 0.6593406950196825
    outer loop
      vertex -6.299999237060547 21.91357421875 0.8864253759384155
      vertex -6.284319877624512 22.68431854248047 0.9043045043945312
      vertex -6.299999237060547 22.69999885559082 0.8864253759384155
    endloop
  endfacet
  facet normal -0.7518442976381228 0 0.6593406950196826
    outer loop
      vertex -6.284319877624512 22.68431854248047 0.9043045043945312
      vertex -6.299999237060547 21.91357421875 0.8864253759384155
      vertex -6.284319877624512 21.895694732666016 0.9043045043945312
    endloop
  endfacet
  facet normal 0.32144201091041524 0 0.9469292653740661
    outer loop
      vertex -7.048744201660156 23.200000762939453 0.6994781494140625
      vertex -6.968232154846191 22.849998474121094 0.6721477508544922
      vertex -6.968232154846191 23.200000762939453 0.6721477508544922
    endloop
  endfacet
  facet normal 0.32144201091041524 0 0.9469292653740661
    outer loop
      vertex -6.968232154846191 22.849998474121094 0.6721477508544922
      vertex -7.048744201660156 23.200000762939453 0.6994781494140625
      vertex -7.048744201660156 22.849998474121094 0.6994781494140625
    endloop
  endfacet
  facet normal -0.8314717586810395 0 0.555567020723746
    outer loop
      vertex -6.284319877624512 21.895694732666016 0.9043045043945312
      vertex -6.237083435058594 22.637083053588867 0.9749994277954102
      vertex -6.284319877624512 22.68431854248047 0.9043045043945312
    endloop
  endfacet
  facet normal -0.8314717586810395 0 0.555567020723746
    outer loop
      vertex -6.237083435058594 22.637083053588867 0.9749994277954102
      vertex -6.284319877624512 21.895694732666016 0.9043045043945312
      vertex -6.237083435058594 21.825000762939453 0.9749994277954102
    endloop
  endfacet
  facet normal 0 -1 0
    outer loop
      vertex -6.968232154846191 23.200000762939453 1.927851676940918
      vertex -6.799999237060547 23.200000762939453 1.9499998092651367
      vertex -6.8848419189453125 23.200000762939453 1.9444389343261719
    endloop
  endfacet
  facet normal 0 -1 0
    outer loop
      vertex -7.048744201660156 23.200000762939453 1.9005212783813477
      vertex -6.799999237060547 23.200000762939453 1.9499998092651367
      vertex -6.968232154846191 23.200000762939453 1.927851676940918
    endloop
  endfacet
  facet normal 0 -1 0
    outer loop
      vertex -7.124999046325684 23.200000762939453 1.8629159927368164
      vertex -6.799999237060547 23.200000762939453 1.9499998092651367
      vertex -7.048744201660156 23.200000762939453 1.9005212783813477
    endloop
  endfacet
  facet normal 0 -1 0
    outer loop
      vertex -7.195694923400879 23.200000762939453 1.8156795501708984
      vertex -6.799999237060547 23.200000762939453 1.9499998092651367
      vertex -7.124999046325684 23.200000762939453 1.8629159927368164
    endloop
  endfacet
  facet normal 0 -1 0
    outer loop
      vertex -7.259618759155273 23.200000762939453 1.7596187591552734
      vertex -6.799999237060547 23.200000762939453 1.9499998092651367
      vertex -7.195694923400879 23.200000762939453 1.8156795501708984
    endloop
  endfacet
  facet normal 0 -1 0
    outer loop
      vertex -7.315679550170898 23.200000762939453 1.695694923400879
      vertex -6.799999237060547 23.200000762939453 1.9499998092651367
      vertex -7.259618759155273 23.200000762939453 1.7596187591552734
    endloop
  endfacet
  facet normal 0 -1 0
    outer loop
      vertex -7.362915992736816 23.200000762939453 1.625
      vertex -6.799999237060547 23.200000762939453 1.9499998092651367
      vertex -7.315679550170898 23.200000762939453 1.695694923400879
    endloop
  endfacet
  facet normal 0 -1 0
    outer loop
      vertex -7.400521278381348 23.200000762939453 1.5487442016601562
      vertex -6.799999237060547 23.200000762939453 1.9499998092651367
      vertex -7.362915992736816 23.200000762939453 1.625
    endloop
  endfacet
  facet normal 0 -1 0
    outer loop
      vertex -7.427851676940918 23.200000762939453 1.4682321548461914
      vertex -6.799999237060547 23.200000762939453 1.9499998092651367
      vertex -7.400521278381348 23.200000762939453 1.5487442016601562
    endloop
  endfacet
  facet normal 0 -1 0
    outer loop
      vertex -7.444438934326172 23.200000762939453 1.3848419189453125
      vertex -6.799999237060547 23.200000762939453 1.9499998092651367
      vertex -7.427851676940918 23.200000762939453 1.4682321548461914
    endloop
  endfacet
  facet normal 0 -1 0
    outer loop
      vertex -7.449999809265137 23.200000762939453 1.2999992370605469
      vertex -6.799999237060547 23.200000762939453 1.9499998092651367
      vertex -7.444438934326172 23.200000762939453 1.3848419189453125
    endloop
  endfacet
  facet normal 0 -1 0
    outer loop
      vertex -7.444438934326172 23.200000762939453 1.2151575088500977
      vertex -6.799999237060547 23.200000762939453 1.9499998092651367
      vertex -7.449999809265137 23.200000762939453 1.2999992370605469
    endloop
  endfacet
  facet normal 0 -1 0
    outer loop
      vertex -7.427851676940918 23.200000762939453 1.1317672729492188
      vertex -6.799999237060547 23.200000762939453 1.9499998092651367
      vertex -7.444438934326172 23.200000762939453 1.2151575088500977
    endloop
  endfacet
  facet normal 0 -1 0
    outer loop
      vertex -7.400521278381348 23.200000762939453 1.051255226135254
      vertex -6.799999237060547 23.200000762939453 1.9499998092651367
      vertex -7.427851676940918 23.200000762939453 1.1317672729492188
    endloop
  endfacet
  facet normal 0 -1 0
    outer loop
      vertex -7.362915992736816 23.200000762939453 0.9749994277954102
      vertex -6.799999237060547 23.200000762939453 1.9499998092651367
      vertex -7.400521278381348 23.200000762939453 1.051255226135254
    endloop
  endfacet
  facet normal 0 -1 0
    outer loop
      vertex -7.315679550170898 23.200000762939453 0.9043045043945312
      vertex -6.799999237060547 23.200000762939453 1.9499998092651367
      vertex -7.362915992736816 23.200000762939453 0.9749994277954102
    endloop
  endfacet
  facet normal 0 -1 0
    outer loop
      vertex -7.259618759155273 23.200000762939453 0.8403797149658203
      vertex -6.799999237060547 23.200000762939453 1.9499998092651367
      vertex -7.315679550170898 23.200000762939453 0.9043045043945312
    endloop
  endfacet
  facet normal 0 -1 0
    outer loop
      vertex -7.195694923400879 23.200000762939453 0.7843198776245117
      vertex -6.799999237060547 23.200000762939453 1.9499998092651367
      vertex -7.259618759155273 23.200000762939453 0.8403797149658203
    endloop
  endfacet
  facet normal 0 -1 0
    outer loop
      vertex -7.124999046325684 23.200000762939453 0.7370834350585938
      vertex -6.799999237060547 23.200000762939453 1.9499998092651367
      vertex -7.195694923400879 23.200000762939453 0.7843198776245117
    endloop
  endfacet
  facet normal 0 -1 0
    outer loop
      vertex -7.048744201660156 23.200000762939453 0.6994781494140625
      vertex -6.799999237060547 23.200000762939453 1.9499998092651367
      vertex -7.124999046325684 23.200000762939453 0.7370834350585938
    endloop
  endfacet
  facet normal 0 -1 0
    outer loop
      vertex -6.968232154846191 23.200000762939453 0.6721477508544922
      vertex -6.799999237060547 23.200000762939453 1.9499998092651367
      vertex -7.048744201660156 23.200000762939453 0.6994781494140625
    endloop
  endfacet
  facet normal 0 -1 0
    outer loop
      vertex -6.8848419189453125 23.200000762939453 0.6555604934692383
      vertex -6.799999237060547 23.200000762939453 1.9499998092651367
      vertex -6.968232154846191 23.200000762939453 0.6721477508544922
    endloop
  endfacet
  facet normal 0 -1 0
    outer loop
      vertex -6.799999237060547 23.200000762939453 1.9499998092651367
      vertex -6.8848419189453125 23.200000762939453 0.6555604934692383
      vertex -6.799999237060547 23.200000762939453 0.6499996185302734
    endloop
  endfacet
  facet normal 0.4422939672539877 0 0.8968701391677216
    outer loop
      vertex -7.124999046325684 23.200000762939453 0.7370834350585938
      vertex -7.048744201660156 22.849998474121094 0.6994781494140625
      vertex -7.048744201660156 23.200000762939453 0.6994781494140625
    endloop
  endfacet
  facet normal 0.4422939672539877 0 0.8968701391677216
    outer loop
      vertex -7.048744201660156 22.849998474121094 0.6994781494140625
      vertex -7.124999046325684 23.200000762939453 0.7370834350585938
      vertex -7.124999046325684 22.849998474121094 0.7370834350585938
    endloop
  endfacet
  facet normal 0.8314717586810395 0 -0.555567020723746
    outer loop
      vertex -7.315679550170898 22.849998474121094 1.695694923400879
      vertex -7.362915992736816 23.200000762939453 1.625
      vertex -7.315679550170898 23.200000762939453 1.695694923400879
    endloop
  endfacet
  facet normal 0.8314717586810395 0 -0.555567020723746
    outer loop
      vertex -7.362915992736816 23.200000762939453 1.625
      vertex -7.315679550170898 22.849998474121094 1.695694923400879
      vertex -7.362915992736816 22.849998474121094 1.625
    endloop
  endfacet
  facet normal -0.19508928280095492 0 -0.9807854871154085
    outer loop
      vertex -6.715157508850098 22.849998474121094 1.9444389343261719
      vertex -6.631767272949219 23.031766891479492 1.927851676940918
      vertex -6.631767272949219 22.849998474121094 1.927851676940918
    endloop
  endfacet
  facet normal -0.19508928280095492 0 -0.9807854871154085
    outer loop
      vertex -6.631767272949219 23.031766891479492 1.927851676940918
      vertex -6.715157508850098 22.849998474121094 1.9444389343261719
      vertex -6.715157508850098 23.115158081054688 1.9444389343261719
    endloop
  endfacet
  facet normal 0.6593467323066303 0 0.7518390031094215
    outer loop
      vertex -7.259618759155273 23.200000762939453 0.8403797149658203
      vertex -7.195694923400879 22.849998474121094 0.7843198776245117
      vertex -7.195694923400879 23.200000762939453 0.7843198776245117
    endloop
  endfacet
  facet normal 0.6593467323066303 0 0.7518390031094215
    outer loop
      vertex -7.195694923400879 22.849998474121094 0.7843198776245117
      vertex -7.259618759155273 23.200000762939453 0.8403797149658203
      vertex -7.259618759155273 22.849998474121094 0.8403797149658203
    endloop
  endfacet
  facet normal -0.5555695444002282 0 0.8314700724228882
    outer loop
      vertex -6.4499993324279785 22.849998474121094 0.7537879347801208
      vertex -6.47499942779541 22.875 0.7370834350585938
      vertex -6.47499942779541 22.849998474121094 0.7370834350585938
    endloop
  endfacet
  facet normal 0.8968723333751893 0 0.4422895178795706
    outer loop
      vertex -7.400521278381348 22.849998474121094 1.051255226135254
      vertex -7.362915992736816 23.200000762939453 0.9749994277954102
      vertex -7.400521278381348 23.200000762939453 1.051255226135254
    endloop
  endfacet
  facet normal 0.8968723333751893 0 0.4422895178795706
    outer loop
      vertex -7.362915992736816 23.200000762939453 0.9749994277954102
      vertex -7.400521278381348 22.849998474121094 1.051255226135254
      vertex -7.362915992736816 22.849998474121094 0.9749994277954102
    endloop
  endfacet
  facet normal 0.9978589295529201 0 -0.0654030328922157
    outer loop
      vertex -7.444438934326172 22.849998474121094 1.3848419189453125
      vertex -7.449999809265137 23.200000762939453 1.2999992370605469
      vertex -7.444438934326172 23.200000762939453 1.3848419189453125
    endloop
  endfacet
  facet normal 0.9978589295529201 0 -0.0654030328922157
    outer loop
      vertex -7.449999809265137 23.200000762939453 1.2999992370605469
      vertex -7.444438934326172 22.849998474121094 1.3848419189453125
      vertex -7.449999809265137 22.849998474121094 1.2999992370605469
    endloop
  endfacet
  facet normal 0.0654030328922157 0 0.9978589295529201
    outer loop
      vertex -6.8848419189453125 23.200000762939453 0.6555604934692383
      vertex -6.799999237060547 22.849998474121094 0.6499996185302734
      vertex -6.799999237060547 23.200000762939453 0.6499996185302734
    endloop
  endfacet
  facet normal 0.0654030328922157 0 0.9978589295529201
    outer loop
      vertex -6.799999237060547 22.849998474121094 0.6499996185302734
      vertex -6.8848419189453125 23.200000762939453 0.6555604934692383
      vertex -6.8848419189453125 22.849998474121094 0.6555604934692383
    endloop
  endfacet
  facet normal -0.19508928280095492 0 0.9807854871154085
    outer loop
      vertex -6.715157508850098 22.849998474121094 0.6555604934692383
      vertex -6.631767272949219 23.031766891479492 0.6721477508544922
      vertex -6.715157508850098 23.115158081054688 0.6555604934692383
    endloop
  endfacet
  facet normal -0.19508928280095492 0 0.9807854871154085
    outer loop
      vertex -6.631767272949219 23.031766891479492 0.6721477508544922
      vertex -6.715157508850098 22.849998474121094 0.6555604934692383
      vertex -6.631767272949219 22.849998474121094 0.6721477508544922
    endloop
  endfacet
  facet normal 0.9469292653740661 0 -0.32144201091041524
    outer loop
      vertex -7.400521278381348 22.849998474121094 1.5487442016601562
      vertex -7.427851676940918 23.200000762939453 1.4682321548461914
      vertex -7.400521278381348 23.200000762939453 1.5487442016601562
    endloop
  endfacet
  facet normal 0.9469292653740661 0 -0.32144201091041524
    outer loop
      vertex -7.427851676940918 23.200000762939453 1.4682321548461914
      vertex -7.400521278381348 22.849998474121094 1.5487442016601562
      vertex -7.427851676940918 22.849998474121094 1.4682321548461914
    endloop
  endfacet
  facet normal 0.6593530725656045 0 -0.7518334427905536
    outer loop
      vertex -7.259618759155273 22.849998474121094 1.7596187591552734
      vertex -7.195694923400879 23.200000762939453 1.8156795501708984
      vertex -7.195694923400879 22.849998474121094 1.8156795501708984
    endloop
  endfacet
  facet normal 0.6593530725656045 0 -0.7518334427905536
    outer loop
      vertex -7.195694923400879 23.200000762939453 1.8156795501708984
      vertex -7.259618759155273 22.849998474121094 1.7596187591552734
      vertex -7.259618759155273 23.200000762939453 1.7596187591552734
    endloop
  endfacet
  facet normal -0.7518399390449471 0 -0.6593456650778029
    outer loop
      vertex -6.299999237060547 21.5 1.7135738134384155
      vertex -6.284319877624512 22.68431854248047 1.695694923400879
      vertex -6.284319877624512 21.5 1.695694923400879
    endloop
  endfacet
  facet normal -0.7518399390449471 0 -0.6593456650778029
    outer loop
      vertex -6.284319877624512 22.68431854248047 1.695694923400879
      vertex -6.299999237060547 21.5 1.7135738134384155
      vertex -6.299999237060547 22.69999885559082 1.7135738134384155
    endloop
  endfacet
  facet normal 0.0654030328922157 0 -0.9978589295529201
    outer loop
      vertex -6.8848419189453125 22.849998474121094 1.9444389343261719
      vertex -6.799999237060547 23.200000762939453 1.9499998092651367
      vertex -6.799999237060547 22.849998474121094 1.9499998092651367
    endloop
  endfacet
  facet normal 0.0654030328922157 0 -0.9978589295529201
    outer loop
      vertex -6.799999237060547 23.200000762939453 1.9499998092651367
      vertex -6.8848419189453125 22.849998474121094 1.9444389343261719
      vertex -6.8848419189453125 23.200000762939453 1.9444389343261719
    endloop
  endfacet
  facet normal -0.3214420109104153 0 0.9469292653740662
    outer loop
      vertex -6.631767272949219 22.849998474121094 0.6721477508544922
      vertex -6.551255226135254 22.951255798339844 0.6994781494140625
      vertex -6.631767272949219 23.031766891479492 0.6721477508544922
    endloop
  endfacet
  facet normal -0.32144201091041524 0 0.9469292653740662
    outer loop
      vertex -6.551255226135254 22.951255798339844 0.6994781494140625
      vertex -6.631767272949219 22.849998474121094 0.6721477508544922
      vertex -6.551255226135254 22.849998474121094 0.6994781494140625
    endloop
  endfacet
  facet normal -0.44228951787957066 0 0.8968723333751893
    outer loop
      vertex -6.551255226135254 22.849998474121094 0.6994781494140625
      vertex -6.47499942779541 22.875 0.7370834350585938
      vertex -6.551255226135254 22.951255798339844 0.6994781494140625
    endloop
  endfacet
  facet normal -0.4422895178795707 0 0.8968723333751895
    outer loop
      vertex -6.47499942779541 22.875 0.7370834350585938
      vertex -6.551255226135254 22.849998474121094 0.6994781494140625
      vertex -6.47499942779541 22.849998474121094 0.7370834350585938
    endloop
  endfacet
  facet normal 0.19508928280095492 0 -0.9807854871154085
    outer loop
      vertex -6.968232154846191 22.849998474121094 1.927851676940918
      vertex -6.8848419189453125 23.200000762939453 1.9444389343261719
      vertex -6.8848419189453125 22.849998474121094 1.9444389343261719
    endloop
  endfacet
  facet normal 0.19508928280095492 0 -0.9807854871154085
    outer loop
      vertex -6.8848419189453125 23.200000762939453 1.9444389343261719
      vertex -6.968232154846191 22.849998474121094 1.927851676940918
      vertex -6.968232154846191 23.200000762939453 1.927851676940918
    endloop
  endfacet
  facet normal -0.8968723333751895 0 -0.44228951787957066
    outer loop
      vertex -6.237083435058594 21.5 1.625
      vertex -6.1994781494140625 22.599477767944336 1.5487442016601562
      vertex -6.1994781494140625 21.5 1.5487442016601562
    endloop
  endfacet
  facet normal -0.8968723333751895 0 -0.44228951787957066
    outer loop
      vertex -6.1994781494140625 22.599477767944336 1.5487442016601562
      vertex -6.237083435058594 21.5 1.625
      vertex -6.237083435058594 22.637083053588867 1.625
    endloop
  endfacet
  facet normal 0 1 0
    outer loop
      vertex -6.299999237060547 21.5 1.3999996185302734
      vertex -6.284319877624512 21.5 1.695694923400879
      vertex -6.237083435058594 21.5 1.625
    endloop
  endfacet
  facet normal 0 1 0
    outer loop
      vertex -6.299999237060547 21.5 1.3999996185302734
      vertex -6.237083435058594 21.5 1.625
      vertex -6.1994781494140625 21.5 1.5487442016601562
    endloop
  endfacet
  facet normal 0 1 0
    outer loop
      vertex -6.299999237060547 21.5 1.3999996185302734
      vertex -6.1994781494140625 21.5 1.5487442016601562
      vertex -6.172147750854492 21.5 1.4682321548461914
    endloop
  endfacet
  facet normal 0 1 0
    outer loop
      vertex -6.299999237060547 21.5 1.3999996185302734
      vertex -6.172147750854492 21.5 1.4682321548461914
      vertex -6.158575534820557 21.5 1.3999996185302734
    endloop
  endfacet
  facet normal 0 1 0
    outer loop
      vertex -6.284319877624512 21.5 1.695694923400879
      vertex -6.299999237060547 21.5 1.3999996185302734
      vertex -6.299999237060547 21.5 1.7135738134384155
    endloop
  endfacet
  facet normal -0.8314717586810395 0 -0.5555670207237461
    outer loop
      vertex -6.284319877624512 21.5 1.695694923400879
      vertex -6.237083435058594 22.637083053588867 1.625
      vertex -6.237083435058594 21.5 1.625
    endloop
  endfacet
  facet normal -0.8314717586810395 0 -0.555567020723746
    outer loop
      vertex -6.237083435058594 22.637083053588867 1.625
      vertex -6.284319877624512 21.5 1.695694923400879
      vertex -6.284319877624512 22.68431854248047 1.695694923400879
    endloop
  endfacet
  facet normal -0.0654037649185976 0 0.9978588815731775
    outer loop
      vertex -6.799999237060547 22.849998474121094 0.6499996185302734
      vertex -6.715157508850098 23.115158081054688 0.6555604934692383
      vertex -6.799999237060547 23.200000762939453 0.6499996185302734
    endloop
  endfacet
  facet normal -0.0654037649185976 0 0.9978588815731775
    outer loop
      vertex -6.715157508850098 23.115158081054688 0.6555604934692383
      vertex -6.799999237060547 22.849998474121094 0.6499996185302734
      vertex -6.715157508850098 22.849998474121094 0.6555604934692383
    endloop
  endfacet
  facet normal -0.4422895178795707 0 -0.8968723333751895
    outer loop
      vertex -6.551255226135254 22.849998474121094 1.9005212783813477
      vertex -6.47499942779541 22.875 1.8629159927368164
      vertex -6.47499942779541 22.849998474121094 1.8629159927368164
    endloop
  endfacet
  facet normal -0.44228951787957066 0 -0.8968723333751893
    outer loop
      vertex -6.47499942779541 22.875 1.8629159927368164
      vertex -6.551255226135254 22.849998474121094 1.9005212783813477
      vertex -6.551255226135254 22.951255798339844 1.9005212783813477
    endloop
  endfacet
  facet normal 0.5555618394066086 0 -0.8314752206741616
    outer loop
      vertex -7.195694923400879 22.849998474121094 1.8156795501708984
      vertex -7.124999046325684 23.200000762939453 1.8629159927368164
      vertex -7.124999046325684 22.849998474121094 1.8629159927368164
    endloop
  endfacet
  facet normal 0.5555618394066086 0 -0.8314752206741616
    outer loop
      vertex -7.124999046325684 23.200000762939453 1.8629159927368164
      vertex -7.195694923400879 22.849998474121094 1.8156795501708984
      vertex -7.195694923400879 23.200000762939453 1.8156795501708984
    endloop
  endfacet
  facet normal 0.8968723333751893 0 -0.4422895178795706
    outer loop
      vertex -7.362915992736816 22.849998474121094 1.625
      vertex -7.400521278381348 23.200000762939453 1.5487442016601562
      vertex -7.362915992736816 23.200000762939453 1.625
    endloop
  endfacet
  facet normal 0.8968723333751893 0 -0.4422895178795706
    outer loop
      vertex -7.400521278381348 23.200000762939453 1.5487442016601562
      vertex -7.362915992736816 22.849998474121094 1.625
      vertex -7.400521278381348 22.849998474121094 1.5487442016601562
    endloop
  endfacet
  facet normal 0.9978588815731775 0 0.0654037649185976
    outer loop
      vertex -7.449999809265137 22.849998474121094 1.2999992370605469
      vertex -7.444438934326172 23.200000762939453 1.2151575088500977
      vertex -7.449999809265137 23.200000762939453 1.2999992370605469
    endloop
  endfacet
  facet normal 0.9978588815731775 0 0.0654037649185976
    outer loop
      vertex -7.444438934326172 23.200000762939453 1.2151575088500977
      vertex -7.449999809265137 22.849998474121094 1.2999992370605469
      vertex -7.444438934326172 22.849998474121094 1.2151575088500977
    endloop
  endfacet
  facet normal 0.4422939672539877 0 -0.8968701391677216
    outer loop
      vertex -7.124999046325684 22.849998474121094 1.8629159927368164
      vertex -7.048744201660156 23.200000762939453 1.9005212783813477
      vertex -7.048744201660156 22.849998474121094 1.9005212783813477
    endloop
  endfacet
  facet normal 0.4422939672539877 0 -0.8968701391677216
    outer loop
      vertex -7.048744201660156 23.200000762939453 1.9005212783813477
      vertex -7.124999046325684 22.849998474121094 1.8629159927368164
      vertex -7.124999046325684 23.200000762939453 1.8629159927368164
    endloop
  endfacet
  facet normal 0.7518334427905536 0 -0.6593530725656045
    outer loop
      vertex -7.259618759155273 22.849998474121094 1.7596187591552734
      vertex -7.315679550170898 23.200000762939453 1.695694923400879
      vertex -7.259618759155273 23.200000762939453 1.7596187591552734
    endloop
  endfacet
  facet normal 0.7518334427905536 0 -0.6593530725656045
    outer loop
      vertex -7.315679550170898 23.200000762939453 1.695694923400879
      vertex -7.259618759155273 22.849998474121094 1.7596187591552734
      vertex -7.315679550170898 22.849998474121094 1.695694923400879
    endloop
  endfacet
  facet normal 0 0.19508713664303623 -0.9807859140079558
    outer loop
      vertex -6.631767272949219 23.031766891479492 1.927851676940918
      vertex 0.5555601119995117 23.115158081054688 1.9444389343261719
      vertex 0.5721473693847656 23.031766891479492 1.927851676940918
    endloop
  endfacet
  facet normal 0 0.19508713664303626 -0.9807859140079559
    outer loop
      vertex 0.5555601119995117 23.115158081054688 1.9444389343261719
      vertex -6.631767272949219 23.031766891479492 1.927851676940918
      vertex -6.715157508850098 23.115158081054688 1.9444389343261719
    endloop
  endfacet
  facet normal 0 -0.06540449696133097 0.9978588335918239
    outer loop
      vertex -6.799999237060547 23.284841537475586 0.6555604934692383
      vertex 1.1999998092651367 23.200000762939453 0.6499996185302734
      vertex 1.1999998092651367 23.284841537475586 0.6555604934692383
    endloop
  endfacet
  facet normal 0 -0.06540449696133097 0.9978588335918239
    outer loop
      vertex 1.1999998092651367 23.200000762939453 0.6499996185302734
      vertex -6.799999237060547 23.284841537475586 0.6555604934692383
      vertex -6.799999237060547 23.200000762939453 0.6499996185302734
    endloop
  endfacet
  facet normal 0 -0.44228951787957066 0.8968723333751893
    outer loop
      vertex -6.799999237060547 23.524999618530273 0.7370834350585938
      vertex 1.1999998092651367 23.44874382019043 0.6994781494140625
      vertex 1.1999998092651367 23.524999618530273 0.7370834350585938
    endloop
  endfacet
  facet normal 0 -0.44228951787957066 0.8968723333751893
    outer loop
      vertex 1.1999998092651367 23.44874382019043 0.6994781494140625
      vertex -6.799999237060547 23.524999618530273 0.7370834350585938
      vertex -6.799999237060547 23.44874382019043 0.6994781494140625
    endloop
  endfacet
  facet normal 0 0.9978581494766547 0.06541493348636905
    outer loop
      vertex 1.1999998092651367 22.555561065673828 1.2151575088500977
      vertex -6.149999618530273 22.549999237060547 1.2999992370605469
      vertex 1.1999998092651367 22.549999237060547 1.2999992370605469
    endloop
  endfacet
  facet normal 0 0.9978581494766549 0.06541493348636906
    outer loop
      vertex -6.149999618530273 22.549999237060547 1.2999992370605469
      vertex 1.1999998092651367 22.555561065673828 1.2151575088500977
      vertex -6.155560493469238 22.555561065673828 1.2151575088500977
    endloop
  endfacet
  facet normal 0 0.0654030328922157 0.9978589295529201
    outer loop
      vertex 1.1999998092651367 23.200000762939453 0.6499996185302734
      vertex -6.715157508850098 23.115158081054688 0.6555604934692383
      vertex 1.1999998092651367 23.115158081054688 0.6555604934692383
    endloop
  endfacet
  facet normal 0 0.0654030328922157 0.9978589295529202
    outer loop
      vertex -6.715157508850098 23.115158081054688 0.6555604934692383
      vertex 1.1999998092651367 23.200000762939453 0.6499996185302734
      vertex -6.799999237060547 23.200000762939453 0.6499996185302734
    endloop
  endfacet
  facet normal 0 -0.6593586328989417 -0.7518285663777604
    outer loop
      vertex -6.799999237060547 23.659618377685547 1.7596187591552734
      vertex 0.6843194961547852 23.59569549560547 1.8156795501708984
      vertex -6.799999237060547 23.59569549560547 1.8156795501708984
    endloop
  endfacet
  facet normal 0 -0.6593586328989418 -0.7518285663777605
    outer loop
      vertex 0.6843194961547852 23.59569549560547 1.8156795501708984
      vertex -6.799999237060547 23.659618377685547 1.7596187591552734
      vertex 0.7403802871704102 23.659618377685547 1.7596187591552734
    endloop
  endfacet
  facet normal 0 0.32144542505005647 0.9469281064127247
    outer loop
      vertex 1.1999998092651367 23.031766891479492 0.6721477508544922
      vertex -6.551255226135254 22.951255798339844 0.6994781494140625
      vertex 1.1999998092651367 22.951255798339844 0.6994781494140625
    endloop
  endfacet
  facet normal 0 0.32144542505005647 0.9469281064127247
    outer loop
      vertex -6.551255226135254 22.951255798339844 0.6994781494140625
      vertex 1.1999998092651367 23.031766891479492 0.6721477508544922
      vertex -6.631767272949219 23.031766891479492 0.6721477508544922
    endloop
  endfacet
  facet normal 0 -0.19508713664303626 -0.9807859140079559
    outer loop
      vertex -6.799999237060547 23.36823272705078 1.927851676940918
      vertex 0.5555601119995117 23.284841537475586 1.9444389343261719
      vertex -6.799999237060547 23.284841537475586 1.9444389343261719
    endloop
  endfacet
  facet normal 0 -0.19508713664303623 -0.9807859140079557
    outer loop
      vertex 0.5555601119995117 23.284841537475586 1.9444389343261719
      vertex -6.799999237060547 23.36823272705078 1.927851676940918
      vertex 0.5721473693847656 23.36823272705078 1.927851676940918
    endloop
  endfacet
  facet normal 0 0.9469292653740662 0.32144201091041524
    outer loop
      vertex 1.1999998092651367 22.599477767944336 1.051255226135254
      vertex -6.172147750854492 22.572147369384766 1.1317672729492188
      vertex 1.1999998092651367 22.572147369384766 1.1317672729492188
    endloop
  endfacet
  facet normal 0 0.9469292653740662 0.32144201091041524
    outer loop
      vertex -6.172147750854492 22.572147369384766 1.1317672729492188
      vertex 1.1999998092651367 22.599477767944336 1.051255226135254
      vertex -6.1994781494140625 22.599477767944336 1.051255226135254
    endloop
  endfacet
  facet normal 0 -0.5555618394066085 -0.8314752206741615
    outer loop
      vertex -6.799999237060547 23.59569549560547 1.8156795501708984
      vertex 0.6370830535888672 23.524999618530273 1.8629159927368164
      vertex -6.799999237060547 23.524999618530273 1.8629159927368164
    endloop
  endfacet
  facet normal 0 -0.5555618394066086 -0.8314752206741616
    outer loop
      vertex 0.6370830535888672 23.524999618530273 1.8629159927368164
      vertex -6.799999237060547 23.59569549560547 1.8156795501708984
      vertex 0.6843194961547852 23.59569549560547 1.8156795501708984
    endloop
  endfacet
  facet normal 0 -0.5555618394066085 0.8314752206741615
    outer loop
      vertex -6.799999237060547 23.59569549560547 0.7843198776245117
      vertex 1.1999998092651367 23.524999618530273 0.7370834350585938
      vertex 1.1999998092651367 23.59569549560547 0.7843198776245117
    endloop
  endfacet
  facet normal 0 -0.5555618394066085 0.8314752206741615
    outer loop
      vertex 1.1999998092651367 23.524999618530273 0.7370834350585938
      vertex -6.799999237060547 23.59569549560547 0.7843198776245117
      vertex -6.799999237060547 23.524999618530273 0.7370834350585938
    endloop
  endfacet
  facet normal 0 -0.8314665773224946 -0.5555747751613782
    outer loop
      vertex -6.799999237060547 23.762916564941406 1.625
      vertex 0.8043041229248047 23.715679168701172 1.695694923400879
      vertex -6.799999237060547 23.715679168701172 1.695694923400879
    endloop
  endfacet
  facet normal 0 -0.8314665773224947 -0.5555747751613782
    outer loop
      vertex 0.8043041229248047 23.715679168701172 1.695694923400879
      vertex -6.799999237060547 23.762916564941406 1.625
      vertex 0.875 23.762916564941406 1.625
    endloop
  endfacet
  facet normal 0 -0.980783340879695 -0.1951000724060957
    outer loop
      vertex -6.799999237060547 23.844438552856445 1.3848419189453125
      vertex 1.0317668914794922 23.827850341796875 1.4682321548461914
      vertex -6.799999237060547 23.827850341796875 1.4682321548461914
    endloop
  endfacet
  facet normal 0 -0.9807833408796951 -0.19510007240609573
    outer loop
      vertex 1.0317668914794922 23.827850341796875 1.4682321548461914
      vertex -6.799999237060547 23.844438552856445 1.3848419189453125
      vertex 1.115157127380371 23.844438552856445 1.3848419189453125
    endloop
  endfacet
  facet normal 0 -0.3214454250500564 -0.9469281064127247
    outer loop
      vertex -6.799999237060547 23.44874382019043 1.9005212783813477
      vertex 0.5721473693847656 23.36823272705078 1.927851676940918
      vertex -6.799999237060547 23.36823272705078 1.927851676940918
    endloop
  endfacet
  facet normal 0 -0.32144542505005647 -0.9469281064127248
    outer loop
      vertex 0.5721473693847656 23.36823272705078 1.927851676940918
      vertex -6.799999237060547 23.44874382019043 1.9005212783813477
      vertex 0.5994777679443359 23.44874382019043 1.9005212783813477
    endloop
  endfacet
  facet normal 0 0.19508713664303623 0.9807859140079558
    outer loop
      vertex 1.1999998092651367 23.115158081054688 0.6555604934692383
      vertex -6.631767272949219 23.031766891479492 0.6721477508544922
      vertex 1.1999998092651367 23.031766891479492 0.6721477508544922
    endloop
  endfacet
  facet normal 0 0.19508713664303626 0.9807859140079559
    outer loop
      vertex -6.631767272949219 23.031766891479492 0.6721477508544922
      vertex 1.1999998092651367 23.115158081054688 0.6555604934692383
      vertex -6.715157508850098 23.115158081054688 0.6555604934692383
    endloop
  endfacet
  facet normal 0 0.8314769400318395 0.5555592661411459
    outer loop
      vertex 1.1999998092651367 22.68431854248047 0.9043045043945312
      vertex -6.237083435058594 22.637083053588867 0.9749994277954102
      vertex 1.1999998092651367 22.637083053588867 0.9749994277954102
    endloop
  endfacet
  facet normal 0 0.8314769400318395 0.555559266141146
    outer loop
      vertex -6.237083435058594 22.637083053588867 0.9749994277954102
      vertex 1.1999998092651367 22.68431854248047 0.9043045043945312
      vertex -6.284319877624512 22.68431854248047 0.9043045043945312
    endloop
  endfacet
  facet normal 0 0.9469292653740661 -0.32144201091041524
    outer loop
      vertex -6.172147750854492 22.572147369384766 1.4682321548461914
      vertex 0.9512548446655273 22.599477767944336 1.5487442016601562
      vertex 1.0317668914794922 22.572147369384766 1.4682321548461914
    endloop
  endfacet
  facet normal 0 0.9469292653740661 -0.32144201091041524
    outer loop
      vertex 0.9512548446655273 22.599477767944336 1.5487442016601562
      vertex -6.172147750854492 22.572147369384766 1.4682321548461914
      vertex -6.1994781494140625 22.599477767944336 1.5487442016601562
    endloop
  endfacet
  facet normal 0 -0.6593522926687455 0.7518341267543452
    outer loop
      vertex -6.799999237060547 23.659618377685547 0.8403797149658203
      vertex 1.1999998092651367 23.59569549560547 0.7843198776245117
      vertex 1.1999998092651367 23.659618377685547 0.8403797149658203
    endloop
  endfacet
  facet normal 0 -0.6593522926687455 0.7518341267543452
    outer loop
      vertex 1.1999998092651367 23.59569549560547 0.7843198776245117
      vertex -6.799999237060547 23.659618377685547 0.8403797149658203
      vertex -6.799999237060547 23.59569549560547 0.7843198776245117
    endloop
  endfacet
  facet normal 0 -0.946936093420589 -0.32142189560973194
    outer loop
      vertex -6.799999237060547 23.827850341796875 1.4682321548461914
      vertex 0.9512548446655273 23.800521850585938 1.5487442016601562
      vertex -6.799999237060547 23.800521850585938 1.5487442016601562
    endloop
  endfacet
  facet normal 0 -0.946936093420589 -0.32142189560973194
    outer loop
      vertex 0.9512548446655273 23.800521850585938 1.5487442016601562
      vertex -6.799999237060547 23.827850341796875 1.4682321548461914
      vertex 1.0317668914794922 23.827850341796875 1.4682321548461914
    endloop
  endfacet
  facet normal 0 -0.8968723333751895 -0.44228951787957066
    outer loop
      vertex -6.799999237060547 23.800521850585938 1.5487442016601562
      vertex 0.875 23.762916564941406 1.625
      vertex -6.799999237060547 23.762916564941406 1.625
    endloop
  endfacet
  facet normal 0 -0.8968723333751895 -0.44228951787957066
    outer loop
      vertex 0.875 23.762916564941406 1.625
      vertex -6.799999237060547 23.800521850585938 1.5487442016601562
      vertex 0.9512548446655273 23.800521850585938 1.5487442016601562
    endloop
  endfacet
  facet normal 0 0.5555618394066085 -0.8314752206741615
    outer loop
      vertex -6.299999237060547 22.804304122924805 1.8156795501708984
      vertex 0.6370830535888672 22.875 1.8629159927368164
      vertex 0.6843194961547852 22.804304122924805 1.8156795501708984
    endloop
  endfacet
  facet normal -1.2615865811396782e-7 0.5555703978926938 -0.8314695021378343
    outer loop
      vertex -6.299999237060547 22.849998474121094 1.846211552619934
      vertex 0.6370830535888672 22.875 1.8629159927368164
      vertex -6.299999237060547 22.804304122924805 1.8156795501708984
    endloop
  endfacet
  facet normal 0 0.555546196926256 -0.831485672204142
    outer loop
      vertex -6.47499942779541 22.875 1.8629159927368164
      vertex -6.299999237060547 22.849998474121094 1.846211552619934
      vertex -6.4499993324279785 22.849998474121094 1.846211552619934
    endloop
  endfacet
  facet normal 0 0.5555461969262558 -0.8314856722041419
    outer loop
      vertex -6.299999237060547 22.849998474121094 1.846211552619934
      vertex -6.47499942779541 22.875 1.8629159927368164
      vertex 0.6370830535888672 22.875 1.8629159927368164
    endloop
  endfacet
  facet normal 0 0.9807876332418174 0.19507849312498357
    outer loop
      vertex 1.1999998092651367 22.572147369384766 1.1317672729492188
      vertex -6.155560493469238 22.555561065673828 1.2151575088500977
      vertex 1.1999998092651367 22.555561065673828 1.2151575088500977
    endloop
  endfacet
  facet normal 0 0.9807876332418174 0.19507849312498357
    outer loop
      vertex -6.155560493469238 22.555561065673828 1.2151575088500977
      vertex 1.1999998092651367 22.572147369384766 1.1317672729492188
      vertex -6.172147750854492 22.572147369384766 1.1317672729492188
    endloop
  endfacet
  facet normal 0 -0.946936093420589 0.32142189560973194
    outer loop
      vertex -6.799999237060547 23.800521850585938 1.051255226135254
      vertex 1.1999998092651367 23.827850341796875 1.1317672729492188
      vertex -6.799999237060547 23.827850341796875 1.1317672729492188
    endloop
  endfacet
  facet normal 0 -0.946936093420589 0.32142189560973194
    outer loop
      vertex 1.1999998092651367 23.827850341796875 1.1317672729492188
      vertex -6.799999237060547 23.800521850585938 1.051255226135254
      vertex 1.1999998092651367 23.800521850585938 1.051255226135254
    endloop
  endfacet
  facet normal 0 -0.7518383190799803 0.6593475122899831
    outer loop
      vertex -6.799999237060547 23.659618377685547 0.8403797149658203
      vertex 1.1999998092651367 23.715679168701172 0.9043045043945312
      vertex -6.799999237060547 23.715679168701172 0.9043045043945312
    endloop
  endfacet
  facet normal 0 -0.7518383190799803 0.6593475122899831
    outer loop
      vertex 1.1999998092651367 23.715679168701172 0.9043045043945312
      vertex -6.799999237060547 23.659618377685547 0.8403797149658203
      vertex 1.1999998092651367 23.659618377685547 0.8403797149658203
    endloop
  endfacet
  facet normal 0 -0.9978596135457696 0.06539259632624615
    outer loop
      vertex -6.799999237060547 23.844438552856445 1.2151575088500977
      vertex 1.1999998092651367 23.849998474121094 1.2999992370605469
      vertex -6.799999237060547 23.849998474121094 1.2999992370605469
    endloop
  endfacet
  facet normal 0 -0.9978596135457696 0.06539259632624615
    outer loop
      vertex 1.1999998092651367 23.849998474121094 1.2999992370605469
      vertex -6.799999237060547 23.844438552856445 1.2151575088500977
      vertex 1.1999998092651367 23.844438552856445 1.2151575088500977
    endloop
  endfacet
  facet normal 0 -0.7518334427905536 -0.6593530725656045
    outer loop
      vertex -6.799999237060547 23.715679168701172 1.695694923400879
      vertex 0.7403802871704102 23.659618377685547 1.7596187591552734
      vertex -6.799999237060547 23.659618377685547 1.7596187591552734
    endloop
  endfacet
  facet normal 0 -0.7518334427905536 -0.6593530725656045
    outer loop
      vertex 0.7403802871704102 23.659618377685547 1.7596187591552734
      vertex -6.799999237060547 23.715679168701172 1.695694923400879
      vertex 0.8043041229248047 23.715679168701172 1.695694923400879
    endloop
  endfacet
  facet normal 0 -0.8314665773224947 0.5555747751613782
    outer loop
      vertex -6.799999237060547 23.715679168701172 0.9043045043945312
      vertex 1.1999998092651367 23.762916564941406 0.9749994277954102
      vertex -6.799999237060547 23.762916564941406 0.9749994277954102
    endloop
  endfacet
  facet normal 0 -0.8314665773224947 0.5555747751613782
    outer loop
      vertex 1.1999998092651367 23.762916564941406 0.9749994277954102
      vertex -6.799999237060547 23.715679168701172 0.9043045043945312
      vertex 1.1999998092651367 23.715679168701172 0.9043045043945312
    endloop
  endfacet
  facet normal 0 -0.4422895178795706 -0.8968723333751893
    outer loop
      vertex -6.799999237060547 23.524999618530273 1.8629159927368164
      vertex 0.5994777679443359 23.44874382019043 1.9005212783813477
      vertex -6.799999237060547 23.44874382019043 1.9005212783813477
    endloop
  endfacet
  facet normal 0 -0.44228951787957066 -0.8968723333751895
    outer loop
      vertex 0.5994777679443359 23.44874382019043 1.9005212783813477
      vertex -6.799999237060547 23.524999618530273 1.8629159927368164
      vertex 0.6370830535888672 23.524999618530273 1.8629159927368164
    endloop
  endfacet
  facet normal 0 0.0654030328922157 -0.9978589295529202
    outer loop
      vertex -6.715157508850098 23.115158081054688 1.9444389343261719
      vertex 0.5499992370605469 23.200000762939453 1.9499998092651367
      vertex 0.5555601119995117 23.115158081054688 1.9444389343261719
    endloop
  endfacet
  facet normal 0 0.0654030328922157 -0.9978589295529202
    outer loop
      vertex 0.5499992370605469 23.200000762939453 1.9499998092651367
      vertex -6.715157508850098 23.115158081054688 1.9444389343261719
      vertex -6.799999237060547 23.200000762939453 1.9499998092651367
    endloop
  endfacet
  facet normal 0 -0.9978596615091625 -0.06539186442379409
    outer loop
      vertex -6.799999237060547 23.849998474121094 1.2999992370605469
      vertex 1.115157127380371 23.844438552856445 1.3848419189453125
      vertex -6.799999237060547 23.844438552856445 1.3848419189453125
    endloop
  endfacet
  facet normal 0 -0.9978596615091623 -0.06539186442379408
    outer loop
      vertex 1.115157127380371 23.844438552856445 1.3848419189453125
      vertex -6.799999237060547 23.849998474121094 1.2999992370605469
      vertex 1.1999998092651367 23.849998474121094 1.2999992370605469
    endloop
  endfacet
  facet normal 0 -0.32144542505005647 0.9469281064127247
    outer loop
      vertex -6.799999237060547 23.44874382019043 0.6994781494140625
      vertex 1.1999998092651367 23.36823272705078 0.6721477508544922
      vertex 1.1999998092651367 23.44874382019043 0.6994781494140625
    endloop
  endfacet
  facet normal 0 -0.32144542505005647 0.9469281064127247
    outer loop
      vertex 1.1999998092651367 23.36823272705078 0.6721477508544922
      vertex -6.799999237060547 23.44874382019043 0.6994781494140625
      vertex -6.799999237060547 23.36823272705078 0.6721477508544922
    endloop
  endfacet
  facet normal 0 -0.980783340879695 0.1951000724060957
    outer loop
      vertex -6.799999237060547 23.827850341796875 1.1317672729492188
      vertex 1.1999998092651367 23.844438552856445 1.2151575088500977
      vertex -6.799999237060547 23.844438552856445 1.2151575088500977
    endloop
  endfacet
  facet normal 0 -0.980783340879695 0.1951000724060957
    outer loop
      vertex 1.1999998092651367 23.844438552856445 1.2151575088500977
      vertex -6.799999237060547 23.827850341796875 1.1317672729492188
      vertex 1.1999998092651367 23.827850341796875 1.1317672729492188
    endloop
  endfacet
  facet normal 0 0.32144542505005647 -0.9469281064127248
    outer loop
      vertex -6.551255226135254 22.951255798339844 1.9005212783813477
      vertex 0.5721473693847656 23.031766891479492 1.927851676940918
      vertex 0.5994777679443359 22.951255798339844 1.9005212783813477
    endloop
  endfacet
  facet normal 0 0.32144542505005647 -0.9469281064127247
    outer loop
      vertex 0.5721473693847656 23.031766891479492 1.927851676940918
      vertex -6.551255226135254 22.951255798339844 1.9005212783813477
      vertex -6.631767272949219 23.031766891479492 1.927851676940918
    endloop
  endfacet
  facet normal 0 0.7518334427905536 -0.6593530725656045
    outer loop
      vertex -6.284319877624512 22.68431854248047 1.695694923400879
      vertex -6.299999237060547 22.740379333496094 1.7596187591552734
      vertex 0.7403802871704102 22.740379333496094 1.7596187591552734
    endloop
  endfacet
  facet normal 0 0.7518334427905536 -0.6593530725656045
    outer loop
      vertex -6.284319877624512 22.68431854248047 1.695694923400879
      vertex 0.7403802871704102 22.740379333496094 1.7596187591552734
      vertex 0.8043041229248047 22.68431854248047 1.695694923400879
    endloop
  endfacet
  facet normal 0.00004274067460477775 0.7518386390065264 -0.6593471460998742
    outer loop
      vertex -6.299999237060547 22.740379333496094 1.7596187591552734
      vertex -6.284319877624512 22.68431854248047 1.695694923400879
      vertex -6.299999237060547 22.69999885559082 1.7135738134384155
    endloop
  endfacet
  facet normal 0 0.6593411720022334 0.751843879341131
    outer loop
      vertex -6.299999237060547 22.804304122924805 0.7843198776245117
      vertex 1.1999998092651367 22.740379333496094 0.8403797149658203
      vertex 1.1999998092651367 22.804304122924805 0.7843198776245117
    endloop
  endfacet
  facet normal 0 0.6593411720022334 0.751843879341131
    outer loop
      vertex 1.1999998092651367 22.740379333496094 0.8403797149658203
      vertex -6.299999237060547 22.804304122924805 0.7843198776245117
      vertex -6.299999237060547 22.740379333496094 0.8403797149658203
    endloop
  endfacet
  facet normal 0 0.9807876332418175 -0.19507849312498357
    outer loop
      vertex -6.155560493469238 22.555561065673828 1.3848419189453125
      vertex 1.0317668914794922 22.572147369384766 1.4682321548461914
      vertex 1.115157127380371 22.555561065673828 1.3848419189453125
    endloop
  endfacet
  facet normal 0 0.9807876332418175 -0.1950784931249836
    outer loop
      vertex 1.0317668914794922 22.572147369384766 1.4682321548461914
      vertex -6.155560493469238 22.555561065673828 1.3848419189453125
      vertex -6.172147750854492 22.572147369384766 1.4682321548461914
    endloop
  endfacet
  facet normal 0 0.9978581974727498 -0.06541420133605814
    outer loop
      vertex -6.149999618530273 22.549999237060547 1.2999992370605469
      vertex 1.115157127380371 22.555561065673828 1.3848419189453125
      vertex 1.1999998092651367 22.549999237060547 1.2999992370605469
    endloop
  endfacet
  facet normal 0 0.9978581974727498 -0.06541420133605814
    outer loop
      vertex 1.115157127380371 22.555561065673828 1.3848419189453125
      vertex -6.149999618530273 22.549999237060547 1.2999992370605469
      vertex -6.155560493469238 22.555561065673828 1.3848419189453125
    endloop
  endfacet
  facet normal 0 0.8968723333751895 0.44228951787957066
    outer loop
      vertex 1.1999998092651367 22.637083053588867 0.9749994277954102
      vertex -6.1994781494140625 22.599477767944336 1.051255226135254
      vertex 1.1999998092651367 22.599477767944336 1.051255226135254
    endloop
  endfacet
  facet normal 0 0.8968723333751893 0.4422895178795706
    outer loop
      vertex -6.1994781494140625 22.599477767944336 1.051255226135254
      vertex 1.1999998092651367 22.637083053588867 0.9749994277954102
      vertex -6.237083435058594 22.637083053588867 0.9749994277954102
    endloop
  endfacet
  facet normal 0 -0.19508713664303626 0.9807859140079559
    outer loop
      vertex -6.799999237060547 23.36823272705078 0.6721477508544922
      vertex 1.1999998092651367 23.284841537475586 0.6555604934692383
      vertex 1.1999998092651367 23.36823272705078 0.6721477508544922
    endloop
  endfacet
  facet normal 0 -0.19508713664303626 0.9807859140079559
    outer loop
      vertex 1.1999998092651367 23.284841537475586 0.6555604934692383
      vertex -6.799999237060547 23.36823272705078 0.6721477508544922
      vertex -6.799999237060547 23.284841537475586 0.6555604934692383
    endloop
  endfacet
  facet normal -1 0 0
    outer loop
      vertex 1.1999998092651367 23.827850341796875 1.1317672729492188
      vertex 1.1999998092651367 23.849998474121094 1.2999992370605469
      vertex 1.1999998092651367 23.844438552856445 1.2151575088500977
    endloop
  endfacet
  facet normal -1 0 0
    outer loop
      vertex 1.1999998092651367 23.800521850585938 1.051255226135254
      vertex 1.1999998092651367 23.849998474121094 1.2999992370605469
      vertex 1.1999998092651367 23.827850341796875 1.1317672729492188
    endloop
  endfacet
  facet normal -1 0 0
    outer loop
      vertex 1.1999998092651367 23.762916564941406 0.9749994277954102
      vertex 1.1999998092651367 23.849998474121094 1.2999992370605469
      vertex 1.1999998092651367 23.800521850585938 1.051255226135254
    endloop
  endfacet
  facet normal -1 0 0
    outer loop
      vertex 1.1999998092651367 23.715679168701172 0.9043045043945312
      vertex 1.1999998092651367 23.849998474121094 1.2999992370605469
      vertex 1.1999998092651367 23.762916564941406 0.9749994277954102
    endloop
  endfacet
  facet normal -1 0 0
    outer loop
      vertex 1.1999998092651367 23.659618377685547 0.8403797149658203
      vertex 1.1999998092651367 23.849998474121094 1.2999992370605469
      vertex 1.1999998092651367 23.715679168701172 0.9043045043945312
    endloop
  endfacet
  facet normal -1 0 0
    outer loop
      vertex 1.1999998092651367 23.59569549560547 0.7843198776245117
      vertex 1.1999998092651367 23.849998474121094 1.2999992370605469
      vertex 1.1999998092651367 23.659618377685547 0.8403797149658203
    endloop
  endfacet
  facet normal -1 0 0
    outer loop
      vertex 1.1999998092651367 23.524999618530273 0.7370834350585938
      vertex 1.1999998092651367 23.849998474121094 1.2999992370605469
      vertex 1.1999998092651367 23.59569549560547 0.7843198776245117
    endloop
  endfacet
  facet normal -1 0 0
    outer loop
      vertex 1.1999998092651367 23.44874382019043 0.6994781494140625
      vertex 1.1999998092651367 23.849998474121094 1.2999992370605469
      vertex 1.1999998092651367 23.524999618530273 0.7370834350585938
    endloop
  endfacet
  facet normal -1 0 0
    outer loop
      vertex 1.1999998092651367 23.36823272705078 0.6721477508544922
      vertex 1.1999998092651367 23.849998474121094 1.2999992370605469
      vertex 1.1999998092651367 23.44874382019043 0.6994781494140625
    endloop
  endfacet
  facet normal -1 0 0
    outer loop
      vertex 1.1999998092651367 23.284841537475586 0.6555604934692383
      vertex 1.1999998092651367 23.849998474121094 1.2999992370605469
      vertex 1.1999998092651367 23.36823272705078 0.6721477508544922
    endloop
  endfacet
  facet normal -1 0 0
    outer loop
      vertex 1.1999998092651367 23.200000762939453 0.6499996185302734
      vertex 1.1999998092651367 23.849998474121094 1.2999992370605469
      vertex 1.1999998092651367 23.284841537475586 0.6555604934692383
    endloop
  endfacet
  facet normal -1 0 0
    outer loop
      vertex 1.1999998092651367 23.115158081054688 0.6555604934692383
      vertex 1.1999998092651367 23.849998474121094 1.2999992370605469
      vertex 1.1999998092651367 23.200000762939453 0.6499996185302734
    endloop
  endfacet
  facet normal -1 0 0
    outer loop
      vertex 1.1999998092651367 23.031766891479492 0.6721477508544922
      vertex 1.1999998092651367 23.849998474121094 1.2999992370605469
      vertex 1.1999998092651367 23.115158081054688 0.6555604934692383
    endloop
  endfacet
  facet normal -1 0 0
    outer loop
      vertex 1.1999998092651367 22.951255798339844 0.6994781494140625
      vertex 1.1999998092651367 23.849998474121094 1.2999992370605469
      vertex 1.1999998092651367 23.031766891479492 0.6721477508544922
    endloop
  endfacet
  facet normal -1 0 0
    outer loop
      vertex 1.1999998092651367 22.875 0.7370834350585938
      vertex 1.1999998092651367 23.849998474121094 1.2999992370605469
      vertex 1.1999998092651367 22.951255798339844 0.6994781494140625
    endloop
  endfacet
  facet normal -1 0 0
    outer loop
      vertex 1.1999998092651367 22.804304122924805 0.7843198776245117
      vertex 1.1999998092651367 23.849998474121094 1.2999992370605469
      vertex 1.1999998092651367 22.875 0.7370834350585938
    endloop
  endfacet
  facet normal -1 0 0
    outer loop
      vertex 1.1999998092651367 22.740379333496094 0.8403797149658203
      vertex 1.1999998092651367 23.849998474121094 1.2999992370605469
      vertex 1.1999998092651367 22.804304122924805 0.7843198776245117
    endloop
  endfacet
  facet normal -1 0 0
    outer loop
      vertex 1.1999998092651367 22.68431854248047 0.9043045043945312
      vertex 1.1999998092651367 23.849998474121094 1.2999992370605469
      vertex 1.1999998092651367 22.740379333496094 0.8403797149658203
    endloop
  endfacet
  facet normal -1 0 0
    outer loop
      vertex 1.1999998092651367 22.637083053588867 0.9749994277954102
      vertex 1.1999998092651367 23.849998474121094 1.2999992370605469
      vertex 1.1999998092651367 22.68431854248047 0.9043045043945312
    endloop
  endfacet
  facet normal -1 0 0
    outer loop
      vertex 1.1999998092651367 22.599477767944336 1.051255226135254
      vertex 1.1999998092651367 23.849998474121094 1.2999992370605469
      vertex 1.1999998092651367 22.637083053588867 0.9749994277954102
    endloop
  endfacet
  facet normal -1 0 0
    outer loop
      vertex 1.1999998092651367 22.572147369384766 1.1317672729492188
      vertex 1.1999998092651367 23.849998474121094 1.2999992370605469
      vertex 1.1999998092651367 22.599477767944336 1.051255226135254
    endloop
  endfacet
  facet normal -1 0 0
    outer loop
      vertex 1.1999998092651367 22.555561065673828 1.2151575088500977
      vertex 1.1999998092651367 23.849998474121094 1.2999992370605469
      vertex 1.1999998092651367 22.572147369384766 1.1317672729492188
    endloop
  endfacet
  facet normal -1 0 0
    outer loop
      vertex 1.1999998092651367 23.849998474121094 1.2999992370605469
      vertex 1.1999998092651367 22.555561065673828 1.2151575088500977
      vertex 1.1999998092651367 22.549999237060547 1.2999992370605469
    endloop
  endfacet
  facet normal 0 -0.06540449696133097 -0.9978588335918239
    outer loop
      vertex -6.799999237060547 23.284841537475586 1.9444389343261719
      vertex 0.5499992370605469 23.200000762939453 1.9499998092651367
      vertex -6.799999237060547 23.200000762939453 1.9499998092651367
    endloop
  endfacet
  facet normal 0 -0.06540449696133097 -0.9978588335918238
    outer loop
      vertex 0.5499992370605469 23.200000762939453 1.9499998092651367
      vertex -6.799999237060547 23.284841537475586 1.9444389343261719
      vertex 0.5555601119995117 23.284841537475586 1.9444389343261719
    endloop
  endfacet
  facet normal 1 0 0
    outer loop
      vertex -6.799999237060547 23.844438552856445 1.3848419189453125
      vertex -6.799999237060547 23.844438552856445 1.2151575088500977
      vertex -6.799999237060547 23.849998474121094 1.2999992370605469
    endloop
  endfacet
  facet normal 1 0 0
    outer loop
      vertex -6.799999237060547 23.827850341796875 1.4682321548461914
      vertex -6.799999237060547 23.844438552856445 1.2151575088500977
      vertex -6.799999237060547 23.844438552856445 1.3848419189453125
    endloop
  endfacet
  facet normal 1 0 0
    outer loop
      vertex -6.799999237060547 23.827850341796875 1.4682321548461914
      vertex -6.799999237060547 23.827850341796875 1.1317672729492188
      vertex -6.799999237060547 23.844438552856445 1.2151575088500977
    endloop
  endfacet
  facet normal 1 0 0
    outer loop
      vertex -6.799999237060547 23.800521850585938 1.5487442016601562
      vertex -6.799999237060547 23.827850341796875 1.1317672729492188
      vertex -6.799999237060547 23.827850341796875 1.4682321548461914
    endloop
  endfacet
  facet normal 1 0 0
    outer loop
      vertex -6.799999237060547 23.800521850585938 1.5487442016601562
      vertex -6.799999237060547 23.800521850585938 1.051255226135254
      vertex -6.799999237060547 23.827850341796875 1.1317672729492188
    endloop
  endfacet
  facet normal 1 0 0
    outer loop
      vertex -6.799999237060547 23.762916564941406 1.625
      vertex -6.799999237060547 23.800521850585938 1.051255226135254
      vertex -6.799999237060547 23.800521850585938 1.5487442016601562
    endloop
  endfacet
  facet normal 1 0 0
    outer loop
      vertex -6.799999237060547 23.762916564941406 1.625
      vertex -6.799999237060547 23.762916564941406 0.9749994277954102
      vertex -6.799999237060547 23.800521850585938 1.051255226135254
    endloop
  endfacet
  facet normal 1 0 0
    outer loop
      vertex -6.799999237060547 23.715679168701172 1.695694923400879
      vertex -6.799999237060547 23.762916564941406 0.9749994277954102
      vertex -6.799999237060547 23.762916564941406 1.625
    endloop
  endfacet
  facet normal 1 0 0
    outer loop
      vertex -6.799999237060547 23.715679168701172 1.695694923400879
      vertex -6.799999237060547 23.715679168701172 0.9043045043945312
      vertex -6.799999237060547 23.762916564941406 0.9749994277954102
    endloop
  endfacet
  facet normal 1 0 0
    outer loop
      vertex -6.799999237060547 23.659618377685547 1.7596187591552734
      vertex -6.799999237060547 23.715679168701172 0.9043045043945312
      vertex -6.799999237060547 23.715679168701172 1.695694923400879
    endloop
  endfacet
  facet normal 1 0 0
    outer loop
      vertex -6.799999237060547 23.659618377685547 1.7596187591552734
      vertex -6.799999237060547 23.659618377685547 0.8403797149658203
      vertex -6.799999237060547 23.715679168701172 0.9043045043945312
    endloop
  endfacet
  facet normal 1 0 0
    outer loop
      vertex -6.799999237060547 23.59569549560547 1.8156795501708984
      vertex -6.799999237060547 23.659618377685547 0.8403797149658203
      vertex -6.799999237060547 23.659618377685547 1.7596187591552734
    endloop
  endfacet
  facet normal 1 0 0
    outer loop
      vertex -6.799999237060547 23.59569549560547 1.8156795501708984
      vertex -6.799999237060547 23.59569549560547 0.7843198776245117
      vertex -6.799999237060547 23.659618377685547 0.8403797149658203
    endloop
  endfacet
  facet normal 1 0 0
    outer loop
      vertex -6.799999237060547 23.524999618530273 1.8629159927368164
      vertex -6.799999237060547 23.59569549560547 0.7843198776245117
      vertex -6.799999237060547 23.59569549560547 1.8156795501708984
    endloop
  endfacet
  facet normal 1 0 0
    outer loop
      vertex -6.799999237060547 23.524999618530273 1.8629159927368164
      vertex -6.799999237060547 23.524999618530273 0.7370834350585938
      vertex -6.799999237060547 23.59569549560547 0.7843198776245117
    endloop
  endfacet
  facet normal 1 0 0
    outer loop
      vertex -6.799999237060547 23.44874382019043 1.9005212783813477
      vertex -6.799999237060547 23.524999618530273 0.7370834350585938
      vertex -6.799999237060547 23.524999618530273 1.8629159927368164
    endloop
  endfacet
  facet normal 1 0 0
    outer loop
      vertex -6.799999237060547 23.44874382019043 1.9005212783813477
      vertex -6.799999237060547 23.44874382019043 0.6994781494140625
      vertex -6.799999237060547 23.524999618530273 0.7370834350585938
    endloop
  endfacet
  facet normal 1 0 0
    outer loop
      vertex -6.799999237060547 23.36823272705078 1.927851676940918
      vertex -6.799999237060547 23.44874382019043 0.6994781494140625
      vertex -6.799999237060547 23.44874382019043 1.9005212783813477
    endloop
  endfacet
  facet normal 1 0 0
    outer loop
      vertex -6.799999237060547 23.36823272705078 1.927851676940918
      vertex -6.799999237060547 23.36823272705078 0.6721477508544922
      vertex -6.799999237060547 23.44874382019043 0.6994781494140625
    endloop
  endfacet
  facet normal 1 0 0
    outer loop
      vertex -6.799999237060547 23.284841537475586 1.9444389343261719
      vertex -6.799999237060547 23.36823272705078 0.6721477508544922
      vertex -6.799999237060547 23.36823272705078 1.927851676940918
    endloop
  endfacet
  facet normal 1 0 0
    outer loop
      vertex -6.799999237060547 23.284841537475586 1.9444389343261719
      vertex -6.799999237060547 23.284841537475586 0.6555604934692383
      vertex -6.799999237060547 23.36823272705078 0.6721477508544922
    endloop
  endfacet
  facet normal 1 0 0
    outer loop
      vertex -6.799999237060547 23.200000762939453 1.9499998092651367
      vertex -6.799999237060547 23.284841537475586 0.6555604934692383
      vertex -6.799999237060547 23.284841537475586 1.9444389343261719
    endloop
  endfacet
  facet normal 1 0 0
    outer loop
      vertex -6.799999237060547 23.284841537475586 0.6555604934692383
      vertex -6.799999237060547 23.200000762939453 1.9499998092651367
      vertex -6.799999237060547 23.200000762939453 0.6499996185302734
    endloop
  endfacet
  facet normal 0 -0.8968723333751893 0.44228951787957066
    outer loop
      vertex -6.799999237060547 23.762916564941406 0.9749994277954102
      vertex 1.1999998092651367 23.800521850585938 1.051255226135254
      vertex -6.799999237060547 23.800521850585938 1.051255226135254
    endloop
  endfacet
  facet normal 0 -0.8968723333751893 0.44228951787957066
    outer loop
      vertex 1.1999998092651367 23.800521850585938 1.051255226135254
      vertex -6.799999237060547 23.762916564941406 0.9749994277954102
      vertex 1.1999998092651367 23.762916564941406 0.9749994277954102
    endloop
  endfacet
  facet normal 0 0.44228951787957066 0.8968723333751895
    outer loop
      vertex 1.1999998092651367 22.951255798339844 0.6994781494140625
      vertex -6.47499942779541 22.875 0.7370834350585938
      vertex 1.1999998092651367 22.875 0.7370834350585938
    endloop
  endfacet
  facet normal 0 0.44228951787957066 0.8968723333751893
    outer loop
      vertex -6.47499942779541 22.875 0.7370834350585938
      vertex 1.1999998092651367 22.951255798339844 0.6994781494140625
      vertex -6.551255226135254 22.951255798339844 0.6994781494140625
    endloop
  endfacet
  facet normal 0 0.7518383190799804 0.6593475122899831
    outer loop
      vertex 1.1999998092651367 22.740379333496094 0.8403797149658203
      vertex -6.284319877624512 22.68431854248047 0.9043045043945312
      vertex 1.1999998092651367 22.68431854248047 0.9043045043945312
    endloop
  endfacet
  facet normal 0 0.7518383190799804 0.6593475122899831
    outer loop
      vertex -6.299999237060547 22.740379333496094 0.8403797149658203
      vertex -6.284319877624512 22.68431854248047 0.9043045043945312
      vertex 1.1999998092651367 22.740379333496094 0.8403797149658203
    endloop
  endfacet
  facet normal 0.00004439399258320104 0.7518437161792255 0.6593413565604584
    outer loop
      vertex -6.284319877624512 22.68431854248047 0.9043045043945312
      vertex -6.299999237060547 22.740379333496094 0.8403797149658203
      vertex -6.299999237060547 22.69999885559082 0.8864253759384155
    endloop
  endfacet
  facet normal -6.881508193265783e-8 0.5555618394066073 0.8314752206741597
    outer loop
      vertex 1.1999998092651367 22.875 0.7370834350585938
      vertex -6.299999237060547 22.849998474121094 0.7537879347801208
      vertex 1.1999998092651367 22.804304122924805 0.7843198776245117
    endloop
  endfacet
  facet normal 0 0.555547567420392 0.8314847565249076
    outer loop
      vertex -6.47499942779541 22.875 0.7370834350585938
      vertex -6.299999237060547 22.849998474121094 0.7537879347801208
      vertex 1.1999998092651367 22.875 0.7370834350585938
    endloop
  endfacet
  facet normal 0 0.5555475674203921 0.8314847565249077
    outer loop
      vertex -6.299999237060547 22.849998474121094 0.7537879347801208
      vertex -6.47499942779541 22.875 0.7370834350585938
      vertex -6.4499993324279785 22.849998474121094 0.7537879347801208
    endloop
  endfacet
  facet normal 0 0.5555696480728128 0.8314700031511966
    outer loop
      vertex 1.1999998092651367 22.804304122924805 0.7843198776245117
      vertex -6.299999237060547 22.849998474121094 0.7537879347801208
      vertex -6.299999237060547 22.804304122924805 0.7843198776245117
    endloop
  endfacet
  facet normal 0 0.8314769400318396 -0.555559266141146
    outer loop
      vertex -6.237083435058594 22.637083053588867 1.625
      vertex 0.8043041229248047 22.68431854248047 1.695694923400879
      vertex 0.875 22.637083053588867 1.625
    endloop
  endfacet
  facet normal 0 0.8314769400318396 -0.555559266141146
    outer loop
      vertex 0.8043041229248047 22.68431854248047 1.695694923400879
      vertex -6.237083435058594 22.637083053588867 1.625
      vertex -6.284319877624512 22.68431854248047 1.695694923400879
    endloop
  endfacet
  facet normal 0 0.44228951787957066 -0.8968723333751895
    outer loop
      vertex -6.47499942779541 22.875 1.8629159927368164
      vertex 0.5994777679443359 22.951255798339844 1.9005212783813477
      vertex 0.6370830535888672 22.875 1.8629159927368164
    endloop
  endfacet
  facet normal 0 0.4422895178795706 -0.8968723333751893
    outer loop
      vertex 0.5994777679443359 22.951255798339844 1.9005212783813477
      vertex -6.47499942779541 22.875 1.8629159927368164
      vertex -6.551255226135254 22.951255798339844 1.9005212783813477
    endloop
  endfacet
  facet normal 0 0.8968723333751893 -0.4422895178795706
    outer loop
      vertex -6.1994781494140625 22.599477767944336 1.5487442016601562
      vertex 0.875 22.637083053588867 1.625
      vertex 0.9512548446655273 22.599477767944336 1.5487442016601562
    endloop
  endfacet
  facet normal 0 0.8968723333751893 -0.44228951787957066
    outer loop
      vertex 0.875 22.637083053588867 1.625
      vertex -6.1994781494140625 22.599477767944336 1.5487442016601562
      vertex -6.237083435058594 22.637083053588867 1.625
    endloop
  endfacet
  facet normal 0 0.6593475122899832 -0.7518383190799806
    outer loop
      vertex -6.299999237060547 22.740379333496094 1.7596187591552734
      vertex 0.6843194961547852 22.804304122924805 1.8156795501708984
      vertex 0.7403802871704102 22.740379333496094 1.7596187591552734
    endloop
  endfacet
  facet normal 0 0.6593475122899831 -0.7518383190799804
    outer loop
      vertex 0.6843194961547852 22.804304122924805 1.8156795501708984
      vertex -6.299999237060547 22.740379333496094 1.7596187591552734
      vertex -6.299999237060547 22.804304122924805 1.8156795501708984
    endloop
  endfacet
  facet normal -0.9469281064127247 0.32144542505005647 0
    outer loop
      vertex 1.800520896911621 22.951255798339844 1.2999992370605469
      vertex 1.8278512954711914 23.031766891479492 12.172147750854492
      vertex 1.8278512954711914 23.031766891479492 1.2999992370605469
    endloop
  endfacet
  facet normal -0.9469281064127247 0.32144542505005647 0
    outer loop
      vertex 1.8278512954711914 23.031766891479492 12.172147750854492
      vertex 1.800520896911621 22.951255798339844 1.2999992370605469
      vertex 1.800520896911621 22.951255798339844 12.199478149414062
    endloop
  endfacet
  facet normal 0.32142189560973194 -0.9469360934205892 0
    outer loop
      vertex 0.9512548446655273 23.800521850585938 1.5487442016601562
      vertex 1.0317668914794922 23.827850341796875 12.799999237060547
      vertex 0.9512548446655273 23.800521850585938 12.799999237060547
    endloop
  endfacet
  facet normal 0.32142189560973194 -0.9469360934205892 0
    outer loop
      vertex 1.0317668914794922 23.827850341796875 12.799999237060547
      vertex 0.9512548446655273 23.800521850585938 1.5487442016601562
      vertex 1.0317668914794922 23.827850341796875 1.4682321548461914
    endloop
  endfacet
  facet normal -0.8314752206741616 -0.5555618394066086 0
    outer loop
      vertex 1.7629156112670898 23.524999618530273 12.237083435058594
      vertex 1.7156791687011719 23.59569549560547 1.2999992370605469
      vertex 1.7629156112670898 23.524999618530273 1.2999992370605469
    endloop
  endfacet
  facet normal -0.8314752206741616 -0.5555618394066086 0
    outer loop
      vertex 1.7156791687011719 23.59569549560547 1.2999992370605469
      vertex 1.7629156112670898 23.524999618530273 12.237083435058594
      vertex 1.7156791687011719 23.59569549560547 12.284319877624512
    endloop
  endfacet
  facet normal 0.9807859140079558 -0.19508713664303623 0
    outer loop
      vertex 0.5555601119995117 23.284841537475586 1.9444389343261719
      vertex 0.5721473693847656 23.36823272705078 12.799999237060547
      vertex 0.5555601119995117 23.284841537475586 12.799999237060547
    endloop
  endfacet
  facet normal 0.9807859140079558 -0.19508713664303623 0
    outer loop
      vertex 0.5721473693847656 23.36823272705078 12.799999237060547
      vertex 0.5555601119995117 23.284841537475586 1.9444389343261719
      vertex 0.5721473693847656 23.36823272705078 1.927851676940918
    endloop
  endfacet
  facet normal 0.7518383190799804 0.6593475122899831 0
    outer loop
      vertex 0.7403802871704102 22.740379333496094 12.799999237060547
      vertex 0.6843194961547852 22.804304122924805 1.8156795501708984
      vertex 0.6843194961547852 22.804304122924805 12.799999237060547
    endloop
  endfacet
  facet normal 0.7518383190799804 0.6593475122899832 0
    outer loop
      vertex 0.6843194961547852 22.804304122924805 1.8156795501708984
      vertex 0.7403802871704102 22.740379333496094 12.799999237060547
      vertex 0.7403802871704102 22.740379333496094 1.7596187591552734
    endloop
  endfacet
  facet normal -0.7518341267543452 -0.6593522926687455 0
    outer loop
      vertex 1.7156791687011719 23.59569549560547 12.284319877624512
      vertex 1.6596193313598633 23.659618377685547 1.2999992370605469
      vertex 1.7156791687011719 23.59569549560547 1.2999992370605469
    endloop
  endfacet
  facet normal -0.7518341267543452 -0.6593522926687455 0
    outer loop
      vertex 1.6596193313598633 23.659618377685547 1.2999992370605469
      vertex 1.7156791687011719 23.59569549560547 12.284319877624512
      vertex 1.6596193313598633 23.659618377685547 12.34037971496582
    endloop
  endfacet
  facet normal -0.7518438793411311 0.6593411720022334 0
    outer loop
      vertex 1.6596193313598633 22.740379333496094 1.2999992370605469
      vertex 1.7156791687011719 22.804304122924805 12.284319877624512
      vertex 1.7156791687011719 22.804304122924805 1.2999992370605469
    endloop
  endfacet
  facet normal -0.7518438793411311 0.6593411720022334 0
    outer loop
      vertex 1.7156791687011719 22.804304122924805 12.284319877624512
      vertex 1.6596193313598633 22.740379333496094 1.2999992370605469
      vertex 1.6596193313598633 22.740379333496094 12.34037971496582
    endloop
  endfacet
  facet normal -0.9978588335918238 -0.06540449696133097 0
    outer loop
      vertex 1.8499994277954102 23.200000762939453 12.149999618530273
      vertex 1.8444385528564453 23.284841537475586 1.2999992370605469
      vertex 1.8499994277954102 23.200000762939453 1.2999992370605469
    endloop
  endfacet
  facet normal -0.9978588335918239 -0.06540449696133097 0
    outer loop
      vertex 1.8444385528564453 23.284841537475586 1.2999992370605469
      vertex 1.8499994277954102 23.200000762939453 12.149999618530273
      vertex 1.8444385528564453 23.284841537475586 12.155560493469238
    endloop
  endfacet
  facet normal -0.5555747751613782 -0.8314665773224947 0
    outer loop
      vertex 1.5249996185302734 23.762916564941406 1.2999992370605469
      vertex 1.5956945419311523 23.715679168701172 12.404304504394531
      vertex 1.5249996185302734 23.762916564941406 12.47499942779541
    endloop
  endfacet
  facet normal -0.5555747751613782 -0.8314665773224947 0
    outer loop
      vertex 1.5956945419311523 23.715679168701172 12.404304504394531
      vertex 1.5249996185302734 23.762916564941406 1.2999992370605469
      vertex 1.5956945419311523 23.715679168701172 1.2999992370605469
    endloop
  endfacet
  facet normal 0.8314752206741616 -0.5555618394066086 0
    outer loop
      vertex 0.6370830535888672 23.524999618530273 1.8629159927368164
      vertex 0.6843194961547852 23.59569549560547 12.799999237060547
      vertex 0.6370830535888672 23.524999618530273 12.799999237060547
    endloop
  endfacet
  facet normal 0.8314752206741616 -0.5555618394066086 0
    outer loop
      vertex 0.6843194961547852 23.59569549560547 12.799999237060547
      vertex 0.6370830535888672 23.524999618530273 1.8629159927368164
      vertex 0.6843194961547852 23.59569549560547 1.8156795501708984
    endloop
  endfacet
  facet normal 0.9978588335918239 -0.06540449696133097 0
    outer loop
      vertex 0.5499992370605469 23.200000762939453 1.9499998092651367
      vertex 0.5555601119995117 23.284841537475586 12.799999237060547
      vertex 0.5499992370605469 23.200000762939453 12.799999237060547
    endloop
  endfacet
  facet normal 0.9978588335918239 -0.06540449696133097 0
    outer loop
      vertex 0.5555601119995117 23.284841537475586 12.799999237060547
      vertex 0.5499992370605469 23.200000762939453 1.9499998092651367
      vertex 0.5555601119995117 23.284841537475586 1.9444389343261719
    endloop
  endfacet
  facet normal 0.5555695938364967 -0.8314700393906869 0
    outer loop
      vertex 0.8043041229248047 23.715679168701172 1.695694923400879
      vertex 0.875 23.762916564941406 12.799999237060547
      vertex 0.8043041229248047 23.715679168701172 12.799999237060547
    endloop
  endfacet
  facet normal 0.5555695938364966 -0.8314700393906868 0
    outer loop
      vertex 0.875 23.762916564941406 12.799999237060547
      vertex 0.8043041229248047 23.715679168701172 1.695694923400879
      vertex 0.875 23.762916564941406 1.625
    endloop
  endfacet
  facet normal 0.6593530725656046 0.7518334427905536 0
    outer loop
      vertex 0.8043041229248047 22.68431854248047 12.799999237060547
      vertex 0.7403802871704102 22.740379333496094 1.7596187591552734
      vertex 0.7403802871704102 22.740379333496094 12.799999237060547
    endloop
  endfacet
  facet normal 0.6593530725656045 0.7518334427905536 0
    outer loop
      vertex 0.7403802871704102 22.740379333496094 1.7596187591552734
      vertex 0.8043041229248047 22.68431854248047 12.799999237060547
      vertex 0.8043041229248047 22.68431854248047 1.695694923400879
    endloop
  endfacet
  facet normal 0.7518285663777604 -0.6593586328989417 0
    outer loop
      vertex 0.6843194961547852 23.59569549560547 1.8156795501708984
      vertex 0.7403802871704102 23.659618377685547 12.799999237060547
      vertex 0.6843194961547852 23.59569549560547 12.799999237060547
    endloop
  endfacet
  facet normal 0.7518285663777604 -0.6593586328989418 0
    outer loop
      vertex 0.7403802871704102 23.659618377685547 12.799999237060547
      vertex 0.6843194961547852 23.59569549560547 1.8156795501708984
      vertex 0.7403802871704102 23.659618377685547 1.7596187591552734
    endloop
  endfacet
  facet normal -0.19510007240609573 -0.9807833408796951 0
    outer loop
      vertex 1.284841537475586 23.844438552856445 1.2999992370605469
      vertex 1.3682317733764648 23.827850341796875 12.631767272949219
      vertex 1.284841537475586 23.844438552856445 12.715157508850098
    endloop
  endfacet
  facet normal -0.19510007240609573 -0.9807833408796951 0
    outer loop
      vertex 1.3682317733764648 23.827850341796875 12.631767272949219
      vertex 1.284841537475586 23.844438552856445 1.2999992370605469
      vertex 1.3682317733764648 23.827850341796875 1.2999992370605469
    endloop
  endfacet
  facet normal -0.8314752206741616 0.5555618394066086 0
    outer loop
      vertex 1.7156791687011719 22.804304122924805 1.2999992370605469
      vertex 1.7629156112670898 22.875 12.237083435058594
      vertex 1.7629156112670898 22.875 1.2999992370605469
    endloop
  endfacet
  facet normal -0.8314752206741616 0.5555618394066086 0
    outer loop
      vertex 1.7629156112670898 22.875 12.237083435058594
      vertex 1.7156791687011719 22.804304122924805 1.2999992370605469
      vertex 1.7156791687011719 22.804304122924805 12.284319877624512
    endloop
  endfacet
  facet normal -0.5555592661411459 0.8314769400318395 0
    outer loop
      vertex 1.5249996185302734 22.637083053588867 1.2999992370605469
      vertex 1.5956945419311523 22.68431854248047 12.404304504394531
      vertex 1.5956945419311523 22.68431854248047 1.2999992370605469
    endloop
  endfacet
  facet normal -0.555559266141146 0.8314769400318396 0
    outer loop
      vertex 1.5956945419311523 22.68431854248047 12.404304504394531
      vertex 1.5249996185302734 22.637083053588867 1.2999992370605469
      vertex 1.5249996185302734 22.637083053588867 12.47499942779541
    endloop
  endfacet
  facet normal -0.32144201091041524 0.9469292653740661 0
    outer loop
      vertex 1.3682317733764648 22.572147369384766 1.2999992370605469
      vertex 1.4487438201904297 22.599477767944336 12.551255226135254
      vertex 1.4487438201904297 22.599477767944336 1.2999992370605469
    endloop
  endfacet
  facet normal -0.32144201091041524 0.9469292653740661 0
    outer loop
      vertex 1.4487438201904297 22.599477767944336 12.551255226135254
      vertex 1.3682317733764648 22.572147369384766 1.2999992370605469
      vertex 1.3682317733764648 22.572147369384766 12.631767272949219
    endloop
  endfacet
  facet normal -0.06541493348636906 0.9978581494766547 0
    outer loop
      vertex 1.1999998092651367 22.549999237060547 1.2999992370605469
      vertex 1.284841537475586 22.555561065673828 12.715157508850098
      vertex 1.284841537475586 22.555561065673828 1.2999992370605469
    endloop
  endfacet
  facet normal -0.06541493348636906 0.9978581494766549 0
    outer loop
      vertex 1.284841537475586 22.555561065673828 12.715157508850098
      vertex 1.1999998092651367 22.549999237060547 1.2999992370605469
      vertex 1.1999998092651367 22.549999237060547 12.799999237060547
    endloop
  endfacet
  facet normal -0.9978589295529202 0.0654030328922157 0
    outer loop
      vertex 1.8444385528564453 23.115158081054688 1.2999992370605469
      vertex 1.8499994277954102 23.200000762939453 12.149999618530273
      vertex 1.8499994277954102 23.200000762939453 1.2999992370605469
    endloop
  endfacet
  facet normal -0.9978589295529202 0.0654030328922157 0
    outer loop
      vertex 1.8499994277954102 23.200000762939453 12.149999618530273
      vertex 1.8444385528564453 23.115158081054688 1.2999992370605469
      vertex 1.8444385528564453 23.115158081054688 12.155560493469238
    endloop
  endfacet
  facet normal 0.32144201091041524 0.9469292653740661 0
    outer loop
      vertex 1.0317668914794922 22.572147369384766 12.799999237060547
      vertex 0.9512548446655273 22.599477767944336 1.5487442016601562
      vertex 0.9512548446655273 22.599477767944336 12.799999237060547
    endloop
  endfacet
  facet normal 0.32144201091041524 0.9469292653740661 0
    outer loop
      vertex 0.9512548446655273 22.599477767944336 1.5487442016601562
      vertex 1.0317668914794922 22.572147369384766 12.799999237060547
      vertex 1.0317668914794922 22.572147369384766 1.4682321548461914
    endloop
  endfacet
  facet normal -0.6593475122899832 0.7518383190799804 0
    outer loop
      vertex 1.5956945419311523 22.68431854248047 1.2999992370605469
      vertex 1.6596193313598633 22.740379333496094 12.34037971496582
      vertex 1.6596193313598633 22.740379333496094 1.2999992370605469
    endloop
  endfacet
  facet normal -0.6593475122899832 0.7518383190799804 0
    outer loop
      vertex 1.6596193313598633 22.740379333496094 12.34037971496582
      vertex 1.5956945419311523 22.68431854248047 1.2999992370605469
      vertex 1.5956945419311523 22.68431854248047 12.404304504394531
    endloop
  endfacet
  facet normal 0.8968723333751893 0.44228951787957066 0
    outer loop
      vertex 0.6370830535888672 22.875 12.799999237060547
      vertex 0.5994777679443359 22.951255798339844 1.9005212783813477
      vertex 0.5994777679443359 22.951255798339844 12.799999237060547
    endloop
  endfacet
  facet normal 0.8968723333751895 0.44228951787957066 0
    outer loop
      vertex 0.5994777679443359 22.951255798339844 1.9005212783813477
      vertex 0.6370830535888672 22.875 12.799999237060547
      vertex 0.6370830535888672 22.875 1.8629159927368164
    endloop
  endfacet
  facet normal -0.9469281064127247 -0.32144542505005647 0
    outer loop
      vertex 1.8278512954711914 23.36823272705078 12.172147750854492
      vertex 1.800520896911621 23.44874382019043 1.2999992370605469
      vertex 1.8278512954711914 23.36823272705078 1.2999992370605469
    endloop
  endfacet
  facet normal -0.9469281064127247 -0.32144542505005647 0
    outer loop
      vertex 1.800520896911621 23.44874382019043 1.2999992370605469
      vertex 1.8278512954711914 23.36823272705078 12.172147750854492
      vertex 1.800520896911621 23.44874382019043 12.199478149414062
    endloop
  endfacet
  facet normal 0.44229396725398773 -0.8968701391677217 0
    outer loop
      vertex 0.875 23.762916564941406 1.625
      vertex 0.9512548446655273 23.800521850585938 12.799999237060547
      vertex 0.875 23.762916564941406 12.799999237060547
    endloop
  endfacet
  facet normal 0.4422939672539877 -0.8968701391677216 0
    outer loop
      vertex 0.9512548446655273 23.800521850585938 12.799999237060547
      vertex 0.875 23.762916564941406 1.625
      vertex 0.9512548446655273 23.800521850585938 1.5487442016601562
    endloop
  endfacet
  facet normal 0.8314752206741616 0.5555618394066086 0
    outer loop
      vertex 0.6843194961547852 22.804304122924805 12.799999237060547
      vertex 0.6370830535888672 22.875 1.8629159927368164
      vertex 0.6370830535888672 22.875 12.799999237060547
    endloop
  endfacet
  facet normal 0.8314752206741616 0.5555618394066086 0
    outer loop
      vertex 0.6370830535888672 22.875 1.8629159927368164
      vertex 0.6843194961547852 22.804304122924805 12.799999237060547
      vertex 0.6843194961547852 22.804304122924805 1.8156795501708984
    endloop
  endfacet
  facet normal 0.06539186442379408 -0.9978596615091624 0
    outer loop
      vertex 1.115157127380371 23.844438552856445 1.3848419189453125
      vertex 1.1999998092651367 23.849998474121094 12.799999237060547
      vertex 1.115157127380371 23.844438552856445 12.799999237060547
    endloop
  endfacet
  facet normal 0.06539186442379408 -0.9978596615091624 0
    outer loop
      vertex 1.1999998092651367 23.849998474121094 12.799999237060547
      vertex 1.115157127380371 23.844438552856445 1.3848419189453125
      vertex 1.1999998092651367 23.849998474121094 1.2999992370605469
    endloop
  endfacet
  facet normal -0.6593475122899832 -0.7518383190799804 0
    outer loop
      vertex 1.5956945419311523 23.715679168701172 1.2999992370605469
      vertex 1.6596193313598633 23.659618377685547 12.34037971496582
      vertex 1.5956945419311523 23.715679168701172 12.404304504394531
    endloop
  endfacet
  facet normal -0.6593475122899832 -0.7518383190799804 0
    outer loop
      vertex 1.6596193313598633 23.659618377685547 12.34037971496582
      vertex 1.5956945419311523 23.715679168701172 1.2999992370605469
      vertex 1.6596193313598633 23.659618377685547 1.2999992370605469
    endloop
  endfacet
  facet normal 0.9469281064127248 -0.32144542505005647 0
    outer loop
      vertex 0.5721473693847656 23.36823272705078 1.927851676940918
      vertex 0.5994777679443359 23.44874382019043 12.799999237060547
      vertex 0.5721473693847656 23.36823272705078 12.799999237060547
    endloop
  endfacet
  facet normal 0.9469281064127247 -0.32144542505005647 0
    outer loop
      vertex 0.5994777679443359 23.44874382019043 12.799999237060547
      vertex 0.5721473693847656 23.36823272705078 1.927851676940918
      vertex 0.5994777679443359 23.44874382019043 1.9005212783813477
    endloop
  endfacet
  facet normal -0.44228951787957066 -0.8968723333751895 0
    outer loop
      vertex 1.4487438201904297 23.800521850585938 1.2999992370605469
      vertex 1.5249996185302734 23.762916564941406 12.47499942779541
      vertex 1.4487438201904297 23.800521850585938 12.551255226135254
    endloop
  endfacet
  facet normal -0.44228951787957066 -0.8968723333751895 0
    outer loop
      vertex 1.5249996185302734 23.762916564941406 12.47499942779541
      vertex 1.4487438201904297 23.800521850585938 1.2999992370605469
      vertex 1.5249996185302734 23.762916564941406 1.2999992370605469
    endloop
  endfacet
  facet normal -0.9807859140079558 0.19508713664303623 0
    outer loop
      vertex 1.8278512954711914 23.031766891479492 1.2999992370605469
      vertex 1.8444385528564453 23.115158081054688 12.155560493469238
      vertex 1.8444385528564453 23.115158081054688 1.2999992370605469
    endloop
  endfacet
  facet normal -0.9807859140079558 0.19508713664303623 0
    outer loop
      vertex 1.8444385528564453 23.115158081054688 12.155560493469238
      vertex 1.8278512954711914 23.031766891479492 1.2999992370605469
      vertex 1.8278512954711914 23.031766891479492 12.172147750854492
    endloop
  endfacet
  facet normal -0.44228951787957066 0.8968723333751895 0
    outer loop
      vertex 1.4487438201904297 22.599477767944336 1.2999992370605469
      vertex 1.5249996185302734 22.637083053588867 12.47499942779541
      vertex 1.5249996185302734 22.637083053588867 1.2999992370605469
    endloop
  endfacet
  facet normal -0.44228951787957066 0.8968723333751895 0
    outer loop
      vertex 1.5249996185302734 22.637083053588867 12.47499942779541
      vertex 1.4487438201904297 22.599477767944336 1.2999992370605469
      vertex 1.4487438201904297 22.599477767944336 12.551255226135254
    endloop
  endfacet
  facet normal 0.19510007240609573 -0.9807833408796951 0
    outer loop
      vertex 1.0317668914794922 23.827850341796875 1.4682321548461914
      vertex 1.115157127380371 23.844438552856445 12.799999237060547
      vertex 1.0317668914794922 23.827850341796875 12.799999237060547
    endloop
  endfacet
  facet normal 0.19510007240609573 -0.9807833408796951 0
    outer loop
      vertex 1.115157127380371 23.844438552856445 12.799999237060547
      vertex 1.0317668914794922 23.827850341796875 1.4682321548461914
      vertex 1.115157127380371 23.844438552856445 1.3848419189453125
    endloop
  endfacet
  facet normal 0 0 1
    outer loop
      vertex 1.8444385528564453 23.284841537475586 1.2999992370605469
      vertex 1.8444385528564453 23.115158081054688 1.2999992370605469
      vertex 1.8499994277954102 23.200000762939453 1.2999992370605469
    endloop
  endfacet
  facet normal 0 0 1
    outer loop
      vertex 1.8278512954711914 23.36823272705078 1.2999992370605469
      vertex 1.8444385528564453 23.115158081054688 1.2999992370605469
      vertex 1.8444385528564453 23.284841537475586 1.2999992370605469
    endloop
  endfacet
  facet normal 0 0 1
    outer loop
      vertex 1.8278512954711914 23.36823272705078 1.2999992370605469
      vertex 1.8278512954711914 23.031766891479492 1.2999992370605469
      vertex 1.8444385528564453 23.115158081054688 1.2999992370605469
    endloop
  endfacet
  facet normal 0 0 1
    outer loop
      vertex 1.800520896911621 23.44874382019043 1.2999992370605469
      vertex 1.8278512954711914 23.031766891479492 1.2999992370605469
      vertex 1.8278512954711914 23.36823272705078 1.2999992370605469
    endloop
  endfacet
  facet normal 0 0 1
    outer loop
      vertex 1.800520896911621 23.44874382019043 1.2999992370605469
      vertex 1.800520896911621 22.951255798339844 1.2999992370605469
      vertex 1.8278512954711914 23.031766891479492 1.2999992370605469
    endloop
  endfacet
  facet normal 0 0 1
    outer loop
      vertex 1.7629156112670898 23.524999618530273 1.2999992370605469
      vertex 1.800520896911621 22.951255798339844 1.2999992370605469
      vertex 1.800520896911621 23.44874382019043 1.2999992370605469
    endloop
  endfacet
  facet normal 0 0 1
    outer loop
      vertex 1.7629156112670898 23.524999618530273 1.2999992370605469
      vertex 1.7629156112670898 22.875 1.2999992370605469
      vertex 1.800520896911621 22.951255798339844 1.2999992370605469
    endloop
  endfacet
  facet normal 0 0 1
    outer loop
      vertex 1.7156791687011719 23.59569549560547 1.2999992370605469
      vertex 1.7629156112670898 22.875 1.2999992370605469
      vertex 1.7629156112670898 23.524999618530273 1.2999992370605469
    endloop
  endfacet
  facet normal 0 0 1
    outer loop
      vertex 1.7156791687011719 23.59569549560547 1.2999992370605469
      vertex 1.7156791687011719 22.804304122924805 1.2999992370605469
      vertex 1.7629156112670898 22.875 1.2999992370605469
    endloop
  endfacet
  facet normal 0 0 1
    outer loop
      vertex 1.6596193313598633 23.659618377685547 1.2999992370605469
      vertex 1.7156791687011719 22.804304122924805 1.2999992370605469
      vertex 1.7156791687011719 23.59569549560547 1.2999992370605469
    endloop
  endfacet
  facet normal 0 0 1
    outer loop
      vertex 1.6596193313598633 23.659618377685547 1.2999992370605469
      vertex 1.6596193313598633 22.740379333496094 1.2999992370605469
      vertex 1.7156791687011719 22.804304122924805 1.2999992370605469
    endloop
  endfacet
  facet normal 0 0 1
    outer loop
      vertex 1.5956945419311523 23.715679168701172 1.2999992370605469
      vertex 1.6596193313598633 22.740379333496094 1.2999992370605469
      vertex 1.6596193313598633 23.659618377685547 1.2999992370605469
    endloop
  endfacet
  facet normal 0 0 1
    outer loop
      vertex 1.5956945419311523 23.715679168701172 1.2999992370605469
      vertex 1.5956945419311523 22.68431854248047 1.2999992370605469
      vertex 1.6596193313598633 22.740379333496094 1.2999992370605469
    endloop
  endfacet
  facet normal 0 0 1
    outer loop
      vertex 1.5249996185302734 23.762916564941406 1.2999992370605469
      vertex 1.5956945419311523 22.68431854248047 1.2999992370605469
      vertex 1.5956945419311523 23.715679168701172 1.2999992370605469
    endloop
  endfacet
  facet normal 0 0 1
    outer loop
      vertex 1.5249996185302734 23.762916564941406 1.2999992370605469
      vertex 1.5249996185302734 22.637083053588867 1.2999992370605469
      vertex 1.5956945419311523 22.68431854248047 1.2999992370605469
    endloop
  endfacet
  facet normal 0 0 1
    outer loop
      vertex 1.4487438201904297 23.800521850585938 1.2999992370605469
      vertex 1.5249996185302734 22.637083053588867 1.2999992370605469
      vertex 1.5249996185302734 23.762916564941406 1.2999992370605469
    endloop
  endfacet
  facet normal 0 0 1
    outer loop
      vertex 1.4487438201904297 23.800521850585938 1.2999992370605469
      vertex 1.4487438201904297 22.599477767944336 1.2999992370605469
      vertex 1.5249996185302734 22.637083053588867 1.2999992370605469
    endloop
  endfacet
  facet normal 0 0 1
    outer loop
      vertex 1.3682317733764648 23.827850341796875 1.2999992370605469
      vertex 1.4487438201904297 22.599477767944336 1.2999992370605469
      vertex 1.4487438201904297 23.800521850585938 1.2999992370605469
    endloop
  endfacet
  facet normal 0 0 1
    outer loop
      vertex 1.3682317733764648 23.827850341796875 1.2999992370605469
      vertex 1.3682317733764648 22.572147369384766 1.2999992370605469
      vertex 1.4487438201904297 22.599477767944336 1.2999992370605469
    endloop
  endfacet
  facet normal 0 0 1
    outer loop
      vertex 1.284841537475586 23.844438552856445 1.2999992370605469
      vertex 1.3682317733764648 22.572147369384766 1.2999992370605469
      vertex 1.3682317733764648 23.827850341796875 1.2999992370605469
    endloop
  endfacet
  facet normal 0 0 1
    outer loop
      vertex 1.284841537475586 23.844438552856445 1.2999992370605469
      vertex 1.284841537475586 22.555561065673828 1.2999992370605469
      vertex 1.3682317733764648 22.572147369384766 1.2999992370605469
    endloop
  endfacet
  facet normal 0 0 1
    outer loop
      vertex 1.1999998092651367 23.849998474121094 1.2999992370605469
      vertex 1.284841537475586 22.555561065673828 1.2999992370605469
      vertex 1.284841537475586 23.844438552856445 1.2999992370605469
    endloop
  endfacet
  facet normal 0 0 1
    outer loop
      vertex 1.284841537475586 22.555561065673828 1.2999992370605469
      vertex 1.1999998092651367 23.849998474121094 1.2999992370605469
      vertex 1.1999998092651367 22.549999237060547 1.2999992370605469
    endloop
  endfacet
  facet normal -0.06539259632624615 -0.9978596135457696 0
    outer loop
      vertex 1.1999998092651367 23.849998474121094 1.2999992370605469
      vertex 1.284841537475586 23.844438552856445 12.715157508850098
      vertex 1.1999998092651367 23.849998474121094 12.799999237060547
    endloop
  endfacet
  facet normal -0.06539259632624615 -0.9978596135457696 0
    outer loop
      vertex 1.284841537475586 23.844438552856445 12.715157508850098
      vertex 1.1999998092651367 23.849998474121094 1.2999992370605469
      vertex 1.284841537475586 23.844438552856445 1.2999992370605469
    endloop
  endfacet
  facet normal -0.9807859140079558 -0.19508713664303623 0
    outer loop
      vertex 1.8444385528564453 23.284841537475586 12.155560493469238
      vertex 1.8278512954711914 23.36823272705078 1.2999992370605469
      vertex 1.8444385528564453 23.284841537475586 1.2999992370605469
    endloop
  endfacet
  facet normal -0.9807859140079558 -0.19508713664303623 0
    outer loop
      vertex 1.8278512954711914 23.36823272705078 1.2999992370605469
      vertex 1.8444385528564453 23.284841537475586 12.155560493469238
      vertex 1.8278512954711914 23.36823272705078 12.172147750854492
    endloop
  endfacet
  facet normal -0.8968723333751895 0.44228951787957066 0
    outer loop
      vertex 1.7629156112670898 22.875 1.2999992370605469
      vertex 1.800520896911621 22.951255798339844 12.199478149414062
      vertex 1.800520896911621 22.951255798339844 1.2999992370605469
    endloop
  endfacet
  facet normal -0.8968723333751893 0.44228951787957066 0
    outer loop
      vertex 1.800520896911621 22.951255798339844 12.199478149414062
      vertex 1.7629156112670898 22.875 1.2999992370605469
      vertex 1.7629156112670898 22.875 12.237083435058594
    endloop
  endfacet
  facet normal -0.32142189560973194 -0.946936093420589 0
    outer loop
      vertex 1.3682317733764648 23.827850341796875 1.2999992370605469
      vertex 1.4487438201904297 23.800521850585938 12.551255226135254
      vertex 1.3682317733764648 23.827850341796875 12.631767272949219
    endloop
  endfacet
  facet normal -0.32142189560973194 -0.9469360934205889 0
    outer loop
      vertex 1.4487438201904297 23.800521850585938 12.551255226135254
      vertex 1.3682317733764648 23.827850341796875 1.2999992370605469
      vertex 1.4487438201904297 23.800521850585938 1.2999992370605469
    endloop
  endfacet
  facet normal 0.9978589295529202 0.0654030328922157 0
    outer loop
      vertex 0.5555601119995117 23.115158081054688 12.799999237060547
      vertex 0.5499992370605469 23.200000762939453 1.9499998092651367
      vertex 0.5499992370605469 23.200000762939453 12.799999237060547
    endloop
  endfacet
  facet normal 0.9978589295529201 0.06540303289221569 0
    outer loop
      vertex 0.5499992370605469 23.200000762939453 1.9499998092651367
      vertex 0.5555601119995117 23.115158081054688 12.799999237060547
      vertex 0.5555601119995117 23.115158081054688 1.9444389343261719
    endloop
  endfacet
  facet normal -0.19507849312498357 0.9807876332418174 0
    outer loop
      vertex 1.284841537475586 22.555561065673828 1.2999992370605469
      vertex 1.3682317733764648 22.572147369384766 12.631767272949219
      vertex 1.3682317733764648 22.572147369384766 1.2999992370605469
    endloop
  endfacet
  facet normal -0.19507849312498357 0.9807876332418174 0
    outer loop
      vertex 1.3682317733764648 22.572147369384766 12.631767272949219
      vertex 1.284841537475586 22.555561065673828 1.2999992370605469
      vertex 1.284841537475586 22.555561065673828 12.715157508850098
    endloop
  endfacet
  facet normal 0.8968723333751893 -0.44228951787957066 0
    outer loop
      vertex 0.5994777679443359 23.44874382019043 1.9005212783813477
      vertex 0.6370830535888672 23.524999618530273 12.799999237060547
      vertex 0.5994777679443359 23.44874382019043 12.799999237060547
    endloop
  endfacet
  facet normal 0.8968723333751895 -0.44228951787957066 0
    outer loop
      vertex 0.6370830535888672 23.524999618530273 12.799999237060547
      vertex 0.5994777679443359 23.44874382019043 1.9005212783813477
      vertex 0.6370830535888672 23.524999618530273 1.8629159927368164
    endloop
  endfacet
  facet normal 0.06541420133605816 0.99785819747275 0
    outer loop
      vertex 1.1999998092651367 22.549999237060547 12.799999237060547
      vertex 1.115157127380371 22.555561065673828 1.3848419189453125
      vertex 1.115157127380371 22.555561065673828 12.799999237060547
    endloop
  endfacet
  facet normal 0.06541420133605816 0.99785819747275 0
    outer loop
      vertex 1.115157127380371 22.555561065673828 1.3848419189453125
      vertex 1.1999998092651367 22.549999237060547 12.799999237060547
      vertex 1.1999998092651367 22.549999237060547 1.2999992370605469
    endloop
  endfacet
  facet normal 0.9807859140079558 0.19508713664303623 0
    outer loop
      vertex 0.5721473693847656 23.031766891479492 12.799999237060547
      vertex 0.5555601119995117 23.115158081054688 1.9444389343261719
      vertex 0.5555601119995117 23.115158081054688 12.799999237060547
    endloop
  endfacet
  facet normal 0.9807859140079558 0.19508713664303623 0
    outer loop
      vertex 0.5555601119995117 23.115158081054688 1.9444389343261719
      vertex 0.5721473693847656 23.031766891479492 12.799999237060547
      vertex 0.5721473693847656 23.031766891479492 1.927851676940918
    endloop
  endfacet
  facet normal 0.9469281064127248 0.32144542505005647 0
    outer loop
      vertex 0.5994777679443359 22.951255798339844 12.799999237060547
      vertex 0.5721473693847656 23.031766891479492 1.927851676940918
      vertex 0.5721473693847656 23.031766891479492 12.799999237060547
    endloop
  endfacet
  facet normal 0.9469281064127247 0.32144542505005647 0
    outer loop
      vertex 0.5721473693847656 23.031766891479492 1.927851676940918
      vertex 0.5994777679443359 22.951255798339844 12.799999237060547
      vertex 0.5994777679443359 22.951255798339844 1.9005212783813477
    endloop
  endfacet
  facet normal 0.19507849312498357 0.9807876332418174 0
    outer loop
      vertex 1.115157127380371 22.555561065673828 12.799999237060547
      vertex 1.0317668914794922 22.572147369384766 1.4682321548461914
      vertex 1.0317668914794922 22.572147369384766 12.799999237060547
    endloop
  endfacet
  facet normal 0.19507849312498357 0.9807876332418174 0
    outer loop
      vertex 1.0317668914794922 22.572147369384766 1.4682321548461914
      vertex 1.115157127380371 22.555561065673828 12.799999237060547
      vertex 1.115157127380371 22.555561065673828 1.3848419189453125
    endloop
  endfacet
  facet normal -0.8968723333751895 -0.44228951787957066 0
    outer loop
      vertex 1.800520896911621 23.44874382019043 12.199478149414062
      vertex 1.7629156112670898 23.524999618530273 1.2999992370605469
      vertex 1.800520896911621 23.44874382019043 1.2999992370605469
    endloop
  endfacet
  facet normal -0.8968723333751893 -0.44228951787957066 0
    outer loop
      vertex 1.7629156112670898 23.524999618530273 1.2999992370605469
      vertex 1.800520896911621 23.44874382019043 12.199478149414062
      vertex 1.7629156112670898 23.524999618530273 12.237083435058594
    endloop
  endfacet
  facet normal 0 0 -1
    outer loop
      vertex 1.115157127380371 22.555561065673828 12.799999237060547
      vertex 1.1999998092651367 23.849998474121094 12.799999237060547
      vertex 1.1999998092651367 22.549999237060547 12.799999237060547
    endloop
  endfacet
  facet normal 0 0 -1
    outer loop
      vertex 1.115157127380371 22.555561065673828 12.799999237060547
      vertex 1.115157127380371 23.844438552856445 12.799999237060547
      vertex 1.1999998092651367 23.849998474121094 12.799999237060547
    endloop
  endfacet
  facet normal 0 0 -1
    outer loop
      vertex 1.0317668914794922 22.572147369384766 12.799999237060547
      vertex 1.115157127380371 23.844438552856445 12.799999237060547
      vertex 1.115157127380371 22.555561065673828 12.799999237060547
    endloop
  endfacet
  facet normal 0 0 -1
    outer loop
      vertex 1.0317668914794922 22.572147369384766 12.799999237060547
      vertex 1.0317668914794922 23.827850341796875 12.799999237060547
      vertex 1.115157127380371 23.844438552856445 12.799999237060547
    endloop
  endfacet
  facet normal 0 0 -1
    outer loop
      vertex 0.9512548446655273 22.599477767944336 12.799999237060547
      vertex 1.0317668914794922 23.827850341796875 12.799999237060547
      vertex 1.0317668914794922 22.572147369384766 12.799999237060547
    endloop
  endfacet
  facet normal 0 0 -1
    outer loop
      vertex 0.9512548446655273 22.599477767944336 12.799999237060547
      vertex 0.9512548446655273 23.800521850585938 12.799999237060547
      vertex 1.0317668914794922 23.827850341796875 12.799999237060547
    endloop
  endfacet
  facet normal 0 0 -1
    outer loop
      vertex 0.875 22.637083053588867 12.799999237060547
      vertex 0.9512548446655273 23.800521850585938 12.799999237060547
      vertex 0.9512548446655273 22.599477767944336 12.799999237060547
    endloop
  endfacet
  facet normal 0 0 -1
    outer loop
      vertex 0.875 22.637083053588867 12.799999237060547
      vertex 0.875 23.762916564941406 12.799999237060547
      vertex 0.9512548446655273 23.800521850585938 12.799999237060547
    endloop
  endfacet
  facet normal 0 0 -1
    outer loop
      vertex 0.8043041229248047 22.68431854248047 12.799999237060547
      vertex 0.875 23.762916564941406 12.799999237060547
      vertex 0.875 22.637083053588867 12.799999237060547
    endloop
  endfacet
  facet normal 0 0 -1
    outer loop
      vertex 0.8043041229248047 22.68431854248047 12.799999237060547
      vertex 0.8043041229248047 23.715679168701172 12.799999237060547
      vertex 0.875 23.762916564941406 12.799999237060547
    endloop
  endfacet
  facet normal 0 0 -1
    outer loop
      vertex 0.7403802871704102 22.740379333496094 12.799999237060547
      vertex 0.8043041229248047 23.715679168701172 12.799999237060547
      vertex 0.8043041229248047 22.68431854248047 12.799999237060547
    endloop
  endfacet
  facet normal 0 0 -1
    outer loop
      vertex 0.7403802871704102 22.740379333496094 12.799999237060547
      vertex 0.7403802871704102 23.659618377685547 12.799999237060547
      vertex 0.8043041229248047 23.715679168701172 12.799999237060547
    endloop
  endfacet
  facet normal 0 0 -1
    outer loop
      vertex 0.6843194961547852 22.804304122924805 12.799999237060547
      vertex 0.7403802871704102 23.659618377685547 12.799999237060547
      vertex 0.7403802871704102 22.740379333496094 12.799999237060547
    endloop
  endfacet
  facet normal 0 0 -1
    outer loop
      vertex 0.6843194961547852 22.804304122924805 12.799999237060547
      vertex 0.6843194961547852 23.59569549560547 12.799999237060547
      vertex 0.7403802871704102 23.659618377685547 12.799999237060547
    endloop
  endfacet
  facet normal 0 0 -1
    outer loop
      vertex 0.6370830535888672 22.875 12.799999237060547
      vertex 0.6843194961547852 23.59569549560547 12.799999237060547
      vertex 0.6843194961547852 22.804304122924805 12.799999237060547
    endloop
  endfacet
  facet normal 0 0 -1
    outer loop
      vertex 0.6370830535888672 22.875 12.799999237060547
      vertex 0.6370830535888672 23.524999618530273 12.799999237060547
      vertex 0.6843194961547852 23.59569549560547 12.799999237060547
    endloop
  endfacet
  facet normal 0 0 -1
    outer loop
      vertex 0.5994777679443359 22.951255798339844 12.799999237060547
      vertex 0.6370830535888672 23.524999618530273 12.799999237060547
      vertex 0.6370830535888672 22.875 12.799999237060547
    endloop
  endfacet
  facet normal 0 0 -1
    outer loop
      vertex 0.5994777679443359 22.951255798339844 12.799999237060547
      vertex 0.5994777679443359 23.44874382019043 12.799999237060547
      vertex 0.6370830535888672 23.524999618530273 12.799999237060547
    endloop
  endfacet
  facet normal 0 0 -1
    outer loop
      vertex 0.5721473693847656 23.031766891479492 12.799999237060547
      vertex 0.5994777679443359 23.44874382019043 12.799999237060547
      vertex 0.5994777679443359 22.951255798339844 12.799999237060547
    endloop
  endfacet
  facet normal 0 0 -1
    outer loop
      vertex 0.5721473693847656 23.031766891479492 12.799999237060547
      vertex 0.5721473693847656 23.36823272705078 12.799999237060547
      vertex 0.5994777679443359 23.44874382019043 12.799999237060547
    endloop
  endfacet
  facet normal 0 0 -1
    outer loop
      vertex 0.5555601119995117 23.115158081054688 12.799999237060547
      vertex 0.5721473693847656 23.36823272705078 12.799999237060547
      vertex 0.5721473693847656 23.031766891479492 12.799999237060547
    endloop
  endfacet
  facet normal 0 0 -1
    outer loop
      vertex 0.5555601119995117 23.115158081054688 12.799999237060547
      vertex 0.5555601119995117 23.284841537475586 12.799999237060547
      vertex 0.5721473693847656 23.36823272705078 12.799999237060547
    endloop
  endfacet
  facet normal 0 0 -1
    outer loop
      vertex 0.5555601119995117 23.284841537475586 12.799999237060547
      vertex 0.5555601119995117 23.115158081054688 12.799999237060547
      vertex 0.5499992370605469 23.200000762939453 12.799999237060547
    endloop
  endfacet
  facet normal 0.6593530725656046 -0.7518334427905536 0
    outer loop
      vertex 0.7403802871704102 23.659618377685547 1.7596187591552734
      vertex 0.8043041229248047 23.715679168701172 12.799999237060547
      vertex 0.7403802871704102 23.659618377685547 12.799999237060547
    endloop
  endfacet
  facet normal 0.6593530725656045 -0.7518334427905536 0
    outer loop
      vertex 0.8043041229248047 23.715679168701172 12.799999237060547
      vertex 0.7403802871704102 23.659618377685547 1.7596187591552734
      vertex 0.8043041229248047 23.715679168701172 1.695694923400879
    endloop
  endfacet
  facet normal 0.5555540848317556 0.8314804019498898 0
    outer loop
      vertex 0.875 22.637083053588867 12.799999237060547
      vertex 0.8043041229248047 22.68431854248047 1.695694923400879
      vertex 0.8043041229248047 22.68431854248047 12.799999237060547
    endloop
  endfacet
  facet normal 0.5555540848317556 0.8314804019498898 0
    outer loop
      vertex 0.8043041229248047 22.68431854248047 1.695694923400879
      vertex 0.875 22.637083053588867 12.799999237060547
      vertex 0.875 22.637083053588867 1.625
    endloop
  endfacet
  facet normal 0.44229396725398773 0.8968701391677217 0
    outer loop
      vertex 0.9512548446655273 22.599477767944336 12.799999237060547
      vertex 0.875 22.637083053588867 1.625
      vertex 0.875 22.637083053588867 12.799999237060547
    endloop
  endfacet
  facet normal 0.4422939672539877 0.8968701391677216 0
    outer loop
      vertex 0.875 22.637083053588867 1.625
      vertex 0.9512548446655273 22.599477767944336 12.799999237060547
      vertex 0.9512548446655273 22.599477767944336 1.5487442016601562
    endloop
  endfacet
  facet normal 0 0.7518383190799804 0.6593475122899831
    outer loop
      vertex 1.6596193313598633 22.740379333496094 12.34037971496582
      vertex 2.3999996185302734 22.68431854248047 12.404304504394531
      vertex 2.3999996185302734 22.740379333496094 12.34037971496582
    endloop
  endfacet
  facet normal 0 0.7518383190799803 0.6593475122899831
    outer loop
      vertex 2.3999996185302734 22.68431854248047 12.404304504394531
      vertex 1.6596193313598633 22.740379333496094 12.34037971496582
      vertex 1.5956945419311523 22.68431854248047 12.404304504394531
    endloop
  endfacet
  facet normal 0 0.32144542505005647 0.9469281064127247
    outer loop
      vertex 1.8278512954711914 23.031766891479492 12.172147750854492
      vertex 2.3999996185302734 22.951255798339844 12.199478149414062
      vertex 2.3999996185302734 23.031766891479492 12.172147750854492
    endloop
  endfacet
  facet normal 0 0.32144542505005647 0.9469281064127247
    outer loop
      vertex 2.3999996185302734 22.951255798339844 12.199478149414062
      vertex 1.8278512954711914 23.031766891479492 12.172147750854492
      vertex 1.800520896911621 22.951255798339844 12.199478149414062
    endloop
  endfacet
  facet normal 0 -0.19508713664303626 -0.9807859140079558
    outer loop
      vertex 1.1999998092651367 23.284841537475586 13.444438934326172
      vertex 2.3999996185302734 23.36823272705078 13.427851676940918
      vertex 2.3999996185302734 23.284841537475586 13.444438934326172
    endloop
  endfacet
  facet normal 0 -0.19508713664303626 -0.9807859140079558
    outer loop
      vertex 2.3999996185302734 23.36823272705078 13.427851676940918
      vertex 1.1999998092651367 23.284841537475586 13.444438934326172
      vertex 1.1999998092651367 23.36823272705078 13.427851676940918
    endloop
  endfacet
  facet normal 0 0.6593475122899832 -0.7518383190799806
    outer loop
      vertex 1.1999998092651367 22.740379333496094 13.259618759155273
      vertex 2.3999996185302734 22.804304122924805 13.315679550170898
      vertex 2.3999996185302734 22.740379333496094 13.259618759155273
    endloop
  endfacet
  facet normal 0 0.6593475122899832 -0.7518383190799806
    outer loop
      vertex 2.3999996185302734 22.804304122924805 13.315679550170898
      vertex 1.1999998092651367 22.740379333496094 13.259618759155273
      vertex 1.1999998092651367 22.804304122924805 13.315679550170898
    endloop
  endfacet
  facet normal 0 -0.6593522926687456 0.7518341267543452
    outer loop
      vertex 2.3999996185302734 23.659618377685547 12.34037971496582
      vertex 1.7156791687011719 23.59569549560547 12.284319877624512
      vertex 2.3999996185302734 23.59569549560547 12.284319877624512
    endloop
  endfacet
  facet normal 0 -0.6593522926687456 0.7518341267543452
    outer loop
      vertex 1.7156791687011719 23.59569549560547 12.284319877624512
      vertex 2.3999996185302734 23.659618377685547 12.34037971496582
      vertex 1.6596193313598633 23.659618377685547 12.34037971496582
    endloop
  endfacet
  facet normal 0 0.44228951787957066 -0.8968723333751895
    outer loop
      vertex 1.1999998092651367 22.875 13.362915992736816
      vertex 2.3999996185302734 22.951255798339844 13.400521278381348
      vertex 2.3999996185302734 22.875 13.362915992736816
    endloop
  endfacet
  facet normal 0 0.44228951787957066 -0.8968723333751895
    outer loop
      vertex 2.3999996185302734 22.951255798339844 13.400521278381348
      vertex 1.1999998092651367 22.875 13.362915992736816
      vertex 1.1999998092651367 22.951255798339844 13.400521278381348
    endloop
  endfacet
  facet normal 0 0.6593411720022334 0.7518438793411311
    outer loop
      vertex 1.7156791687011719 22.804304122924805 12.284319877624512
      vertex 2.3999996185302734 22.740379333496094 12.34037971496582
      vertex 2.3999996185302734 22.804304122924805 12.284319877624512
    endloop
  endfacet
  facet normal 0 0.6593411720022335 0.7518438793411311
    outer loop
      vertex 2.3999996185302734 22.740379333496094 12.34037971496582
      vertex 1.7156791687011719 22.804304122924805 12.284319877624512
      vertex 1.6596193313598633 22.740379333496094 12.34037971496582
    endloop
  endfacet
  facet normal 0 -0.06540449696133097 0.9978588335918239
    outer loop
      vertex 2.3999996185302734 23.284841537475586 12.155560493469238
      vertex 1.8499994277954102 23.200000762939453 12.149999618530273
      vertex 2.3999996185302734 23.200000762939453 12.149999618530273
    endloop
  endfacet
  facet normal 0 -0.06540449696133097 0.9978588335918238
    outer loop
      vertex 1.8499994277954102 23.200000762939453 12.149999618530273
      vertex 2.3999996185302734 23.284841537475586 12.155560493469238
      vertex 1.8444385528564453 23.284841537475586 12.155560493469238
    endloop
  endfacet
  facet normal 0 -0.8314665773224946 0.5555747751613782
    outer loop
      vertex 1.5956945419311523 23.715679168701172 12.404304504394531
      vertex 2.3999996185302734 23.762916564941406 12.47499942779541
      vertex 1.5249996185302734 23.762916564941406 12.47499942779541
    endloop
  endfacet
  facet normal 0 -0.8314665773224946 0.5555747751613782
    outer loop
      vertex 2.3999996185302734 23.762916564941406 12.47499942779541
      vertex 1.5956945419311523 23.715679168701172 12.404304504394531
      vertex 2.3999996185302734 23.715679168701172 12.404304504394531
    endloop
  endfacet
  facet normal 0 -0.5555618394066085 -0.8314752206741615
    outer loop
      vertex 1.1999998092651367 23.524999618530273 13.362915992736816
      vertex 2.3999996185302734 23.59569549560547 13.315679550170898
      vertex 2.3999996185302734 23.524999618530273 13.362915992736816
    endloop
  endfacet
  facet normal 0 -0.5555618394066085 -0.8314752206741615
    outer loop
      vertex 2.3999996185302734 23.59569549560547 13.315679550170898
      vertex 1.1999998092651367 23.524999618530273 13.362915992736816
      vertex 1.1999998092651367 23.59569549560547 13.315679550170898
    endloop
  endfacet
  facet normal 0 -0.06540449696133097 -0.9978588335918238
    outer loop
      vertex 1.1999998092651367 23.200000762939453 13.449999809265137
      vertex 2.3999996185302734 23.284841537475586 13.444438934326172
      vertex 2.3999996185302734 23.200000762939453 13.449999809265137
    endloop
  endfacet
  facet normal 0 -0.06540449696133097 -0.9978588335918238
    outer loop
      vertex 2.3999996185302734 23.284841537475586 13.444438934326172
      vertex 1.1999998092651367 23.200000762939453 13.449999809265137
      vertex 1.1999998092651367 23.284841537475586 13.444438934326172
    endloop
  endfacet
  facet normal 0 -0.8314665773224947 -0.5555747751613782
    outer loop
      vertex 1.1999998092651367 23.762916564941406 13.125
      vertex 2.3999996185302734 23.715679168701172 13.195694923400879
      vertex 1.1999998092651367 23.715679168701172 13.195694923400879
    endloop
  endfacet
  facet normal 0 -0.8314665773224947 -0.5555747751613782
    outer loop
      vertex 2.3999996185302734 23.715679168701172 13.195694923400879
      vertex 1.1999998092651367 23.762916564941406 13.125
      vertex 2.3999996185302734 23.762916564941406 13.125
    endloop
  endfacet
  facet normal 0 0.7518334427905536 -0.6593530725656045
    outer loop
      vertex 2.3999996185302734 22.68431854248047 13.195694923400879
      vertex 1.1999998092651367 22.740379333496094 13.259618759155273
      vertex 2.3999996185302734 22.740379333496094 13.259618759155273
    endloop
  endfacet
  facet normal 0 0.7518334427905536 -0.6593530725656045
    outer loop
      vertex 1.1999998092651367 22.740379333496094 13.259618759155273
      vertex 2.3999996185302734 22.68431854248047 13.195694923400879
      vertex 1.1999998092651367 22.68431854248047 13.195694923400879
    endloop
  endfacet
  facet normal 0 -0.6593586328989418 -0.7518285663777604
    outer loop
      vertex 1.1999998092651367 23.59569549560547 13.315679550170898
      vertex 2.3999996185302734 23.659618377685547 13.259618759155273
      vertex 2.3999996185302734 23.59569549560547 13.315679550170898
    endloop
  endfacet
  facet normal 0 -0.6593586328989418 -0.7518285663777604
    outer loop
      vertex 2.3999996185302734 23.659618377685547 13.259618759155273
      vertex 1.1999998092651367 23.59569549560547 13.315679550170898
      vertex 1.1999998092651367 23.659618377685547 13.259618759155273
    endloop
  endfacet
  facet normal 0 -0.9807833408796952 0.19510007240609573
    outer loop
      vertex 1.3682317733764648 23.827850341796875 12.631767272949219
      vertex 2.3999996185302734 23.844438552856445 12.715157508850098
      vertex 1.284841537475586 23.844438552856445 12.715157508850098
    endloop
  endfacet
  facet normal 0 -0.9807833408796952 0.19510007240609575
    outer loop
      vertex 2.3999996185302734 23.844438552856445 12.715157508850098
      vertex 1.3682317733764648 23.827850341796875 12.631767272949219
      vertex 2.3999996185302734 23.827850341796875 12.631767272949219
    endloop
  endfacet
  facet normal 0 0.5555618394066086 0.8314752206741616
    outer loop
      vertex 1.7629156112670898 22.875 12.237083435058594
      vertex 2.3999996185302734 22.804304122924805 12.284319877624512
      vertex 2.3999996185302734 22.875 12.237083435058594
    endloop
  endfacet
  facet normal 0 0.5555618394066085 0.8314752206741615
    outer loop
      vertex 2.3999996185302734 22.804304122924805 12.284319877624512
      vertex 1.7629156112670898 22.875 12.237083435058594
      vertex 1.7156791687011719 22.804304122924805 12.284319877624512
    endloop
  endfacet
  facet normal 0 0.8314769400318395 0.555559266141146
    outer loop
      vertex 1.5956945419311523 22.68431854248047 12.404304504394531
      vertex 2.3999996185302734 22.637083053588867 12.47499942779541
      vertex 2.3999996185302734 22.68431854248047 12.404304504394531
    endloop
  endfacet
  facet normal 0 0.8314769400318395 0.555559266141146
    outer loop
      vertex 2.3999996185302734 22.637083053588867 12.47499942779541
      vertex 1.5956945419311523 22.68431854248047 12.404304504394531
      vertex 1.5249996185302734 22.637083053588867 12.47499942779541
    endloop
  endfacet
  facet normal 0 0.9469292653740661 0.32144201091041524
    outer loop
      vertex 1.4487438201904297 22.599477767944336 12.551255226135254
      vertex 2.3999996185302734 22.572147369384766 12.631767272949219
      vertex 2.3999996185302734 22.599477767944336 12.551255226135254
    endloop
  endfacet
  facet normal 0 0.9469292653740661 0.32144201091041524
    outer loop
      vertex 2.3999996185302734 22.572147369384766 12.631767272949219
      vertex 1.4487438201904297 22.599477767944336 12.551255226135254
      vertex 1.3682317733764648 22.572147369384766 12.631767272949219
    endloop
  endfacet
  facet normal 0 0.9978581494766547 0.06541493348636906
    outer loop
      vertex 1.284841537475586 22.555561065673828 12.715157508850098
      vertex 2.3999996185302734 22.549999237060547 12.799999237060547
      vertex 2.3999996185302734 22.555561065673828 12.715157508850098
    endloop
  endfacet
  facet normal 0 0.9978581494766547 0.06541493348636906
    outer loop
      vertex 2.3999996185302734 22.549999237060547 12.799999237060547
      vertex 1.284841537475586 22.555561065673828 12.715157508850098
      vertex 1.1999998092651367 22.549999237060547 12.799999237060547
    endloop
  endfacet
  facet normal 0 0.0654030328922157 0.9978589295529201
    outer loop
      vertex 1.8499994277954102 23.200000762939453 12.149999618530273
      vertex 2.3999996185302734 23.115158081054688 12.155560493469238
      vertex 2.3999996185302734 23.200000762939453 12.149999618530273
    endloop
  endfacet
  facet normal 0 0.0654030328922157 0.9978589295529201
    outer loop
      vertex 2.3999996185302734 23.115158081054688 12.155560493469238
      vertex 1.8499994277954102 23.200000762939453 12.149999618530273
      vertex 1.8444385528564453 23.115158081054688 12.155560493469238
    endloop
  endfacet
  facet normal 0 -0.8968723333751895 -0.44228951787957066
    outer loop
      vertex 1.1999998092651367 23.800521850585938 13.048744201660156
      vertex 2.3999996185302734 23.762916564941406 13.125
      vertex 1.1999998092651367 23.762916564941406 13.125
    endloop
  endfacet
  facet normal 0 -0.8968723333751895 -0.44228951787957066
    outer loop
      vertex 2.3999996185302734 23.762916564941406 13.125
      vertex 1.1999998092651367 23.800521850585938 13.048744201660156
      vertex 2.3999996185302734 23.800521850585938 13.048744201660156
    endloop
  endfacet
  facet normal 0 0.5555618394066085 -0.8314752206741615
    outer loop
      vertex 1.1999998092651367 22.804304122924805 13.315679550170898
      vertex 2.3999996185302734 22.875 13.362915992736816
      vertex 2.3999996185302734 22.804304122924805 13.315679550170898
    endloop
  endfacet
  facet normal 0 0.5555618394066085 -0.8314752206741615
    outer loop
      vertex 2.3999996185302734 22.875 13.362915992736816
      vertex 1.1999998092651367 22.804304122924805 13.315679550170898
      vertex 1.1999998092651367 22.875 13.362915992736816
    endloop
  endfacet
  facet normal 0 -0.9978596615091624 -0.06539186442379408
    outer loop
      vertex 1.1999998092651367 23.849998474121094 12.799999237060547
      vertex 2.3999996185302734 23.844438552856445 12.884841918945312
      vertex 1.1999998092651367 23.844438552856445 12.884841918945312
    endloop
  endfacet
  facet normal 0 -0.9978596615091624 -0.06539186442379408
    outer loop
      vertex 2.3999996185302734 23.844438552856445 12.884841918945312
      vertex 1.1999998092651367 23.849998474121094 12.799999237060547
      vertex 2.3999996185302734 23.849998474121094 12.799999237060547
    endloop
  endfacet
  facet normal 0 -0.5555618394066086 0.8314752206741616
    outer loop
      vertex 2.3999996185302734 23.59569549560547 12.284319877624512
      vertex 1.7629156112670898 23.524999618530273 12.237083435058594
      vertex 2.3999996185302734 23.524999618530273 12.237083435058594
    endloop
  endfacet
  facet normal 0 -0.5555618394066085 0.8314752206741615
    outer loop
      vertex 1.7629156112670898 23.524999618530273 12.237083435058594
      vertex 2.3999996185302734 23.59569549560547 12.284319877624512
      vertex 1.7156791687011719 23.59569549560547 12.284319877624512
    endloop
  endfacet
  facet normal 0 -0.32144542505005647 -0.9469281064127248
    outer loop
      vertex 1.1999998092651367 23.36823272705078 13.427851676940918
      vertex 2.3999996185302734 23.44874382019043 13.400521278381348
      vertex 2.3999996185302734 23.36823272705078 13.427851676940918
    endloop
  endfacet
  facet normal 0 -0.32144542505005647 -0.9469281064127248
    outer loop
      vertex 2.3999996185302734 23.44874382019043 13.400521278381348
      vertex 1.1999998092651367 23.36823272705078 13.427851676940918
      vertex 1.1999998092651367 23.44874382019043 13.400521278381348
    endloop
  endfacet
  facet normal 0 0.19508713664303623 0.9807859140079558
    outer loop
      vertex 1.8444385528564453 23.115158081054688 12.155560493469238
      vertex 2.3999996185302734 23.031766891479492 12.172147750854492
      vertex 2.3999996185302734 23.115158081054688 12.155560493469238
    endloop
  endfacet
  facet normal 0 0.19508713664303623 0.9807859140079558
    outer loop
      vertex 2.3999996185302734 23.031766891479492 12.172147750854492
      vertex 1.8444385528564453 23.115158081054688 12.155560493469238
      vertex 1.8278512954711914 23.031766891479492 12.172147750854492
    endloop
  endfacet
  facet normal 0 0.8968723333751895 0.44228951787957066
    outer loop
      vertex 1.5249996185302734 22.637083053588867 12.47499942779541
      vertex 2.3999996185302734 22.599477767944336 12.551255226135254
      vertex 2.3999996185302734 22.637083053588867 12.47499942779541
    endloop
  endfacet
  facet normal 0 0.8968723333751893 0.44228951787957066
    outer loop
      vertex 2.3999996185302734 22.599477767944336 12.551255226135254
      vertex 1.5249996185302734 22.637083053588867 12.47499942779541
      vertex 1.4487438201904297 22.599477767944336 12.551255226135254
    endloop
  endfacet
  facet normal 0 -0.9807833408796951 -0.19510007240609573
    outer loop
      vertex 1.1999998092651367 23.844438552856445 12.884841918945312
      vertex 2.3999996185302734 23.827850341796875 12.968232154846191
      vertex 1.1999998092651367 23.827850341796875 12.968232154846191
    endloop
  endfacet
  facet normal 0 -0.9807833408796951 -0.19510007240609573
    outer loop
      vertex 2.3999996185302734 23.827850341796875 12.968232154846191
      vertex 1.1999998092651367 23.844438552856445 12.884841918945312
      vertex 2.3999996185302734 23.844438552856445 12.884841918945312
    endloop
  endfacet
  facet normal 0 -0.9978596135457696 0.06539259632624615
    outer loop
      vertex 1.284841537475586 23.844438552856445 12.715157508850098
      vertex 2.3999996185302734 23.849998474121094 12.799999237060547
      vertex 1.1999998092651367 23.849998474121094 12.799999237060547
    endloop
  endfacet
  facet normal 0 -0.9978596135457696 0.06539259632624615
    outer loop
      vertex 2.3999996185302734 23.849998474121094 12.799999237060547
      vertex 1.284841537475586 23.844438552856445 12.715157508850098
      vertex 2.3999996185302734 23.844438552856445 12.715157508850098
    endloop
  endfacet
  facet normal 0 -0.8968723333751893 0.44228951787957066
    outer loop
      vertex 1.5249996185302734 23.762916564941406 12.47499942779541
      vertex 2.3999996185302734 23.800521850585938 12.551255226135254
      vertex 1.4487438201904297 23.800521850585938 12.551255226135254
    endloop
  endfacet
  facet normal 0 -0.8968723333751895 0.44228951787957066
    outer loop
      vertex 2.3999996185302734 23.800521850585938 12.551255226135254
      vertex 1.5249996185302734 23.762916564941406 12.47499942779541
      vertex 2.3999996185302734 23.762916564941406 12.47499942779541
    endloop
  endfacet
  facet normal 0 -0.19508713664303623 0.9807859140079558
    outer loop
      vertex 2.3999996185302734 23.36823272705078 12.172147750854492
      vertex 1.8444385528564453 23.284841537475586 12.155560493469238
      vertex 2.3999996185302734 23.284841537475586 12.155560493469238
    endloop
  endfacet
  facet normal 0 -0.19508713664303623 0.9807859140079558
    outer loop
      vertex 1.8444385528564453 23.284841537475586 12.155560493469238
      vertex 2.3999996185302734 23.36823272705078 12.172147750854492
      vertex 1.8278512954711914 23.36823272705078 12.172147750854492
    endloop
  endfacet
  facet normal 0 0.44228951787957066 0.8968723333751893
    outer loop
      vertex 1.800520896911621 22.951255798339844 12.199478149414062
      vertex 2.3999996185302734 22.875 12.237083435058594
      vertex 2.3999996185302734 22.951255798339844 12.199478149414062
    endloop
  endfacet
  facet normal 0 0.44228951787957066 0.8968723333751895
    outer loop
      vertex 2.3999996185302734 22.875 12.237083435058594
      vertex 1.800520896911621 22.951255798339844 12.199478149414062
      vertex 1.7629156112670898 22.875 12.237083435058594
    endloop
  endfacet
  facet normal 0 -0.7518383190799803 0.6593475122899831
    outer loop
      vertex 1.6596193313598633 23.659618377685547 12.34037971496582
      vertex 2.3999996185302734 23.715679168701172 12.404304504394531
      vertex 1.5956945419311523 23.715679168701172 12.404304504394531
    endloop
  endfacet
  facet normal 0 -0.7518383190799804 0.6593475122899831
    outer loop
      vertex 2.3999996185302734 23.715679168701172 12.404304504394531
      vertex 1.6596193313598633 23.659618377685547 12.34037971496582
      vertex 2.3999996185302734 23.659618377685547 12.34037971496582
    endloop
  endfacet
  facet normal 0 -0.9469360934205892 0.321421895609732
    outer loop
      vertex 1.4487438201904297 23.800521850585938 12.551255226135254
      vertex 2.3999996185302734 23.827850341796875 12.631767272949219
      vertex 1.3682317733764648 23.827850341796875 12.631767272949219
    endloop
  endfacet
  facet normal 0 -0.9469360934205889 0.3214218956097319
    outer loop
      vertex 2.3999996185302734 23.827850341796875 12.631767272949219
      vertex 1.4487438201904297 23.800521850585938 12.551255226135254
      vertex 2.3999996185302734 23.800521850585938 12.551255226135254
    endloop
  endfacet
  facet normal 0 0.0654030328922157 -0.9978589295529202
    outer loop
      vertex 1.1999998092651367 23.115158081054688 13.444438934326172
      vertex 2.3999996185302734 23.200000762939453 13.449999809265137
      vertex 2.3999996185302734 23.115158081054688 13.444438934326172
    endloop
  endfacet
  facet normal 0 0.0654030328922157 -0.9978589295529202
    outer loop
      vertex 2.3999996185302734 23.200000762939453 13.449999809265137
      vertex 1.1999998092651367 23.115158081054688 13.444438934326172
      vertex 1.1999998092651367 23.200000762939453 13.449999809265137
    endloop
  endfacet
  facet normal 0 0.9807876332418174 0.19507849312498357
    outer loop
      vertex 1.3682317733764648 22.572147369384766 12.631767272949219
      vertex 2.3999996185302734 22.555561065673828 12.715157508850098
      vertex 2.3999996185302734 22.572147369384766 12.631767272949219
    endloop
  endfacet
  facet normal 0 0.9807876332418174 0.19507849312498357
    outer loop
      vertex 2.3999996185302734 22.555561065673828 12.715157508850098
      vertex 1.3682317733764648 22.572147369384766 12.631767272949219
      vertex 1.284841537475586 22.555561065673828 12.715157508850098
    endloop
  endfacet
  facet normal 0 0.9469292653740662 -0.32144201091041524
    outer loop
      vertex 2.3999996185302734 22.572147369384766 12.968232154846191
      vertex 1.1999998092651367 22.599477767944336 13.048744201660156
      vertex 2.3999996185302734 22.599477767944336 13.048744201660156
    endloop
  endfacet
  facet normal 0 0.9469292653740662 -0.32144201091041524
    outer loop
      vertex 1.1999998092651367 22.599477767944336 13.048744201660156
      vertex 2.3999996185302734 22.572147369384766 12.968232154846191
      vertex 1.1999998092651367 22.572147369384766 12.968232154846191
    endloop
  endfacet
  facet normal 0 -0.44228951787957066 -0.8968723333751895
    outer loop
      vertex 1.1999998092651367 23.44874382019043 13.400521278381348
      vertex 2.3999996185302734 23.524999618530273 13.362915992736816
      vertex 2.3999996185302734 23.44874382019043 13.400521278381348
    endloop
  endfacet
  facet normal 0 -0.44228951787957066 -0.8968723333751895
    outer loop
      vertex 2.3999996185302734 23.524999618530273 13.362915992736816
      vertex 1.1999998092651367 23.44874382019043 13.400521278381348
      vertex 1.1999998092651367 23.524999618530273 13.362915992736816
    endloop
  endfacet
  facet normal 0 -0.9469360934205892 -0.32142189560973194
    outer loop
      vertex 1.1999998092651367 23.827850341796875 12.968232154846191
      vertex 2.3999996185302734 23.800521850585938 13.048744201660156
      vertex 1.1999998092651367 23.800521850585938 13.048744201660156
    endloop
  endfacet
  facet normal 0 -0.9469360934205892 -0.32142189560973194
    outer loop
      vertex 2.3999996185302734 23.800521850585938 13.048744201660156
      vertex 1.1999998092651367 23.827850341796875 12.968232154846191
      vertex 2.3999996185302734 23.827850341796875 12.968232154846191
    endloop
  endfacet
  facet normal 0 0.99785819747275 -0.06541420133605816
    outer loop
      vertex 2.3999996185302734 22.549999237060547 12.799999237060547
      vertex 1.1999998092651367 22.555561065673828 12.884841918945312
      vertex 2.3999996185302734 22.555561065673828 12.884841918945312
    endloop
  endfacet
  facet normal 0 0.99785819747275 -0.06541420133605816
    outer loop
      vertex 1.1999998092651367 22.555561065673828 12.884841918945312
      vertex 2.3999996185302734 22.549999237060547 12.799999237060547
      vertex 1.1999998092651367 22.549999237060547 12.799999237060547
    endloop
  endfacet
  facet normal 0 0.19508713664303626 -0.9807859140079558
    outer loop
      vertex 1.1999998092651367 23.031766891479492 13.427851676940918
      vertex 2.3999996185302734 23.115158081054688 13.444438934326172
      vertex 2.3999996185302734 23.031766891479492 13.427851676940918
    endloop
  endfacet
  facet normal 0 0.19508713664303626 -0.9807859140079558
    outer loop
      vertex 2.3999996185302734 23.115158081054688 13.444438934326172
      vertex 1.1999998092651367 23.031766891479492 13.427851676940918
      vertex 1.1999998092651367 23.115158081054688 13.444438934326172
    endloop
  endfacet
  facet normal 0 0.32144542505005647 -0.9469281064127248
    outer loop
      vertex 1.1999998092651367 22.951255798339844 13.400521278381348
      vertex 2.3999996185302734 23.031766891479492 13.427851676940918
      vertex 2.3999996185302734 22.951255798339844 13.400521278381348
    endloop
  endfacet
  facet normal 0 0.32144542505005647 -0.9469281064127248
    outer loop
      vertex 2.3999996185302734 23.031766891479492 13.427851676940918
      vertex 1.1999998092651367 22.951255798339844 13.400521278381348
      vertex 1.1999998092651367 23.031766891479492 13.427851676940918
    endloop
  endfacet
  facet normal 0 0.9807876332418174 -0.19507849312498357
    outer loop
      vertex 2.3999996185302734 22.555561065673828 12.884841918945312
      vertex 1.1999998092651367 22.572147369384766 12.968232154846191
      vertex 2.3999996185302734 22.572147369384766 12.968232154846191
    endloop
  endfacet
  facet normal 0 0.9807876332418174 -0.19507849312498357
    outer loop
      vertex 1.1999998092651367 22.572147369384766 12.968232154846191
      vertex 2.3999996185302734 22.555561065673828 12.884841918945312
      vertex 1.1999998092651367 22.555561065673828 12.884841918945312
    endloop
  endfacet
  facet normal 0 -0.32144542505005647 0.9469281064127247
    outer loop
      vertex 2.3999996185302734 23.44874382019043 12.199478149414062
      vertex 1.8278512954711914 23.36823272705078 12.172147750854492
      vertex 2.3999996185302734 23.36823272705078 12.172147750854492
    endloop
  endfacet
  facet normal 0 -0.32144542505005647 0.9469281064127247
    outer loop
      vertex 1.8278512954711914 23.36823272705078 12.172147750854492
      vertex 2.3999996185302734 23.44874382019043 12.199478149414062
      vertex 1.800520896911621 23.44874382019043 12.199478149414062
    endloop
  endfacet
  facet normal 1 0 0
    outer loop
      vertex 1.1999998092651367 23.827850341796875 12.968232154846191
      vertex 1.1999998092651367 23.849998474121094 12.799999237060547
      vertex 1.1999998092651367 23.844438552856445 12.884841918945312
    endloop
  endfacet
  facet normal 1 0 0
    outer loop
      vertex 1.1999998092651367 23.800521850585938 13.048744201660156
      vertex 1.1999998092651367 23.849998474121094 12.799999237060547
      vertex 1.1999998092651367 23.827850341796875 12.968232154846191
    endloop
  endfacet
  facet normal 1 0 0
    outer loop
      vertex 1.1999998092651367 23.762916564941406 13.125
      vertex 1.1999998092651367 23.849998474121094 12.799999237060547
      vertex 1.1999998092651367 23.800521850585938 13.048744201660156
    endloop
  endfacet
  facet normal 1 0 0
    outer loop
      vertex 1.1999998092651367 23.715679168701172 13.195694923400879
      vertex 1.1999998092651367 23.849998474121094 12.799999237060547
      vertex 1.1999998092651367 23.762916564941406 13.125
    endloop
  endfacet
  facet normal 1 0 0
    outer loop
      vertex 1.1999998092651367 23.659618377685547 13.259618759155273
      vertex 1.1999998092651367 23.849998474121094 12.799999237060547
      vertex 1.1999998092651367 23.715679168701172 13.195694923400879
    endloop
  endfacet
  facet normal 1 0 0
    outer loop
      vertex 1.1999998092651367 23.59569549560547 13.315679550170898
      vertex 1.1999998092651367 23.849998474121094 12.799999237060547
      vertex 1.1999998092651367 23.659618377685547 13.259618759155273
    endloop
  endfacet
  facet normal 1 0 0
    outer loop
      vertex 1.1999998092651367 23.524999618530273 13.362915992736816
      vertex 1.1999998092651367 23.849998474121094 12.799999237060547
      vertex 1.1999998092651367 23.59569549560547 13.315679550170898
    endloop
  endfacet
  facet normal 1 0 0
    outer loop
      vertex 1.1999998092651367 23.44874382019043 13.400521278381348
      vertex 1.1999998092651367 23.849998474121094 12.799999237060547
      vertex 1.1999998092651367 23.524999618530273 13.362915992736816
    endloop
  endfacet
  facet normal 1 0 0
    outer loop
      vertex 1.1999998092651367 23.36823272705078 13.427851676940918
      vertex 1.1999998092651367 23.849998474121094 12.799999237060547
      vertex 1.1999998092651367 23.44874382019043 13.400521278381348
    endloop
  endfacet
  facet normal 1 0 0
    outer loop
      vertex 1.1999998092651367 23.284841537475586 13.444438934326172
      vertex 1.1999998092651367 23.849998474121094 12.799999237060547
      vertex 1.1999998092651367 23.36823272705078 13.427851676940918
    endloop
  endfacet
  facet normal 1 0 0
    outer loop
      vertex 1.1999998092651367 23.200000762939453 13.449999809265137
      vertex 1.1999998092651367 23.849998474121094 12.799999237060547
      vertex 1.1999998092651367 23.284841537475586 13.444438934326172
    endloop
  endfacet
  facet normal 1 0 0
    outer loop
      vertex 1.1999998092651367 23.115158081054688 13.444438934326172
      vertex 1.1999998092651367 23.849998474121094 12.799999237060547
      vertex 1.1999998092651367 23.200000762939453 13.449999809265137
    endloop
  endfacet
  facet normal 1 0 0
    outer loop
      vertex 1.1999998092651367 23.031766891479492 13.427851676940918
      vertex 1.1999998092651367 23.849998474121094 12.799999237060547
      vertex 1.1999998092651367 23.115158081054688 13.444438934326172
    endloop
  endfacet
  facet normal 1 0 0
    outer loop
      vertex 1.1999998092651367 22.951255798339844 13.400521278381348
      vertex 1.1999998092651367 23.849998474121094 12.799999237060547
      vertex 1.1999998092651367 23.031766891479492 13.427851676940918
    endloop
  endfacet
  facet normal 1 0 0
    outer loop
      vertex 1.1999998092651367 22.875 13.362915992736816
      vertex 1.1999998092651367 23.849998474121094 12.799999237060547
      vertex 1.1999998092651367 22.951255798339844 13.400521278381348
    endloop
  endfacet
  facet normal 1 0 0
    outer loop
      vertex 1.1999998092651367 22.804304122924805 13.315679550170898
      vertex 1.1999998092651367 23.849998474121094 12.799999237060547
      vertex 1.1999998092651367 22.875 13.362915992736816
    endloop
  endfacet
  facet normal 1 0 0
    outer loop
      vertex 1.1999998092651367 22.740379333496094 13.259618759155273
      vertex 1.1999998092651367 23.849998474121094 12.799999237060547
      vertex 1.1999998092651367 22.804304122924805 13.315679550170898
    endloop
  endfacet
  facet normal 1 0 0
    outer loop
      vertex 1.1999998092651367 22.68431854248047 13.195694923400879
      vertex 1.1999998092651367 23.849998474121094 12.799999237060547
      vertex 1.1999998092651367 22.740379333496094 13.259618759155273
    endloop
  endfacet
  facet normal 1 0 0
    outer loop
      vertex 1.1999998092651367 22.637083053588867 13.125
      vertex 1.1999998092651367 23.849998474121094 12.799999237060547
      vertex 1.1999998092651367 22.68431854248047 13.195694923400879
    endloop
  endfacet
  facet normal 1 0 0
    outer loop
      vertex 1.1999998092651367 22.599477767944336 13.048744201660156
      vertex 1.1999998092651367 23.849998474121094 12.799999237060547
      vertex 1.1999998092651367 22.637083053588867 13.125
    endloop
  endfacet
  facet normal 1 0 0
    outer loop
      vertex 1.1999998092651367 22.572147369384766 12.968232154846191
      vertex 1.1999998092651367 23.849998474121094 12.799999237060547
      vertex 1.1999998092651367 22.599477767944336 13.048744201660156
    endloop
  endfacet
  facet normal 1 0 0
    outer loop
      vertex 1.1999998092651367 22.555561065673828 12.884841918945312
      vertex 1.1999998092651367 23.849998474121094 12.799999237060547
      vertex 1.1999998092651367 22.572147369384766 12.968232154846191
    endloop
  endfacet
  facet normal 1 0 0
    outer loop
      vertex 1.1999998092651367 23.849998474121094 12.799999237060547
      vertex 1.1999998092651367 22.555561065673828 12.884841918945312
      vertex 1.1999998092651367 22.549999237060547 12.799999237060547
    endloop
  endfacet
  facet normal 0 -0.44228951787957066 0.8968723333751893
    outer loop
      vertex 2.3999996185302734 23.524999618530273 12.237083435058594
      vertex 1.800520896911621 23.44874382019043 12.199478149414062
      vertex 2.3999996185302734 23.44874382019043 12.199478149414062
    endloop
  endfacet
  facet normal 0 -0.44228951787957066 0.8968723333751895
    outer loop
      vertex 1.800520896911621 23.44874382019043 12.199478149414062
      vertex 2.3999996185302734 23.524999618530273 12.237083435058594
      vertex 1.7629156112670898 23.524999618530273 12.237083435058594
    endloop
  endfacet
  facet normal 0 -0.7518334427905536 -0.6593530725656045
    outer loop
      vertex 1.1999998092651367 23.715679168701172 13.195694923400879
      vertex 2.3999996185302734 23.659618377685547 13.259618759155273
      vertex 1.1999998092651367 23.659618377685547 13.259618759155273
    endloop
  endfacet
  facet normal 0 -0.7518334427905536 -0.6593530725656045
    outer loop
      vertex 2.3999996185302734 23.659618377685547 13.259618759155273
      vertex 1.1999998092651367 23.715679168701172 13.195694923400879
      vertex 2.3999996185302734 23.715679168701172 13.195694923400879
    endloop
  endfacet
  facet normal 0 0.8314769400318395 -0.555559266141146
    outer loop
      vertex 2.3999996185302734 22.637083053588867 13.125
      vertex 1.1999998092651367 22.68431854248047 13.195694923400879
      vertex 2.3999996185302734 22.68431854248047 13.195694923400879
    endloop
  endfacet
  facet normal 0 0.8314769400318395 -0.555559266141146
    outer loop
      vertex 1.1999998092651367 22.68431854248047 13.195694923400879
      vertex 2.3999996185302734 22.637083053588867 13.125
      vertex 1.1999998092651367 22.637083053588867 13.125
    endloop
  endfacet
  facet normal 0 0.8968723333751895 -0.44228951787957066
    outer loop
      vertex 2.3999996185302734 22.599477767944336 13.048744201660156
      vertex 1.1999998092651367 22.637083053588867 13.125
      vertex 2.3999996185302734 22.637083053588867 13.125
    endloop
  endfacet
  facet normal 0 0.8968723333751895 -0.44228951787957066
    outer loop
      vertex 1.1999998092651367 22.637083053588867 13.125
      vertex 2.3999996185302734 22.599477767944336 13.048744201660156
      vertex 1.1999998092651367 22.599477767944336 13.048744201660156
    endloop
  endfacet
  facet normal 0 -1 0
    outer loop
      vertex -9.5 16.099998474121094 -1.8999996185302734
      vertex -5 16.099998474121094 -3.799999237060547
      vertex -5 16.099998474121094 -1.8999996185302734
    endloop
  endfacet
  facet normal 0 -1 0
    outer loop
      vertex -9.5 16.099998474121094 -4
      vertex -5 16.099998474121094 -3.799999237060547
      vertex -9.5 16.099998474121094 -1.8999996185302734
    endloop
  endfacet
  facet normal 0 -1 0
    outer loop
      vertex -5 16.099998474121094 -3.799999237060547
      vertex -9.5 16.099998474121094 -4
      vertex -5 16.099998474121094 -4
    endloop
  endfacet
  facet normal 0 0 -1
    outer loop
      vertex -9.5 16.244735717773438 -0.8999996185302734
      vertex -7.5 18.849998474121094 -0.8999996185302734
      vertex -7.5 16.244735717773438 -0.8999996185302734
    endloop
  endfacet
  facet normal 0 0 -1
    outer loop
      vertex -7.5 18.849998474121094 -0.8999996185302734
      vertex -9.5 16.244735717773438 -0.8999996185302734
      vertex -7.5 20.149999618530273 -0.8999996185302734
    endloop
  endfacet
  facet normal 0 0 -1
    outer loop
      vertex -9.5 22.75526237487793 -0.8999996185302734
      vertex -7.5 20.149999618530273 -0.8999996185302734
      vertex -9.5 16.244735717773438 -0.8999996185302734
    endloop
  endfacet
  facet normal 0 0 -1
    outer loop
      vertex -7.5 20.149999618530273 -0.8999996185302734
      vertex -9.5 22.75526237487793 -0.8999996185302734
      vertex -7.5 22.75526237487793 -0.8999996185302734
    endloop
  endfacet
  facet normal 0 0 -1
    outer loop
      vertex -7.5 18.849998474121094 -0.8999996185302734
      vertex -6.299999237060547 20.149999618530273 -0.8999996185302734
      vertex -6.299999237060547 18.849998474121094 -0.8999996185302734
    endloop
  endfacet
  facet normal 0 0 -1
    outer loop
      vertex -6.299999237060547 20.149999618530273 -0.8999996185302734
      vertex -7.5 18.849998474121094 -0.8999996185302734
      vertex -7.5 20.149999618530273 -0.8999996185302734
    endloop
  endfacet
  facet normal 0 0 -1
    outer loop
      vertex -6.299999237060547 17.91357421875 -0.8999996185302734
      vertex -5.42894172668457 18.674999237060547 -0.8999996185302734
      vertex -6.284319877624512 17.895694732666016 -0.8999996185302734
    endloop
  endfacet
  facet normal 0 0 -1
    outer loop
      vertex -5.649999618530273 19.5 -0.8999996185302734
      vertex -6.155560493469238 21.415157318115234 -0.8999996185302734
      vertex -6.149999618530273 21.5 -0.8999996185302734
    endloop
  endfacet
  facet normal 0 0 -1
    outer loop
      vertex -6.299999237060547 18.849998474121094 -0.8999996185302734
      vertex -5.42894172668457 18.674999237060547 -0.8999996185302734
      vertex -6.299999237060547 17.91357421875 -0.8999996185302734
    endloop
  endfacet
  facet normal 0 0 -1
    outer loop
      vertex -6.299999237060547 20.149999618530273 -0.8999996185302734
      vertex -5.649999618530273 19.5 -0.8999996185302734
      vertex -6.299999237060547 18.849998474121094 -0.8999996185302734
    endloop
  endfacet
  facet normal 0 0 -1
    outer loop
      vertex -5.42894172668457 18.674999237060547 -0.8999996185302734
      vertex -6.299999237060547 18.849998474121094 -0.8999996185302734
      vertex -5.52440071105957 18.868572235107422 -0.8999996185302734
    endloop
  endfacet
  facet normal 0 0 -1
    outer loop
      vertex -6.237083435058594 21.174999237060547 -0.8999996185302734
      vertex -5.649999618530273 19.5 -0.8999996185302734
      vertex -6.299999237060547 20.149999618530273 -0.8999996185302734
    endloop
  endfacet
  facet normal 0 0 -1
    outer loop
      vertex -5.635883331298828 19.284631729125977 -0.8999996185302734
      vertex -6.299999237060547 18.849998474121094 -0.8999996185302734
      vertex -5.649999618530273 19.5 -0.8999996185302734
    endloop
  endfacet
  facet normal 0 0 -1
    outer loop
      vertex -5.649999618530273 19.5 -0.8999996185302734
      vertex -6.172147750854492 21.331768035888672 -0.8999996185302734
      vertex -6.155560493469238 21.415157318115234 -0.8999996185302734
    endloop
  endfacet
  facet normal 0 0 -1
    outer loop
      vertex -5.593776702880859 19.072948455810547 -0.8999996185302734
      vertex -6.299999237060547 18.849998474121094 -0.8999996185302734
      vertex -5.635883331298828 19.284631729125977 -0.8999996185302734
    endloop
  endfacet
  facet normal 0 0 -1
    outer loop
      vertex -5.649999618530273 19.5 -0.8999996185302734
      vertex -6.1994781494140625 21.25125503540039 -0.8999996185302734
      vertex -6.172147750854492 21.331768035888672 -0.8999996185302734
    endloop
  endfacet
  facet normal 0 0 -1
    outer loop
      vertex -5.52440071105957 18.868572235107422 -0.8999996185302734
      vertex -6.299999237060547 18.849998474121094 -0.8999996185302734
      vertex -5.593776702880859 19.072948455810547 -0.8999996185302734
    endloop
  endfacet
  facet normal 0 0 -1
    outer loop
      vertex -5.649999618530273 19.5 -0.8999996185302734
      vertex -6.237083435058594 21.174999237060547 -0.8999996185302734
      vertex -6.1994781494140625 21.25125503540039 -0.8999996185302734
    endloop
  endfacet
  facet normal 0 0 -1
    outer loop
      vertex -6.237083435058594 21.174999237060547 -0.8999996185302734
      vertex -6.299999237060547 20.149999618530273 -0.8999996185302734
      vertex -6.284319877624512 21.104305267333984 -0.8999996185302734
    endloop
  endfacet
  facet normal 0 0 -1
    outer loop
      vertex -6.284319877624512 21.104305267333984 -0.8999996185302734
      vertex -6.299999237060547 20.149999618530273 -0.8999996185302734
      vertex -6.299999237060547 21.08642578125 -0.8999996185302734
    endloop
  endfacet
  facet normal 0 0 -1
    outer loop
      vertex -6.155560493469238 17.415157318115234 -0.8999996185302734
      vertex -5 18.187990188598633 -0.8999996185302734
      vertex -5 16.244735717773438 -0.8999996185302734
    endloop
  endfacet
  facet normal 0 0 -1
    outer loop
      vertex -6.149999618530273 17.5 -0.8999996185302734
      vertex -5 18.187990188598633 -0.8999996185302734
      vertex -6.155560493469238 17.415157318115234 -0.8999996185302734
    endloop
  endfacet
  facet normal 0 0 -1
    outer loop
      vertex -5 18.187990188598633 -0.8999996185302734
      vertex -6.149999618530273 17.5 -0.8999996185302734
      vertex -5.00445556640625 18.190967559814453 -0.8999996185302734
    endloop
  endfacet
  facet normal 0 0 -1
    outer loop
      vertex -6.172147750854492 17.668231964111328 -0.8999996185302734
      vertex -5.00445556640625 18.190967559814453 -0.8999996185302734
      vertex -6.155560493469238 17.584842681884766 -0.8999996185302734
    endloop
  endfacet
  facet normal 0 0 -1
    outer loop
      vertex -5.00445556640625 18.190967559814453 -0.8999996185302734
      vertex -6.172147750854492 17.668231964111328 -0.8999996185302734
      vertex -5.166726112365723 18.33327293395996 -0.8999996185302734
    endloop
  endfacet
  facet normal 0 0 -1
    outer loop
      vertex -6.1994781494140625 17.74874496459961 -0.8999996185302734
      vertex -5.166726112365723 18.33327293395996 -0.8999996185302734
      vertex -6.172147750854492 17.668231964111328 -0.8999996185302734
    endloop
  endfacet
  facet normal 0 0 -1
    outer loop
      vertex -6.284319877624512 17.895694732666016 -0.8999996185302734
      vertex -5.309032440185547 18.49554443359375 -0.8999996185302734
      vertex -6.237083435058594 17.825000762939453 -0.8999996185302734
    endloop
  endfacet
  facet normal 0 0 -1
    outer loop
      vertex -6.237083435058594 17.825000762939453 -0.8999996185302734
      vertex -5.309032440185547 18.49554443359375 -0.8999996185302734
      vertex -6.1994781494140625 17.74874496459961 -0.8999996185302734
    endloop
  endfacet
  facet normal 0 0 -1
    outer loop
      vertex -5.166726112365723 18.33327293395996 -0.8999996185302734
      vertex -6.1994781494140625 17.74874496459961 -0.8999996185302734
      vertex -5.309032440185547 18.49554443359375 -0.8999996185302734
    endloop
  endfacet
  facet normal 0 0 -1
    outer loop
      vertex -6.155560493469238 17.584842681884766 -0.8999996185302734
      vertex -5.00445556640625 18.190967559814453 -0.8999996185302734
      vertex -6.149999618530273 17.5 -0.8999996185302734
    endloop
  endfacet
  facet normal 0 0 -1
    outer loop
      vertex -5 16.244735717773438 -0.8999996185302734
      vertex -6.172147750854492 17.331768035888672 -0.8999996185302734
      vertex -6.155560493469238 17.415157318115234 -0.8999996185302734
    endloop
  endfacet
  facet normal 0 0 -1
    outer loop
      vertex -5 16.244735717773438 -0.8999996185302734
      vertex -6.1994781494140625 17.25125503540039 -0.8999996185302734
      vertex -6.172147750854492 17.331768035888672 -0.8999996185302734
    endloop
  endfacet
  facet normal 0 0 -1
    outer loop
      vertex -5 16.244735717773438 -0.8999996185302734
      vertex -6.237083435058594 17.174999237060547 -0.8999996185302734
      vertex -6.1994781494140625 17.25125503540039 -0.8999996185302734
    endloop
  endfacet
  facet normal 0 0 -1
    outer loop
      vertex -5 16.244735717773438 -0.8999996185302734
      vertex -6.284319877624512 17.104305267333984 -0.8999996185302734
      vertex -6.237083435058594 17.174999237060547 -0.8999996185302734
    endloop
  endfacet
  facet normal 0 0 -1
    outer loop
      vertex -6.299999237060547 16.244735717773438 -0.8999996185302734
      vertex -6.284319877624512 17.104305267333984 -0.8999996185302734
      vertex -5 16.244735717773438 -0.8999996185302734
    endloop
  endfacet
  facet normal 0 0 -1
    outer loop
      vertex -6.284319877624512 17.104305267333984 -0.8999996185302734
      vertex -6.299999237060547 16.244735717773438 -0.8999996185302734
      vertex -6.299999237060547 17.08642578125 -0.8999996185302734
    endloop
  endfacet
  facet normal 0 0 -1
    outer loop
      vertex -6.149999618530273 21.5 -0.8999996185302734
      vertex -5 20.812009811401367 -0.8999996185302734
      vertex -5.00445556640625 20.809032440185547 -0.8999996185302734
    endloop
  endfacet
  facet normal 0 0 -1
    outer loop
      vertex -6.149999618530273 21.5 -0.8999996185302734
      vertex -5.00445556640625 20.809032440185547 -0.8999996185302734
      vertex -5.166726112365723 20.666725158691406 -0.8999996185302734
    endloop
  endfacet
  facet normal 0 0 -1
    outer loop
      vertex -6.149999618530273 21.5 -0.8999996185302734
      vertex -5.166726112365723 20.666725158691406 -0.8999996185302734
      vertex -5.309032440185547 20.50445556640625 -0.8999996185302734
    endloop
  endfacet
  facet normal 0 0 -1
    outer loop
      vertex -6.149999618530273 21.5 -0.8999996185302734
      vertex -5.309032440185547 20.50445556640625 -0.8999996185302734
      vertex -5.42894172668457 20.325000762939453 -0.8999996185302734
    endloop
  endfacet
  facet normal 0 0 -1
    outer loop
      vertex -6.149999618530273 21.5 -0.8999996185302734
      vertex -5.42894172668457 20.325000762939453 -0.8999996185302734
      vertex -5.52440071105957 20.131427764892578 -0.8999996185302734
    endloop
  endfacet
  facet normal 0 0 -1
    outer loop
      vertex -6.149999618530273 21.5 -0.8999996185302734
      vertex -5.52440071105957 20.131427764892578 -0.8999996185302734
      vertex -5.593776702880859 19.927051544189453 -0.8999996185302734
    endloop
  endfacet
  facet normal 0 0 -1
    outer loop
      vertex -5.309032440185547 18.49554443359375 -0.8999996185302734
      vertex -6.284319877624512 17.895694732666016 -0.8999996185302734
      vertex -5.42894172668457 18.674999237060547 -0.8999996185302734
    endloop
  endfacet
  facet normal 0 0 -1
    outer loop
      vertex -5.649999618530273 19.5 -0.8999996185302734
      vertex -6.149999618530273 21.5 -0.8999996185302734
      vertex -5.635883331298828 19.71536636352539 -0.8999996185302734
    endloop
  endfacet
  facet normal 0 0 -1
    outer loop
      vertex -5.635883331298828 19.71536636352539 -0.8999996185302734
      vertex -6.149999618530273 21.5 -0.8999996185302734
      vertex -5.593776702880859 19.927051544189453 -0.8999996185302734
    endloop
  endfacet
  facet normal 0 0 -1
    outer loop
      vertex -5 20.812009811401367 -0.8999996185302734
      vertex -6.149999618530273 21.5 -0.8999996185302734
      vertex -6.155560493469238 21.584842681884766 -0.8999996185302734
    endloop
  endfacet
  facet normal 0 0 -1
    outer loop
      vertex -5 20.812009811401367 -0.8999996185302734
      vertex -6.155560493469238 21.584842681884766 -0.8999996185302734
      vertex -5 22.75526237487793 -0.8999996185302734
    endloop
  endfacet
  facet normal 0 0 -1
    outer loop
      vertex -6.172147750854492 21.668231964111328 -0.8999996185302734
      vertex -5 22.75526237487793 -0.8999996185302734
      vertex -6.155560493469238 21.584842681884766 -0.8999996185302734
    endloop
  endfacet
  facet normal 0 0 -1
    outer loop
      vertex -6.1994781494140625 21.74874496459961 -0.8999996185302734
      vertex -5 22.75526237487793 -0.8999996185302734
      vertex -6.172147750854492 21.668231964111328 -0.8999996185302734
    endloop
  endfacet
  facet normal 0 0 -1
    outer loop
      vertex -6.237083435058594 21.825000762939453 -0.8999996185302734
      vertex -5 22.75526237487793 -0.8999996185302734
      vertex -6.1994781494140625 21.74874496459961 -0.8999996185302734
    endloop
  endfacet
  facet normal 0 0 -1
    outer loop
      vertex -6.284319877624512 21.895694732666016 -0.8999996185302734
      vertex -5 22.75526237487793 -0.8999996185302734
      vertex -6.237083435058594 21.825000762939453 -0.8999996185302734
    endloop
  endfacet
  facet normal 0 0 -1
    outer loop
      vertex -6.299999237060547 22.75526237487793 -0.8999996185302734
      vertex -6.284319877624512 21.895694732666016 -0.8999996185302734
      vertex -6.299999237060547 21.91357421875 -0.8999996185302734
    endloop
  endfacet
  facet normal 0 0 -1
    outer loop
      vertex -6.284319877624512 21.895694732666016 -0.8999996185302734
      vertex -6.299999237060547 22.75526237487793 -0.8999996185302734
      vertex -5 22.75526237487793 -0.8999996185302734
    endloop
  endfacet
  facet normal 0 -1 0
    outer loop
      vertex -9.5 20.099998474121094 -4
      vertex -5.535068988800049 20.099998474121094 -1.8999996185302734
      vertex -9.5 20.099998474121094 -1.8999996185302734
    endloop
  endfacet
  facet normal 0 -1 0
    outer loop
      vertex -5.535068988800049 20.099998474121094 -1.8999996185302734
      vertex -9.5 20.099998474121094 -4
      vertex -5.535068988800049 20.099998474121094 -4
    endloop
  endfacet
  facet normal 0 1 0
    outer loop
      vertex -5.535068988800049 18.899999618530273 -4
      vertex -9.5 18.899999618530273 -1.8999996185302734
      vertex -5.535068988800049 18.899999618530273 -1.8999996185302734
    endloop
  endfacet
  facet normal 0 1 0
    outer loop
      vertex -9.5 18.899999618530273 -1.8999996185302734
      vertex -5.535068988800049 18.899999618530273 -4
      vertex -9.5 18.899999618530273 -4
    endloop
  endfacet
  facet normal 0 1 0
    outer loop
      vertex -5 22.899999618530273 -3.799999237060547
      vertex -9.5 22.899999618530273 -1.8999996185302734
      vertex -5 22.899999618530273 -1.8999996185302734
    endloop
  endfacet
  facet normal 0 1 0
    outer loop
      vertex -9.5 22.899999618530273 -4
      vertex -5 22.899999618530273 -3.799999237060547
      vertex -5 22.899999618530273 -4
    endloop
  endfacet
  facet normal 0 1 0
    outer loop
      vertex -5 22.899999618530273 -3.799999237060547
      vertex -9.5 22.899999618530273 -4
      vertex -9.5 22.899999618530273 -1.8999996185302734
    endloop
  endfacet
  facet normal -0.980785432892317 -0.1950895554001549 0
    outer loop
      vertex -2.3641157150268555 19.71536636352539 -3.799999237060547
      vertex -2.406222343444824 19.927051544189453 0.14999961853027344
      vertex -2.406222343444824 19.927051544189453 -3.799999237060547
    endloop
  endfacet
  facet normal -0.980785432892317 -0.1950895554001549 0
    outer loop
      vertex -2.406222343444824 19.927051544189453 0.14999961853027344
      vertex -2.3641157150268555 19.71536636352539 -3.799999237060547
      vertex -2.3641157150268555 19.71536636352539 0.14999961853027344
    endloop
  endfacet
  facet normal -0.9978587932138872 -0.06540511299374727 0
    outer loop
      vertex -2.34999942779541 19.5 -3.799999237060547
      vertex -2.3641157150268555 19.71536636352539 0.14999961853027344
      vertex -2.3641157150268555 19.71536636352539 -3.799999237060547
    endloop
  endfacet
  facet normal -0.9978587932138872 -0.06540511299374727 0
    outer loop
      vertex -2.3641157150268555 19.71536636352539 0.14999961853027344
      vertex -2.34999942779541 19.5 -3.799999237060547
      vertex -2.34999942779541 19.5 0.14999961853027344
    endloop
  endfacet
  facet normal -0.9807850965455034 0.1950912463290642 0
    outer loop
      vertex -2.406222343444824 19.072948455810547 -3.799999237060547
      vertex -2.3641157150268555 19.284631729125977 0.14999961853027344
      vertex -2.3641157150268555 19.284631729125977 -3.799999237060547
    endloop
  endfacet
  facet normal -0.9807850965455034 0.1950912463290642 0
    outer loop
      vertex -2.3641157150268555 19.284631729125977 0.14999961853027344
      vertex -2.406222343444824 19.072948455810547 -3.799999237060547
      vertex -2.406222343444824 19.072948455810547 0.14999961853027344
    endloop
  endfacet
  facet normal 0.9469349794516808 -0.3214251774376814 0
    outer loop
      vertex -5.535068988800049 20.099998474121094 -1.8999996185302734
      vertex -5.52440071105957 20.131427764892578 -4
      vertex -5.52440071105957 20.131427764892578 -1.8999996185302734
    endloop
  endfacet
  facet normal 0.9469349794516808 -0.3214251774376814 0
    outer loop
      vertex -5.52440071105957 20.131427764892578 -4
      vertex -5.535068988800049 20.099998474121094 -1.8999996185302734
      vertex -5.535068988800049 20.099998474121094 -4
    endloop
  endfacet
  facet normal 0.9469306748580976 -0.3214378587111168 0
    outer loop
      vertex -5.593776702880859 19.927051544189453 0.14999961853027344
      vertex -5.52440071105957 20.131427764892578 -0.8999996185302734
      vertex -5.52440071105957 20.131427764892578 0.14999961853027344
    endloop
  endfacet
  facet normal 0.9469306748580976 -0.3214378587111168 0
    outer loop
      vertex -5.52440071105957 20.131427764892578 -0.8999996185302734
      vertex -5.593776702880859 19.927051544189453 0.14999961853027344
      vertex -5.593776702880859 19.927051544189453 -0.8999996185302734
    endloop
  endfacet
  facet normal -0.9469306748580976 -0.32143785871111674 0
    outer loop
      vertex -2.406222343444824 19.927051544189453 -3.799999237060547
      vertex -2.4755983352661133 20.131427764892578 0.14999961853027344
      vertex -2.4755983352661133 20.131427764892578 -3.799999237060547
    endloop
  endfacet
  facet normal -0.9469306748580976 -0.32143785871111674 0
    outer loop
      vertex -2.4755983352661133 20.131427764892578 0.14999961853027344
      vertex -2.406222343444824 19.927051544189453 -3.799999237060547
      vertex -2.406222343444824 19.927051544189453 0.14999961853027344
    endloop
  endfacet
  facet normal 0.4422862520205139 0.896873943915 0
    outer loop
      vertex -4.631426811218262 17.975597381591797 -3.799999237060547
      vertex -4.824999809265137 18.071056365966797 0.14999961853027344
      vertex -4.631426811218262 17.975597381591797 0.14999961853027344
    endloop
  endfacet
  facet normal 0.4422862520205139 0.896873943915 0
    outer loop
      vertex -4.824999809265137 18.071056365966797 0.14999961853027344
      vertex -4.631426811218262 17.975597381591797 -3.799999237060547
      vertex -4.824999809265137 18.071056365966797 -3.799999237060547
    endloop
  endfacet
  facet normal 0.8968739439149999 0.4422862520205139 0
    outer loop
      vertex -5.42894172668457 18.674999237060547 -1.8999996185302734
      vertex -5.52440071105957 18.868572235107422 -4
      vertex -5.52440071105957 18.868572235107422 -1.8999996185302734
    endloop
  endfacet
  facet normal 0.8968739439149999 0.4422862520205139 0
    outer loop
      vertex -5.52440071105957 18.868572235107422 -4
      vertex -5.42894172668457 18.674999237060547 -1.8999996185302734
      vertex -5.42894172668457 18.674999237060547 -4
    endloop
  endfacet
  facet normal 0.896873943915 0.4422862520205139 0
    outer loop
      vertex -5.42894172668457 18.674999237060547 0.14999961853027344
      vertex -5.52440071105957 18.868572235107422 -0.8999996185302734
      vertex -5.52440071105957 18.868572235107422 0.14999961853027344
    endloop
  endfacet
  facet normal 0.896873943915 0.4422862520205139 0
    outer loop
      vertex -5.52440071105957 18.868572235107422 -0.8999996185302734
      vertex -5.42894172668457 18.674999237060547 0.14999961853027344
      vertex -5.42894172668457 18.674999237060547 -0.8999996185302734
    endloop
  endfacet
  facet normal -0.9978588310179914 0.06540453622959 0
    outer loop
      vertex -2.3641157150268555 19.284631729125977 -3.799999237060547
      vertex -2.34999942779541 19.5 0.14999961853027344
      vertex -2.34999942779541 19.5 -3.799999237060547
    endloop
  endfacet
  facet normal -0.9978588310179914 0.06540453622959 0
    outer loop
      vertex -2.34999942779541 19.5 0.14999961853027344
      vertex -2.3641157150268555 19.284631729125977 -3.799999237060547
      vertex -2.3641157150268555 19.284631729125977 0.14999961853027344
    endloop
  endfacet
  facet normal 0.4422862520205139 -0.896873943915 0
    outer loop
      vertex -4.824999809265137 20.92894172668457 -3.799999237060547
      vertex -4.631426811218262 21.02440071105957 0.14999961853027344
      vertex -4.824999809265137 20.92894172668457 0.14999961853027344
    endloop
  endfacet
  facet normal 0.4422862520205139 -0.896873943915 0
    outer loop
      vertex -4.631426811218262 21.02440071105957 0.14999961853027344
      vertex -4.824999809265137 20.92894172668457 -3.799999237060547
      vertex -4.631426811218262 21.02440071105957 -3.799999237060547
    endloop
  endfacet
  facet normal -0.4422862520205139 0.896873943915 0
    outer loop
      vertex -3.174999237060547 18.071056365966797 -3.799999237060547
      vertex -3.368572235107422 17.975597381591797 0.14999961853027344
      vertex -3.174999237060547 18.071056365966797 0.14999961853027344
    endloop
  endfacet
  facet normal -0.4422862520205139 0.896873943915 0
    outer loop
      vertex -3.368572235107422 17.975597381591797 0.14999961853027344
      vertex -3.174999237060547 18.071056365966797 -3.799999237060547
      vertex -3.368572235107422 17.975597381591797 -3.799999237060547
    endloop
  endfacet
  facet normal -0.7518404627011606 -0.6593450679616135 0
    outer loop
      vertex -2.6909666061401367 20.50445556640625 -3.799999237060547
      vertex -2.833272933959961 20.666725158691406 0.14999961853027344
      vertex -2.833272933959961 20.666725158691406 -3.799999237060547
    endloop
  endfacet
  facet normal -0.7518404627011606 -0.6593450679616135 0
    outer loop
      vertex -2.833272933959961 20.666725158691406 0.14999961853027344
      vertex -2.6909666061401367 20.50445556640625 -3.799999237060547
      vertex -2.6909666061401367 20.50445556640625 0.14999961853027344
    endloop
  endfacet
  facet normal 0.9807850965455035 0.19509124632906422 0
    outer loop
      vertex -5.593776702880859 19.072948455810547 0.14999961853027344
      vertex -5.635883331298828 19.284631729125977 -0.8999996185302734
      vertex -5.635883331298828 19.284631729125977 0.14999961853027344
    endloop
  endfacet
  facet normal 0.9807850965455035 0.19509124632906422 0
    outer loop
      vertex -5.635883331298828 19.284631729125977 -0.8999996185302734
      vertex -5.593776702880859 19.072948455810547 0.14999961853027344
      vertex -5.593776702880859 19.072948455810547 -0.8999996185302734
    endloop
  endfacet
  facet normal 0.1950912463290642 0.9807850965455034 0
    outer loop
      vertex -4.215367317199707 17.864116668701172 -3.799999237060547
      vertex -4.427050590515137 17.90622329711914 0.14999961853027344
      vertex -4.215367317199707 17.864116668701172 0.14999961853027344
    endloop
  endfacet
  facet normal 0.1950912463290642 0.9807850965455034 0
    outer loop
      vertex -4.427050590515137 17.90622329711914 0.14999961853027344
      vertex -4.215367317199707 17.864116668701172 -3.799999237060547
      vertex -4.427050590515137 17.90622329711914 -3.799999237060547
    endloop
  endfacet
  facet normal 0.5556033783551081 -0.831447464341789 0
    outer loop
      vertex -5.00445556640625 20.809032440185547 -1.8999996185302734
      vertex -5 20.812009811401367 -3.799999237060547
      vertex -5 20.812009811401367 -1.8999996185302734
    endloop
  endfacet
  facet normal 0.5556033783551082 -0.8314474643417891 0
    outer loop
      vertex -5.00445556640625 20.809032440185547 -4
      vertex -5 20.812009811401367 -3.799999237060547
      vertex -5.00445556640625 20.809032440185547 -1.8999996185302734
    endloop
  endfacet
  facet normal 0.5556033783551082 -0.8314474643417891 0
    outer loop
      vertex -5 20.812009811401367 -3.799999237060547
      vertex -5.00445556640625 20.809032440185547 -4
      vertex -5 20.812009811401367 -4
    endloop
  endfacet
  facet normal 0.5556033783551082 -0.8314474643417891 0
    outer loop
      vertex -5 20.812009811401367 -0.8999996185302734
      vertex -5.00445556640625 20.809032440185547 0.14999961853027344
      vertex -5.00445556640625 20.809032440185547 -0.8999996185302734
    endloop
  endfacet
  facet normal 0.5555727415069216 -0.8314679361794102 -1.8805420487194744e-7
    outer loop
      vertex -5.00445556640625 20.809032440185547 0.14999961853027344
      vertex -5 20.812009811401367 -0.8999996185302734
      vertex -4.824999809265137 20.92894172668457 0.14999961853027344
    endloop
  endfacet
  facet normal 0.5555719614524596 -0.8314684573980342 0
    outer loop
      vertex -5 20.812009811401367 -1.8999996185302734
      vertex -4.824999809265137 20.92894172668457 0.14999961853027344
      vertex -5 20.812009811401367 -0.8999996185302734
    endloop
  endfacet
  facet normal 0.5555719614524596 -0.8314684573980343 0
    outer loop
      vertex -4.824999809265137 20.92894172668457 -3.799999237060547
      vertex -5 20.812009811401367 -1.8999996185302734
      vertex -5 20.812009811401367 -3.799999237060547
    endloop
  endfacet
  facet normal 0.5555719614524596 -0.8314684573980343 0
    outer loop
      vertex -5 20.812009811401367 -1.8999996185302734
      vertex -4.824999809265137 20.92894172668457 -3.799999237060547
      vertex -4.824999809265137 20.92894172668457 0.14999961853027344
    endloop
  endfacet
  facet normal -0.06540453622959 -0.9978588310179914 0
    outer loop
      vertex -4 21.149999618530273 -3.799999237060547
      vertex -3.7846317291259766 21.135883331298828 0.14999961853027344
      vertex -4 21.149999618530273 0.14999961853027344
    endloop
  endfacet
  facet normal -0.06540453622959 -0.9978588310179914 0
    outer loop
      vertex -3.7846317291259766 21.135883331298828 0.14999961853027344
      vertex -4 21.149999618530273 -3.799999237060547
      vertex -3.7846317291259766 21.135883331298828 -3.799999237060547
    endloop
  endfacet
  facet normal -0.32143785871111674 -0.9469306748580976 0
    outer loop
      vertex -3.572948455810547 21.09377670288086 -3.799999237060547
      vertex -3.368572235107422 21.02440071105957 0.14999961853027344
      vertex -3.572948455810547 21.09377670288086 0.14999961853027344
    endloop
  endfacet
  facet normal -0.32143785871111674 -0.9469306748580976 0
    outer loop
      vertex -3.368572235107422 21.02440071105957 0.14999961853027344
      vertex -3.572948455810547 21.09377670288086 -3.799999237060547
      vertex -3.368572235107422 21.02440071105957 -3.799999237060547
    endloop
  endfacet
  facet normal 0.9978587932138872 -0.06540511299374727 0
    outer loop
      vertex -5.649999618530273 19.5 0.14999961853027344
      vertex -5.635883331298828 19.71536636352539 -0.8999996185302734
      vertex -5.635883331298828 19.71536636352539 0.14999961853027344
    endloop
  endfacet
  facet normal 0.9978587932138872 -0.06540511299374727 0
    outer loop
      vertex -5.635883331298828 19.71536636352539 -0.8999996185302734
      vertex -5.649999618530273 19.5 0.14999961853027344
      vertex -5.649999618530273 19.5 -0.8999996185302734
    endloop
  endfacet
  facet normal -0.896873943915 -0.4422862520205139 0
    outer loop
      vertex -2.4755983352661133 20.131427764892578 -3.799999237060547
      vertex -2.5710573196411133 20.325000762939453 0.14999961853027344
      vertex -2.5710573196411133 20.325000762939453 -3.799999237060547
    endloop
  endfacet
  facet normal -0.896873943915 -0.4422862520205139 0
    outer loop
      vertex -2.5710573196411133 20.325000762939453 0.14999961853027344
      vertex -2.4755983352661133 20.131427764892578 -3.799999237060547
      vertex -2.4755983352661133 20.131427764892578 0.14999961853027344
    endloop
  endfacet
  facet normal -0.6593403798336596 0.7518445740449321 0
    outer loop
      vertex -2.833272933959961 18.33327293395996 -3.799999237060547
      vertex -2.9955434799194336 18.190967559814453 0.14999961853027344
      vertex -2.833272933959961 18.33327293395996 0.14999961853027344
    endloop
  endfacet
  facet normal -0.6593403798336596 0.7518445740449321 0
    outer loop
      vertex -2.9955434799194336 18.190967559814453 0.14999961853027344
      vertex -2.833272933959961 18.33327293395996 -3.799999237060547
      vertex -2.9955434799194336 18.190967559814453 -3.799999237060547
    endloop
  endfacet
  facet normal 0.8314665723110798 0.5555747826614018 0
    outer loop
      vertex -5.309032440185547 18.49554443359375 -1.8999996185302734
      vertex -5.42894172668457 18.674999237060547 -4
      vertex -5.42894172668457 18.674999237060547 -1.8999996185302734
    endloop
  endfacet
  facet normal 0.8314665723110798 0.5555747826614018 0
    outer loop
      vertex -5.42894172668457 18.674999237060547 -4
      vertex -5.309032440185547 18.49554443359375 -1.8999996185302734
      vertex -5.309032440185547 18.49554443359375 -4
    endloop
  endfacet
  facet normal 0.8314665723110798 0.5555747826614018 0
    outer loop
      vertex -5.309032440185547 18.49554443359375 0.14999961853027344
      vertex -5.42894172668457 18.674999237060547 -0.8999996185302734
      vertex -5.42894172668457 18.674999237060547 0.14999961853027344
    endloop
  endfacet
  facet normal 0.8314665723110798 0.5555747826614018 0
    outer loop
      vertex -5.42894172668457 18.674999237060547 -0.8999996185302734
      vertex -5.309032440185547 18.49554443359375 0.14999961853027344
      vertex -5.309032440185547 18.49554443359375 -0.8999996185302734
    endloop
  endfacet
  facet normal -0.06541333567497436 0.9978582542204444 0
    outer loop
      vertex -3.7846317291259766 17.864116668701172 -3.799999237060547
      vertex -4 17.849998474121094 0.14999961853027344
      vertex -3.7846317291259766 17.864116668701172 0.14999961853027344
    endloop
  endfacet
  facet normal -0.06541333567497436 0.9978582542204444 0
    outer loop
      vertex -4 17.849998474121094 0.14999961853027344
      vertex -3.7846317291259766 17.864116668701172 -3.799999237060547
      vertex -4 17.849998474121094 -3.799999237060547
    endloop
  endfacet
  facet normal -0.8314665723110798 0.5555747826614018 0
    outer loop
      vertex -2.6909666061401367 18.49554443359375 -3.799999237060547
      vertex -2.5710573196411133 18.674999237060547 0.14999961853027344
      vertex -2.5710573196411133 18.674999237060547 -3.799999237060547
    endloop
  endfacet
  facet normal -0.8314665723110798 0.5555747826614018 0
    outer loop
      vertex -2.5710573196411133 18.674999237060547 0.14999961853027344
      vertex -2.6909666061401367 18.49554443359375 -3.799999237060547
      vertex -2.6909666061401367 18.49554443359375 0.14999961853027344
    endloop
  endfacet
  facet normal 0.6593453752397469 -0.7518401932258991 0
    outer loop
      vertex -5.166726112365723 20.666725158691406 -4
      vertex -5.00445556640625 20.809032440185547 -1.8999996185302734
      vertex -5.166726112365723 20.666725158691406 -1.8999996185302734
    endloop
  endfacet
  facet normal 0.6593453752397469 -0.7518401932258991 0
    outer loop
      vertex -5.00445556640625 20.809032440185547 -1.8999996185302734
      vertex -5.166726112365723 20.666725158691406 -4
      vertex -5.00445556640625 20.809032440185547 -4
    endloop
  endfacet
  facet normal 0.6593453752397469 -0.7518401932258991 0
    outer loop
      vertex -5.166726112365723 20.666725158691406 -0.8999996185302734
      vertex -5.00445556640625 20.809032440185547 0.14999961853027344
      vertex -5.166726112365723 20.666725158691406 0.14999961853027344
    endloop
  endfacet
  facet normal 0.6593453752397469 -0.7518401932258991 0
    outer loop
      vertex -5.00445556640625 20.809032440185547 0.14999961853027344
      vertex -5.166726112365723 20.666725158691406 -0.8999996185302734
      vertex -5.00445556640625 20.809032440185547 -0.8999996185302734
    endloop
  endfacet
  facet normal 0.9807854328923171 -0.19508955540015493 0
    outer loop
      vertex -5.635883331298828 19.71536636352539 0.14999961853027344
      vertex -5.593776702880859 19.927051544189453 -0.8999996185302734
      vertex -5.593776702880859 19.927051544189453 0.14999961853027344
    endloop
  endfacet
  facet normal 0.9807854328923171 -0.19508955540015493 0
    outer loop
      vertex -5.593776702880859 19.927051544189453 -0.8999996185302734
      vertex -5.635883331298828 19.71536636352539 0.14999961853027344
      vertex -5.635883331298828 19.71536636352539 -0.8999996185302734
    endloop
  endfacet
  facet normal -0.4422862520205139 -0.896873943915 0
    outer loop
      vertex -3.368572235107422 21.02440071105957 -3.799999237060547
      vertex -3.174999237060547 20.92894172668457 0.14999961853027344
      vertex -3.368572235107422 21.02440071105957 0.14999961853027344
    endloop
  endfacet
  facet normal -0.4422862520205139 -0.896873943915 0
    outer loop
      vertex -3.174999237060547 20.92894172668457 0.14999961853027344
      vertex -3.368572235107422 21.02440071105957 -3.799999237060547
      vertex -3.174999237060547 20.92894172668457 -3.799999237060547
    endloop
  endfacet
  facet normal -0.5555727415069315 -0.8314679361794249 0
    outer loop
      vertex -3.174999237060547 20.92894172668457 -3.799999237060547
      vertex -2.9955434799194336 20.809032440185547 0.14999961853027344
      vertex -3.174999237060547 20.92894172668457 0.14999961853027344
    endloop
  endfacet
  facet normal -0.5555727415069315 -0.8314679361794249 0
    outer loop
      vertex -2.9955434799194336 20.809032440185547 0.14999961853027344
      vertex -3.174999237060547 20.92894172668457 -3.799999237060547
      vertex -2.9955434799194336 20.809032440185547 -3.799999237060547
    endloop
  endfacet
  facet normal -0.896873943915 0.4422862520205139 0
    outer loop
      vertex -2.5710573196411133 18.674999237060547 -3.799999237060547
      vertex -2.4755983352661133 18.868572235107422 0.14999961853027344
      vertex -2.4755983352661133 18.868572235107422 -3.799999237060547
    endloop
  endfacet
  facet normal -0.896873943915 0.4422862520205139 0
    outer loop
      vertex -2.4755983352661133 18.868572235107422 0.14999961853027344
      vertex -2.5710573196411133 18.674999237060547 -3.799999237060547
      vertex -2.5710573196411133 18.674999237060547 0.14999961853027344
    endloop
  endfacet
  facet normal -0.1950912463290642 -0.9807850965455034 0
    outer loop
      vertex -3.7846317291259766 21.135883331298828 -3.799999237060547
      vertex -3.572948455810547 21.09377670288086 0.14999961853027344
      vertex -3.7846317291259766 21.135883331298828 0.14999961853027344
    endloop
  endfacet
  facet normal -0.1950912463290642 -0.9807850965455034 0
    outer loop
      vertex -3.572948455810547 21.09377670288086 0.14999961853027344
      vertex -3.7846317291259766 21.135883331298828 -3.799999237060547
      vertex -3.572948455810547 21.09377670288086 -3.799999237060547
    endloop
  endfacet
  facet normal 0.8314665723110798 -0.5555747826614018 0
    outer loop
      vertex -5.42894172668457 20.325000762939453 -1.8999996185302734
      vertex -5.309032440185547 20.50445556640625 -4
      vertex -5.309032440185547 20.50445556640625 -1.8999996185302734
    endloop
  endfacet
  facet normal 0.8314665723110798 -0.5555747826614018 0
    outer loop
      vertex -5.309032440185547 20.50445556640625 -4
      vertex -5.42894172668457 20.325000762939453 -1.8999996185302734
      vertex -5.42894172668457 20.325000762939453 -4
    endloop
  endfacet
  facet normal 0.8314665723110798 -0.5555747826614018 0
    outer loop
      vertex -5.42894172668457 20.325000762939453 0.14999961853027344
      vertex -5.309032440185547 20.50445556640625 -0.8999996185302734
      vertex -5.309032440185547 20.50445556640625 0.14999961853027344
    endloop
  endfacet
  facet normal 0.8314665723110798 -0.5555747826614018 0
    outer loop
      vertex -5.309032440185547 20.50445556640625 -0.8999996185302734
      vertex -5.42894172668457 20.325000762939453 0.14999961853027344
      vertex -5.42894172668457 20.325000762939453 -0.8999996185302734
    endloop
  endfacet
  facet normal 0.3214299344984064 0.94693336471388 0
    outer loop
      vertex -4.427050590515137 17.90622329711914 -3.799999237060547
      vertex -4.631426811218262 17.975597381591797 0.14999961853027344
      vertex -4.427050590515137 17.90622329711914 0.14999961853027344
    endloop
  endfacet
  facet normal 0.3214299344984064 0.94693336471388 0
    outer loop
      vertex -4.631426811218262 17.975597381591797 0.14999961853027344
      vertex -4.427050590515137 17.90622329711914 -3.799999237060547
      vertex -4.631426811218262 17.975597381591797 -3.799999237060547
    endloop
  endfacet
  facet normal -0.6593453752397469 -0.7518401932258991 0
    outer loop
      vertex -2.9955434799194336 20.809032440185547 -3.799999237060547
      vertex -2.833272933959961 20.666725158691406 0.14999961853027344
      vertex -2.9955434799194336 20.809032440185547 0.14999961853027344
    endloop
  endfacet
  facet normal -0.6593453752397469 -0.7518401932258991 0
    outer loop
      vertex -2.833272933959961 20.666725158691406 0.14999961853027344
      vertex -2.9955434799194336 20.809032440185547 -3.799999237060547
      vertex -2.833272933959961 20.666725158691406 -3.799999237060547
    endloop
  endfacet
  facet normal -0.8314665723110798 -0.5555747826614018 0
    outer loop
      vertex -2.5710573196411133 20.325000762939453 -3.799999237060547
      vertex -2.6909666061401367 20.50445556640625 0.14999961853027344
      vertex -2.6909666061401367 20.50445556640625 -3.799999237060547
    endloop
  endfacet
  facet normal -0.8314665723110798 -0.5555747826614018 0
    outer loop
      vertex -2.6909666061401367 20.50445556640625 0.14999961853027344
      vertex -2.5710573196411133 20.325000762939453 -3.799999237060547
      vertex -2.5710573196411133 20.325000762939453 0.14999961853027344
    endloop
  endfacet
  facet normal 0.9978588310179914 0.06540453622959 0
    outer loop
      vertex -5.635883331298828 19.284631729125977 0.14999961853027344
      vertex -5.649999618530273 19.5 -0.8999996185302734
      vertex -5.649999618530273 19.5 0.14999961853027344
    endloop
  endfacet
  facet normal 0.9978588310179914 0.06540453622959 0
    outer loop
      vertex -5.649999618530273 19.5 -0.8999996185302734
      vertex -5.635883331298828 19.284631729125977 0.14999961853027344
      vertex -5.635883331298828 19.284631729125977 -0.8999996185302734
    endloop
  endfacet
  facet normal 0.8968739439149999 -0.4422862520205139 0
    outer loop
      vertex -5.52440071105957 20.131427764892578 -1.8999996185302734
      vertex -5.42894172668457 20.325000762939453 -4
      vertex -5.42894172668457 20.325000762939453 -1.8999996185302734
    endloop
  endfacet
  facet normal 0.8968739439149999 -0.4422862520205139 0
    outer loop
      vertex -5.42894172668457 20.325000762939453 -4
      vertex -5.52440071105957 20.131427764892578 -1.8999996185302734
      vertex -5.52440071105957 20.131427764892578 -4
    endloop
  endfacet
  facet normal 0.896873943915 -0.4422862520205139 0
    outer loop
      vertex -5.52440071105957 20.131427764892578 0.14999961853027344
      vertex -5.42894172668457 20.325000762939453 -0.8999996185302734
      vertex -5.42894172668457 20.325000762939453 0.14999961853027344
    endloop
  endfacet
  facet normal 0.896873943915 -0.4422862520205139 0
    outer loop
      vertex -5.42894172668457 20.325000762939453 -0.8999996185302734
      vertex -5.52440071105957 20.131427764892578 0.14999961853027344
      vertex -5.52440071105957 20.131427764892578 -0.8999996185302734
    endloop
  endfacet
  facet normal 0.7518443045460608 0.6593406871425805 0
    outer loop
      vertex -5.166726112365723 18.33327293395996 -1.8999996185302734
      vertex -5.309032440185547 18.49554443359375 -4
      vertex -5.309032440185547 18.49554443359375 -1.8999996185302734
    endloop
  endfacet
  facet normal 0.7518443045460608 0.6593406871425805 0
    outer loop
      vertex -5.309032440185547 18.49554443359375 -4
      vertex -5.166726112365723 18.33327293395996 -1.8999996185302734
      vertex -5.166726112365723 18.33327293395996 -4
    endloop
  endfacet
  facet normal 0.7518443045460608 0.6593406871425805 0
    outer loop
      vertex -5.166726112365723 18.33327293395996 0.14999961853027344
      vertex -5.309032440185547 18.49554443359375 -0.8999996185302734
      vertex -5.309032440185547 18.49554443359375 0.14999961853027344
    endloop
  endfacet
  facet normal 0.7518443045460608 0.6593406871425805 0
    outer loop
      vertex -5.309032440185547 18.49554443359375 -0.8999996185302734
      vertex -5.166726112365723 18.33327293395996 0.14999961853027344
      vertex -5.166726112365723 18.33327293395996 -0.8999996185302734
    endloop
  endfacet
  facet normal 0.946929041852237 0.32144266937792226 0
    outer loop
      vertex -5.52440071105957 18.868572235107422 -1.8999996185302734
      vertex -5.535068988800049 18.899999618530273 -4
      vertex -5.535068988800049 18.899999618530273 -1.8999996185302734
    endloop
  endfacet
  facet normal 0.946929041852237 0.32144266937792226 0
    outer loop
      vertex -5.535068988800049 18.899999618530273 -4
      vertex -5.52440071105957 18.868572235107422 -1.8999996185302734
      vertex -5.52440071105957 18.868572235107422 -4
    endloop
  endfacet
  facet normal 0.9469306748580976 0.3214378587111168 0
    outer loop
      vertex -5.52440071105957 18.868572235107422 0.14999961853027344
      vertex -5.593776702880859 19.072948455810547 -0.8999996185302734
      vertex -5.593776702880859 19.072948455810547 0.14999961853027344
    endloop
  endfacet
  facet normal 0.9469306748580976 0.3214378587111168 0
    outer loop
      vertex -5.593776702880859 19.072948455810547 -0.8999996185302734
      vertex -5.52440071105957 18.868572235107422 0.14999961853027344
      vertex -5.52440071105957 18.868572235107422 -0.8999996185302734
    endloop
  endfacet
  facet normal 0.06540482461039983 -0.9978588121160643 0
    outer loop
      vertex -4.215367317199707 21.135883331298828 -3.799999237060547
      vertex -4 21.149999618530273 0.14999961853027344
      vertex -4.215367317199707 21.135883331298828 0.14999961853027344
    endloop
  endfacet
  facet normal 0.06540482461039983 -0.9978588121160643 0
    outer loop
      vertex -4 21.149999618530273 0.14999961853027344
      vertex -4.215367317199707 21.135883331298828 -3.799999237060547
      vertex -4 21.149999618530273 -3.799999237060547
    endloop
  endfacet
  facet normal -0.9469306748580976 0.32143785871111674 0
    outer loop
      vertex -2.4755983352661133 18.868572235107422 -3.799999237060547
      vertex -2.406222343444824 19.072948455810547 0.14999961853027344
      vertex -2.406222343444824 19.072948455810547 -3.799999237060547
    endloop
  endfacet
  facet normal -0.9469306748580976 0.32143785871111674 0
    outer loop
      vertex -2.406222343444824 19.072948455810547 0.14999961853027344
      vertex -2.4755983352661133 18.868572235107422 -3.799999237060547
      vertex -2.4755983352661133 18.868572235107422 0.14999961853027344
    endloop
  endfacet
  facet normal -0.5555788510116855 0.8314638538797313 0
    outer loop
      vertex -2.9955434799194336 18.190967559814453 -3.799999237060547
      vertex -3.174999237060547 18.071056365966797 0.14999961853027344
      vertex -2.9955434799194336 18.190967559814453 0.14999961853027344
    endloop
  endfacet
  facet normal -0.5555788510116855 0.8314638538797313 0
    outer loop
      vertex -3.174999237060547 18.071056365966797 0.14999961853027344
      vertex -2.9955434799194336 18.190967559814453 -3.799999237060547
      vertex -3.174999237060547 18.071056365966797 -3.799999237060547
    endloop
  endfacet
  facet normal 0.7518404627011605 -0.6593450679616135 0
    outer loop
      vertex -5.309032440185547 20.50445556640625 -1.8999996185302734
      vertex -5.166726112365723 20.666725158691406 -4
      vertex -5.166726112365723 20.666725158691406 -1.8999996185302734
    endloop
  endfacet
  facet normal 0.7518404627011605 -0.6593450679616135 0
    outer loop
      vertex -5.166726112365723 20.666725158691406 -4
      vertex -5.309032440185547 20.50445556640625 -1.8999996185302734
      vertex -5.309032440185547 20.50445556640625 -4
    endloop
  endfacet
  facet normal 0.7518404627011606 -0.6593450679616135 0
    outer loop
      vertex -5.309032440185547 20.50445556640625 0.14999961853027344
      vertex -5.166726112365723 20.666725158691406 -0.8999996185302734
      vertex -5.166726112365723 20.666725158691406 0.14999961853027344
    endloop
  endfacet
  facet normal 0.7518404627011606 -0.6593450679616135 0
    outer loop
      vertex -5.166726112365723 20.666725158691406 -0.8999996185302734
      vertex -5.309032440185547 20.50445556640625 0.14999961853027344
      vertex -5.309032440185547 20.50445556640625 -0.8999996185302734
    endloop
  endfacet
  facet normal 0.32143785871111674 -0.9469306748580976 0
    outer loop
      vertex -4.631426811218262 21.02440071105957 -3.799999237060547
      vertex -4.427050590515137 21.09377670288086 0.14999961853027344
      vertex -4.631426811218262 21.02440071105957 0.14999961853027344
    endloop
  endfacet
  facet normal 0.32143785871111674 -0.9469306748580976 0
    outer loop
      vertex -4.427050590515137 21.09377670288086 0.14999961853027344
      vertex -4.631426811218262 21.02440071105957 -3.799999237060547
      vertex -4.427050590515137 21.09377670288086 -3.799999237060547
    endloop
  endfacet
  facet normal 0.1950912463290642 -0.9807850965455034 0
    outer loop
      vertex -4.427050590515137 21.09377670288086 -3.799999237060547
      vertex -4.215367317199707 21.135883331298828 0.14999961853027344
      vertex -4.427050590515137 21.09377670288086 0.14999961853027344
    endloop
  endfacet
  facet normal 0.1950912463290642 -0.9807850965455034 0
    outer loop
      vertex -4.215367317199707 21.135883331298828 0.14999961853027344
      vertex -4.427050590515137 21.09377670288086 -3.799999237060547
      vertex -4.215367317199707 21.135883331298828 -3.799999237060547
    endloop
  endfacet
  facet normal -0.7518443045460608 0.6593406871425805 0
    outer loop
      vertex -2.833272933959961 18.33327293395996 -3.799999237060547
      vertex -2.6909666061401367 18.49554443359375 0.14999961853027344
      vertex -2.6909666061401367 18.49554443359375 -3.799999237060547
    endloop
  endfacet
  facet normal -0.7518443045460608 0.6593406871425805 0
    outer loop
      vertex -2.6909666061401367 18.49554443359375 0.14999961853027344
      vertex -2.833272933959961 18.33327293395996 -3.799999237060547
      vertex -2.833272933959961 18.33327293395996 0.14999961853027344
    endloop
  endfacet
  facet normal 0.06541362409424917 0.9978582353134419 0
    outer loop
      vertex -4 17.849998474121094 -3.799999237060547
      vertex -4.215367317199707 17.864116668701172 0.14999961853027344
      vertex -4 17.849998474121094 0.14999961853027344
    endloop
  endfacet
  facet normal 0.06541362409424917 0.9978582353134419 0
    outer loop
      vertex -4.215367317199707 17.864116668701172 0.14999961853027344
      vertex -4 17.849998474121094 -3.799999237060547
      vertex -4.215367317199707 17.864116668701172 -3.799999237060547
    endloop
  endfacet
  facet normal 0.5555788510116793 0.8314638538797219 -1.5055339120155962e-7
    outer loop
      vertex -4.824999809265137 18.071056365966797 0.14999961853027344
      vertex -5 18.187990188598633 -0.8999996185302734
      vertex -5.00445556640625 18.190967559814453 0.14999961853027344
    endloop
  endfacet
  facet normal 0.5555782265179608 0.8314642711621212 0
    outer loop
      vertex -4.824999809265137 18.071056365966797 0.14999961853027344
      vertex -5 18.187990188598633 -1.8999996185302734
      vertex -5 18.187990188598633 -0.8999996185302734
    endloop
  endfacet
  facet normal 0.5555782265179608 0.8314642711621213 0
    outer loop
      vertex -4.824999809265137 18.071056365966797 -3.799999237060547
      vertex -5 18.187990188598633 -1.8999996185302734
      vertex -4.824999809265137 18.071056365966797 0.14999961853027344
    endloop
  endfacet
  facet normal 0.5555782265179607 0.8314642711621212 0
    outer loop
      vertex -5 18.187990188598633 -3.799999237060547
      vertex -5 18.187990188598633 -1.8999996185302734
      vertex -4.824999809265137 18.071056365966797 -3.799999237060547
    endloop
  endfacet
  facet normal 0.5556033783551081 0.831447464341789 0
    outer loop
      vertex -5 18.187990188598633 -1.8999996185302734
      vertex -5 18.187990188598633 -3.799999237060547
      vertex -5.00445556640625 18.190967559814453 -1.8999996185302734
    endloop
  endfacet
  facet normal 0.5556033783551082 0.8314474643417891 0
    outer loop
      vertex -5.00445556640625 18.190967559814453 -4
      vertex -5 18.187990188598633 -3.799999237060547
      vertex -5 18.187990188598633 -4
    endloop
  endfacet
  facet normal 0.5556033783551082 0.8314474643417891 0
    outer loop
      vertex -5 18.187990188598633 -3.799999237060547
      vertex -5.00445556640625 18.190967559814453 -4
      vertex -5.00445556640625 18.190967559814453 -1.8999996185302734
    endloop
  endfacet
  facet normal 0.5556033783551082 0.8314474643417891 0
    outer loop
      vertex -5.00445556640625 18.190967559814453 0.14999961853027344
      vertex -5 18.187990188598633 -0.8999996185302734
      vertex -5.00445556640625 18.190967559814453 -0.8999996185302734
    endloop
  endfacet
  facet normal -0.3214299344984064 0.94693336471388 0
    outer loop
      vertex -3.368572235107422 17.975597381591797 -3.799999237060547
      vertex -3.572948455810547 17.90622329711914 0.14999961853027344
      vertex -3.368572235107422 17.975597381591797 0.14999961853027344
    endloop
  endfacet
  facet normal -0.3214299344984064 0.94693336471388 0
    outer loop
      vertex -3.572948455810547 17.90622329711914 0.14999961853027344
      vertex -3.368572235107422 17.975597381591797 -3.799999237060547
      vertex -3.572948455810547 17.90622329711914 -3.799999237060547
    endloop
  endfacet
  facet normal -0.1950912463290642 0.9807850965455034 0
    outer loop
      vertex -3.572948455810547 17.90622329711914 -3.799999237060547
      vertex -3.7846317291259766 17.864116668701172 0.14999961853027344
      vertex -3.572948455810547 17.90622329711914 0.14999961853027344
    endloop
  endfacet
  facet normal -0.1950912463290642 0.9807850965455034 0
    outer loop
      vertex -3.7846317291259766 17.864116668701172 0.14999961853027344
      vertex -3.572948455810547 17.90622329711914 -3.799999237060547
      vertex -3.7846317291259766 17.864116668701172 -3.799999237060547
    endloop
  endfacet
  facet normal 0.6593403798336596 0.7518445740449321 0
    outer loop
      vertex -5.00445556640625 18.190967559814453 -4
      vertex -5.166726112365723 18.33327293395996 -1.8999996185302734
      vertex -5.00445556640625 18.190967559814453 -1.8999996185302734
    endloop
  endfacet
  facet normal 0.6593403798336596 0.7518445740449321 0
    outer loop
      vertex -5.166726112365723 18.33327293395996 -1.8999996185302734
      vertex -5.00445556640625 18.190967559814453 -4
      vertex -5.166726112365723 18.33327293395996 -4
    endloop
  endfacet
  facet normal 0.6593403798336597 0.7518445740449322 0
    outer loop
      vertex -5.00445556640625 18.190967559814453 -0.8999996185302734
      vertex -5.166726112365723 18.33327293395996 0.14999961853027344
      vertex -5.00445556640625 18.190967559814453 0.14999961853027344
    endloop
  endfacet
  facet normal 0.6593403798336597 0.7518445740449322 0
    outer loop
      vertex -5.166726112365723 18.33327293395996 0.14999961853027344
      vertex -5.00445556640625 18.190967559814453 -0.8999996185302734
      vertex -5.166726112365723 18.33327293395996 -0.8999996185302734
    endloop
  endfacet
  facet normal 0.8314677362230353 0.5555730407607457 0
    outer loop
      vertex -6.300724029541016 17.73459243774414 3.34999942779541
      vertex -6.511473655700684 18.049999237060547 2.5
      vertex -6.511473655700684 18.049999237060547 3.34999942779541
    endloop
  endfacet
  facet normal 0.8314677362230353 0.5555730407607457 0
    outer loop
      vertex -6.511473655700684 18.049999237060547 2.5
      vertex -6.300724029541016 17.73459243774414 3.34999942779541
      vertex -6.300724029541016 17.73459243774414 2.5
    endloop
  endfacet
  facet normal -0.9978589210913397 -0.0654031619910489 0
    outer loop
      vertex -1.0999994277954102 19.5 0.14999961853027344
      vertex -1.1248092651367188 19.878524780273438 3.34999942779541
      vertex -1.1248092651367188 19.878524780273438 0.14999961853027344
    endloop
  endfacet
  facet normal -0.9978589210913397 -0.0654031619910489 0
    outer loop
      vertex -1.1248092651367188 19.878524780273438 3.34999942779541
      vertex -1.0999994277954102 19.5 0.14999961853027344
      vertex -1.0999994277954102 19.5 3.34999942779541
    endloop
  endfacet
  facet normal -0.9807853239793217 0.19509010294419532 0
    outer loop
      vertex -1.1988143920898438 18.74942398071289 0.14999961853027344
      vertex -1.1248092651367188 19.12147331237793 3.34999942779541
      vertex -1.1248092651367188 19.12147331237793 0.14999961853027344
    endloop
  endfacet
  facet normal -0.9807853239793217 0.19509010294419532 0
    outer loop
      vertex -1.1248092651367188 19.12147331237793 3.34999942779541
      vertex -1.1988143920898438 18.74942398071289 0.14999961853027344
      vertex -1.1988143920898438 18.74942398071289 3.34999942779541
    endloop
  endfacet
  facet normal -0.44228633427532155 0.896873903351691 0
    outer loop
      vertex -2.549999237060547 16.988525390625 0.14999961853027344
      vertex -2.8902177810668945 16.820749282836914 3.34999942779541
      vertex -2.549999237060547 16.988525390625 3.34999942779541
    endloop
  endfacet
  facet normal -0.44228633427532155 0.896873903351691 0
    outer loop
      vertex -2.8902177810668945 16.820749282836914 3.34999942779541
      vertex -2.549999237060547 16.988525390625 0.14999961853027344
      vertex -2.8902177810668945 16.820749282836914 0.14999961853027344
    endloop
  endfacet
  facet normal -0.946929734122097 0.32144063003213297 0
    outer loop
      vertex -1.320749282836914 18.390216827392578 0.14999961853027344
      vertex -1.1988143920898438 18.74942398071289 3.34999942779541
      vertex -1.1988143920898438 18.74942398071289 0.14999961853027344
    endloop
  endfacet
  facet normal -0.946929734122097 0.32144063003213297 0
    outer loop
      vertex -1.1988143920898438 18.74942398071289 3.34999942779541
      vertex -1.320749282836914 18.390216827392578 0.14999961853027344
      vertex -1.320749282836914 18.390216827392578 3.34999942779541
    endloop
  endfacet
  facet normal 0.9469292145958392 -0.3214421604968879 0
    outer loop
      vertex -6.80118465423584 20.25057601928711 3.34999942779541
      vertex -6.6792497634887695 20.60978126525879 2.5
      vertex -6.6792497634887695 20.60978126525879 3.34999942779541
    endloop
  endfacet
  facet normal 0.9469292145958392 -0.3214421604968879 0
    outer loop
      vertex -6.6792497634887695 20.60978126525879 2.5
      vertex -6.80118465423584 20.25057601928711 3.34999942779541
      vertex -6.80118465423584 20.25057601928711 2.5
    endloop
  endfacet
  facet normal -0.5555736174761801 -0.8314673508709954 0
    outer loop
      vertex -2.549999237060547 22.011474609375 0.14999961853027344
      vertex -2.234591484069824 21.800724029541016 3.34999942779541
      vertex -2.549999237060547 22.011474609375 3.34999942779541
    endloop
  endfacet
  facet normal -0.5555736174761801 -0.8314673508709954 0
    outer loop
      vertex -2.234591484069824 21.800724029541016 3.34999942779541
      vertex -2.549999237060547 22.011474609375 0.14999961853027344
      vertex -2.234591484069824 21.800724029541016 0.14999961853027344
    endloop
  endfacet
  facet normal -0.980785515347964 -0.19508914086547355 0
    outer loop
      vertex -1.1248092651367188 19.878524780273438 0.14999961853027344
      vertex -1.1988143920898438 20.25057601928711 3.34999942779541
      vertex -1.1988143920898438 20.25057601928711 0.14999961853027344
    endloop
  endfacet
  facet normal -0.980785515347964 -0.19508914086547355 0
    outer loop
      vertex -1.1988143920898438 20.25057601928711 3.34999942779541
      vertex -1.1248092651367188 19.878524780273438 0.14999961853027344
      vertex -1.1248092651367188 19.878524780273438 3.34999942779541
    endloop
  endfacet
  facet normal -0.9469292145958392 -0.3214421604968879 0
    outer loop
      vertex -1.1988143920898438 20.25057601928711 0.14999961853027344
      vertex -1.320749282836914 20.60978126525879 3.34999942779541
      vertex -1.320749282836914 20.60978126525879 0.14999961853027344
    endloop
  endfacet
  facet normal -0.9469292145958392 -0.3214421604968879 0
    outer loop
      vertex -1.320749282836914 20.60978126525879 3.34999942779541
      vertex -1.1988143920898438 20.25057601928711 0.14999961853027344
      vertex -1.1988143920898438 20.25057601928711 3.34999942779541
    endloop
  endfacet
  facet normal 0.659344290094019 0.751841144870653 0
    outer loop
      vertex -5.765407562255859 17.199275970458984 0.14999961853027344
      vertex -6.050609588623047 17.449390411376953 3.34999942779541
      vertex -5.765407562255859 17.199275970458984 3.34999942779541
    endloop
  endfacet
  facet normal 0.659344290094019 0.751841144870653 0
    outer loop
      vertex -6.050609588623047 17.449390411376953 3.34999942779541
      vertex -5.765407562255859 17.199275970458984 0.14999961853027344
      vertex -6.050609588623047 17.449390411376953 0.14999961853027344
    endloop
  endfacet
  facet normal -0.8968743951409794 -0.44228533701729505 0
    outer loop
      vertex -1.320749282836914 20.60978126525879 0.14999961853027344
      vertex -1.488525390625 20.950000762939453 3.34999942779541
      vertex -1.488525390625 20.950000762939453 0.14999961853027344
    endloop
  endfacet
  facet normal -0.8968743951409794 -0.44228533701729505 0
    outer loop
      vertex -1.488525390625 20.950000762939453 3.34999942779541
      vertex -1.320749282836914 20.60978126525879 0.14999961853027344
      vertex -1.320749282836914 20.60978126525879 3.34999942779541
    endloop
  endfacet
  facet normal -0.19509010294419532 -0.9807853239793217 0
    outer loop
      vertex -3.6214733123779297 22.37519073486328 0.14999961853027344
      vertex -3.2494239807128906 22.301185607910156 3.34999942779541
      vertex -3.6214733123779297 22.37519073486328 3.34999942779541
    endloop
  endfacet
  facet normal -0.19509010294419532 -0.9807853239793217 0
    outer loop
      vertex -3.2494239807128906 22.301185607910156 3.34999942779541
      vertex -3.6214733123779297 22.37519073486328 0.14999961853027344
      vertex -3.2494239807128906 22.301185607910156 0.14999961853027344
    endloop
  endfacet
  facet normal 0.8968743951409793 -0.44228533701729505 0
    outer loop
      vertex -6.6792497634887695 20.60978126525879 3.34999942779541
      vertex -6.511473655700684 20.950000762939453 2.5
      vertex -6.511473655700684 20.950000762939453 3.34999942779541
    endloop
  endfacet
  facet normal 0.8968743951409793 -0.44228533701729505 0
    outer loop
      vertex -6.511473655700684 20.950000762939453 2.5
      vertex -6.6792497634887695 20.60978126525879 3.34999942779541
      vertex -6.6792497634887695 20.60978126525879 2.5
    endloop
  endfacet
  facet normal 0.8314677362230353 -0.5555730407607457 0
    outer loop
      vertex -6.511473655700684 20.950000762939453 3.34999942779541
      vertex -6.300724029541016 21.26540756225586 2.5
      vertex -6.300724029541016 21.26540756225586 3.34999942779541
    endloop
  endfacet
  facet normal 0.8314677362230353 -0.5555730407607457 0
    outer loop
      vertex -6.300724029541016 21.26540756225586 2.5
      vertex -6.511473655700684 20.950000762939453 3.34999942779541
      vertex -6.511473655700684 20.950000762939453 2.5
    endloop
  endfacet
  facet normal -0.659344290094019 0.751841144870653 0
    outer loop
      vertex -1.9493894577026367 17.449390411376953 0.14999961853027344
      vertex -2.234591484069824 17.199275970458984 3.34999942779541
      vertex -1.9493894577026367 17.449390411376953 3.34999942779541
    endloop
  endfacet
  facet normal -0.659344290094019 0.751841144870653 0
    outer loop
      vertex -2.234591484069824 17.199275970458984 3.34999942779541
      vertex -1.9493894577026367 17.449390411376953 0.14999961853027344
      vertex -2.234591484069824 17.199275970458984 0.14999961853027344
    endloop
  endfacet
  facet normal -0.06540033055247547 -0.9978591066696876 0
    outer loop
      vertex -4 22.399999618530273 0.14999961853027344
      vertex -3.6214733123779297 22.37519073486328 3.34999942779541
      vertex -4 22.399999618530273 3.34999942779541
    endloop
  endfacet
  facet normal -0.06540033055247547 -0.9978591066696876 0
    outer loop
      vertex -3.6214733123779297 22.37519073486328 3.34999942779541
      vertex -4 22.399999618530273 0.14999961853027344
      vertex -3.6214733123779297 22.37519073486328 0.14999961853027344
    endloop
  endfacet
  facet normal 0.946929734122097 0.32144063003213297 0
    outer loop
      vertex -6.6792497634887695 18.390216827392578 3.34999942779541
      vertex -6.80118465423584 18.74942398071289 2.5
      vertex -6.80118465423584 18.74942398071289 3.34999942779541
    endloop
  endfacet
  facet normal 0.946929734122097 0.32144063003213297 0
    outer loop
      vertex -6.80118465423584 18.74942398071289 2.5
      vertex -6.6792497634887695 18.390216827392578 3.34999942779541
      vertex -6.6792497634887695 18.390216827392578 2.5
    endloop
  endfacet
  facet normal -0.8314677362230352 0.5555730407607457 0
    outer loop
      vertex -1.699275016784668 17.73459243774414 0.14999961853027344
      vertex -1.488525390625 18.049999237060547 3.34999942779541
      vertex -1.488525390625 18.049999237060547 0.14999961853027344
    endloop
  endfacet
  facet normal -0.8314677362230352 0.5555730407607457 0
    outer loop
      vertex -1.488525390625 18.049999237060547 3.34999942779541
      vertex -1.699275016784668 17.73459243774414 0.14999961853027344
      vertex -1.699275016784668 17.73459243774414 3.34999942779541
    endloop
  endfacet
  facet normal -0.5555736174761801 0.8314673508709954 0
    outer loop
      vertex -2.234591484069824 17.199275970458984 0.14999961853027344
      vertex -2.549999237060547 16.988525390625 3.34999942779541
      vertex -2.234591484069824 17.199275970458984 3.34999942779541
    endloop
  endfacet
  facet normal -0.5555736174761801 0.8314673508709954 0
    outer loop
      vertex -2.549999237060547 16.988525390625 3.34999942779541
      vertex -2.234591484069824 17.199275970458984 0.14999961853027344
      vertex -2.549999237060547 16.988525390625 0.14999961853027344
    endloop
  endfacet
  facet normal -0.9978589425992954 0.06540283384239576 0
    outer loop
      vertex -1.1248092651367188 19.12147331237793 0.14999961853027344
      vertex -1.0999994277954102 19.5 3.34999942779541
      vertex -1.0999994277954102 19.5 0.14999961853027344
    endloop
  endfacet
  facet normal -0.9978589425992954 0.06540283384239576 0
    outer loop
      vertex -1.0999994277954102 19.5 3.34999942779541
      vertex -1.1248092651367188 19.12147331237793 0.14999961853027344
      vertex -1.1248092651367188 19.12147331237793 3.34999942779541
    endloop
  endfacet
  facet normal 0.659344290094019 -0.751841144870653 0
    outer loop
      vertex -6.050609588623047 21.550609588623047 0.14999961853027344
      vertex -5.765407562255859 21.800724029541016 3.34999942779541
      vertex -6.050609588623047 21.550609588623047 3.34999942779541
    endloop
  endfacet
  facet normal 0.659344290094019 -0.751841144870653 0
    outer loop
      vertex -5.765407562255859 21.800724029541016 3.34999942779541
      vertex -6.050609588623047 21.550609588623047 0.14999961853027344
      vertex -5.765407562255859 21.800724029541016 0.14999961853027344
    endloop
  endfacet
  facet normal 0.9978589425992954 0.06540283384239576 0
    outer loop
      vertex -6.875189781188965 19.12147331237793 3.34999942779541
      vertex -6.899999618530273 19.5 0.14999961853027344
      vertex -6.899999618530273 19.5 3.34999942779541
    endloop
  endfacet
  facet normal 0.9978589425992954 0.06540283384239576 0
    outer loop
      vertex -6.899999618530273 19.5 0.14999961853027344
      vertex -6.875189781188965 19.12147331237793 3.34999942779541
      vertex -6.875189781188965 19.12147331237793 0.14999961853027344
    endloop
  endfacet
  facet normal 0.4422822897485766 -0.8968758978670105 0
    outer loop
      vertex -5.449999809265137 22.011474609375 0.14999961853027344
      vertex -5.109781265258789 22.179248809814453 3.34999942779541
      vertex -5.449999809265137 22.011474609375 3.34999942779541
    endloop
  endfacet
  facet normal 0.4422822897485766 -0.8968758978670105 0
    outer loop
      vertex -5.109781265258789 22.179248809814453 3.34999942779541
      vertex -5.449999809265137 22.011474609375 0.14999961853027344
      vertex -5.109781265258789 22.179248809814453 0.14999961853027344
    endloop
  endfacet
  facet normal 0.06540049462016537 -0.9978590959165716 0
    outer loop
      vertex -4.378525733947754 22.37519073486328 0.14999961853027344
      vertex -4 22.399999618530273 3.34999942779541
      vertex -4.378525733947754 22.37519073486328 3.34999942779541
    endloop
  endfacet
  facet normal 0.06540049462016537 -0.9978590959165716 0
    outer loop
      vertex -4 22.399999618530273 3.34999942779541
      vertex -4.378525733947754 22.37519073486328 0.14999961853027344
      vertex -4 22.399999618530273 0.14999961853027344
    endloop
  endfacet
  facet normal -0.659344290094019 -0.751841144870653 0
    outer loop
      vertex -2.234591484069824 21.800724029541016 0.14999961853027344
      vertex -1.9493894577026367 21.550609588623047 3.34999942779541
      vertex -2.234591484069824 21.800724029541016 3.34999942779541
    endloop
  endfacet
  facet normal -0.659344290094019 -0.751841144870653 0
    outer loop
      vertex -1.9493894577026367 21.550609588623047 3.34999942779541
      vertex -2.234591484069824 21.800724029541016 0.14999961853027344
      vertex -1.9493894577026367 21.550609588623047 0.14999961853027344
    endloop
  endfacet
  facet normal 0.9807854731185075 0.195089353168504 0
    outer loop
      vertex -6.875189781188965 19.12147331237793 3.34999942779541
      vertex -6.821190357208252 18.849998474121094 2.5
      vertex -6.875189781188965 19.12147331237793 0.14999961853027344
    endloop
  endfacet
  facet normal 0.9807853239792915 0.1950901029441893 -2.489397730514345e-7
    outer loop
      vertex -6.80118465423584 18.74942398071289 3.34999942779541
      vertex -6.821190357208252 18.849998474121094 2.5
      vertex -6.875189781188965 19.12147331237793 3.34999942779541
    endloop
  endfacet
  facet normal 0.9807849214140194 0.1950921267680883 0
    outer loop
      vertex -6.821190357208252 18.849998474121094 2.5
      vertex -6.80118465423584 18.74942398071289 3.34999942779541
      vertex -6.80118465423584 18.74942398071289 2.5
    endloop
  endfacet
  facet normal 0.9807854731185076 0.19508935316850404 0
    outer loop
      vertex -6.875189781188965 19.12147331237793 0.14999961853027344
      vertex -6.821190357208252 18.849998474121094 2.5
      vertex -6.821190357208252 18.849998474121094 0.14999961853027344
    endloop
  endfacet
  facet normal -0.896873411559076 0.44228733153729843 0
    outer loop
      vertex -1.488525390625 18.049999237060547 0.14999961853027344
      vertex -1.320749282836914 18.390216827392578 3.34999942779541
      vertex -1.320749282836914 18.390216827392578 0.14999961853027344
    endloop
  endfacet
  facet normal -0.896873411559076 0.44228733153729843 0
    outer loop
      vertex -1.320749282836914 18.390216827392578 3.34999942779541
      vertex -1.488525390625 18.049999237060547 0.14999961853027344
      vertex -1.488525390625 18.049999237060547 3.34999942779541
    endloop
  endfacet
  facet normal 0 0 1
    outer loop
      vertex -6.875189781188965 19.878524780273438 0.14999961853027344
      vertex -6.299999237060547 20.149999618530273 0.14999961853027344
      vertex -6.821190357208252 20.149999618530273 0.14999961853027344
    endloop
  endfacet
  facet normal 0 0 1
    outer loop
      vertex -6.899999618530273 19.5 0.14999961853027344
      vertex -6.299999237060547 20.149999618530273 0.14999961853027344
      vertex -6.875189781188965 19.878524780273438 0.14999961853027344
    endloop
  endfacet
  facet normal 0 0 1
    outer loop
      vertex -6.299999237060547 20.149999618530273 0.14999961853027344
      vertex -6.899999618530273 19.5 0.14999961853027344
      vertex -6.299999237060547 18.849998474121094 0.14999961853027344
    endloop
  endfacet
  facet normal 0 0 1
    outer loop
      vertex -6.875189781188965 19.12147331237793 0.14999961853027344
      vertex -6.299999237060547 18.849998474121094 0.14999961853027344
      vertex -6.899999618530273 19.5 0.14999961853027344
    endloop
  endfacet
  facet normal 0 0 1
    outer loop
      vertex -6.299999237060547 18.849998474121094 0.14999961853027344
      vertex -6.875189781188965 19.12147331237793 0.14999961853027344
      vertex -6.821190357208252 18.849998474121094 0.14999961853027344
    endloop
  endfacet
  facet normal 0 0 1
    outer loop
      vertex -2.34999942779541 19.5 0.14999961853027344
      vertex -1.0999994277954102 19.5 0.14999961853027344
      vertex -1.1248092651367188 19.878524780273438 0.14999961853027344
    endloop
  endfacet
  facet normal 0 0 1
    outer loop
      vertex -2.3641157150268555 19.71536636352539 0.14999961853027344
      vertex -1.1248092651367188 19.878524780273438 0.14999961853027344
      vertex -1.1988143920898438 20.25057601928711 0.14999961853027344
    endloop
  endfacet
  facet normal 0 0 1
    outer loop
      vertex -1.0999994277954102 19.5 0.14999961853027344
      vertex -2.34999942779541 19.5 0.14999961853027344
      vertex -1.1248092651367188 19.12147331237793 0.14999961853027344
    endloop
  endfacet
  facet normal 0 0 1
    outer loop
      vertex -2.406222343444824 19.927051544189453 0.14999961853027344
      vertex -1.1988143920898438 20.25057601928711 0.14999961853027344
      vertex -1.320749282836914 20.60978126525879 0.14999961853027344
    endloop
  endfacet
  facet normal 0 0 1
    outer loop
      vertex -2.3641157150268555 19.284631729125977 0.14999961853027344
      vertex -1.1248092651367188 19.12147331237793 0.14999961853027344
      vertex -2.34999942779541 19.5 0.14999961853027344
    endloop
  endfacet
  facet normal 0 0 1
    outer loop
      vertex -2.4755983352661133 20.131427764892578 0.14999961853027344
      vertex -1.320749282836914 20.60978126525879 0.14999961853027344
      vertex -1.488525390625 20.950000762939453 0.14999961853027344
    endloop
  endfacet
  facet normal 0 0 1
    outer loop
      vertex -1.1248092651367188 19.12147331237793 0.14999961853027344
      vertex -2.3641157150268555 19.284631729125977 0.14999961853027344
      vertex -1.1988143920898438 18.74942398071289 0.14999961853027344
    endloop
  endfacet
  facet normal 0 0 1
    outer loop
      vertex -2.5710573196411133 20.325000762939453 0.14999961853027344
      vertex -1.488525390625 20.950000762939453 0.14999961853027344
      vertex -1.699275016784668 21.26540756225586 0.14999961853027344
    endloop
  endfacet
  facet normal 0 0 1
    outer loop
      vertex -2.406222343444824 19.072948455810547 0.14999961853027344
      vertex -1.1988143920898438 18.74942398071289 0.14999961853027344
      vertex -2.3641157150268555 19.284631729125977 0.14999961853027344
    endloop
  endfacet
  facet normal 0 0 1
    outer loop
      vertex -2.6909666061401367 20.50445556640625 0.14999961853027344
      vertex -1.699275016784668 21.26540756225586 0.14999961853027344
      vertex -1.9493894577026367 21.550609588623047 0.14999961853027344
    endloop
  endfacet
  facet normal 0 0 1
    outer loop
      vertex -1.1988143920898438 18.74942398071289 0.14999961853027344
      vertex -2.406222343444824 19.072948455810547 0.14999961853027344
      vertex -1.320749282836914 18.390216827392578 0.14999961853027344
    endloop
  endfacet
  facet normal 0 0 1
    outer loop
      vertex -2.833272933959961 20.666725158691406 0.14999961853027344
      vertex -1.9493894577026367 21.550609588623047 0.14999961853027344
      vertex -2.234591484069824 21.800724029541016 0.14999961853027344
    endloop
  endfacet
  facet normal 0 0 1
    outer loop
      vertex -2.4755983352661133 18.868572235107422 0.14999961853027344
      vertex -1.320749282836914 18.390216827392578 0.14999961853027344
      vertex -2.406222343444824 19.072948455810547 0.14999961853027344
    endloop
  endfacet
  facet normal 0 0 1
    outer loop
      vertex -1.320749282836914 18.390216827392578 0.14999961853027344
      vertex -2.4755983352661133 18.868572235107422 0.14999961853027344
      vertex -1.488525390625 18.049999237060547 0.14999961853027344
    endloop
  endfacet
  facet normal 0 0 1
    outer loop
      vertex -1.1248092651367188 19.878524780273438 0.14999961853027344
      vertex -2.3641157150268555 19.71536636352539 0.14999961853027344
      vertex -2.34999942779541 19.5 0.14999961853027344
    endloop
  endfacet
  facet normal 0 0 1
    outer loop
      vertex -1.1988143920898438 20.25057601928711 0.14999961853027344
      vertex -2.406222343444824 19.927051544189453 0.14999961853027344
      vertex -2.3641157150268555 19.71536636352539 0.14999961853027344
    endloop
  endfacet
  facet normal 0 0 1
    outer loop
      vertex -1.320749282836914 20.60978126525879 0.14999961853027344
      vertex -2.4755983352661133 20.131427764892578 0.14999961853027344
      vertex -2.406222343444824 19.927051544189453 0.14999961853027344
    endloop
  endfacet
  facet normal 0 0 1
    outer loop
      vertex -2.9955434799194336 20.809032440185547 0.14999961853027344
      vertex -2.234591484069824 21.800724029541016 0.14999961853027344
      vertex -2.549999237060547 22.011474609375 0.14999961853027344
    endloop
  endfacet
  facet normal 0 0 1
    outer loop
      vertex -1.488525390625 20.950000762939453 0.14999961853027344
      vertex -2.5710573196411133 20.325000762939453 0.14999961853027344
      vertex -2.4755983352661133 20.131427764892578 0.14999961853027344
    endloop
  endfacet
  facet normal 0 0 1
    outer loop
      vertex -1.699275016784668 21.26540756225586 0.14999961853027344
      vertex -2.6909666061401367 20.50445556640625 0.14999961853027344
      vertex -2.5710573196411133 20.325000762939453 0.14999961853027344
    endloop
  endfacet
  facet normal 0 0 1
    outer loop
      vertex -1.9493894577026367 21.550609588623047 0.14999961853027344
      vertex -2.833272933959961 20.666725158691406 0.14999961853027344
      vertex -2.6909666061401367 20.50445556640625 0.14999961853027344
    endloop
  endfacet
  facet normal 0 0 1
    outer loop
      vertex -3.174999237060547 20.92894172668457 0.14999961853027344
      vertex -2.549999237060547 22.011474609375 0.14999961853027344
      vertex -2.8902177810668945 22.179248809814453 0.14999961853027344
    endloop
  endfacet
  facet normal 0 0 1
    outer loop
      vertex -2.234591484069824 21.800724029541016 0.14999961853027344
      vertex -2.9955434799194336 20.809032440185547 0.14999961853027344
      vertex -2.833272933959961 20.666725158691406 0.14999961853027344
    endloop
  endfacet
  facet normal 0 0 1
    outer loop
      vertex -2.549999237060547 22.011474609375 0.14999961853027344
      vertex -3.174999237060547 20.92894172668457 0.14999961853027344
      vertex -2.9955434799194336 20.809032440185547 0.14999961853027344
    endloop
  endfacet
  facet normal 0 0 1
    outer loop
      vertex -3.368572235107422 21.02440071105957 0.14999961853027344
      vertex -2.8902177810668945 22.179248809814453 0.14999961853027344
      vertex -3.2494239807128906 22.301185607910156 0.14999961853027344
    endloop
  endfacet
  facet normal 0 0 1
    outer loop
      vertex -2.8902177810668945 22.179248809814453 0.14999961853027344
      vertex -3.368572235107422 21.02440071105957 0.14999961853027344
      vertex -3.174999237060547 20.92894172668457 0.14999961853027344
    endloop
  endfacet
  facet normal 0 0 1
    outer loop
      vertex -3.2494239807128906 22.301185607910156 0.14999961853027344
      vertex -3.572948455810547 21.09377670288086 0.14999961853027344
      vertex -3.368572235107422 21.02440071105957 0.14999961853027344
    endloop
  endfacet
  facet normal 0 0 1
    outer loop
      vertex -3.6214733123779297 22.37519073486328 0.14999961853027344
      vertex -3.572948455810547 21.09377670288086 0.14999961853027344
      vertex -3.2494239807128906 22.301185607910156 0.14999961853027344
    endloop
  endfacet
  facet normal 0 0 1
    outer loop
      vertex -3.6214733123779297 22.37519073486328 0.14999961853027344
      vertex -3.7846317291259766 21.135883331298828 0.14999961853027344
      vertex -3.572948455810547 21.09377670288086 0.14999961853027344
    endloop
  endfacet
  facet normal 0 0 1
    outer loop
      vertex -4 22.399999618530273 0.14999961853027344
      vertex -3.7846317291259766 21.135883331298828 0.14999961853027344
      vertex -3.6214733123779297 22.37519073486328 0.14999961853027344
    endloop
  endfacet
  facet normal 0 0 1
    outer loop
      vertex -4 22.399999618530273 0.14999961853027344
      vertex -4 21.149999618530273 0.14999961853027344
      vertex -3.7846317291259766 21.135883331298828 0.14999961853027344
    endloop
  endfacet
  facet normal 0 0 1
    outer loop
      vertex -4 22.399999618530273 0.14999961853027344
      vertex -4.215367317199707 21.135883331298828 0.14999961853027344
      vertex -4 21.149999618530273 0.14999961853027344
    endloop
  endfacet
  facet normal 0 0 1
    outer loop
      vertex -4.378525733947754 22.37519073486328 0.14999961853027344
      vertex -4.215367317199707 21.135883331298828 0.14999961853027344
      vertex -4 22.399999618530273 0.14999961853027344
    endloop
  endfacet
  facet normal 0 0 1
    outer loop
      vertex -4.378525733947754 22.37519073486328 0.14999961853027344
      vertex -4.427050590515137 21.09377670288086 0.14999961853027344
      vertex -4.215367317199707 21.135883331298828 0.14999961853027344
    endloop
  endfacet
  facet normal 0 0 1
    outer loop
      vertex -4.750575065612793 22.301185607910156 0.14999961853027344
      vertex -4.427050590515137 21.09377670288086 0.14999961853027344
      vertex -4.378525733947754 22.37519073486328 0.14999961853027344
    endloop
  endfacet
  facet normal 0 0 1
    outer loop
      vertex -4.427050590515137 21.09377670288086 0.14999961853027344
      vertex -4.750575065612793 22.301185607910156 0.14999961853027344
      vertex -4.631426811218262 21.02440071105957 0.14999961853027344
    endloop
  endfacet
  facet normal 0 0 1
    outer loop
      vertex -5.109781265258789 22.179248809814453 0.14999961853027344
      vertex -4.631426811218262 21.02440071105957 0.14999961853027344
      vertex -4.750575065612793 22.301185607910156 0.14999961853027344
    endloop
  endfacet
  facet normal 0 0 1
    outer loop
      vertex -4.631426811218262 21.02440071105957 0.14999961853027344
      vertex -5.109781265258789 22.179248809814453 0.14999961853027344
      vertex -4.824999809265137 20.92894172668457 0.14999961853027344
    endloop
  endfacet
  facet normal 0 0 1
    outer loop
      vertex -5.449999809265137 22.011474609375 0.14999961853027344
      vertex -4.824999809265137 20.92894172668457 0.14999961853027344
      vertex -5.109781265258789 22.179248809814453 0.14999961853027344
    endloop
  endfacet
  facet normal 0 0 1
    outer loop
      vertex -4.824999809265137 20.92894172668457 0.14999961853027344
      vertex -5.449999809265137 22.011474609375 0.14999961853027344
      vertex -5.00445556640625 20.809032440185547 0.14999961853027344
    endloop
  endfacet
  facet normal 0 0 1
    outer loop
      vertex -5.765407562255859 21.800724029541016 0.14999961853027344
      vertex -5.00445556640625 20.809032440185547 0.14999961853027344
      vertex -5.449999809265137 22.011474609375 0.14999961853027344
    endloop
  endfacet
  facet normal 0 0 1
    outer loop
      vertex -5.00445556640625 20.809032440185547 0.14999961853027344
      vertex -5.765407562255859 21.800724029541016 0.14999961853027344
      vertex -5.166726112365723 20.666725158691406 0.14999961853027344
    endloop
  endfacet
  facet normal 0 0 1
    outer loop
      vertex -6.050609588623047 21.550609588623047 0.14999961853027344
      vertex -5.166726112365723 20.666725158691406 0.14999961853027344
      vertex -5.765407562255859 21.800724029541016 0.14999961853027344
    endloop
  endfacet
  facet normal 0 0 1
    outer loop
      vertex -6.172147750854492 21.331768035888672 0.14999961853027344
      vertex -5.166726112365723 20.666725158691406 0.14999961853027344
      vertex -6.050609588623047 21.550609588623047 0.14999961853027344
    endloop
  endfacet
  facet normal 0 0 1
    outer loop
      vertex -6.1994781494140625 21.25125503540039 0.14999961853027344
      vertex -5.166726112365723 20.666725158691406 0.14999961853027344
      vertex -6.172147750854492 21.331768035888672 0.14999961853027344
    endloop
  endfacet
  facet normal 0 0 1
    outer loop
      vertex -6.284319877624512 21.104305267333984 0.14999961853027344
      vertex -5.309032440185547 20.50445556640625 0.14999961853027344
      vertex -6.237083435058594 21.174999237060547 0.14999961853027344
    endloop
  endfacet
  facet normal 0 0 1
    outer loop
      vertex -6.299999237060547 21.08642578125 0.14999961853027344
      vertex -5.42894172668457 20.325000762939453 0.14999961853027344
      vertex -6.284319877624512 21.104305267333984 0.14999961853027344
    endloop
  endfacet
  facet normal 0 0 1
    outer loop
      vertex -5.309032440185547 20.50445556640625 0.14999961853027344
      vertex -6.284319877624512 21.104305267333984 0.14999961853027344
      vertex -5.42894172668457 20.325000762939453 0.14999961853027344
    endloop
  endfacet
  facet normal 0 0 1
    outer loop
      vertex -2.5710573196411133 18.674999237060547 0.14999961853027344
      vertex -1.488525390625 18.049999237060547 0.14999961853027344
      vertex -2.4755983352661133 18.868572235107422 0.14999961853027344
    endloop
  endfacet
  facet normal 0 0 1
    outer loop
      vertex -1.488525390625 18.049999237060547 0.14999961853027344
      vertex -2.5710573196411133 18.674999237060547 0.14999961853027344
      vertex -1.699275016784668 17.73459243774414 0.14999961853027344
    endloop
  endfacet
  facet normal 0 0 1
    outer loop
      vertex -2.6909666061401367 18.49554443359375 0.14999961853027344
      vertex -1.699275016784668 17.73459243774414 0.14999961853027344
      vertex -2.5710573196411133 18.674999237060547 0.14999961853027344
    endloop
  endfacet
  facet normal 0 0 1
    outer loop
      vertex -1.699275016784668 17.73459243774414 0.14999961853027344
      vertex -2.6909666061401367 18.49554443359375 0.14999961853027344
      vertex -1.9493894577026367 17.449390411376953 0.14999961853027344
    endloop
  endfacet
  facet normal 0 0 1
    outer loop
      vertex -2.833272933959961 18.33327293395996 0.14999961853027344
      vertex -1.9493894577026367 17.449390411376953 0.14999961853027344
      vertex -2.6909666061401367 18.49554443359375 0.14999961853027344
    endloop
  endfacet
  facet normal 0 0 1
    outer loop
      vertex -1.9493894577026367 17.449390411376953 0.14999961853027344
      vertex -2.833272933959961 18.33327293395996 0.14999961853027344
      vertex -2.234591484069824 17.199275970458984 0.14999961853027344
    endloop
  endfacet
  facet normal 0 0 1
    outer loop
      vertex -2.9955434799194336 18.190967559814453 0.14999961853027344
      vertex -2.234591484069824 17.199275970458984 0.14999961853027344
      vertex -2.833272933959961 18.33327293395996 0.14999961853027344
    endloop
  endfacet
  facet normal 0 0 1
    outer loop
      vertex -2.234591484069824 17.199275970458984 0.14999961853027344
      vertex -2.9955434799194336 18.190967559814453 0.14999961853027344
      vertex -2.549999237060547 16.988525390625 0.14999961853027344
    endloop
  endfacet
  facet normal 0 0 1
    outer loop
      vertex -3.174999237060547 18.071056365966797 0.14999961853027344
      vertex -2.549999237060547 16.988525390625 0.14999961853027344
      vertex -2.9955434799194336 18.190967559814453 0.14999961853027344
    endloop
  endfacet
  facet normal 0 0 1
    outer loop
      vertex -2.549999237060547 16.988525390625 0.14999961853027344
      vertex -3.174999237060547 18.071056365966797 0.14999961853027344
      vertex -2.8902177810668945 16.820749282836914 0.14999961853027344
    endloop
  endfacet
  facet normal 0 0 1
    outer loop
      vertex -3.368572235107422 17.975597381591797 0.14999961853027344
      vertex -2.8902177810668945 16.820749282836914 0.14999961853027344
      vertex -3.174999237060547 18.071056365966797 0.14999961853027344
    endloop
  endfacet
  facet normal 0 0 1
    outer loop
      vertex -2.8902177810668945 16.820749282836914 0.14999961853027344
      vertex -3.368572235107422 17.975597381591797 0.14999961853027344
      vertex -3.2494239807128906 16.698814392089844 0.14999961853027344
    endloop
  endfacet
  facet normal 0 0 1
    outer loop
      vertex -3.572948455810547 17.90622329711914 0.14999961853027344
      vertex -3.2494239807128906 16.698814392089844 0.14999961853027344
      vertex -3.368572235107422 17.975597381591797 0.14999961853027344
    endloop
  endfacet
  facet normal 0 0 1
    outer loop
      vertex -3.572948455810547 17.90622329711914 0.14999961853027344
      vertex -3.6214733123779297 16.62480926513672 0.14999961853027344
      vertex -3.2494239807128906 16.698814392089844 0.14999961853027344
    endloop
  endfacet
  facet normal 0 0 1
    outer loop
      vertex -3.7846317291259766 17.864116668701172 0.14999961853027344
      vertex -3.6214733123779297 16.62480926513672 0.14999961853027344
      vertex -3.572948455810547 17.90622329711914 0.14999961853027344
    endloop
  endfacet
  facet normal 0 0 1
    outer loop
      vertex -4 17.849998474121094 0.14999961853027344
      vertex -3.6214733123779297 16.62480926513672 0.14999961853027344
      vertex -3.7846317291259766 17.864116668701172 0.14999961853027344
    endloop
  endfacet
  facet normal 0 0 1
    outer loop
      vertex -4 17.849998474121094 0.14999961853027344
      vertex -4 16.599998474121094 0.14999961853027344
      vertex -3.6214733123779297 16.62480926513672 0.14999961853027344
    endloop
  endfacet
  facet normal 0 0 1
    outer loop
      vertex -4.215367317199707 17.864116668701172 0.14999961853027344
      vertex -4 16.599998474121094 0.14999961853027344
      vertex -4 17.849998474121094 0.14999961853027344
    endloop
  endfacet
  facet normal 0 0 1
    outer loop
      vertex -4.215367317199707 17.864116668701172 0.14999961853027344
      vertex -4.378525733947754 16.62480926513672 0.14999961853027344
      vertex -4 16.599998474121094 0.14999961853027344
    endloop
  endfacet
  facet normal 0 0 1
    outer loop
      vertex -4.427050590515137 17.90622329711914 0.14999961853027344
      vertex -4.378525733947754 16.62480926513672 0.14999961853027344
      vertex -4.215367317199707 17.864116668701172 0.14999961853027344
    endloop
  endfacet
  facet normal 0 0 1
    outer loop
      vertex -4.750575065612793 16.698814392089844 0.14999961853027344
      vertex -4.427050590515137 17.90622329711914 0.14999961853027344
      vertex -4.631426811218262 17.975597381591797 0.14999961853027344
    endloop
  endfacet
  facet normal 0 0 1
    outer loop
      vertex -4.427050590515137 17.90622329711914 0.14999961853027344
      vertex -4.750575065612793 16.698814392089844 0.14999961853027344
      vertex -4.378525733947754 16.62480926513672 0.14999961853027344
    endloop
  endfacet
  facet normal 0 0 1
    outer loop
      vertex -5.109781265258789 16.820749282836914 0.14999961853027344
      vertex -4.631426811218262 17.975597381591797 0.14999961853027344
      vertex -4.824999809265137 18.071056365966797 0.14999961853027344
    endloop
  endfacet
  facet normal 0 0 1
    outer loop
      vertex -5.449999809265137 16.988525390625 0.14999961853027344
      vertex -4.824999809265137 18.071056365966797 0.14999961853027344
      vertex -5.00445556640625 18.190967559814453 0.14999961853027344
    endloop
  endfacet
  facet normal 0 0 1
    outer loop
      vertex -4.631426811218262 17.975597381591797 0.14999961853027344
      vertex -5.109781265258789 16.820749282836914 0.14999961853027344
      vertex -4.750575065612793 16.698814392089844 0.14999961853027344
    endloop
  endfacet
  facet normal 0 0 1
    outer loop
      vertex -5.765407562255859 17.199275970458984 0.14999961853027344
      vertex -5.00445556640625 18.190967559814453 0.14999961853027344
      vertex -5.166726112365723 18.33327293395996 0.14999961853027344
    endloop
  endfacet
  facet normal 0 0 1
    outer loop
      vertex -6.1994781494140625 17.74874496459961 0.14999961853027344
      vertex -5.166726112365723 18.33327293395996 0.14999961853027344
      vertex -5.309032440185547 18.49554443359375 0.14999961853027344
    endloop
  endfacet
  facet normal 0 0 1
    outer loop
      vertex -6.284319877624512 17.895694732666016 0.14999961853027344
      vertex -5.309032440185547 18.49554443359375 0.14999961853027344
      vertex -5.42894172668457 18.674999237060547 0.14999961853027344
    endloop
  endfacet
  facet normal 0 0 1
    outer loop
      vertex -4.824999809265137 18.071056365966797 0.14999961853027344
      vertex -5.449999809265137 16.988525390625 0.14999961853027344
      vertex -5.109781265258789 16.820749282836914 0.14999961853027344
    endloop
  endfacet
  facet normal 0 0 1
    outer loop
      vertex -6.299999237060547 18.849998474121094 0.14999961853027344
      vertex -5.42894172668457 18.674999237060547 0.14999961853027344
      vertex -5.52440071105957 18.868572235107422 0.14999961853027344
    endloop
  endfacet
  facet normal 0 0 1
    outer loop
      vertex -6.299999237060547 18.849998474121094 0.14999961853027344
      vertex -5.52440071105957 18.868572235107422 0.14999961853027344
      vertex -5.593776702880859 19.072948455810547 0.14999961853027344
    endloop
  endfacet
  facet normal 0 0 1
    outer loop
      vertex -6.299999237060547 18.849998474121094 0.14999961853027344
      vertex -5.593776702880859 19.072948455810547 0.14999961853027344
      vertex -5.635883331298828 19.284631729125977 0.14999961853027344
    endloop
  endfacet
  facet normal 0 0 1
    outer loop
      vertex -5.00445556640625 18.190967559814453 0.14999961853027344
      vertex -5.765407562255859 17.199275970458984 0.14999961853027344
      vertex -5.449999809265137 16.988525390625 0.14999961853027344
    endloop
  endfacet
  facet normal 0 0 1
    outer loop
      vertex -6.299999237060547 18.849998474121094 0.14999961853027344
      vertex -5.635883331298828 19.284631729125977 0.14999961853027344
      vertex -5.649999618530273 19.5 0.14999961853027344
    endloop
  endfacet
  facet normal 0 0 1
    outer loop
      vertex -6.299999237060547 20.149999618530273 0.14999961853027344
      vertex -5.42894172668457 20.325000762939453 0.14999961853027344
      vertex -6.299999237060547 21.08642578125 0.14999961853027344
    endloop
  endfacet
  facet normal 0 0 1
    outer loop
      vertex -5.166726112365723 20.666725158691406 0.14999961853027344
      vertex -6.1994781494140625 21.25125503540039 0.14999961853027344
      vertex -5.309032440185547 20.50445556640625 0.14999961853027344
    endloop
  endfacet
  facet normal 0 0 1
    outer loop
      vertex -6.299999237060547 18.849998474121094 0.14999961853027344
      vertex -5.649999618530273 19.5 0.14999961853027344
      vertex -6.299999237060547 20.149999618530273 0.14999961853027344
    endloop
  endfacet
  facet normal 0 0 1
    outer loop
      vertex -6.155560493469238 21.415157318115234 0.14999961853027344
      vertex -6.050609588623047 21.550609588623047 0.14999961853027344
      vertex -6.15444278717041 21.43221092224121 0.14999961853027344
    endloop
  endfacet
  facet normal 0 0 1
    outer loop
      vertex -6.172147750854492 21.331768035888672 0.14999961853027344
      vertex -6.050609588623047 21.550609588623047 0.14999961853027344
      vertex -6.155560493469238 21.415157318115234 0.14999961853027344
    endloop
  endfacet
  facet normal 0 0 1
    outer loop
      vertex -5.42894172668457 18.674999237060547 0.14999961853027344
      vertex -6.299999237060547 18.849998474121094 0.14999961853027344
      vertex -6.299999237060547 17.91357421875 0.14999961853027344
    endloop
  endfacet
  facet normal 0 0 1
    outer loop
      vertex -6.050609588623047 17.449390411376953 0.14999961853027344
      vertex -6.155560493469238 17.584842681884766 0.14999961853027344
      vertex -6.15444278717041 17.56778907775879 0.14999961853027344
    endloop
  endfacet
  facet normal 0 0 1
    outer loop
      vertex -6.237083435058594 21.174999237060547 0.14999961853027344
      vertex -5.309032440185547 20.50445556640625 0.14999961853027344
      vertex -6.1994781494140625 21.25125503540039 0.14999961853027344
    endloop
  endfacet
  facet normal 0 0 1
    outer loop
      vertex -5.166726112365723 18.33327293395996 0.14999961853027344
      vertex -6.1994781494140625 17.74874496459961 0.14999961853027344
      vertex -6.172147750854492 17.668231964111328 0.14999961853027344
    endloop
  endfacet
  facet normal 0 0 1
    outer loop
      vertex -5.42894172668457 20.325000762939453 0.14999961853027344
      vertex -6.299999237060547 20.149999618530273 0.14999961853027344
      vertex -5.52440071105957 20.131427764892578 0.14999961853027344
    endloop
  endfacet
  facet normal 0 0 1
    outer loop
      vertex -5.166726112365723 18.33327293395996 0.14999961853027344
      vertex -6.050609588623047 17.449390411376953 0.14999961853027344
      vertex -5.765407562255859 17.199275970458984 0.14999961853027344
    endloop
  endfacet
  facet normal 0 0 1
    outer loop
      vertex -5.635883331298828 19.71536636352539 0.14999961853027344
      vertex -6.299999237060547 20.149999618530273 0.14999961853027344
      vertex -5.649999618530273 19.5 0.14999961853027344
    endloop
  endfacet
  facet normal 0 0 1
    outer loop
      vertex -6.050609588623047 17.449390411376953 0.14999961853027344
      vertex -6.172147750854492 17.668231964111328 0.14999961853027344
      vertex -6.155560493469238 17.584842681884766 0.14999961853027344
    endloop
  endfacet
  facet normal 0 0 1
    outer loop
      vertex -5.593776702880859 19.927051544189453 0.14999961853027344
      vertex -6.299999237060547 20.149999618530273 0.14999961853027344
      vertex -5.635883331298828 19.71536636352539 0.14999961853027344
    endloop
  endfacet
  facet normal 0 0 1
    outer loop
      vertex -5.166726112365723 18.33327293395996 0.14999961853027344
      vertex -6.172147750854492 17.668231964111328 0.14999961853027344
      vertex -6.050609588623047 17.449390411376953 0.14999961853027344
    endloop
  endfacet
  facet normal 0 0 1
    outer loop
      vertex -5.52440071105957 20.131427764892578 0.14999961853027344
      vertex -6.299999237060547 20.149999618530273 0.14999961853027344
      vertex -5.593776702880859 19.927051544189453 0.14999961853027344
    endloop
  endfacet
  facet normal 0 0 1
    outer loop
      vertex -5.309032440185547 18.49554443359375 0.14999961853027344
      vertex -6.237083435058594 17.825000762939453 0.14999961853027344
      vertex -6.1994781494140625 17.74874496459961 0.14999961853027344
    endloop
  endfacet
  facet normal 0 0 1
    outer loop
      vertex -5.309032440185547 18.49554443359375 0.14999961853027344
      vertex -6.284319877624512 17.895694732666016 0.14999961853027344
      vertex -6.237083435058594 17.825000762939453 0.14999961853027344
    endloop
  endfacet
  facet normal 0 0 1
    outer loop
      vertex -5.42894172668457 18.674999237060547 0.14999961853027344
      vertex -6.299999237060547 17.91357421875 0.14999961853027344
      vertex -6.284319877624512 17.895694732666016 0.14999961853027344
    endloop
  endfacet
  facet normal 0.7518386903603158 -0.6593470889275884 0
    outer loop
      vertex -6.050609588623047 21.550609588623047 3.34999942779541
      vertex -6.15444278717041 21.43221092224121 1.3999996185302734
      vertex -6.050609588623047 21.550609588623047 0.14999961853027344
    endloop
  endfacet
  facet normal 0.7518425159586344 -0.6593427266579731 -4.685697969246073e-7
    outer loop
      vertex -6.050609588623047 21.550609588623047 3.34999942779541
      vertex -6.299999237060547 21.266233444213867 2.5
      vertex -6.15444278717041 21.43221092224121 1.3999996185302734
    endloop
  endfacet
  facet normal 0.7518411448705745 -0.6593442900939501 4.567709017791151e-7
    outer loop
      vertex -6.300724029541016 21.26540756225586 3.34999942779541
      vertex -6.299999237060547 21.266233444213867 2.5
      vertex -6.050609588623047 21.550609588623047 3.34999942779541
    endloop
  endfacet
  facet normal 0.7516081264350516 -0.6596099031069738 0
    outer loop
      vertex -6.299999237060547 21.266233444213867 2.5
      vertex -6.300724029541016 21.26540756225586 3.34999942779541
      vertex -6.300724029541016 21.26540756225586 2.5
    endloop
  endfacet
  facet normal 0.7518386903603157 -0.6593470889275884 0
    outer loop
      vertex -6.050609588623047 21.550609588623047 0.14999961853027344
      vertex -6.15444278717041 21.43221092224121 1.3999996185302734
      vertex -6.15444278717041 21.43221092224121 0.14999961853027344
    endloop
  endfacet
  facet normal 0.7518440553760697 -0.6593409712703022 0
    outer loop
      vertex -6.15444278717041 21.43221092224121 1.3999996185302734
      vertex -6.299999237060547 21.266233444213867 2.5
      vertex -6.299999237060547 21.266233444213867 1.3999996185302734
    endloop
  endfacet
  facet normal 0.5555736174761801 0.8314673508709954 0
    outer loop
      vertex -5.449999809265137 16.988525390625 0.14999961853027344
      vertex -5.765407562255859 17.199275970458984 3.34999942779541
      vertex -5.449999809265137 16.988525390625 3.34999942779541
    endloop
  endfacet
  facet normal 0.5555736174761801 0.8314673508709954 0
    outer loop
      vertex -5.765407562255859 17.199275970458984 3.34999942779541
      vertex -5.449999809265137 16.988525390625 0.14999961853027344
      vertex -5.765407562255859 17.199275970458984 0.14999961853027344
    endloop
  endfacet
  facet normal 0.5555736174761801 -0.8314673508709954 0
    outer loop
      vertex -5.765407562255859 21.800724029541016 0.14999961853027344
      vertex -5.449999809265137 22.011474609375 3.34999942779541
      vertex -5.765407562255859 21.800724029541016 3.34999942779541
    endloop
  endfacet
  facet normal 0.5555736174761801 -0.8314673508709954 0
    outer loop
      vertex -5.449999809265137 22.011474609375 3.34999942779541
      vertex -5.765407562255859 21.800724029541016 0.14999961853027344
      vertex -5.449999809265137 22.011474609375 0.14999961853027344
    endloop
  endfacet
  facet normal -0.751841144870653 0.659344290094019 0
    outer loop
      vertex -1.9493894577026367 17.449390411376953 0.14999961853027344
      vertex -1.699275016784668 17.73459243774414 3.34999942779541
      vertex -1.699275016784668 17.73459243774414 0.14999961853027344
    endloop
  endfacet
  facet normal -0.751841144870653 0.659344290094019 0
    outer loop
      vertex -1.699275016784668 17.73459243774414 3.34999942779541
      vertex -1.9493894577026367 17.449390411376953 0.14999961853027344
      vertex -1.9493894577026367 17.449390411376953 3.34999942779541
    endloop
  endfacet
  facet normal 0.19509010294419532 0.9807853239793217 0
    outer loop
      vertex -4.378525733947754 16.62480926513672 0.14999961853027344
      vertex -4.750575065612793 16.698814392089844 3.34999942779541
      vertex -4.378525733947754 16.62480926513672 3.34999942779541
    endloop
  endfacet
  facet normal 0.19509010294419532 0.9807853239793217 0
    outer loop
      vertex -4.750575065612793 16.698814392089844 3.34999942779541
      vertex -4.378525733947754 16.62480926513672 0.14999961853027344
      vertex -4.750575065612793 16.698814392089844 0.14999961853027344
    endloop
  endfacet
  facet normal 0.8968734115590761 0.4422873315372985 0
    outer loop
      vertex -6.511473655700684 18.049999237060547 3.34999942779541
      vertex -6.6792497634887695 18.390216827392578 2.5
      vertex -6.6792497634887695 18.390216827392578 3.34999942779541
    endloop
  endfacet
  facet normal 0.8968734115590761 0.4422873315372985 0
    outer loop
      vertex -6.6792497634887695 18.390216827392578 2.5
      vertex -6.511473655700684 18.049999237060547 3.34999942779541
      vertex -6.511473655700684 18.049999237060547 2.5
    endloop
  endfacet
  facet normal 0.980785629333089 -0.19508856781907108 0
    outer loop
      vertex -6.80118465423584 20.25057601928711 3.34999942779541
      vertex -6.821190357208252 20.149999618530273 2.5
      vertex -6.80118465423584 20.25057601928711 2.5
    endloop
  endfacet
  facet normal 0.9807855153479617 -0.1950891408654731 7.048863237129544e-8
    outer loop
      vertex -6.875189781188965 19.878524780273438 3.34999942779541
      vertex -6.821190357208252 20.149999618530273 2.5
      vertex -6.80118465423584 20.25057601928711 3.34999942779541
    endloop
  endfacet
  facet normal 0.9807854731185075 -0.195089353168504 0
    outer loop
      vertex -6.875189781188965 19.878524780273438 0.14999961853027344
      vertex -6.821190357208252 20.149999618530273 2.5
      vertex -6.875189781188965 19.878524780273438 3.34999942779541
    endloop
  endfacet
  facet normal 0.9807854731185076 -0.19508935316850404 0
    outer loop
      vertex -6.821190357208252 20.149999618530273 2.5
      vertex -6.875189781188965 19.878524780273438 0.14999961853027344
      vertex -6.821190357208252 20.149999618530273 0.14999961853027344
    endloop
  endfacet
  facet normal 0.19509010294419532 -0.9807853239793217 0
    outer loop
      vertex -4.750575065612793 22.301185607910156 0.14999961853027344
      vertex -4.378525733947754 22.37519073486328 3.34999942779541
      vertex -4.750575065612793 22.301185607910156 3.34999942779541
    endloop
  endfacet
  facet normal 0.19509010294419532 -0.9807853239793217 0
    outer loop
      vertex -4.378525733947754 22.37519073486328 3.34999942779541
      vertex -4.750575065612793 22.301185607910156 0.14999961853027344
      vertex -4.378525733947754 22.37519073486328 0.14999961853027344
    endloop
  endfacet
  facet normal 0.3214459038254547 -0.9469279438868813 0
    outer loop
      vertex -5.109781265258789 22.179248809814453 0.14999961853027344
      vertex -4.750575065612793 22.301185607910156 3.34999942779541
      vertex -5.109781265258789 22.179248809814453 3.34999942779541
    endloop
  endfacet
  facet normal 0.3214459038254547 -0.9469279438868813 0
    outer loop
      vertex -4.750575065612793 22.301185607910156 3.34999942779541
      vertex -5.109781265258789 22.179248809814453 0.14999961853027344
      vertex -4.750575065612793 22.301185607910156 0.14999961853027344
    endloop
  endfacet
  facet normal -0.19509010294419532 0.9807853239793217 0
    outer loop
      vertex -3.2494239807128906 16.698814392089844 0.14999961853027344
      vertex -3.6214733123779297 16.62480926513672 3.34999942779541
      vertex -3.2494239807128906 16.698814392089844 3.34999942779541
    endloop
  endfacet
  facet normal -0.19509010294419532 0.9807853239793217 0
    outer loop
      vertex -3.6214733123779297 16.62480926513672 3.34999942779541
      vertex -3.2494239807128906 16.698814392089844 0.14999961853027344
      vertex -3.6214733123779297 16.62480926513672 0.14999961853027344
    endloop
  endfacet
  facet normal 0.9978589210913397 -0.0654031619910489 0
    outer loop
      vertex -6.899999618530273 19.5 3.34999942779541
      vertex -6.875189781188965 19.878524780273438 0.14999961853027344
      vertex -6.875189781188965 19.878524780273438 3.34999942779541
    endloop
  endfacet
  facet normal 0.9978589210913397 -0.0654031619910489 0
    outer loop
      vertex -6.875189781188965 19.878524780273438 0.14999961853027344
      vertex -6.899999618530273 19.5 3.34999942779541
      vertex -6.899999618530273 19.5 0.14999961853027344
    endloop
  endfacet
  facet normal -0.06540533713108122 0.9978587785226773 0
    outer loop
      vertex -3.6214733123779297 16.62480926513672 0.14999961853027344
      vertex -4 16.599998474121094 3.34999942779541
      vertex -3.6214733123779297 16.62480926513672 3.34999942779541
    endloop
  endfacet
  facet normal -0.06540533713108122 0.9978587785226773 0
    outer loop
      vertex -4 16.599998474121094 3.34999942779541
      vertex -3.6214733123779297 16.62480926513672 0.14999961853027344
      vertex -4 16.599998474121094 0.14999961853027344
    endloop
  endfacet
  facet normal -0.751841144870653 -0.659344290094019 0
    outer loop
      vertex -1.699275016784668 21.26540756225586 0.14999961853027344
      vertex -1.9493894577026367 21.550609588623047 3.34999942779541
      vertex -1.9493894577026367 21.550609588623047 0.14999961853027344
    endloop
  endfacet
  facet normal -0.751841144870653 -0.659344290094019 0
    outer loop
      vertex -1.9493894577026367 21.550609588623047 3.34999942779541
      vertex -1.699275016784668 21.26540756225586 0.14999961853027344
      vertex -1.699275016784668 21.26540756225586 3.34999942779541
    endloop
  endfacet
  facet normal -0.4422822897485766 -0.8968758978670105 0
    outer loop
      vertex -2.8902177810668945 22.179248809814453 0.14999961853027344
      vertex -2.549999237060547 22.011474609375 3.34999942779541
      vertex -2.8902177810668945 22.179248809814453 3.34999942779541
    endloop
  endfacet
  facet normal -0.4422822897485766 -0.8968758978670105 0
    outer loop
      vertex -2.549999237060547 22.011474609375 3.34999942779541
      vertex -2.8902177810668945 22.179248809814453 0.14999961853027344
      vertex -2.549999237060547 22.011474609375 0.14999961853027344
    endloop
  endfacet
  facet normal -0.32144139526279364 0.9469294743598957 0
    outer loop
      vertex -2.8902177810668945 16.820749282836914 0.14999961853027344
      vertex -3.2494239807128906 16.698814392089844 3.34999942779541
      vertex -2.8902177810668945 16.820749282836914 3.34999942779541
    endloop
  endfacet
  facet normal -0.32144139526279364 0.9469294743598957 0
    outer loop
      vertex -3.2494239807128906 16.698814392089844 3.34999942779541
      vertex -2.8902177810668945 16.820749282836914 0.14999961853027344
      vertex -3.2494239807128906 16.698814392089844 0.14999961853027344
    endloop
  endfacet
  facet normal 0.32144139526279364 0.9469294743598957 0
    outer loop
      vertex -4.750575065612793 16.698814392089844 0.14999961853027344
      vertex -5.109781265258789 16.820749282836914 3.34999942779541
      vertex -4.750575065612793 16.698814392089844 3.34999942779541
    endloop
  endfacet
  facet normal 0.32144139526279364 0.9469294743598957 0
    outer loop
      vertex -5.109781265258789 16.820749282836914 3.34999942779541
      vertex -4.750575065612793 16.698814392089844 0.14999961853027344
      vertex -5.109781265258789 16.820749282836914 0.14999961853027344
    endloop
  endfacet
  facet normal -0.8314677362230352 -0.5555730407607457 0
    outer loop
      vertex -1.488525390625 20.950000762939453 0.14999961853027344
      vertex -1.699275016784668 21.26540756225586 3.34999942779541
      vertex -1.699275016784668 21.26540756225586 0.14999961853027344
    endloop
  endfacet
  facet normal -0.8314677362230352 -0.5555730407607457 0
    outer loop
      vertex -1.699275016784668 21.26540756225586 3.34999942779541
      vertex -1.488525390625 20.950000762939453 0.14999961853027344
      vertex -1.488525390625 20.950000762939453 3.34999942779541
    endloop
  endfacet
  facet normal -0.3214459038254547 -0.9469279438868813 0
    outer loop
      vertex -3.2494239807128906 22.301185607910156 0.14999961853027344
      vertex -2.8902177810668945 22.179248809814453 3.34999942779541
      vertex -3.2494239807128906 22.301185607910156 3.34999942779541
    endloop
  endfacet
  facet normal -0.3214459038254547 -0.9469279438868813 0
    outer loop
      vertex -2.8902177810668945 22.179248809814453 3.34999942779541
      vertex -3.2494239807128906 22.301185607910156 0.14999961853027344
      vertex -2.8902177810668945 22.179248809814453 0.14999961853027344
    endloop
  endfacet
  facet normal 0.7523618782351768 0.6587500316344865 0
    outer loop
      vertex -6.300724029541016 17.73459243774414 3.34999942779541
      vertex -6.299999237060547 17.7337646484375 2.5
      vertex -6.300724029541016 17.73459243774414 2.5
    endloop
  endfacet
  facet normal 0.7518402993114959 0.6593452542721456 0
    outer loop
      vertex -6.299999237060547 17.7337646484375 2.5
      vertex -6.15444278717041 17.56778907775879 1.3999996185302734
      vertex -6.299999237060547 17.7337646484375 1.3999996185302734
    endloop
  endfacet
  facet normal 0.7518411448702598 0.6593442900936741 -0.0000010227588356994341
    outer loop
      vertex -6.050609588623047 17.449390411376953 3.34999942779541
      vertex -6.299999237060547 17.7337646484375 2.5
      vertex -6.300724029541016 17.73459243774414 3.34999942779541
    endloop
  endfacet
  facet normal 0.7518398376419073 0.6593457807058224 -1.405218751366864e-7
    outer loop
      vertex -6.299999237060547 17.7337646484375 2.5
      vertex -6.050609588623047 17.449390411376953 3.34999942779541
      vertex -6.15444278717041 17.56778907775879 1.3999996185302734
    endloop
  endfacet
  facet normal 0.7518386903603158 0.6593470889275884 0
    outer loop
      vertex -6.050609588623047 17.449390411376953 0.14999961853027344
      vertex -6.15444278717041 17.56778907775879 1.3999996185302734
      vertex -6.050609588623047 17.449390411376953 3.34999942779541
    endloop
  endfacet
  facet normal 0.7518386903603157 0.6593470889275884 0
    outer loop
      vertex -6.15444278717041 17.56778907775879 1.3999996185302734
      vertex -6.050609588623047 17.449390411376953 0.14999961853027344
      vertex -6.15444278717041 17.56778907775879 0.14999961853027344
    endloop
  endfacet
  facet normal 0.06540550121122303 0.9978587677679186 0
    outer loop
      vertex -4 16.599998474121094 0.14999961853027344
      vertex -4.378525733947754 16.62480926513672 3.34999942779541
      vertex -4 16.599998474121094 3.34999942779541
    endloop
  endfacet
  facet normal 0.06540550121122303 0.9978587677679186 0
    outer loop
      vertex -4.378525733947754 16.62480926513672 3.34999942779541
      vertex -4 16.599998474121094 0.14999961853027344
      vertex -4.378525733947754 16.62480926513672 0.14999961853027344
    endloop
  endfacet
  facet normal 0.44228633427532155 0.896873903351691 0
    outer loop
      vertex -5.109781265258789 16.820749282836914 0.14999961853027344
      vertex -5.449999809265137 16.988525390625 3.34999942779541
      vertex -5.109781265258789 16.820749282836914 3.34999942779541
    endloop
  endfacet
  facet normal 0.44228633427532155 0.896873903351691 0
    outer loop
      vertex -5.449999809265137 16.988525390625 3.34999942779541
      vertex -5.109781265258789 16.820749282836914 0.14999961853027344
      vertex -5.449999809265137 16.988525390625 0.14999961853027344
    endloop
  endfacet
  facet normal 0 0 1
    outer loop
      vertex -5.00445556640625 18.190967559814453 -1.8999996185302734
      vertex -6.155560493469238 17.584842681884766 -1.8999996185302734
      vertex -6.149999618530273 17.5 -1.8999996185302734
    endloop
  endfacet
  facet normal 0 0 1
    outer loop
      vertex -5.52440071105957 18.868572235107422 -1.8999996185302734
      vertex -6.172147750854492 17.668231964111328 -1.8999996185302734
      vertex -6.155560493469238 17.584842681884766 -1.8999996185302734
    endloop
  endfacet
  facet normal 0 0 1
    outer loop
      vertex -5.52440071105957 18.868572235107422 -1.8999996185302734
      vertex -6.1994781494140625 17.74874496459961 -1.8999996185302734
      vertex -6.172147750854492 17.668231964111328 -1.8999996185302734
    endloop
  endfacet
  facet normal 0 0 1
    outer loop
      vertex -5.52440071105957 18.868572235107422 -1.8999996185302734
      vertex -6.237083435058594 17.825000762939453 -1.8999996185302734
      vertex -6.1994781494140625 17.74874496459961 -1.8999996185302734
    endloop
  endfacet
  facet normal 0 0 1
    outer loop
      vertex -5.52440071105957 18.868572235107422 -1.8999996185302734
      vertex -6.284319877624512 17.895694732666016 -1.8999996185302734
      vertex -6.237083435058594 17.825000762939453 -1.8999996185302734
    endloop
  endfacet
  facet normal 0 0 1
    outer loop
      vertex -5.52440071105957 18.868572235107422 -1.8999996185302734
      vertex -6.299999237060547 18.849998474121094 -1.8999996185302734
      vertex -6.299999237060547 17.91357421875 -1.8999996185302734
    endloop
  endfacet
  facet normal 0 0 1
    outer loop
      vertex -9.5 18.899999618530273 -1.8999996185302734
      vertex -6.299999237060547 18.849998474121094 -1.8999996185302734
      vertex -5.535068988800049 18.899999618530273 -1.8999996185302734
    endloop
  endfacet
  facet normal 0 0 1
    outer loop
      vertex -6.299999237060547 18.849998474121094 -1.8999996185302734
      vertex -9.5 18.899999618530273 -1.8999996185302734
      vertex -9.5 18.849998474121094 -1.8999996185302734
    endloop
  endfacet
  facet normal 0 0 1
    outer loop
      vertex -6.149999618530273 17.5 -1.8999996185302734
      vertex -5 18.187990188598633 -1.8999996185302734
      vertex -5.00445556640625 18.190967559814453 -1.8999996185302734
    endloop
  endfacet
  facet normal 0 0 1
    outer loop
      vertex -6.155560493469238 17.584842681884766 -1.8999996185302734
      vertex -5.00445556640625 18.190967559814453 -1.8999996185302734
      vertex -5.166726112365723 18.33327293395996 -1.8999996185302734
    endloop
  endfacet
  facet normal 0 0 1
    outer loop
      vertex -6.155560493469238 17.584842681884766 -1.8999996185302734
      vertex -5.166726112365723 18.33327293395996 -1.8999996185302734
      vertex -5.309032440185547 18.49554443359375 -1.8999996185302734
    endloop
  endfacet
  facet normal 0 0 1
    outer loop
      vertex -6.155560493469238 17.584842681884766 -1.8999996185302734
      vertex -5.309032440185547 18.49554443359375 -1.8999996185302734
      vertex -5.42894172668457 18.674999237060547 -1.8999996185302734
    endloop
  endfacet
  facet normal 0 0 1
    outer loop
      vertex -6.155560493469238 17.584842681884766 -1.8999996185302734
      vertex -5.42894172668457 18.674999237060547 -1.8999996185302734
      vertex -5.52440071105957 18.868572235107422 -1.8999996185302734
    endloop
  endfacet
  facet normal 0 0 1
    outer loop
      vertex -6.299999237060547 18.849998474121094 -1.8999996185302734
      vertex -5.52440071105957 18.868572235107422 -1.8999996185302734
      vertex -5.535068988800049 18.899999618530273 -1.8999996185302734
    endloop
  endfacet
  facet normal 0 0 1
    outer loop
      vertex -5 18.187990188598633 -1.8999996185302734
      vertex -6.149999618530273 17.5 -1.8999996185302734
      vertex -6.155560493469238 17.415157318115234 -1.8999996185302734
    endloop
  endfacet
  facet normal 0 0 1
    outer loop
      vertex -5 18.187990188598633 -1.8999996185302734
      vertex -6.155560493469238 17.415157318115234 -1.8999996185302734
      vertex -6.172147750854492 17.331768035888672 -1.8999996185302734
    endloop
  endfacet
  facet normal 0 0 1
    outer loop
      vertex -5 18.187990188598633 -1.8999996185302734
      vertex -6.172147750854492 17.331768035888672 -1.8999996185302734
      vertex -5 16.099998474121094 -1.8999996185302734
    endloop
  endfacet
  facet normal 0 0 1
    outer loop
      vertex -6.1994781494140625 17.25125503540039 -1.8999996185302734
      vertex -5 16.099998474121094 -1.8999996185302734
      vertex -6.172147750854492 17.331768035888672 -1.8999996185302734
    endloop
  endfacet
  facet normal 0 0 1
    outer loop
      vertex -6.237083435058594 17.174999237060547 -1.8999996185302734
      vertex -5 16.099998474121094 -1.8999996185302734
      vertex -6.1994781494140625 17.25125503540039 -1.8999996185302734
    endloop
  endfacet
  facet normal 0 0 1
    outer loop
      vertex -6.284319877624512 17.104305267333984 -1.8999996185302734
      vertex -5 16.099998474121094 -1.8999996185302734
      vertex -6.237083435058594 17.174999237060547 -1.8999996185302734
    endloop
  endfacet
  facet normal 0 0 1
    outer loop
      vertex -6.299999237060547 16.149999618530273 -1.8999996185302734
      vertex -6.284319877624512 17.104305267333984 -1.8999996185302734
      vertex -6.299999237060547 17.08642578125 -1.8999996185302734
    endloop
  endfacet
  facet normal 0 0 1
    outer loop
      vertex -6.284319877624512 17.104305267333984 -1.8999996185302734
      vertex -6.299999237060547 16.149999618530273 -1.8999996185302734
      vertex -5 16.099998474121094 -1.8999996185302734
    endloop
  endfacet
  facet normal 0 0 1
    outer loop
      vertex -9.5 16.099998474121094 -1.8999996185302734
      vertex -6.299999237060547 16.149999618530273 -1.8999996185302734
      vertex -9.5 16.149999618530273 -1.8999996185302734
    endloop
  endfacet
  facet normal 0 0 1
    outer loop
      vertex -6.299999237060547 16.149999618530273 -1.8999996185302734
      vertex -9.5 16.099998474121094 -1.8999996185302734
      vertex -5 16.099998474121094 -1.8999996185302734
    endloop
  endfacet
  facet normal 0 0 1
    outer loop
      vertex -5.52440071105957 18.868572235107422 -1.8999996185302734
      vertex -6.299999237060547 17.91357421875 -1.8999996185302734
      vertex -6.284319877624512 17.895694732666016 -1.8999996185302734
    endloop
  endfacet
  facet normal 0 0 1
    outer loop
      vertex -6.172147750854492 21.668231964111328 -1.8999996185302734
      vertex -5 20.812009811401367 -1.8999996185302734
      vertex -5 22.899999618530273 -1.8999996185302734
    endloop
  endfacet
  facet normal 0 0 1
    outer loop
      vertex -6.155560493469238 21.584842681884766 -1.8999996185302734
      vertex -5 20.812009811401367 -1.8999996185302734
      vertex -6.172147750854492 21.668231964111328 -1.8999996185302734
    endloop
  endfacet
  facet normal 0 0 1
    outer loop
      vertex -5 20.812009811401367 -1.8999996185302734
      vertex -6.149999618530273 21.5 -1.8999996185302734
      vertex -5.00445556640625 20.809032440185547 -1.8999996185302734
    endloop
  endfacet
  facet normal 0 0 1
    outer loop
      vertex -6.155560493469238 21.415157318115234 -1.8999996185302734
      vertex -5.00445556640625 20.809032440185547 -1.8999996185302734
      vertex -6.149999618530273 21.5 -1.8999996185302734
    endloop
  endfacet
  facet normal 0 0 1
    outer loop
      vertex -5.00445556640625 20.809032440185547 -1.8999996185302734
      vertex -6.172147750854492 21.331768035888672 -1.8999996185302734
      vertex -5.166726112365723 20.666725158691406 -1.8999996185302734
    endloop
  endfacet
  facet normal 0 0 1
    outer loop
      vertex -6.1994781494140625 21.25125503540039 -1.8999996185302734
      vertex -5.166726112365723 20.666725158691406 -1.8999996185302734
      vertex -6.172147750854492 21.331768035888672 -1.8999996185302734
    endloop
  endfacet
  facet normal 0 0 1
    outer loop
      vertex -5.166726112365723 20.666725158691406 -1.8999996185302734
      vertex -6.1994781494140625 21.25125503540039 -1.8999996185302734
      vertex -5.309032440185547 20.50445556640625 -1.8999996185302734
    endloop
  endfacet
  facet normal 0 0 1
    outer loop
      vertex -6.172147750854492 21.331768035888672 -1.8999996185302734
      vertex -5.00445556640625 20.809032440185547 -1.8999996185302734
      vertex -6.155560493469238 21.415157318115234 -1.8999996185302734
    endloop
  endfacet
  facet normal 0 0 1
    outer loop
      vertex -6.149999618530273 21.5 -1.8999996185302734
      vertex -5 20.812009811401367 -1.8999996185302734
      vertex -6.155560493469238 21.584842681884766 -1.8999996185302734
    endloop
  endfacet
  facet normal 0 0 1
    outer loop
      vertex -5 22.899999618530273 -1.8999996185302734
      vertex -6.1994781494140625 21.74874496459961 -1.8999996185302734
      vertex -6.172147750854492 21.668231964111328 -1.8999996185302734
    endloop
  endfacet
  facet normal 0 0 1
    outer loop
      vertex -5 22.899999618530273 -1.8999996185302734
      vertex -6.237083435058594 21.825000762939453 -1.8999996185302734
      vertex -6.1994781494140625 21.74874496459961 -1.8999996185302734
    endloop
  endfacet
  facet normal 0 0 1
    outer loop
      vertex -5 22.899999618530273 -1.8999996185302734
      vertex -6.284319877624512 21.895694732666016 -1.8999996185302734
      vertex -6.237083435058594 21.825000762939453 -1.8999996185302734
    endloop
  endfacet
  facet normal 0 0 1
    outer loop
      vertex -5 22.899999618530273 -1.8999996185302734
      vertex -6.299999237060547 22.849998474121094 -1.8999996185302734
      vertex -6.284319877624512 21.895694732666016 -1.8999996185302734
    endloop
  endfacet
  facet normal 0 0 1
    outer loop
      vertex -9.5 22.899999618530273 -1.8999996185302734
      vertex -6.299999237060547 22.849998474121094 -1.8999996185302734
      vertex -5 22.899999618530273 -1.8999996185302734
    endloop
  endfacet
  facet normal 0 0 1
    outer loop
      vertex -6.299999237060547 22.849998474121094 -1.8999996185302734
      vertex -9.5 22.899999618530273 -1.8999996185302734
      vertex -9.5 22.849998474121094 -1.8999996185302734
    endloop
  endfacet
  facet normal 0 0 1
    outer loop
      vertex -6.237083435058594 21.174999237060547 -1.8999996185302734
      vertex -5.309032440185547 20.50445556640625 -1.8999996185302734
      vertex -6.1994781494140625 21.25125503540039 -1.8999996185302734
    endloop
  endfacet
  facet normal 0 0 1
    outer loop
      vertex -6.284319877624512 21.104305267333984 -1.8999996185302734
      vertex -5.309032440185547 20.50445556640625 -1.8999996185302734
      vertex -6.237083435058594 21.174999237060547 -1.8999996185302734
    endloop
  endfacet
  facet normal 0 0 1
    outer loop
      vertex -5.309032440185547 20.50445556640625 -1.8999996185302734
      vertex -6.284319877624512 21.104305267333984 -1.8999996185302734
      vertex -5.42894172668457 20.325000762939453 -1.8999996185302734
    endloop
  endfacet
  facet normal 0 0 1
    outer loop
      vertex -6.299999237060547 21.08642578125 -1.8999996185302734
      vertex -5.42894172668457 20.325000762939453 -1.8999996185302734
      vertex -6.284319877624512 21.104305267333984 -1.8999996185302734
    endloop
  endfacet
  facet normal 0 0 1
    outer loop
      vertex -6.299999237060547 20.149999618530273 -1.8999996185302734
      vertex -5.42894172668457 20.325000762939453 -1.8999996185302734
      vertex -6.299999237060547 21.08642578125 -1.8999996185302734
    endloop
  endfacet
  facet normal 0 0 1
    outer loop
      vertex -5.42894172668457 20.325000762939453 -1.8999996185302734
      vertex -6.299999237060547 20.149999618530273 -1.8999996185302734
      vertex -5.52440071105957 20.131427764892578 -1.8999996185302734
    endloop
  endfacet
  facet normal 0 0 1
    outer loop
      vertex -5.52440071105957 20.131427764892578 -1.8999996185302734
      vertex -6.299999237060547 20.149999618530273 -1.8999996185302734
      vertex -5.535068988800049 20.099998474121094 -1.8999996185302734
    endloop
  endfacet
  facet normal 0 0 1
    outer loop
      vertex -9.5 20.099998474121094 -1.8999996185302734
      vertex -6.299999237060547 20.149999618530273 -1.8999996185302734
      vertex -9.5 20.149999618530273 -1.8999996185302734
    endloop
  endfacet
  facet normal 0 0 1
    outer loop
      vertex -6.299999237060547 20.149999618530273 -1.8999996185302734
      vertex -9.5 20.099998474121094 -1.8999996185302734
      vertex -5.535068988800049 20.099998474121094 -1.8999996185302734
    endloop
  endfacet
  facet normal 0 0 1
    outer loop
      vertex -6.284319877624512 21.895694732666016 -1.8999996185302734
      vertex -6.299999237060547 22.849998474121094 -1.8999996185302734
      vertex -6.299999237060547 21.91357421875 -1.8999996185302734
    endloop
  endfacet
endsolid OpenSCAD_Model
