solid OpenSCAD_Model
  facet normal -0.997858 -0.0654172 0
    outer loop
      vertex 5.4 4 0
      vertex 5.38802 4.18274 2.4
      vertex 5.38802 4.18274 0
    endloop
  endfacet
  facet normal -0.997858 -0.0654172 0
    outer loop
      vertex 5.38802 4.18274 2.4
      vertex 5.4 4 0
      vertex 5.4 4 2.4
    endloop
  endfacet
  facet normal 0.0654172 -0.997858 0
    outer loop
      vertex 3.81726 5.38802 0
      vertex 4 5.4 2.4
      vertex 3.81726 5.38802 2.4
    endloop
  endfacet
  facet normal 0.0654172 -0.997858 0
    outer loop
      vertex 4 5.4 2.4
      vertex 3.81726 5.38802 0
      vertex 4 5.4 0
    endloop
  endfacet
  facet normal -0.659339 -0.751846 0
    outer loop
      vertex 4.85227 5.11069 0
      vertex 4.98995 4.98995 2.4
      vertex 4.85227 5.11069 2.4
    endloop
  endfacet
  facet normal -0.659339 -0.751846 -0
    outer loop
      vertex 4.98995 4.98995 2.4
      vertex 4.85227 5.11069 0
      vertex 4.98995 4.98995 0
    endloop
  endfacet
  facet normal 0.751846 -0.659339 0
    outer loop
      vertex 2.88931 4.85227 2.4
      vertex 3.01005 4.98995 0
      vertex 3.01005 4.98995 2.4
    endloop
  endfacet
  facet normal 0.751846 -0.659339 0
    outer loop
      vertex 3.01005 4.98995 0
      vertex 2.88931 4.85227 2.4
      vertex 2.88931 4.85227 0
    endloop
  endfacet
  facet normal 0.442314 -0.89686 0
    outer loop
      vertex 3.3 5.21243 0
      vertex 3.46424 5.29343 2.4
      vertex 3.3 5.21243 2.4
    endloop
  endfacet
  facet normal 0.442314 -0.89686 0
    outer loop
      vertex 3.46424 5.29343 2.4
      vertex 3.3 5.21243 0
      vertex 3.46424 5.29343 0
    endloop
  endfacet
  facet normal -0.89686 -0.442314 0
    outer loop
      vertex 5.29343 4.53576 0
      vertex 5.21243 4.7 2.4
      vertex 5.21243 4.7 0
    endloop
  endfacet
  facet normal -0.89686 -0.442314 0
    outer loop
      vertex 5.21243 4.7 2.4
      vertex 5.29343 4.53576 0
      vertex 5.29343 4.53576 2.4
    endloop
  endfacet
  facet normal -0.321465 -0.946921 0
    outer loop
      vertex 4.36235 5.3523 0
      vertex 4.53576 5.29343 2.4
      vertex 4.36235 5.3523 2.4
    endloop
  endfacet
  facet normal -0.321465 -0.946921 -0
    outer loop
      vertex 4.53576 5.29343 2.4
      vertex 4.36235 5.3523 0
      vertex 4.53576 5.29343 0
    endloop
  endfacet
  facet normal -0.442314 -0.89686 0
    outer loop
      vertex 4.53576 5.29343 0
      vertex 4.7 5.21243 2.4
      vertex 4.53576 5.29343 2.4
    endloop
  endfacet
  facet normal -0.442314 -0.89686 -0
    outer loop
      vertex 4.7 5.21243 2.4
      vertex 4.53576 5.29343 0
      vertex 4.7 5.21243 0
    endloop
  endfacet
  facet normal 0.946921 -0.321465 0
    outer loop
      vertex 2.6477 4.36235 2.4
      vertex 2.70657 4.53576 0
      vertex 2.70657 4.53576 2.4
    endloop
  endfacet
  facet normal 0.946921 -0.321465 0
    outer loop
      vertex 2.70657 4.53576 0
      vertex 2.6477 4.36235 2.4
      vertex 2.6477 4.36235 0
    endloop
  endfacet
  facet normal 0.321465 -0.946921 0
    outer loop
      vertex 3.46424 5.29343 0
      vertex 3.63765 5.3523 2.4
      vertex 3.46424 5.29343 2.4
    endloop
  endfacet
  facet normal 0.321465 -0.946921 0
    outer loop
      vertex 3.63765 5.3523 2.4
      vertex 3.46424 5.29343 0
      vertex 3.63765 5.3523 0
    endloop
  endfacet
  facet normal -0.946921 -0.321465 0
    outer loop
      vertex 5.3523 4.36235 0
      vertex 5.29343 4.53576 2.4
      vertex 5.29343 4.53576 0
    endloop
  endfacet
  facet normal -0.946921 -0.321465 0
    outer loop
      vertex 5.29343 4.53576 2.4
      vertex 5.3523 4.36235 0
      vertex 5.3523 4.36235 2.4
    endloop
  endfacet
  facet normal -0.980792 -0.195055 0
    outer loop
      vertex 5.38802 4.18274 0
      vertex 5.3523 4.36235 2.4
      vertex 5.3523 4.36235 0
    endloop
  endfacet
  facet normal -0.980792 -0.195055 0
    outer loop
      vertex 5.3523 4.36235 2.4
      vertex 5.38802 4.18274 0
      vertex 5.38802 4.18274 2.4
    endloop
  endfacet
  facet normal -0.751846 -0.659339 0
    outer loop
      vertex 5.11069 4.85227 0
      vertex 4.98995 4.98995 2.4
      vertex 4.98995 4.98995 0
    endloop
  endfacet
  facet normal -0.751846 -0.659339 0
    outer loop
      vertex 4.98995 4.98995 2.4
      vertex 5.11069 4.85227 0
      vertex 5.11069 4.85227 2.4
    endloop
  endfacet
  facet normal -0.831479 -0.555557 0
    outer loop
      vertex 5.21243 4.7 0
      vertex 5.11069 4.85227 2.4
      vertex 5.11069 4.85227 0
    endloop
  endfacet
  facet normal -0.831479 -0.555557 0
    outer loop
      vertex 5.11069 4.85227 2.4
      vertex 5.21243 4.7 0
      vertex 5.21243 4.7 2.4
    endloop
  endfacet
  facet normal -0.195055 -0.980792 0
    outer loop
      vertex 4.18274 5.38802 0
      vertex 4.36235 5.3523 2.4
      vertex 4.18274 5.38802 2.4
    endloop
  endfacet
  facet normal -0.195055 -0.980792 -0
    outer loop
      vertex 4.36235 5.3523 2.4
      vertex 4.18274 5.38802 0
      vertex 4.36235 5.3523 0
    endloop
  endfacet
  facet normal -0.0654172 -0.997858 0
    outer loop
      vertex 4 5.4 0
      vertex 4.18274 5.38802 2.4
      vertex 4 5.4 2.4
    endloop
  endfacet
  facet normal -0.0654172 -0.997858 -0
    outer loop
      vertex 4.18274 5.38802 2.4
      vertex 4 5.4 0
      vertex 4.18274 5.38802 0
    endloop
  endfacet
  facet normal -0.555557 -0.831479 0
    outer loop
      vertex 4.7 5.21243 0
      vertex 4.85227 5.11069 2.4
      vertex 4.7 5.21243 2.4
    endloop
  endfacet
  facet normal -0.555557 -0.831479 -0
    outer loop
      vertex 4.85227 5.11069 2.4
      vertex 4.7 5.21243 0
      vertex 4.85227 5.11069 0
    endloop
  endfacet
  facet normal 0.896882 -0.44227 0
    outer loop
      vertex 2.70657 4.53576 2.4
      vertex 2.78756 4.7 0
      vertex 2.78756 4.7 2.4
    endloop
  endfacet
  facet normal 0.896882 -0.44227 0
    outer loop
      vertex 2.78756 4.7 0
      vertex 2.70657 4.53576 2.4
      vertex 2.70657 4.53576 0
    endloop
  endfacet
  facet normal 0.831453 -0.555595 0
    outer loop
      vertex 2.78756 4.7 2.4
      vertex 2.88931 4.85227 0
      vertex 2.88931 4.85227 2.4
    endloop
  endfacet
  facet normal 0.831453 -0.555595 0
    outer loop
      vertex 2.88931 4.85227 0
      vertex 2.78756 4.7 2.4
      vertex 2.78756 4.7 0
    endloop
  endfacet
  facet normal 0.980792 -0.195055 0
    outer loop
      vertex 2.61198 4.18274 2.4
      vertex 2.6477 4.36235 0
      vertex 2.6477 4.36235 2.4
    endloop
  endfacet
  facet normal 0.980792 -0.195055 0
    outer loop
      vertex 2.6477 4.36235 0
      vertex 2.61198 4.18274 2.4
      vertex 2.61198 4.18274 0
    endloop
  endfacet
  facet normal 0.997858 -0.0654172 0
    outer loop
      vertex 2.6 4 2.4
      vertex 2.61198 4.18274 0
      vertex 2.61198 4.18274 2.4
    endloop
  endfacet
  facet normal 0.997858 -0.0654172 0
    outer loop
      vertex 2.61198 4.18274 0
      vertex 2.6 4 2.4
      vertex 2.6 4 0
    endloop
  endfacet
  facet normal 0.997858 0.0654172 0
    outer loop
      vertex 2.61198 3.81726 2.4
      vertex 2.6 4 0
      vertex 2.6 4 2.4
    endloop
  endfacet
  facet normal 0.997858 0.0654172 0
    outer loop
      vertex 2.6 4 0
      vertex 2.61198 3.81726 2.4
      vertex 2.61198 3.81726 0
    endloop
  endfacet
  facet normal 0.555557 -0.831479 0
    outer loop
      vertex 3.14773 5.11069 0
      vertex 3.3 5.21243 2.4
      vertex 3.14773 5.11069 2.4
    endloop
  endfacet
  facet normal 0.555557 -0.831479 0
    outer loop
      vertex 3.3 5.21243 2.4
      vertex 3.14773 5.11069 0
      vertex 3.3 5.21243 0
    endloop
  endfacet
  facet normal 0.659339 -0.751846 0
    outer loop
      vertex 3.01005 4.98995 0
      vertex 3.14773 5.11069 2.4
      vertex 3.01005 4.98995 2.4
    endloop
  endfacet
  facet normal 0.659339 -0.751846 0
    outer loop
      vertex 3.14773 5.11069 2.4
      vertex 3.01005 4.98995 0
      vertex 3.14773 5.11069 0
    endloop
  endfacet
  facet normal 0.195055 -0.980792 0
    outer loop
      vertex 3.63765 5.3523 0
      vertex 3.81726 5.38802 2.4
      vertex 3.63765 5.3523 2.4
    endloop
  endfacet
  facet normal 0.195055 -0.980792 0
    outer loop
      vertex 3.81726 5.38802 2.4
      vertex 3.63765 5.3523 0
      vertex 3.81726 5.38802 0
    endloop
  endfacet
  facet normal -0.195055 0.980792 0
    outer loop
      vertex 4.36235 2.6477 0
      vertex 4.18274 2.61198 2.4
      vertex 4.36235 2.6477 2.4
    endloop
  endfacet
  facet normal -0.195055 0.980792 0
    outer loop
      vertex 4.18274 2.61198 2.4
      vertex 4.36235 2.6477 0
      vertex 4.18274 2.61198 0
    endloop
  endfacet
  facet normal -0.44227 0.896882 0
    outer loop
      vertex 4.7 2.78756 0
      vertex 4.53576 2.70657 2.4
      vertex 4.7 2.78756 2.4
    endloop
  endfacet
  facet normal -0.44227 0.896882 0
    outer loop
      vertex 4.53576 2.70657 2.4
      vertex 4.7 2.78756 0
      vertex 4.53576 2.70657 0
    endloop
  endfacet
  facet normal -0.751846 0.659339 0
    outer loop
      vertex 4.98995 3.01005 0
      vertex 5.11069 3.14773 2.4
      vertex 5.11069 3.14773 0
    endloop
  endfacet
  facet normal -0.751846 0.659339 0
    outer loop
      vertex 5.11069 3.14773 2.4
      vertex 4.98995 3.01005 0
      vertex 4.98995 3.01005 2.4
    endloop
  endfacet
  facet normal -0.555595 0.831453 0
    outer loop
      vertex 4.85227 2.88931 0
      vertex 4.7 2.78756 2.4
      vertex 4.85227 2.88931 2.4
    endloop
  endfacet
  facet normal -0.555595 0.831453 0
    outer loop
      vertex 4.7 2.78756 2.4
      vertex 4.85227 2.88931 0
      vertex 4.7 2.78756 0
    endloop
  endfacet
  facet normal -0.946921 0.321465 0
    outer loop
      vertex 5.29343 3.46424 0
      vertex 5.3523 3.63765 2.4
      vertex 5.3523 3.63765 0
    endloop
  endfacet
  facet normal -0.946921 0.321465 0
    outer loop
      vertex 5.3523 3.63765 2.4
      vertex 5.29343 3.46424 0
      vertex 5.29343 3.46424 2.4
    endloop
  endfacet
  facet normal -0.831479 0.555557 0
    outer loop
      vertex 5.11069 3.14773 0
      vertex 5.21243 3.3 2.4
      vertex 5.21243 3.3 0
    endloop
  endfacet
  facet normal -0.831479 0.555557 0
    outer loop
      vertex 5.21243 3.3 2.4
      vertex 5.11069 3.14773 0
      vertex 5.11069 3.14773 2.4
    endloop
  endfacet
  facet normal 0.555595 0.831453 -0
    outer loop
      vertex 3.3 2.78756 0
      vertex 3.14773 2.88931 2.4
      vertex 3.3 2.78756 2.4
    endloop
  endfacet
  facet normal 0.555595 0.831453 0
    outer loop
      vertex 3.14773 2.88931 2.4
      vertex 3.3 2.78756 0
      vertex 3.14773 2.88931 0
    endloop
  endfacet
  facet normal 0.321465 0.946921 -0
    outer loop
      vertex 3.63765 2.6477 0
      vertex 3.46424 2.70657 2.4
      vertex 3.63765 2.6477 2.4
    endloop
  endfacet
  facet normal 0.321465 0.946921 0
    outer loop
      vertex 3.46424 2.70657 2.4
      vertex 3.63765 2.6477 0
      vertex 3.46424 2.70657 0
    endloop
  endfacet
  facet normal 0.195055 0.980792 -0
    outer loop
      vertex 3.81726 2.61198 0
      vertex 3.63765 2.6477 2.4
      vertex 3.81726 2.61198 2.4
    endloop
  endfacet
  facet normal 0.195055 0.980792 0
    outer loop
      vertex 3.63765 2.6477 2.4
      vertex 3.81726 2.61198 0
      vertex 3.63765 2.6477 0
    endloop
  endfacet
  facet normal -0.0654172 0.997858 0
    outer loop
      vertex 4.18274 2.61198 0
      vertex 4 2.6 2.4
      vertex 4.18274 2.61198 2.4
    endloop
  endfacet
  facet normal -0.0654172 0.997858 0
    outer loop
      vertex 4 2.6 2.4
      vertex 4.18274 2.61198 0
      vertex 4 2.6 0
    endloop
  endfacet
  facet normal 0.831453 0.555595 0
    outer loop
      vertex 2.88931 3.14773 2.4
      vertex 2.78756 3.3 0
      vertex 2.78756 3.3 2.4
    endloop
  endfacet
  facet normal 0.831453 0.555595 0
    outer loop
      vertex 2.78756 3.3 0
      vertex 2.88931 3.14773 2.4
      vertex 2.88931 3.14773 0
    endloop
  endfacet
  facet normal 0.659339 0.751846 -0
    outer loop
      vertex 3.14773 2.88931 0
      vertex 3.01005 3.01005 2.4
      vertex 3.14773 2.88931 2.4
    endloop
  endfacet
  facet normal 0.659339 0.751846 0
    outer loop
      vertex 3.01005 3.01005 2.4
      vertex 3.14773 2.88931 0
      vertex 3.01005 3.01005 0
    endloop
  endfacet
  facet normal 0.896882 0.44227 0
    outer loop
      vertex 2.78756 3.3 2.4
      vertex 2.70657 3.46424 0
      vertex 2.70657 3.46424 2.4
    endloop
  endfacet
  facet normal 0.896882 0.44227 0
    outer loop
      vertex 2.70657 3.46424 0
      vertex 2.78756 3.3 2.4
      vertex 2.78756 3.3 0
    endloop
  endfacet
  facet normal 0.980792 0.195055 0
    outer loop
      vertex 2.6477 3.63765 2.4
      vertex 2.61198 3.81726 0
      vertex 2.61198 3.81726 2.4
    endloop
  endfacet
  facet normal 0.980792 0.195055 0
    outer loop
      vertex 2.61198 3.81726 0
      vertex 2.6477 3.63765 2.4
      vertex 2.6477 3.63765 0
    endloop
  endfacet
  facet normal -0.321465 0.946921 0
    outer loop
      vertex 4.53576 2.70657 0
      vertex 4.36235 2.6477 2.4
      vertex 4.53576 2.70657 2.4
    endloop
  endfacet
  facet normal -0.321465 0.946921 0
    outer loop
      vertex 4.36235 2.6477 2.4
      vertex 4.53576 2.70657 0
      vertex 4.36235 2.6477 0
    endloop
  endfacet
  facet normal -0.659339 0.751846 0
    outer loop
      vertex 4.98995 3.01005 0
      vertex 4.85227 2.88931 2.4
      vertex 4.98995 3.01005 2.4
    endloop
  endfacet
  facet normal -0.659339 0.751846 0
    outer loop
      vertex 4.85227 2.88931 2.4
      vertex 4.98995 3.01005 0
      vertex 4.85227 2.88931 0
    endloop
  endfacet
  facet normal -0.980792 0.195055 0
    outer loop
      vertex 5.3523 3.63765 0
      vertex 5.38802 3.81726 2.4
      vertex 5.38802 3.81726 0
    endloop
  endfacet
  facet normal -0.980792 0.195055 0
    outer loop
      vertex 5.38802 3.81726 2.4
      vertex 5.3523 3.63765 0
      vertex 5.3523 3.63765 2.4
    endloop
  endfacet
  facet normal -0.89686 0.442314 0
    outer loop
      vertex 5.21243 3.3 0
      vertex 5.29343 3.46424 2.4
      vertex 5.29343 3.46424 0
    endloop
  endfacet
  facet normal -0.89686 0.442314 0
    outer loop
      vertex 5.29343 3.46424 2.4
      vertex 5.21243 3.3 0
      vertex 5.21243 3.3 2.4
    endloop
  endfacet
  facet normal 0.44227 0.896882 -0
    outer loop
      vertex 3.46424 2.70657 0
      vertex 3.3 2.78756 2.4
      vertex 3.46424 2.70657 2.4
    endloop
  endfacet
  facet normal 0.44227 0.896882 0
    outer loop
      vertex 3.3 2.78756 2.4
      vertex 3.46424 2.70657 0
      vertex 3.3 2.78756 0
    endloop
  endfacet
  facet normal 0.0654172 0.997858 -0
    outer loop
      vertex 4 2.6 0
      vertex 3.81726 2.61198 2.4
      vertex 4 2.6 2.4
    endloop
  endfacet
  facet normal 0.0654172 0.997858 0
    outer loop
      vertex 3.81726 2.61198 2.4
      vertex 4 2.6 0
      vertex 3.81726 2.61198 0
    endloop
  endfacet
  facet normal 0.751846 0.659339 0
    outer loop
      vertex 3.01005 3.01005 2.4
      vertex 2.88931 3.14773 0
      vertex 2.88931 3.14773 2.4
    endloop
  endfacet
  facet normal 0.751846 0.659339 0
    outer loop
      vertex 2.88931 3.14773 0
      vertex 3.01005 3.01005 2.4
      vertex 3.01005 3.01005 0
    endloop
  endfacet
  facet normal 0.946921 0.321465 0
    outer loop
      vertex 2.70657 3.46424 2.4
      vertex 2.6477 3.63765 0
      vertex 2.6477 3.63765 2.4
    endloop
  endfacet
  facet normal 0.946921 0.321465 0
    outer loop
      vertex 2.6477 3.63765 0
      vertex 2.70657 3.46424 2.4
      vertex 2.70657 3.46424 0
    endloop
  endfacet
  facet normal -0.997858 0.0654172 0
    outer loop
      vertex 5.38802 3.81726 0
      vertex 5.4 4 2.4
      vertex 5.4 4 0
    endloop
  endfacet
  facet normal -0.997858 0.0654172 0
    outer loop
      vertex 5.4 4 2.4
      vertex 5.38802 3.81726 0
      vertex 5.38802 3.81726 2.4
    endloop
  endfacet
  facet normal -0.997857 -0.0654315 0
    outer loop
      vertex 5.4 52 0
      vertex 5.38802 52.1827 2.4
      vertex 5.38802 52.1827 0
    endloop
  endfacet
  facet normal -0.997857 -0.0654315 0
    outer loop
      vertex 5.38802 52.1827 2.4
      vertex 5.4 52 0
      vertex 5.4 52 2.4
    endloop
  endfacet
  facet normal 0.0655259 -0.997851 0
    outer loop
      vertex 3.81726 53.388 0
      vertex 4 53.4 2.4
      vertex 3.81726 53.388 2.4
    endloop
  endfacet
  facet normal 0.0655259 -0.997851 0
    outer loop
      vertex 4 53.4 2.4
      vertex 3.81726 53.388 0
      vertex 4 53.4 0
    endloop
  endfacet
  facet normal -0.659524 -0.751683 0
    outer loop
      vertex 4.85227 53.1107 0
      vertex 4.98995 52.9899 2.4
      vertex 4.85227 53.1107 2.4
    endloop
  endfacet
  facet normal -0.659524 -0.751683 -0
    outer loop
      vertex 4.98995 52.9899 2.4
      vertex 4.85227 53.1107 0
      vertex 4.98995 52.9899 0
    endloop
  endfacet
  facet normal 0.751656 -0.659556 0
    outer loop
      vertex 2.88931 52.8523 2.4
      vertex 3.01005 52.9899 0
      vertex 3.01005 52.9899 2.4
    endloop
  endfacet
  facet normal 0.751656 -0.659556 0
    outer loop
      vertex 3.01005 52.9899 0
      vertex 2.88931 52.8523 2.4
      vertex 2.88931 52.8523 0
    endloop
  endfacet
  facet normal 0.442314 -0.89686 0
    outer loop
      vertex 3.3 53.2124 0
      vertex 3.46424 53.2934 2.4
      vertex 3.3 53.2124 2.4
    endloop
  endfacet
  facet normal 0.442314 -0.89686 0
    outer loop
      vertex 3.46424 53.2934 2.4
      vertex 3.3 53.2124 0
      vertex 3.46424 53.2934 0
    endloop
  endfacet
  facet normal -0.896817 -0.442401 0
    outer loop
      vertex 5.29343 52.5358 0
      vertex 5.21243 52.7 2.4
      vertex 5.21243 52.7 0
    endloop
  endfacet
  facet normal -0.896817 -0.442401 0
    outer loop
      vertex 5.21243 52.7 2.4
      vertex 5.29343 52.5358 0
      vertex 5.29343 52.5358 2.4
    endloop
  endfacet
  facet normal -0.321612 -0.946872 0
    outer loop
      vertex 4.36235 53.3523 0
      vertex 4.53576 53.2934 2.4
      vertex 4.36235 53.3523 2.4
    endloop
  endfacet
  facet normal -0.321612 -0.946872 -0
    outer loop
      vertex 4.53576 53.2934 2.4
      vertex 4.36235 53.3523 0
      vertex 4.53576 53.2934 0
    endloop
  endfacet
  facet normal -0.442314 -0.89686 0
    outer loop
      vertex 4.53576 53.2934 0
      vertex 4.7 53.2124 2.4
      vertex 4.53576 53.2934 2.4
    endloop
  endfacet
  facet normal -0.442314 -0.89686 -0
    outer loop
      vertex 4.7 53.2124 2.4
      vertex 4.53576 53.2934 0
      vertex 4.7 53.2124 0
    endloop
  endfacet
  facet normal 0.946972 -0.321316 0
    outer loop
      vertex 2.6477 52.3623 2.4
      vertex 2.70657 52.5358 0
      vertex 2.70657 52.5358 2.4
    endloop
  endfacet
  facet normal 0.946972 -0.321316 0
    outer loop
      vertex 2.70657 52.5358 0
      vertex 2.6477 52.3623 2.4
      vertex 2.6477 52.3623 0
    endloop
  endfacet
  facet normal 0.321612 -0.946872 0
    outer loop
      vertex 3.46424 53.2934 0
      vertex 3.63765 53.3523 2.4
      vertex 3.46424 53.2934 2.4
    endloop
  endfacet
  facet normal 0.321612 -0.946872 0
    outer loop
      vertex 3.63765 53.3523 2.4
      vertex 3.46424 53.2934 0
      vertex 3.63765 53.3523 0
    endloop
  endfacet
  facet normal -0.946972 -0.321316 0
    outer loop
      vertex 5.3523 52.3623 0
      vertex 5.29343 52.5358 2.4
      vertex 5.29343 52.5358 0
    endloop
  endfacet
  facet normal -0.946972 -0.321316 0
    outer loop
      vertex 5.29343 52.5358 2.4
      vertex 5.3523 52.3623 0
      vertex 5.3523 52.3623 2.4
    endloop
  endfacet
  facet normal -0.98079 -0.195066 0
    outer loop
      vertex 5.38802 52.1827 0
      vertex 5.3523 52.3623 2.4
      vertex 5.3523 52.3623 0
    endloop
  endfacet
  facet normal -0.98079 -0.195066 0
    outer loop
      vertex 5.3523 52.3623 2.4
      vertex 5.38802 52.1827 0
      vertex 5.38802 52.1827 2.4
    endloop
  endfacet
  facet normal -0.751656 -0.659556 0
    outer loop
      vertex 5.11069 52.8523 0
      vertex 4.98995 52.9899 2.4
      vertex 4.98995 52.9899 0
    endloop
  endfacet
  facet normal -0.751656 -0.659556 0
    outer loop
      vertex 4.98995 52.9899 2.4
      vertex 5.11069 52.8523 0
      vertex 5.11069 52.8523 2.4
    endloop
  endfacet
  facet normal -0.831529 -0.555481 0
    outer loop
      vertex 5.21243 52.7 0
      vertex 5.11069 52.8523 2.4
      vertex 5.11069 52.8523 0
    endloop
  endfacet
  facet normal -0.831529 -0.555481 0
    outer loop
      vertex 5.11069 52.8523 2.4
      vertex 5.21243 52.7 0
      vertex 5.21243 52.7 2.4
    endloop
  endfacet
  facet normal -0.19495 -0.980813 0
    outer loop
      vertex 4.18274 53.388 0
      vertex 4.36235 53.3523 2.4
      vertex 4.18274 53.388 2.4
    endloop
  endfacet
  facet normal -0.19495 -0.980813 -0
    outer loop
      vertex 4.36235 53.3523 2.4
      vertex 4.18274 53.388 0
      vertex 4.36235 53.3523 0
    endloop
  endfacet
  facet normal -0.0655259 -0.997851 0
    outer loop
      vertex 4 53.4 0
      vertex 4.18274 53.388 2.4
      vertex 4 53.4 2.4
    endloop
  endfacet
  facet normal -0.0655259 -0.997851 -0
    outer loop
      vertex 4.18274 53.388 2.4
      vertex 4 53.4 0
      vertex 4.18274 53.388 0
    endloop
  endfacet
  facet normal -0.555406 -0.831579 0
    outer loop
      vertex 4.7 53.2124 0
      vertex 4.85227 53.1107 2.4
      vertex 4.7 53.2124 2.4
    endloop
  endfacet
  facet normal -0.555406 -0.831579 -0
    outer loop
      vertex 4.85227 53.1107 2.4
      vertex 4.7 53.2124 0
      vertex 4.85227 53.1107 0
    endloop
  endfacet
  facet normal 0.896839 -0.442357 0
    outer loop
      vertex 2.70657 52.5358 2.4
      vertex 2.78756 52.7 0
      vertex 2.78756 52.7 2.4
    endloop
  endfacet
  facet normal 0.896839 -0.442357 0
    outer loop
      vertex 2.78756 52.7 0
      vertex 2.70657 52.5358 2.4
      vertex 2.70657 52.5358 0
    endloop
  endfacet
  facet normal 0.831504 -0.555519 0
    outer loop
      vertex 2.78756 52.7 2.4
      vertex 2.88931 52.8523 0
      vertex 2.88931 52.8523 2.4
    endloop
  endfacet
  facet normal 0.831504 -0.555519 0
    outer loop
      vertex 2.88931 52.8523 0
      vertex 2.78756 52.7 2.4
      vertex 2.78756 52.7 0
    endloop
  endfacet
  facet normal 0.98079 -0.195066 0
    outer loop
      vertex 2.61198 52.1827 2.4
      vertex 2.6477 52.3623 0
      vertex 2.6477 52.3623 2.4
    endloop
  endfacet
  facet normal 0.98079 -0.195066 0
    outer loop
      vertex 2.6477 52.3623 0
      vertex 2.61198 52.1827 2.4
      vertex 2.61198 52.1827 0
    endloop
  endfacet
  facet normal 0.997857 -0.0654315 0
    outer loop
      vertex 2.6 52 2.4
      vertex 2.61198 52.1827 0
      vertex 2.61198 52.1827 2.4
    endloop
  endfacet
  facet normal 0.997857 -0.0654315 0
    outer loop
      vertex 2.61198 52.1827 0
      vertex 2.6 52 2.4
      vertex 2.6 52 0
    endloop
  endfacet
  facet normal 0.997857 0.0654315 0
    outer loop
      vertex 2.61198 51.8173 2.4
      vertex 2.6 52 0
      vertex 2.6 52 2.4
    endloop
  endfacet
  facet normal 0.997857 0.0654315 0
    outer loop
      vertex 2.6 52 0
      vertex 2.61198 51.8173 2.4
      vertex 2.61198 51.8173 0
    endloop
  endfacet
  facet normal 0.555406 -0.831579 0
    outer loop
      vertex 3.14773 53.1107 0
      vertex 3.3 53.2124 2.4
      vertex 3.14773 53.1107 2.4
    endloop
  endfacet
  facet normal 0.555406 -0.831579 0
    outer loop
      vertex 3.3 53.2124 2.4
      vertex 3.14773 53.1107 0
      vertex 3.3 53.2124 0
    endloop
  endfacet
  facet normal 0.659524 -0.751683 0
    outer loop
      vertex 3.01005 52.9899 0
      vertex 3.14773 53.1107 2.4
      vertex 3.01005 52.9899 2.4
    endloop
  endfacet
  facet normal 0.659524 -0.751683 0
    outer loop
      vertex 3.14773 53.1107 2.4
      vertex 3.01005 52.9899 0
      vertex 3.14773 53.1107 0
    endloop
  endfacet
  facet normal 0.19495 -0.980813 0
    outer loop
      vertex 3.63765 53.3523 0
      vertex 3.81726 53.388 2.4
      vertex 3.63765 53.3523 2.4
    endloop
  endfacet
  facet normal 0.19495 -0.980813 0
    outer loop
      vertex 3.81726 53.388 2.4
      vertex 3.63765 53.3523 0
      vertex 3.81726 53.388 0
    endloop
  endfacet
  facet normal -0.997857 0.0654315 0
    outer loop
      vertex 5.38802 51.8173 0
      vertex 5.4 52 2.4
      vertex 5.4 52 0
    endloop
  endfacet
  facet normal -0.997857 0.0654315 0
    outer loop
      vertex 5.4 52 2.4
      vertex 5.38802 51.8173 0
      vertex 5.38802 51.8173 2.4
    endloop
  endfacet
  facet normal -0.19495 0.980813 0
    outer loop
      vertex 4.36235 50.6477 0
      vertex 4.18274 50.612 2.4
      vertex 4.36235 50.6477 2.4
    endloop
  endfacet
  facet normal -0.19495 0.980813 0
    outer loop
      vertex 4.18274 50.612 2.4
      vertex 4.36235 50.6477 0
      vertex 4.18274 50.612 0
    endloop
  endfacet
  facet normal -0.442314 0.89686 0
    outer loop
      vertex 4.7 50.7876 0
      vertex 4.53576 50.7066 2.4
      vertex 4.7 50.7876 2.4
    endloop
  endfacet
  facet normal -0.442314 0.89686 0
    outer loop
      vertex 4.53576 50.7066 2.4
      vertex 4.7 50.7876 0
      vertex 4.53576 50.7066 0
    endloop
  endfacet
  facet normal -0.751893 0.659285 0
    outer loop
      vertex 4.98995 51.01 0
      vertex 5.11069 51.1477 2.4
      vertex 5.11069 51.1477 0
    endloop
  endfacet
  facet normal -0.751893 0.659285 0
    outer loop
      vertex 5.11069 51.1477 2.4
      vertex 4.98995 51.01 0
      vertex 4.98995 51.01 2.4
    endloop
  endfacet
  facet normal -0.555406 0.831579 0
    outer loop
      vertex 4.85227 50.8893 0
      vertex 4.7 50.7876 2.4
      vertex 4.85227 50.8893 2.4
    endloop
  endfacet
  facet normal -0.555406 0.831579 0
    outer loop
      vertex 4.7 50.7876 2.4
      vertex 4.85227 50.8893 0
      vertex 4.7 50.7876 0
    endloop
  endfacet
  facet normal -0.946972 0.321316 0
    outer loop
      vertex 5.29343 51.4642 0
      vertex 5.3523 51.6377 2.4
      vertex 5.3523 51.6377 0
    endloop
  endfacet
  facet normal -0.946972 0.321316 0
    outer loop
      vertex 5.3523 51.6377 2.4
      vertex 5.29343 51.4642 0
      vertex 5.29343 51.4642 2.4
    endloop
  endfacet
  facet normal -0.831529 0.555481 0
    outer loop
      vertex 5.11069 51.1477 0
      vertex 5.21243 51.3 2.4
      vertex 5.21243 51.3 0
    endloop
  endfacet
  facet normal -0.831529 0.555481 0
    outer loop
      vertex 5.21243 51.3 2.4
      vertex 5.11069 51.1477 0
      vertex 5.11069 51.1477 2.4
    endloop
  endfacet
  facet normal 0.555406 0.831579 -0
    outer loop
      vertex 3.3 50.7876 0
      vertex 3.14773 50.8893 2.4
      vertex 3.3 50.7876 2.4
    endloop
  endfacet
  facet normal 0.555406 0.831579 0
    outer loop
      vertex 3.14773 50.8893 2.4
      vertex 3.3 50.7876 0
      vertex 3.14773 50.8893 0
    endloop
  endfacet
  facet normal 0.321612 0.946872 -0
    outer loop
      vertex 3.63765 50.6477 0
      vertex 3.46424 50.7066 2.4
      vertex 3.63765 50.6477 2.4
    endloop
  endfacet
  facet normal 0.321612 0.946872 0
    outer loop
      vertex 3.46424 50.7066 2.4
      vertex 3.63765 50.6477 0
      vertex 3.46424 50.7066 0
    endloop
  endfacet
  facet normal 0.19495 0.980813 -0
    outer loop
      vertex 3.81726 50.612 0
      vertex 3.63765 50.6477 2.4
      vertex 3.81726 50.612 2.4
    endloop
  endfacet
  facet normal 0.19495 0.980813 0
    outer loop
      vertex 3.63765 50.6477 2.4
      vertex 3.81726 50.612 0
      vertex 3.63765 50.6477 0
    endloop
  endfacet
  facet normal -0.0655259 0.997851 0
    outer loop
      vertex 4.18274 50.612 0
      vertex 4 50.6 2.4
      vertex 4.18274 50.612 2.4
    endloop
  endfacet
  facet normal -0.0655259 0.997851 0
    outer loop
      vertex 4 50.6 2.4
      vertex 4.18274 50.612 0
      vertex 4 50.6 0
    endloop
  endfacet
  facet normal 0.831504 0.555519 0
    outer loop
      vertex 2.88931 51.1477 2.4
      vertex 2.78756 51.3 0
      vertex 2.78756 51.3 2.4
    endloop
  endfacet
  facet normal 0.831504 0.555519 0
    outer loop
      vertex 2.78756 51.3 0
      vertex 2.88931 51.1477 2.4
      vertex 2.88931 51.1477 0
    endloop
  endfacet
  facet normal 0.659216 0.751954 -0
    outer loop
      vertex 3.14773 50.8893 0
      vertex 3.01005 51.01 2.4
      vertex 3.14773 50.8893 2.4
    endloop
  endfacet
  facet normal 0.659216 0.751954 0
    outer loop
      vertex 3.01005 51.01 2.4
      vertex 3.14773 50.8893 0
      vertex 3.01005 51.01 0
    endloop
  endfacet
  facet normal 0.896839 0.442357 0
    outer loop
      vertex 2.78756 51.3 2.4
      vertex 2.70657 51.4642 0
      vertex 2.70657 51.4642 2.4
    endloop
  endfacet
  facet normal 0.896839 0.442357 0
    outer loop
      vertex 2.70657 51.4642 0
      vertex 2.78756 51.3 2.4
      vertex 2.78756 51.3 0
    endloop
  endfacet
  facet normal 0.98079 0.195066 0
    outer loop
      vertex 2.6477 51.6377 2.4
      vertex 2.61198 51.8173 0
      vertex 2.61198 51.8173 2.4
    endloop
  endfacet
  facet normal 0.98079 0.195066 0
    outer loop
      vertex 2.61198 51.8173 0
      vertex 2.6477 51.6377 2.4
      vertex 2.6477 51.6377 0
    endloop
  endfacet
  facet normal -0.321612 0.946872 0
    outer loop
      vertex 4.53576 50.7066 0
      vertex 4.36235 50.6477 2.4
      vertex 4.53576 50.7066 2.4
    endloop
  endfacet
  facet normal -0.321612 0.946872 0
    outer loop
      vertex 4.36235 50.6477 2.4
      vertex 4.53576 50.7066 0
      vertex 4.36235 50.6477 0
    endloop
  endfacet
  facet normal -0.659216 0.751954 0
    outer loop
      vertex 4.98995 51.01 0
      vertex 4.85227 50.8893 2.4
      vertex 4.98995 51.01 2.4
    endloop
  endfacet
  facet normal -0.659216 0.751954 0
    outer loop
      vertex 4.85227 50.8893 2.4
      vertex 4.98995 51.01 0
      vertex 4.85227 50.8893 0
    endloop
  endfacet
  facet normal -0.98079 0.195066 0
    outer loop
      vertex 5.3523 51.6377 0
      vertex 5.38802 51.8173 2.4
      vertex 5.38802 51.8173 0
    endloop
  endfacet
  facet normal -0.98079 0.195066 0
    outer loop
      vertex 5.38802 51.8173 2.4
      vertex 5.3523 51.6377 0
      vertex 5.3523 51.6377 2.4
    endloop
  endfacet
  facet normal -0.896817 0.442401 0
    outer loop
      vertex 5.21243 51.3 0
      vertex 5.29343 51.4642 2.4
      vertex 5.29343 51.4642 0
    endloop
  endfacet
  facet normal -0.896817 0.442401 0
    outer loop
      vertex 5.29343 51.4642 2.4
      vertex 5.21243 51.3 0
      vertex 5.21243 51.3 2.4
    endloop
  endfacet
  facet normal 0.442314 0.89686 -0
    outer loop
      vertex 3.46424 50.7066 0
      vertex 3.3 50.7876 2.4
      vertex 3.46424 50.7066 2.4
    endloop
  endfacet
  facet normal 0.442314 0.89686 0
    outer loop
      vertex 3.3 50.7876 2.4
      vertex 3.46424 50.7066 0
      vertex 3.3 50.7876 0
    endloop
  endfacet
  facet normal 0.0655259 0.997851 -0
    outer loop
      vertex 4 50.6 0
      vertex 3.81726 50.612 2.4
      vertex 4 50.6 2.4
    endloop
  endfacet
  facet normal 0.0655259 0.997851 0
    outer loop
      vertex 3.81726 50.612 2.4
      vertex 4 50.6 0
      vertex 3.81726 50.612 0
    endloop
  endfacet
  facet normal 0.751893 0.659285 0
    outer loop
      vertex 3.01005 51.01 2.4
      vertex 2.88931 51.1477 0
      vertex 2.88931 51.1477 2.4
    endloop
  endfacet
  facet normal 0.751893 0.659285 0
    outer loop
      vertex 2.88931 51.1477 0
      vertex 3.01005 51.01 2.4
      vertex 3.01005 51.01 0
    endloop
  endfacet
  facet normal 0.946972 0.321316 0
    outer loop
      vertex 2.70657 51.4642 2.4
      vertex 2.6477 51.6377 0
      vertex 2.6477 51.6377 2.4
    endloop
  endfacet
  facet normal 0.946972 0.321316 0
    outer loop
      vertex 2.6477 51.6377 0
      vertex 2.70657 51.4642 2.4
      vertex 2.70657 51.4642 0
    endloop
  endfacet
  facet normal -0.997851 -0.0655259 0
    outer loop
      vertex 63.4 4 0
      vertex 63.388 4.18274 2.4
      vertex 63.388 4.18274 0
    endloop
  endfacet
  facet normal -0.997851 -0.0655259 0
    outer loop
      vertex 63.388 4.18274 2.4
      vertex 63.4 4 0
      vertex 63.4 4 2.4
    endloop
  endfacet
  facet normal 0.0654315 -0.997857 0
    outer loop
      vertex 61.8173 5.38802 0
      vertex 62 5.4 2.4
      vertex 61.8173 5.38802 2.4
    endloop
  endfacet
  facet normal 0.0654315 -0.997857 0
    outer loop
      vertex 62 5.4 2.4
      vertex 61.8173 5.38802 0
      vertex 62 5.4 0
    endloop
  endfacet
  facet normal -0.659556 -0.751656 0
    outer loop
      vertex 62.8523 5.11069 0
      vertex 62.9899 4.98995 2.4
      vertex 62.8523 5.11069 2.4
    endloop
  endfacet
  facet normal -0.659556 -0.751656 -0
    outer loop
      vertex 62.9899 4.98995 2.4
      vertex 62.8523 5.11069 0
      vertex 62.9899 4.98995 0
    endloop
  endfacet
  facet normal 0.751954 -0.659216 0
    outer loop
      vertex 60.8893 4.85227 2.4
      vertex 61.01 4.98995 0
      vertex 61.01 4.98995 2.4
    endloop
  endfacet
  facet normal 0.751954 -0.659216 0
    outer loop
      vertex 61.01 4.98995 0
      vertex 60.8893 4.85227 2.4
      vertex 60.8893 4.85227 0
    endloop
  endfacet
  facet normal 0.442401 -0.896817 0
    outer loop
      vertex 61.3 5.21243 0
      vertex 61.4642 5.29343 2.4
      vertex 61.3 5.21243 2.4
    endloop
  endfacet
  facet normal 0.442401 -0.896817 0
    outer loop
      vertex 61.4642 5.29343 2.4
      vertex 61.3 5.21243 0
      vertex 61.4642 5.29343 0
    endloop
  endfacet
  facet normal -0.89686 -0.442314 0
    outer loop
      vertex 63.2934 4.53576 0
      vertex 63.2124 4.7 2.4
      vertex 63.2124 4.7 0
    endloop
  endfacet
  facet normal -0.89686 -0.442314 0
    outer loop
      vertex 63.2124 4.7 2.4
      vertex 63.2934 4.53576 0
      vertex 63.2934 4.53576 2.4
    endloop
  endfacet
  facet normal -0.321316 -0.946972 0
    outer loop
      vertex 62.3623 5.3523 0
      vertex 62.5358 5.29343 2.4
      vertex 62.3623 5.3523 2.4
    endloop
  endfacet
  facet normal -0.321316 -0.946972 -0
    outer loop
      vertex 62.5358 5.29343 2.4
      vertex 62.3623 5.3523 0
      vertex 62.5358 5.29343 0
    endloop
  endfacet
  facet normal -0.442401 -0.896817 0
    outer loop
      vertex 62.5358 5.29343 0
      vertex 62.7 5.21243 2.4
      vertex 62.5358 5.29343 2.4
    endloop
  endfacet
  facet normal -0.442401 -0.896817 -0
    outer loop
      vertex 62.7 5.21243 2.4
      vertex 62.5358 5.29343 0
      vertex 62.7 5.21243 0
    endloop
  endfacet
  facet normal 0.946872 -0.321612 0
    outer loop
      vertex 60.6477 4.36235 2.4
      vertex 60.7066 4.53576 0
      vertex 60.7066 4.53576 2.4
    endloop
  endfacet
  facet normal 0.946872 -0.321612 0
    outer loop
      vertex 60.7066 4.53576 0
      vertex 60.6477 4.36235 2.4
      vertex 60.6477 4.36235 0
    endloop
  endfacet
  facet normal 0.89686 -0.442314 0
    outer loop
      vertex 60.7066 4.53576 2.4
      vertex 60.7876 4.7 0
      vertex 60.7876 4.7 2.4
    endloop
  endfacet
  facet normal 0.89686 -0.442314 0
    outer loop
      vertex 60.7876 4.7 0
      vertex 60.7066 4.53576 2.4
      vertex 60.7066 4.53576 0
    endloop
  endfacet
  facet normal 0.659285 -0.751893 0
    outer loop
      vertex 61.01 4.98995 0
      vertex 61.1477 5.11069 2.4
      vertex 61.01 4.98995 2.4
    endloop
  endfacet
  facet normal 0.659285 -0.751893 0
    outer loop
      vertex 61.1477 5.11069 2.4
      vertex 61.01 4.98995 0
      vertex 61.1477 5.11069 0
    endloop
  endfacet
  facet normal 0.321316 -0.946972 0
    outer loop
      vertex 61.4642 5.29343 0
      vertex 61.6377 5.3523 2.4
      vertex 61.4642 5.29343 2.4
    endloop
  endfacet
  facet normal 0.321316 -0.946972 0
    outer loop
      vertex 61.6377 5.3523 2.4
      vertex 61.4642 5.29343 0
      vertex 61.6377 5.3523 0
    endloop
  endfacet
  facet normal 0.195066 0.98079 -0
    outer loop
      vertex 61.8173 2.61198 0
      vertex 61.6377 2.6477 2.4
      vertex 61.8173 2.61198 2.4
    endloop
  endfacet
  facet normal 0.195066 0.98079 0
    outer loop
      vertex 61.6377 2.6477 2.4
      vertex 61.8173 2.61198 0
      vertex 61.6377 2.6477 0
    endloop
  endfacet
  facet normal 0.659285 0.751893 -0
    outer loop
      vertex 61.1477 2.88931 0
      vertex 61.01 3.01005 2.4
      vertex 61.1477 2.88931 2.4
    endloop
  endfacet
  facet normal 0.659285 0.751893 0
    outer loop
      vertex 61.01 3.01005 2.4
      vertex 61.1477 2.88931 0
      vertex 61.01 3.01005 0
    endloop
  endfacet
  facet normal -0.946872 -0.321612 0
    outer loop
      vertex 63.3523 4.36235 0
      vertex 63.2934 4.53576 2.4
      vertex 63.2934 4.53576 0
    endloop
  endfacet
  facet normal -0.946872 -0.321612 0
    outer loop
      vertex 63.2934 4.53576 2.4
      vertex 63.3523 4.36235 0
      vertex 63.3523 4.36235 2.4
    endloop
  endfacet
  facet normal -0.980813 -0.19495 0
    outer loop
      vertex 63.388 4.18274 0
      vertex 63.3523 4.36235 2.4
      vertex 63.3523 4.36235 0
    endloop
  endfacet
  facet normal -0.980813 -0.19495 0
    outer loop
      vertex 63.3523 4.36235 2.4
      vertex 63.388 4.18274 0
      vertex 63.388 4.18274 2.4
    endloop
  endfacet
  facet normal -0.751683 -0.659524 0
    outer loop
      vertex 63.1107 4.85227 0
      vertex 62.9899 4.98995 2.4
      vertex 62.9899 4.98995 0
    endloop
  endfacet
  facet normal -0.751683 -0.659524 0
    outer loop
      vertex 62.9899 4.98995 2.4
      vertex 63.1107 4.85227 0
      vertex 63.1107 4.85227 2.4
    endloop
  endfacet
  facet normal -0.831579 -0.555406 0
    outer loop
      vertex 63.2124 4.7 0
      vertex 63.1107 4.85227 2.4
      vertex 63.1107 4.85227 0
    endloop
  endfacet
  facet normal -0.831579 -0.555406 0
    outer loop
      vertex 63.1107 4.85227 2.4
      vertex 63.2124 4.7 0
      vertex 63.2124 4.7 2.4
    endloop
  endfacet
  facet normal -0.0654315 -0.997857 0
    outer loop
      vertex 62 5.4 0
      vertex 62.1827 5.38802 2.4
      vertex 62 5.4 2.4
    endloop
  endfacet
  facet normal -0.0654315 -0.997857 -0
    outer loop
      vertex 62.1827 5.38802 2.4
      vertex 62 5.4 0
      vertex 62.1827 5.38802 0
    endloop
  endfacet
  facet normal -0.555481 -0.831529 0
    outer loop
      vertex 62.7 5.21243 0
      vertex 62.8523 5.11069 2.4
      vertex 62.7 5.21243 2.4
    endloop
  endfacet
  facet normal -0.555481 -0.831529 -0
    outer loop
      vertex 62.8523 5.11069 2.4
      vertex 62.7 5.21243 0
      vertex 62.8523 5.11069 0
    endloop
  endfacet
  facet normal 0.831579 -0.555406 0
    outer loop
      vertex 60.7876 4.7 2.4
      vertex 60.8893 4.85227 0
      vertex 60.8893 4.85227 2.4
    endloop
  endfacet
  facet normal 0.831579 -0.555406 0
    outer loop
      vertex 60.8893 4.85227 0
      vertex 60.7876 4.7 2.4
      vertex 60.7876 4.7 0
    endloop
  endfacet
  facet normal 0.980813 -0.19495 0
    outer loop
      vertex 60.612 4.18274 2.4
      vertex 60.6477 4.36235 0
      vertex 60.6477 4.36235 2.4
    endloop
  endfacet
  facet normal 0.980813 -0.19495 0
    outer loop
      vertex 60.6477 4.36235 0
      vertex 60.612 4.18274 2.4
      vertex 60.612 4.18274 0
    endloop
  endfacet
  facet normal 0.997851 -0.0655259 0
    outer loop
      vertex 60.6 4 2.4
      vertex 60.612 4.18274 0
      vertex 60.612 4.18274 2.4
    endloop
  endfacet
  facet normal 0.997851 -0.0655259 0
    outer loop
      vertex 60.612 4.18274 0
      vertex 60.6 4 2.4
      vertex 60.6 4 0
    endloop
  endfacet
  facet normal 0.997851 0.0655259 0
    outer loop
      vertex 60.612 3.81726 2.4
      vertex 60.6 4 0
      vertex 60.6 4 2.4
    endloop
  endfacet
  facet normal 0.997851 0.0655259 0
    outer loop
      vertex 60.6 4 0
      vertex 60.612 3.81726 2.4
      vertex 60.612 3.81726 0
    endloop
  endfacet
  facet normal 0.555481 -0.831529 0
    outer loop
      vertex 61.1477 5.11069 0
      vertex 61.3 5.21243 2.4
      vertex 61.1477 5.11069 2.4
    endloop
  endfacet
  facet normal 0.555481 -0.831529 0
    outer loop
      vertex 61.3 5.21243 2.4
      vertex 61.1477 5.11069 0
      vertex 61.3 5.21243 0
    endloop
  endfacet
  facet normal 0.195066 -0.98079 0
    outer loop
      vertex 61.6377 5.3523 0
      vertex 61.8173 5.38802 2.4
      vertex 61.6377 5.3523 2.4
    endloop
  endfacet
  facet normal 0.195066 -0.98079 0
    outer loop
      vertex 61.8173 5.38802 2.4
      vertex 61.6377 5.3523 0
      vertex 61.8173 5.38802 0
    endloop
  endfacet
  facet normal -0.997851 0.0655259 0
    outer loop
      vertex 63.388 3.81726 0
      vertex 63.4 4 2.4
      vertex 63.4 4 0
    endloop
  endfacet
  facet normal -0.997851 0.0655259 0
    outer loop
      vertex 63.4 4 2.4
      vertex 63.388 3.81726 0
      vertex 63.388 3.81726 2.4
    endloop
  endfacet
  facet normal -0.195066 0.98079 0
    outer loop
      vertex 62.3623 2.6477 0
      vertex 62.1827 2.61198 2.4
      vertex 62.3623 2.6477 2.4
    endloop
  endfacet
  facet normal -0.195066 0.98079 0
    outer loop
      vertex 62.1827 2.61198 2.4
      vertex 62.3623 2.6477 0
      vertex 62.1827 2.61198 0
    endloop
  endfacet
  facet normal -0.442357 0.896839 0
    outer loop
      vertex 62.7 2.78756 0
      vertex 62.5358 2.70657 2.4
      vertex 62.7 2.78756 2.4
    endloop
  endfacet
  facet normal -0.442357 0.896839 0
    outer loop
      vertex 62.5358 2.70657 2.4
      vertex 62.7 2.78756 0
      vertex 62.5358 2.70657 0
    endloop
  endfacet
  facet normal -0.555519 0.831504 0
    outer loop
      vertex 62.8523 2.88931 0
      vertex 62.7 2.78756 2.4
      vertex 62.8523 2.88931 2.4
    endloop
  endfacet
  facet normal -0.555519 0.831504 0
    outer loop
      vertex 62.7 2.78756 2.4
      vertex 62.8523 2.88931 0
      vertex 62.7 2.78756 0
    endloop
  endfacet
  facet normal -0.751683 0.659524 0
    outer loop
      vertex 62.9899 3.01005 0
      vertex 63.1107 3.14773 2.4
      vertex 63.1107 3.14773 0
    endloop
  endfacet
  facet normal -0.751683 0.659524 0
    outer loop
      vertex 63.1107 3.14773 2.4
      vertex 62.9899 3.01005 0
      vertex 62.9899 3.01005 2.4
    endloop
  endfacet
  facet normal -0.946872 0.321612 0
    outer loop
      vertex 63.2934 3.46424 0
      vertex 63.3523 3.63765 2.4
      vertex 63.3523 3.63765 0
    endloop
  endfacet
  facet normal -0.946872 0.321612 0
    outer loop
      vertex 63.3523 3.63765 2.4
      vertex 63.2934 3.46424 0
      vertex 63.2934 3.46424 2.4
    endloop
  endfacet
  facet normal -0.831579 0.555406 0
    outer loop
      vertex 63.1107 3.14773 0
      vertex 63.2124 3.3 2.4
      vertex 63.2124 3.3 0
    endloop
  endfacet
  facet normal -0.831579 0.555406 0
    outer loop
      vertex 63.2124 3.3 2.4
      vertex 63.1107 3.14773 0
      vertex 63.1107 3.14773 2.4
    endloop
  endfacet
  facet normal 0.442357 0.896839 -0
    outer loop
      vertex 61.4642 2.70657 0
      vertex 61.3 2.78756 2.4
      vertex 61.4642 2.70657 2.4
    endloop
  endfacet
  facet normal 0.442357 0.896839 0
    outer loop
      vertex 61.3 2.78756 2.4
      vertex 61.4642 2.70657 0
      vertex 61.3 2.78756 0
    endloop
  endfacet
  facet normal 0.555519 0.831504 -0
    outer loop
      vertex 61.3 2.78756 0
      vertex 61.1477 2.88931 2.4
      vertex 61.3 2.78756 2.4
    endloop
  endfacet
  facet normal 0.555519 0.831504 0
    outer loop
      vertex 61.1477 2.88931 2.4
      vertex 61.3 2.78756 0
      vertex 61.1477 2.88931 0
    endloop
  endfacet
  facet normal 0.321316 0.946972 -0
    outer loop
      vertex 61.6377 2.6477 0
      vertex 61.4642 2.70657 2.4
      vertex 61.6377 2.6477 2.4
    endloop
  endfacet
  facet normal 0.321316 0.946972 0
    outer loop
      vertex 61.4642 2.70657 2.4
      vertex 61.6377 2.6477 0
      vertex 61.4642 2.70657 0
    endloop
  endfacet
  facet normal -0.0654315 0.997857 0
    outer loop
      vertex 62.1827 2.61198 0
      vertex 62 2.6 2.4
      vertex 62.1827 2.61198 2.4
    endloop
  endfacet
  facet normal -0.0654315 0.997857 0
    outer loop
      vertex 62 2.6 2.4
      vertex 62.1827 2.61198 0
      vertex 62 2.6 0
    endloop
  endfacet
  facet normal 0.831579 0.555406 0
    outer loop
      vertex 60.8893 3.14773 2.4
      vertex 60.7876 3.3 0
      vertex 60.7876 3.3 2.4
    endloop
  endfacet
  facet normal 0.831579 0.555406 0
    outer loop
      vertex 60.7876 3.3 0
      vertex 60.8893 3.14773 2.4
      vertex 60.8893 3.14773 0
    endloop
  endfacet
  facet normal 0.89686 0.442314 0
    outer loop
      vertex 60.7876 3.3 2.4
      vertex 60.7066 3.46424 0
      vertex 60.7066 3.46424 2.4
    endloop
  endfacet
  facet normal 0.89686 0.442314 0
    outer loop
      vertex 60.7066 3.46424 0
      vertex 60.7876 3.3 2.4
      vertex 60.7876 3.3 0
    endloop
  endfacet
  facet normal 0.980813 0.19495 0
    outer loop
      vertex 60.6477 3.63765 2.4
      vertex 60.612 3.81726 0
      vertex 60.612 3.81726 2.4
    endloop
  endfacet
  facet normal 0.980813 0.19495 0
    outer loop
      vertex 60.612 3.81726 0
      vertex 60.6477 3.63765 2.4
      vertex 60.6477 3.63765 0
    endloop
  endfacet
  facet normal -0.195066 -0.98079 0
    outer loop
      vertex 62.1827 5.38802 0
      vertex 62.3623 5.3523 2.4
      vertex 62.1827 5.38802 2.4
    endloop
  endfacet
  facet normal -0.195066 -0.98079 -0
    outer loop
      vertex 62.3623 5.3523 2.4
      vertex 62.1827 5.38802 0
      vertex 62.3623 5.3523 0
    endloop
  endfacet
  facet normal -0.321316 0.946972 0
    outer loop
      vertex 62.5358 2.70657 0
      vertex 62.3623 2.6477 2.4
      vertex 62.5358 2.70657 2.4
    endloop
  endfacet
  facet normal -0.321316 0.946972 0
    outer loop
      vertex 62.3623 2.6477 2.4
      vertex 62.5358 2.70657 0
      vertex 62.3623 2.6477 0
    endloop
  endfacet
  facet normal -0.659556 0.751656 0
    outer loop
      vertex 62.9899 3.01005 0
      vertex 62.8523 2.88931 2.4
      vertex 62.9899 3.01005 2.4
    endloop
  endfacet
  facet normal -0.659556 0.751656 0
    outer loop
      vertex 62.8523 2.88931 2.4
      vertex 62.9899 3.01005 0
      vertex 62.8523 2.88931 0
    endloop
  endfacet
  facet normal -0.980813 0.19495 0
    outer loop
      vertex 63.3523 3.63765 0
      vertex 63.388 3.81726 2.4
      vertex 63.388 3.81726 0
    endloop
  endfacet
  facet normal -0.980813 0.19495 0
    outer loop
      vertex 63.388 3.81726 2.4
      vertex 63.3523 3.63765 0
      vertex 63.3523 3.63765 2.4
    endloop
  endfacet
  facet normal -0.89686 0.442314 0
    outer loop
      vertex 63.2124 3.3 0
      vertex 63.2934 3.46424 2.4
      vertex 63.2934 3.46424 0
    endloop
  endfacet
  facet normal -0.89686 0.442314 0
    outer loop
      vertex 63.2934 3.46424 2.4
      vertex 63.2124 3.3 0
      vertex 63.2124 3.3 2.4
    endloop
  endfacet
  facet normal 0.0654315 0.997857 -0
    outer loop
      vertex 62 2.6 0
      vertex 61.8173 2.61198 2.4
      vertex 62 2.6 2.4
    endloop
  endfacet
  facet normal 0.0654315 0.997857 0
    outer loop
      vertex 61.8173 2.61198 2.4
      vertex 62 2.6 0
      vertex 61.8173 2.61198 0
    endloop
  endfacet
  facet normal 0.751954 0.659216 0
    outer loop
      vertex 61.01 3.01005 2.4
      vertex 60.8893 3.14773 0
      vertex 60.8893 3.14773 2.4
    endloop
  endfacet
  facet normal 0.751954 0.659216 0
    outer loop
      vertex 60.8893 3.14773 0
      vertex 61.01 3.01005 2.4
      vertex 61.01 3.01005 0
    endloop
  endfacet
  facet normal 0.946872 0.321612 0
    outer loop
      vertex 60.7066 3.46424 2.4
      vertex 60.6477 3.63765 0
      vertex 60.6477 3.63765 2.4
    endloop
  endfacet
  facet normal 0.946872 0.321612 0
    outer loop
      vertex 60.6477 3.63765 0
      vertex 60.7066 3.46424 2.4
      vertex 60.7066 3.46424 0
    endloop
  endfacet
  facet normal -0.99785 -0.0655402 0
    outer loop
      vertex 63.4 52 0
      vertex 63.388 52.1827 2.4
      vertex 63.388 52.1827 0
    endloop
  endfacet
  facet normal -0.99785 -0.0655402 0
    outer loop
      vertex 63.388 52.1827 2.4
      vertex 63.4 52 0
      vertex 63.4 52 2.4
    endloop
  endfacet
  facet normal 0.0655402 -0.99785 0
    outer loop
      vertex 61.8173 53.388 0
      vertex 62 53.4 2.4
      vertex 61.8173 53.388 2.4
    endloop
  endfacet
  facet normal 0.0655402 -0.99785 0
    outer loop
      vertex 62 53.4 2.4
      vertex 61.8173 53.388 0
      vertex 62 53.4 0
    endloop
  endfacet
  facet normal -0.659741 -0.751493 0
    outer loop
      vertex 62.8523 53.1107 0
      vertex 62.9899 52.9899 2.4
      vertex 62.8523 53.1107 2.4
    endloop
  endfacet
  facet normal -0.659741 -0.751493 -0
    outer loop
      vertex 62.9899 52.9899 2.4
      vertex 62.8523 53.1107 0
      vertex 62.9899 52.9899 0
    endloop
  endfacet
  facet normal 0.751764 -0.659432 0
    outer loop
      vertex 60.8893 52.8523 2.4
      vertex 61.01 52.9899 0
      vertex 61.01 52.9899 2.4
    endloop
  endfacet
  facet normal 0.751764 -0.659432 0
    outer loop
      vertex 61.01 52.9899 0
      vertex 60.8893 52.8523 2.4
      vertex 60.8893 52.8523 0
    endloop
  endfacet
  facet normal 0.442401 -0.896817 0
    outer loop
      vertex 61.3 53.2124 0
      vertex 61.4642 53.2934 2.4
      vertex 61.3 53.2124 2.4
    endloop
  endfacet
  facet normal 0.442401 -0.896817 0
    outer loop
      vertex 61.4642 53.2934 2.4
      vertex 61.3 53.2124 0
      vertex 61.4642 53.2934 0
    endloop
  endfacet
  facet normal -0.896817 -0.442401 0
    outer loop
      vertex 63.2934 52.5358 0
      vertex 63.2124 52.7 2.4
      vertex 63.2124 52.7 0
    endloop
  endfacet
  facet normal -0.896817 -0.442401 0
    outer loop
      vertex 63.2124 52.7 2.4
      vertex 63.2934 52.5358 0
      vertex 63.2934 52.5358 2.4
    endloop
  endfacet
  facet normal -0.321462 -0.946922 0
    outer loop
      vertex 62.3623 53.3523 0
      vertex 62.5358 53.2934 2.4
      vertex 62.3623 53.3523 2.4
    endloop
  endfacet
  facet normal -0.321462 -0.946922 -0
    outer loop
      vertex 62.5358 53.2934 2.4
      vertex 62.3623 53.3523 0
      vertex 62.5358 53.2934 0
    endloop
  endfacet
  facet normal -0.442401 -0.896817 0
    outer loop
      vertex 62.5358 53.2934 0
      vertex 62.7 53.2124 2.4
      vertex 62.5358 53.2934 2.4
    endloop
  endfacet
  facet normal -0.442401 -0.896817 -0
    outer loop
      vertex 62.7 53.2124 2.4
      vertex 62.5358 53.2934 0
      vertex 62.7 53.2124 0
    endloop
  endfacet
  facet normal 0.946922 -0.321462 0
    outer loop
      vertex 60.6477 52.3623 2.4
      vertex 60.7066 52.5358 0
      vertex 60.7066 52.5358 2.4
    endloop
  endfacet
  facet normal 0.946922 -0.321462 0
    outer loop
      vertex 60.7066 52.5358 0
      vertex 60.6477 52.3623 2.4
      vertex 60.6477 52.3623 0
    endloop
  endfacet
  facet normal 0.896817 -0.442401 0
    outer loop
      vertex 60.7066 52.5358 2.4
      vertex 60.7876 52.7 0
      vertex 60.7876 52.7 2.4
    endloop
  endfacet
  facet normal 0.896817 -0.442401 0
    outer loop
      vertex 60.7876 52.7 0
      vertex 60.7066 52.5358 2.4
      vertex 60.7066 52.5358 0
    endloop
  endfacet
  facet normal 0.65947 -0.751731 0
    outer loop
      vertex 61.01 52.9899 0
      vertex 61.1477 53.1107 2.4
      vertex 61.01 52.9899 2.4
    endloop
  endfacet
  facet normal 0.65947 -0.751731 0
    outer loop
      vertex 61.1477 53.1107 2.4
      vertex 61.01 52.9899 0
      vertex 61.1477 53.1107 0
    endloop
  endfacet
  facet normal 0.321462 -0.946922 0
    outer loop
      vertex 61.4642 53.2934 0
      vertex 61.6377 53.3523 2.4
      vertex 61.4642 53.2934 2.4
    endloop
  endfacet
  facet normal 0.321462 -0.946922 0
    outer loop
      vertex 61.6377 53.3523 2.4
      vertex 61.4642 53.2934 0
      vertex 61.6377 53.3523 0
    endloop
  endfacet
  facet normal -0.896817 0.442401 0
    outer loop
      vertex 63.2124 51.3 0
      vertex 63.2934 51.4642 2.4
      vertex 63.2934 51.4642 0
    endloop
  endfacet
  facet normal -0.896817 0.442401 0
    outer loop
      vertex 63.2934 51.4642 2.4
      vertex 63.2124 51.3 0
      vertex 63.2124 51.3 2.4
    endloop
  endfacet
  facet normal 0.194961 0.980811 -0
    outer loop
      vertex 61.8173 50.612 0
      vertex 61.6377 50.6477 2.4
      vertex 61.8173 50.612 2.4
    endloop
  endfacet
  facet normal 0.194961 0.980811 0
    outer loop
      vertex 61.6377 50.6477 2.4
      vertex 61.8173 50.612 0
      vertex 61.6377 50.6477 0
    endloop
  endfacet
  facet normal 0.659162 0.752001 -0
    outer loop
      vertex 61.1477 50.8893 0
      vertex 61.01 51.01 2.4
      vertex 61.1477 50.8893 2.4
    endloop
  endfacet
  facet normal 0.659162 0.752001 0
    outer loop
      vertex 61.01 51.01 2.4
      vertex 61.1477 50.8893 0
      vertex 61.01 51.01 0
    endloop
  endfacet
  facet normal -0.946922 -0.321462 0
    outer loop
      vertex 63.3523 52.3623 0
      vertex 63.2934 52.5358 2.4
      vertex 63.2934 52.5358 0
    endloop
  endfacet
  facet normal -0.946922 -0.321462 0
    outer loop
      vertex 63.2934 52.5358 2.4
      vertex 63.3523 52.3623 0
      vertex 63.3523 52.3623 2.4
    endloop
  endfacet
  facet normal -0.980811 -0.194961 0
    outer loop
      vertex 63.388 52.1827 0
      vertex 63.3523 52.3623 2.4
      vertex 63.3523 52.3623 0
    endloop
  endfacet
  facet normal -0.980811 -0.194961 0
    outer loop
      vertex 63.3523 52.3623 2.4
      vertex 63.388 52.1827 0
      vertex 63.388 52.1827 2.4
    endloop
  endfacet
  facet normal -0.751493 -0.659741 0
    outer loop
      vertex 63.1107 52.8523 0
      vertex 62.9899 52.9899 2.4
      vertex 62.9899 52.9899 0
    endloop
  endfacet
  facet normal -0.751493 -0.659741 0
    outer loop
      vertex 62.9899 52.9899 2.4
      vertex 63.1107 52.8523 0
      vertex 63.1107 52.8523 2.4
    endloop
  endfacet
  facet normal -0.83163 -0.55533 0
    outer loop
      vertex 63.2124 52.7 0
      vertex 63.1107 52.8523 2.4
      vertex 63.1107 52.8523 0
    endloop
  endfacet
  facet normal -0.83163 -0.55533 0
    outer loop
      vertex 63.1107 52.8523 2.4
      vertex 63.2124 52.7 0
      vertex 63.2124 52.7 2.4
    endloop
  endfacet
  facet normal -0.194961 -0.980811 0
    outer loop
      vertex 62.1827 53.388 0
      vertex 62.3623 53.3523 2.4
      vertex 62.1827 53.388 2.4
    endloop
  endfacet
  facet normal -0.194961 -0.980811 -0
    outer loop
      vertex 62.3623 53.3523 2.4
      vertex 62.1827 53.388 0
      vertex 62.3623 53.3523 0
    endloop
  endfacet
  facet normal -0.0655402 -0.99785 0
    outer loop
      vertex 62 53.4 0
      vertex 62.1827 53.388 2.4
      vertex 62 53.4 2.4
    endloop
  endfacet
  facet normal -0.0655402 -0.99785 -0
    outer loop
      vertex 62.1827 53.388 2.4
      vertex 62 53.4 0
      vertex 62.1827 53.388 0
    endloop
  endfacet
  facet normal -0.55533 -0.83163 0
    outer loop
      vertex 62.7 53.2124 0
      vertex 62.8523 53.1107 2.4
      vertex 62.7 53.2124 2.4
    endloop
  endfacet
  facet normal -0.55533 -0.83163 -0
    outer loop
      vertex 62.8523 53.1107 2.4
      vertex 62.7 53.2124 0
      vertex 62.8523 53.1107 0
    endloop
  endfacet
  facet normal 0.83163 -0.55533 0
    outer loop
      vertex 60.7876 52.7 2.4
      vertex 60.8893 52.8523 0
      vertex 60.8893 52.8523 2.4
    endloop
  endfacet
  facet normal 0.83163 -0.55533 0
    outer loop
      vertex 60.8893 52.8523 0
      vertex 60.7876 52.7 2.4
      vertex 60.7876 52.7 0
    endloop
  endfacet
  facet normal 0.980811 -0.194961 0
    outer loop
      vertex 60.612 52.1827 2.4
      vertex 60.6477 52.3623 0
      vertex 60.6477 52.3623 2.4
    endloop
  endfacet
  facet normal 0.980811 -0.194961 0
    outer loop
      vertex 60.6477 52.3623 0
      vertex 60.612 52.1827 2.4
      vertex 60.612 52.1827 0
    endloop
  endfacet
  facet normal 0.99785 -0.0655402 0
    outer loop
      vertex 60.6 52 2.4
      vertex 60.612 52.1827 0
      vertex 60.612 52.1827 2.4
    endloop
  endfacet
  facet normal 0.99785 -0.0655402 0
    outer loop
      vertex 60.612 52.1827 0
      vertex 60.6 52 2.4
      vertex 60.6 52 0
    endloop
  endfacet
  facet normal 0.99785 0.0655402 0
    outer loop
      vertex 60.612 51.8173 2.4
      vertex 60.6 52 0
      vertex 60.6 52 2.4
    endloop
  endfacet
  facet normal 0.99785 0.0655402 0
    outer loop
      vertex 60.6 52 0
      vertex 60.612 51.8173 2.4
      vertex 60.612 51.8173 0
    endloop
  endfacet
  facet normal 0.194961 -0.980811 0
    outer loop
      vertex 61.6377 53.3523 0
      vertex 61.8173 53.388 2.4
      vertex 61.6377 53.3523 2.4
    endloop
  endfacet
  facet normal 0.194961 -0.980811 0
    outer loop
      vertex 61.8173 53.388 2.4
      vertex 61.6377 53.3523 0
      vertex 61.8173 53.388 0
    endloop
  endfacet
  facet normal -0.99785 0.0655402 0
    outer loop
      vertex 63.388 51.8173 0
      vertex 63.4 52 2.4
      vertex 63.4 52 0
    endloop
  endfacet
  facet normal -0.99785 0.0655402 0
    outer loop
      vertex 63.4 52 2.4
      vertex 63.388 51.8173 0
      vertex 63.388 51.8173 2.4
    endloop
  endfacet
  facet normal -0.194961 0.980811 0
    outer loop
      vertex 62.3623 50.6477 0
      vertex 62.1827 50.612 2.4
      vertex 62.3623 50.6477 2.4
    endloop
  endfacet
  facet normal -0.194961 0.980811 0
    outer loop
      vertex 62.1827 50.612 2.4
      vertex 62.3623 50.6477 0
      vertex 62.1827 50.612 0
    endloop
  endfacet
  facet normal -0.442401 0.896817 0
    outer loop
      vertex 62.7 50.7876 0
      vertex 62.5358 50.7066 2.4
      vertex 62.7 50.7876 2.4
    endloop
  endfacet
  facet normal -0.442401 0.896817 0
    outer loop
      vertex 62.5358 50.7066 2.4
      vertex 62.7 50.7876 0
      vertex 62.5358 50.7066 0
    endloop
  endfacet
  facet normal -0.55533 0.83163 0
    outer loop
      vertex 62.8523 50.8893 0
      vertex 62.7 50.7876 2.4
      vertex 62.8523 50.8893 2.4
    endloop
  endfacet
  facet normal -0.55533 0.83163 0
    outer loop
      vertex 62.7 50.7876 2.4
      vertex 62.8523 50.8893 0
      vertex 62.7 50.7876 0
    endloop
  endfacet
  facet normal -0.751731 0.65947 0
    outer loop
      vertex 62.9899 51.01 0
      vertex 63.1107 51.1477 2.4
      vertex 63.1107 51.1477 0
    endloop
  endfacet
  facet normal -0.751731 0.65947 0
    outer loop
      vertex 63.1107 51.1477 2.4
      vertex 62.9899 51.01 0
      vertex 62.9899 51.01 2.4
    endloop
  endfacet
  facet normal -0.946922 0.321462 0
    outer loop
      vertex 63.2934 51.4642 0
      vertex 63.3523 51.6377 2.4
      vertex 63.3523 51.6377 0
    endloop
  endfacet
  facet normal -0.946922 0.321462 0
    outer loop
      vertex 63.3523 51.6377 2.4
      vertex 63.2934 51.4642 0
      vertex 63.2934 51.4642 2.4
    endloop
  endfacet
  facet normal -0.83163 0.55533 0
    outer loop
      vertex 63.1107 51.1477 0
      vertex 63.2124 51.3 2.4
      vertex 63.2124 51.3 0
    endloop
  endfacet
  facet normal -0.83163 0.55533 0
    outer loop
      vertex 63.2124 51.3 2.4
      vertex 63.1107 51.1477 0
      vertex 63.1107 51.1477 2.4
    endloop
  endfacet
  facet normal 0.442401 0.896817 -0
    outer loop
      vertex 61.4642 50.7066 0
      vertex 61.3 50.7876 2.4
      vertex 61.4642 50.7066 2.4
    endloop
  endfacet
  facet normal 0.442401 0.896817 0
    outer loop
      vertex 61.3 50.7876 2.4
      vertex 61.4642 50.7066 0
      vertex 61.3 50.7876 0
    endloop
  endfacet
  facet normal 0.55533 0.83163 -0
    outer loop
      vertex 61.3 50.7876 0
      vertex 61.1477 50.8893 2.4
      vertex 61.3 50.7876 2.4
    endloop
  endfacet
  facet normal 0.55533 0.83163 0
    outer loop
      vertex 61.1477 50.8893 2.4
      vertex 61.3 50.7876 0
      vertex 61.1477 50.8893 0
    endloop
  endfacet
  facet normal 0.321462 0.946922 -0
    outer loop
      vertex 61.6377 50.6477 0
      vertex 61.4642 50.7066 2.4
      vertex 61.6377 50.6477 2.4
    endloop
  endfacet
  facet normal 0.321462 0.946922 0
    outer loop
      vertex 61.4642 50.7066 2.4
      vertex 61.6377 50.6477 0
      vertex 61.4642 50.7066 0
    endloop
  endfacet
  facet normal -0.0655402 0.99785 0
    outer loop
      vertex 62.1827 50.612 0
      vertex 62 50.6 2.4
      vertex 62.1827 50.612 2.4
    endloop
  endfacet
  facet normal -0.0655402 0.99785 0
    outer loop
      vertex 62 50.6 2.4
      vertex 62.1827 50.612 0
      vertex 62 50.6 0
    endloop
  endfacet
  facet normal 0.83163 0.55533 0
    outer loop
      vertex 60.8893 51.1477 2.4
      vertex 60.7876 51.3 0
      vertex 60.7876 51.3 2.4
    endloop
  endfacet
  facet normal 0.83163 0.55533 0
    outer loop
      vertex 60.7876 51.3 0
      vertex 60.8893 51.1477 2.4
      vertex 60.8893 51.1477 0
    endloop
  endfacet
  facet normal 0.896817 0.442401 0
    outer loop
      vertex 60.7876 51.3 2.4
      vertex 60.7066 51.4642 0
      vertex 60.7066 51.4642 2.4
    endloop
  endfacet
  facet normal 0.896817 0.442401 0
    outer loop
      vertex 60.7066 51.4642 0
      vertex 60.7876 51.3 2.4
      vertex 60.7876 51.3 0
    endloop
  endfacet
  facet normal 0.980811 0.194961 0
    outer loop
      vertex 60.6477 51.6377 2.4
      vertex 60.612 51.8173 0
      vertex 60.612 51.8173 2.4
    endloop
  endfacet
  facet normal 0.980811 0.194961 0
    outer loop
      vertex 60.612 51.8173 0
      vertex 60.6477 51.6377 2.4
      vertex 60.6477 51.6377 0
    endloop
  endfacet
  facet normal 0.55533 -0.83163 0
    outer loop
      vertex 61.1477 53.1107 0
      vertex 61.3 53.2124 2.4
      vertex 61.1477 53.1107 2.4
    endloop
  endfacet
  facet normal 0.55533 -0.83163 0
    outer loop
      vertex 61.3 53.2124 2.4
      vertex 61.1477 53.1107 0
      vertex 61.3 53.2124 0
    endloop
  endfacet
  facet normal -0.321462 0.946922 0
    outer loop
      vertex 62.5358 50.7066 0
      vertex 62.3623 50.6477 2.4
      vertex 62.5358 50.7066 2.4
    endloop
  endfacet
  facet normal -0.321462 0.946922 0
    outer loop
      vertex 62.3623 50.6477 2.4
      vertex 62.5358 50.7066 0
      vertex 62.3623 50.6477 0
    endloop
  endfacet
  facet normal -0.659432 0.751764 0
    outer loop
      vertex 62.9899 51.01 0
      vertex 62.8523 50.8893 2.4
      vertex 62.9899 51.01 2.4
    endloop
  endfacet
  facet normal -0.659432 0.751764 0
    outer loop
      vertex 62.8523 50.8893 2.4
      vertex 62.9899 51.01 0
      vertex 62.8523 50.8893 0
    endloop
  endfacet
  facet normal -0.980811 0.194961 0
    outer loop
      vertex 63.3523 51.6377 0
      vertex 63.388 51.8173 2.4
      vertex 63.388 51.8173 0
    endloop
  endfacet
  facet normal -0.980811 0.194961 0
    outer loop
      vertex 63.388 51.8173 2.4
      vertex 63.3523 51.6377 0
      vertex 63.3523 51.6377 2.4
    endloop
  endfacet
  facet normal 0.0655402 0.99785 -0
    outer loop
      vertex 62 50.6 0
      vertex 61.8173 50.612 2.4
      vertex 62 50.6 2.4
    endloop
  endfacet
  facet normal 0.0655402 0.99785 0
    outer loop
      vertex 61.8173 50.612 2.4
      vertex 62 50.6 0
      vertex 61.8173 50.612 0
    endloop
  endfacet
  facet normal 0.752001 0.659162 0
    outer loop
      vertex 61.01 51.01 2.4
      vertex 60.8893 51.1477 0
      vertex 60.8893 51.1477 2.4
    endloop
  endfacet
  facet normal 0.752001 0.659162 0
    outer loop
      vertex 60.8893 51.1477 0
      vertex 61.01 51.01 2.4
      vertex 61.01 51.01 0
    endloop
  endfacet
  facet normal 0.946922 0.321462 0
    outer loop
      vertex 60.7066 51.4642 2.4
      vertex 60.6477 51.6377 0
      vertex 60.6477 51.6377 2.4
    endloop
  endfacet
  facet normal 0.946922 0.321462 0
    outer loop
      vertex 60.6477 51.6377 0
      vertex 60.7066 51.4642 2.4
      vertex 60.7066 51.4642 0
    endloop
  endfacet
  facet normal -0.980786 -0.195086 0
    outer loop
      vertex 0.102219 2.22354 0
      vertex 0.0256653 2.60841 2.4
      vertex 0.0256653 2.60841 0
    endloop
  endfacet
  facet normal -0.980786 -0.195086 0
    outer loop
      vertex 0.0256653 2.60841 2.4
      vertex 0.102219 2.22354 0
      vertex 0.102219 2.22354 2.4
    endloop
  endfacet
  facet normal -0.997859 -0.0654009 0
    outer loop
      vertex 0.0256653 2.60841 0
      vertex 0 3 2.4
      vertex 0 3 0
    endloop
  endfacet
  facet normal -0.997859 -0.0654009 0
    outer loop
      vertex 0 3 2.4
      vertex 0.0256653 2.60841 0
      vertex 0.0256653 2.60841 2.4
    endloop
  endfacet
  facet normal -0.94694 -0.321412 0
    outer loop
      vertex 0.228348 1.85194 0
      vertex 0.102219 2.22354 2.4
      vertex 0.102219 2.22354 0
    endloop
  endfacet
  facet normal -0.94694 -0.321412 0
    outer loop
      vertex 0.102219 2.22354 2.4
      vertex 0.228348 1.85194 0
      vertex 0.228348 1.85194 2.4
    endloop
  endfacet
  facet normal -0.896861 -0.442312 0
    outer loop
      vertex 0.401917 1.5 0
      vertex 0.228348 1.85194 2.4
      vertex 0.228348 1.85194 0
    endloop
  endfacet
  facet normal -0.896861 -0.442312 0
    outer loop
      vertex 0.228348 1.85194 2.4
      vertex 0.401917 1.5 0
      vertex 0.401917 1.5 2.4
    endloop
  endfacet
  facet normal 0 -1 0
    outer loop
      vertex 3 0 0
      vertex 63 0 2.4
      vertex 3 0 2.4
    endloop
  endfacet
  facet normal 0 -1 -0
    outer loop
      vertex 63 0 2.4
      vertex 3 0 0
      vertex 63 0 0
    endloop
  endfacet
  facet normal 0 0 1
    outer loop
      vertex 5.21243 51.3 2.4
      vertex 60.7876 51.3 2.4
      vertex 5.29343 51.4642 2.4
    endloop
  endfacet
  facet normal 0 0 1
    outer loop
      vertex 60.8893 4.85227 2.4
      vertex 5.38802 4.18274 2.4
      vertex 5.4 4 2.4
    endloop
  endfacet
  facet normal 0 0 1
    outer loop
      vertex 60.7876 51.3 2.4
      vertex 5.21243 51.3 2.4
      vertex 60.8893 51.1477 2.4
    endloop
  endfacet
  facet normal 0 0 1
    outer loop
      vertex 60.8893 4.85227 2.4
      vertex 5.3523 4.36235 2.4
      vertex 5.38802 4.18274 2.4
    endloop
  endfacet
  facet normal 0 0 1
    outer loop
      vertex 5.11069 51.1477 2.4
      vertex 60.8893 51.1477 2.4
      vertex 5.21243 51.3 2.4
    endloop
  endfacet
  facet normal 0 0 1
    outer loop
      vertex 60.8893 4.85227 2.4
      vertex 5.29343 4.53576 2.4
      vertex 5.3523 4.36235 2.4
    endloop
  endfacet
  facet normal 0 0 1
    outer loop
      vertex 60.8893 51.1477 2.4
      vertex 5.11069 51.1477 2.4
      vertex 60.8893 4.85227 2.4
    endloop
  endfacet
  facet normal 0 0 1
    outer loop
      vertex 60.8893 4.85227 2.4
      vertex 5.21243 4.7 2.4
      vertex 5.29343 4.53576 2.4
    endloop
  endfacet
  facet normal 0 0 1
    outer loop
      vertex 5.11069 4.85227 2.4
      vertex 60.8893 4.85227 2.4
      vertex 5.11069 51.1477 2.4
    endloop
  endfacet
  facet normal 0 0 1
    outer loop
      vertex 60.8893 4.85227 2.4
      vertex 5.11069 4.85227 2.4
      vertex 5.21243 4.7 2.4
    endloop
  endfacet
  facet normal -0 0 1
    outer loop
      vertex 4.98995 51.01 2.4
      vertex 5.11069 4.85227 2.4
      vertex 5.11069 51.1477 2.4
    endloop
  endfacet
  facet normal 0 0 1
    outer loop
      vertex 4.98995 51.01 2.4
      vertex 4.98995 4.98995 2.4
      vertex 5.11069 4.85227 2.4
    endloop
  endfacet
  facet normal -0 0 1
    outer loop
      vertex 4.85227 50.8893 2.4
      vertex 4.98995 4.98995 2.4
      vertex 4.98995 51.01 2.4
    endloop
  endfacet
  facet normal 0 0 1
    outer loop
      vertex 4.85227 50.8893 2.4
      vertex 4.85227 5.11069 2.4
      vertex 4.98995 4.98995 2.4
    endloop
  endfacet
  facet normal -0 0 1
    outer loop
      vertex 4.7 50.7876 2.4
      vertex 4.85227 5.11069 2.4
      vertex 4.85227 50.8893 2.4
    endloop
  endfacet
  facet normal 0 0 1
    outer loop
      vertex 4.7 50.7876 2.4
      vertex 4.7 5.21243 2.4
      vertex 4.85227 5.11069 2.4
    endloop
  endfacet
  facet normal -0 0 1
    outer loop
      vertex 4.53576 50.7066 2.4
      vertex 4.7 5.21243 2.4
      vertex 4.7 50.7876 2.4
    endloop
  endfacet
  facet normal 0 0 1
    outer loop
      vertex 4.53576 50.7066 2.4
      vertex 4.53576 5.29343 2.4
      vertex 4.7 5.21243 2.4
    endloop
  endfacet
  facet normal -0 0 1
    outer loop
      vertex 4.36235 50.6477 2.4
      vertex 4.53576 5.29343 2.4
      vertex 4.53576 50.7066 2.4
    endloop
  endfacet
  facet normal 0 0 1
    outer loop
      vertex 4.36235 50.6477 2.4
      vertex 4.36235 5.3523 2.4
      vertex 4.53576 5.29343 2.4
    endloop
  endfacet
  facet normal -0 0 1
    outer loop
      vertex 4.18274 50.612 2.4
      vertex 4.36235 5.3523 2.4
      vertex 4.36235 50.6477 2.4
    endloop
  endfacet
  facet normal 0 0 1
    outer loop
      vertex 4.18274 50.612 2.4
      vertex 4.18274 5.38802 2.4
      vertex 4.36235 5.3523 2.4
    endloop
  endfacet
  facet normal -0 0 1
    outer loop
      vertex 4 50.6 2.4
      vertex 4.18274 5.38802 2.4
      vertex 4.18274 50.612 2.4
    endloop
  endfacet
  facet normal 0 0 1
    outer loop
      vertex 4 50.6 2.4
      vertex 4 5.4 2.4
      vertex 4.18274 5.38802 2.4
    endloop
  endfacet
  facet normal 0 0 1
    outer loop
      vertex 3.81726 50.612 2.4
      vertex 4 5.4 2.4
      vertex 4 50.6 2.4
    endloop
  endfacet
  facet normal 0 0 1
    outer loop
      vertex 3.81726 50.612 2.4
      vertex 3.81726 5.38802 2.4
      vertex 4 5.4 2.4
    endloop
  endfacet
  facet normal 0 0 1
    outer loop
      vertex 3.63765 50.6477 2.4
      vertex 3.81726 5.38802 2.4
      vertex 3.81726 50.612 2.4
    endloop
  endfacet
  facet normal 0 0 1
    outer loop
      vertex 3.63765 50.6477 2.4
      vertex 3.63765 5.3523 2.4
      vertex 3.81726 5.38802 2.4
    endloop
  endfacet
  facet normal 0 0 1
    outer loop
      vertex 3.46424 50.7066 2.4
      vertex 3.63765 5.3523 2.4
      vertex 3.63765 50.6477 2.4
    endloop
  endfacet
  facet normal 0 0 1
    outer loop
      vertex 3.46424 50.7066 2.4
      vertex 3.46424 5.29343 2.4
      vertex 3.63765 5.3523 2.4
    endloop
  endfacet
  facet normal 0 0 1
    outer loop
      vertex 3.3 50.7876 2.4
      vertex 3.46424 5.29343 2.4
      vertex 3.46424 50.7066 2.4
    endloop
  endfacet
  facet normal 0 0 1
    outer loop
      vertex 3.3 50.7876 2.4
      vertex 3.3 5.21243 2.4
      vertex 3.46424 5.29343 2.4
    endloop
  endfacet
  facet normal 0 0 1
    outer loop
      vertex 3.14773 50.8893 2.4
      vertex 3.3 5.21243 2.4
      vertex 3.3 50.7876 2.4
    endloop
  endfacet
  facet normal 0 0 1
    outer loop
      vertex 3.14773 50.8893 2.4
      vertex 3.14773 5.11069 2.4
      vertex 3.3 5.21243 2.4
    endloop
  endfacet
  facet normal 0 0 1
    outer loop
      vertex 0 53 2.4
      vertex 3.14773 50.8893 2.4
      vertex 3.01005 51.01 2.4
    endloop
  endfacet
  facet normal 0 0 1
    outer loop
      vertex 3.14773 50.8893 2.4
      vertex 0 53 2.4
      vertex 3.14773 5.11069 2.4
    endloop
  endfacet
  facet normal 0 0 1
    outer loop
      vertex 0 53 2.4
      vertex 3.01005 51.01 2.4
      vertex 2.88931 51.1477 2.4
    endloop
  endfacet
  facet normal 0 0 1
    outer loop
      vertex 0 3 2.4
      vertex 3.14773 5.11069 2.4
      vertex 0 53 2.4
    endloop
  endfacet
  facet normal 0 0 1
    outer loop
      vertex 0 53 2.4
      vertex 2.88931 51.1477 2.4
      vertex 2.78756 51.3 2.4
    endloop
  endfacet
  facet normal 0 0 1
    outer loop
      vertex 3.14773 5.11069 2.4
      vertex 0 3 2.4
      vertex 3.01005 4.98995 2.4
    endloop
  endfacet
  facet normal 0 0 1
    outer loop
      vertex 0 53 2.4
      vertex 2.78756 51.3 2.4
      vertex 2.70657 51.4642 2.4
    endloop
  endfacet
  facet normal 0 0 1
    outer loop
      vertex 3.01005 4.98995 2.4
      vertex 0 3 2.4
      vertex 2.88931 4.85227 2.4
    endloop
  endfacet
  facet normal 0 0 1
    outer loop
      vertex 0 53 2.4
      vertex 2.70657 51.4642 2.4
      vertex 2.6477 51.6377 2.4
    endloop
  endfacet
  facet normal 0 0 1
    outer loop
      vertex 2.88931 4.85227 2.4
      vertex 0 3 2.4
      vertex 2.78756 4.7 2.4
    endloop
  endfacet
  facet normal 0 0 1
    outer loop
      vertex 0 53 2.4
      vertex 2.6477 51.6377 2.4
      vertex 2.61198 51.8173 2.4
    endloop
  endfacet
  facet normal 0 0 1
    outer loop
      vertex 2.78756 4.7 2.4
      vertex 0 3 2.4
      vertex 2.70657 4.53576 2.4
    endloop
  endfacet
  facet normal 0 0 1
    outer loop
      vertex 0 53 2.4
      vertex 2.61198 51.8173 2.4
      vertex 2.6 52 2.4
    endloop
  endfacet
  facet normal 0 0 1
    outer loop
      vertex 2.70657 4.53576 2.4
      vertex 0 3 2.4
      vertex 2.6477 4.36235 2.4
    endloop
  endfacet
  facet normal 0 0 1
    outer loop
      vertex 63.2934 51.4642 2.4
      vertex 66 53 2.4
      vertex 63.3523 51.6377 2.4
    endloop
  endfacet
  facet normal 0 0 1
    outer loop
      vertex 66 3 2.4
      vertex 63.388 4.18274 2.4
      vertex 63.4 4 2.4
    endloop
  endfacet
  facet normal 0 0 1
    outer loop
      vertex 63.2124 51.3 2.4
      vertex 66 53 2.4
      vertex 63.2934 51.4642 2.4
    endloop
  endfacet
  facet normal 0 0 1
    outer loop
      vertex 66 3 2.4
      vertex 63.3523 4.36235 2.4
      vertex 63.388 4.18274 2.4
    endloop
  endfacet
  facet normal 0 0 1
    outer loop
      vertex 63.1107 51.1477 2.4
      vertex 66 53 2.4
      vertex 63.2124 51.3 2.4
    endloop
  endfacet
  facet normal 0 0 1
    outer loop
      vertex 66 3 2.4
      vertex 63.2934 4.53576 2.4
      vertex 63.3523 4.36235 2.4
    endloop
  endfacet
  facet normal 0 0 1
    outer loop
      vertex 62.9899 51.01 2.4
      vertex 66 53 2.4
      vertex 63.1107 51.1477 2.4
    endloop
  endfacet
  facet normal 0 0 1
    outer loop
      vertex 66 3 2.4
      vertex 63.2124 4.7 2.4
      vertex 63.2934 4.53576 2.4
    endloop
  endfacet
  facet normal 0 0 1
    outer loop
      vertex 62.8523 50.8893 2.4
      vertex 66 53 2.4
      vertex 62.9899 51.01 2.4
    endloop
  endfacet
  facet normal 0 0 1
    outer loop
      vertex 66 3 2.4
      vertex 63.1107 4.85227 2.4
      vertex 63.2124 4.7 2.4
    endloop
  endfacet
  facet normal 0 0 1
    outer loop
      vertex 66 53 2.4
      vertex 62.8523 50.8893 2.4
      vertex 66 3 2.4
    endloop
  endfacet
  facet normal 0 0 1
    outer loop
      vertex 66 3 2.4
      vertex 62.9899 4.98995 2.4
      vertex 63.1107 4.85227 2.4
    endloop
  endfacet
  facet normal -0 0 1
    outer loop
      vertex 62.8523 5.11069 2.4
      vertex 66 3 2.4
      vertex 62.8523 50.8893 2.4
    endloop
  endfacet
  facet normal 0 0 1
    outer loop
      vertex 66 3 2.4
      vertex 62.8523 5.11069 2.4
      vertex 62.9899 4.98995 2.4
    endloop
  endfacet
  facet normal -0 0 1
    outer loop
      vertex 62.7 50.7876 2.4
      vertex 62.8523 5.11069 2.4
      vertex 62.8523 50.8893 2.4
    endloop
  endfacet
  facet normal 0 0 1
    outer loop
      vertex 62.7 50.7876 2.4
      vertex 62.7 5.21243 2.4
      vertex 62.8523 5.11069 2.4
    endloop
  endfacet
  facet normal -0 0 1
    outer loop
      vertex 62.5358 50.7066 2.4
      vertex 62.7 5.21243 2.4
      vertex 62.7 50.7876 2.4
    endloop
  endfacet
  facet normal 0 0 1
    outer loop
      vertex 62.5358 50.7066 2.4
      vertex 62.5358 5.29343 2.4
      vertex 62.7 5.21243 2.4
    endloop
  endfacet
  facet normal -0 0 1
    outer loop
      vertex 62.3623 50.6477 2.4
      vertex 62.5358 5.29343 2.4
      vertex 62.5358 50.7066 2.4
    endloop
  endfacet
  facet normal 0 0 1
    outer loop
      vertex 62.3623 50.6477 2.4
      vertex 62.3623 5.3523 2.4
      vertex 62.5358 5.29343 2.4
    endloop
  endfacet
  facet normal -0 0 1
    outer loop
      vertex 62.1827 50.612 2.4
      vertex 62.3623 5.3523 2.4
      vertex 62.3623 50.6477 2.4
    endloop
  endfacet
  facet normal 0 0 1
    outer loop
      vertex 62.1827 50.612 2.4
      vertex 62.1827 5.38802 2.4
      vertex 62.3623 5.3523 2.4
    endloop
  endfacet
  facet normal -0 0 1
    outer loop
      vertex 62 50.6 2.4
      vertex 62.1827 5.38802 2.4
      vertex 62.1827 50.612 2.4
    endloop
  endfacet
  facet normal 0 0 1
    outer loop
      vertex 62 50.6 2.4
      vertex 62 5.4 2.4
      vertex 62.1827 5.38802 2.4
    endloop
  endfacet
  facet normal 0 0 1
    outer loop
      vertex 61.8173 50.612 2.4
      vertex 62 5.4 2.4
      vertex 62 50.6 2.4
    endloop
  endfacet
  facet normal 0 0 1
    outer loop
      vertex 61.8173 50.612 2.4
      vertex 61.8173 5.38802 2.4
      vertex 62 5.4 2.4
    endloop
  endfacet
  facet normal 0 0 1
    outer loop
      vertex 61.6377 50.6477 2.4
      vertex 61.8173 5.38802 2.4
      vertex 61.8173 50.612 2.4
    endloop
  endfacet
  facet normal 0 0 1
    outer loop
      vertex 61.6377 50.6477 2.4
      vertex 61.6377 5.3523 2.4
      vertex 61.8173 5.38802 2.4
    endloop
  endfacet
  facet normal 0 0 1
    outer loop
      vertex 61.4642 50.7066 2.4
      vertex 61.6377 5.3523 2.4
      vertex 61.6377 50.6477 2.4
    endloop
  endfacet
  facet normal 0 0 1
    outer loop
      vertex 61.4642 50.7066 2.4
      vertex 61.4642 5.29343 2.4
      vertex 61.6377 5.3523 2.4
    endloop
  endfacet
  facet normal 0 0 1
    outer loop
      vertex 61.3 50.7876 2.4
      vertex 61.4642 5.29343 2.4
      vertex 61.4642 50.7066 2.4
    endloop
  endfacet
  facet normal 0 0 1
    outer loop
      vertex 61.3 50.7876 2.4
      vertex 61.3 5.21243 2.4
      vertex 61.4642 5.29343 2.4
    endloop
  endfacet
  facet normal 0 0 1
    outer loop
      vertex 61.1477 50.8893 2.4
      vertex 61.3 5.21243 2.4
      vertex 61.3 50.7876 2.4
    endloop
  endfacet
  facet normal 0 0 1
    outer loop
      vertex 61.1477 50.8893 2.4
      vertex 61.1477 5.11069 2.4
      vertex 61.3 5.21243 2.4
    endloop
  endfacet
  facet normal 0 0 1
    outer loop
      vertex 61.01 51.01 2.4
      vertex 61.1477 5.11069 2.4
      vertex 61.1477 50.8893 2.4
    endloop
  endfacet
  facet normal 0 0 1
    outer loop
      vertex 61.01 51.01 2.4
      vertex 61.01 4.98995 2.4
      vertex 61.1477 5.11069 2.4
    endloop
  endfacet
  facet normal 0 0 1
    outer loop
      vertex 60.8893 51.1477 2.4
      vertex 61.01 4.98995 2.4
      vertex 61.01 51.01 2.4
    endloop
  endfacet
  facet normal 0 0 1
    outer loop
      vertex 60.8893 51.1477 2.4
      vertex 60.8893 4.85227 2.4
      vertex 61.01 4.98995 2.4
    endloop
  endfacet
  facet normal 0 0 1
    outer loop
      vertex 60.6477 51.6377 2.4
      vertex 5.3523 51.6377 2.4
      vertex 60.7066 51.4642 2.4
    endloop
  endfacet
  facet normal 0 0 1
    outer loop
      vertex 5.29343 51.4642 2.4
      vertex 60.7066 51.4642 2.4
      vertex 5.3523 51.6377 2.4
    endloop
  endfacet
  facet normal 0 0 1
    outer loop
      vertex 5.3523 51.6377 2.4
      vertex 60.6477 51.6377 2.4
      vertex 5.38802 51.8173 2.4
    endloop
  endfacet
  facet normal 0 0 1
    outer loop
      vertex 60.7066 51.4642 2.4
      vertex 5.29343 51.4642 2.4
      vertex 60.7876 51.3 2.4
    endloop
  endfacet
  facet normal 0 0 1
    outer loop
      vertex 60.612 51.8173 2.4
      vertex 5.38802 51.8173 2.4
      vertex 60.6477 51.6377 2.4
    endloop
  endfacet
  facet normal 0 0 1
    outer loop
      vertex 60.8893 4.85227 2.4
      vertex 5.4 4 2.4
      vertex 60.7876 4.7 2.4
    endloop
  endfacet
  facet normal 0 0 1
    outer loop
      vertex 5.38802 51.8173 2.4
      vertex 60.612 51.8173 2.4
      vertex 5.4 52 2.4
    endloop
  endfacet
  facet normal 0 0 1
    outer loop
      vertex 60.7876 4.7 2.4
      vertex 5.4 4 2.4
      vertex 60.7066 4.53576 2.4
    endloop
  endfacet
  facet normal -0 0 1
    outer loop
      vertex 5.4 52 2.4
      vertex 60.612 51.8173 2.4
      vertex 60.6 52 2.4
    endloop
  endfacet
  facet normal 0 0 1
    outer loop
      vertex 60.7066 4.53576 2.4
      vertex 5.4 4 2.4
      vertex 60.6477 4.36235 2.4
    endloop
  endfacet
  facet normal 0 0 1
    outer loop
      vertex 63.2934 52.5358 2.4
      vertex 66 53 2.4
      vertex 65.9743 53.3916 2.4
    endloop
  endfacet
  facet normal 0 0 1
    outer loop
      vertex 63.388 51.8173 2.4
      vertex 66 53 2.4
      vertex 63.4 52 2.4
    endloop
  endfacet
  facet normal 0 0 1
    outer loop
      vertex 63.2124 52.7 2.4
      vertex 65.9743 53.3916 2.4
      vertex 65.8978 53.7764 2.4
    endloop
  endfacet
  facet normal 0 0 1
    outer loop
      vertex 63.3523 51.6377 2.4
      vertex 66 53 2.4
      vertex 63.388 51.8173 2.4
    endloop
  endfacet
  facet normal 0 0 1
    outer loop
      vertex 63.2124 52.7 2.4
      vertex 65.8978 53.7764 2.4
      vertex 65.7716 54.148 2.4
    endloop
  endfacet
  facet normal -0 0 1
    outer loop
      vertex 63.388 3.81726 2.4
      vertex 66 3 2.4
      vertex 63.4 4 2.4
    endloop
  endfacet
  facet normal 0 0 1
    outer loop
      vertex 63.1107 52.8523 2.4
      vertex 65.7716 54.148 2.4
      vertex 65.5981 54.5 2.4
    endloop
  endfacet
  facet normal -0 0 1
    outer loop
      vertex 63.3523 3.63765 2.4
      vertex 66 3 2.4
      vertex 63.388 3.81726 2.4
    endloop
  endfacet
  facet normal 0 0 1
    outer loop
      vertex 63.1107 52.8523 2.4
      vertex 65.5981 54.5 2.4
      vertex 65.3801 54.8263 2.4
    endloop
  endfacet
  facet normal -0 0 1
    outer loop
      vertex 63.2934 3.46424 2.4
      vertex 66 3 2.4
      vertex 63.3523 3.63765 2.4
    endloop
  endfacet
  facet normal 0 0 1
    outer loop
      vertex 62.9899 52.9899 2.4
      vertex 65.3801 54.8263 2.4
      vertex 65.1213 55.1213 2.4
    endloop
  endfacet
  facet normal 0 0 1
    outer loop
      vertex 66 3 2.4
      vertex 63.2934 3.46424 2.4
      vertex 65.9743 2.60841 2.4
    endloop
  endfacet
  facet normal 0 0 1
    outer loop
      vertex 62.9899 52.9899 2.4
      vertex 65.1213 55.1213 2.4
      vertex 64.8263 55.3801 2.4
    endloop
  endfacet
  facet normal -0 0 1
    outer loop
      vertex 63.2124 3.3 2.4
      vertex 65.9743 2.60841 2.4
      vertex 63.2934 3.46424 2.4
    endloop
  endfacet
  facet normal 0 0 1
    outer loop
      vertex 62.8523 53.1107 2.4
      vertex 64.8263 55.3801 2.4
      vertex 64.5 55.5981 2.4
    endloop
  endfacet
  facet normal 0 0 1
    outer loop
      vertex 65.9743 2.60841 2.4
      vertex 63.2124 3.3 2.4
      vertex 65.8978 2.22354 2.4
    endloop
  endfacet
  facet normal 0 0 1
    outer loop
      vertex 62.8523 53.1107 2.4
      vertex 64.5 55.5981 2.4
      vertex 64.148 55.7716 2.4
    endloop
  endfacet
  facet normal 0 0 1
    outer loop
      vertex 65.8978 2.22354 2.4
      vertex 63.2124 3.3 2.4
      vertex 65.7716 1.85194 2.4
    endloop
  endfacet
  facet normal 0 0 1
    outer loop
      vertex 62.7 53.2124 2.4
      vertex 64.148 55.7716 2.4
      vertex 63.7764 55.8978 2.4
    endloop
  endfacet
  facet normal -0 0 1
    outer loop
      vertex 63.1107 3.14773 2.4
      vertex 65.7716 1.85194 2.4
      vertex 63.2124 3.3 2.4
    endloop
  endfacet
  facet normal 0 0 1
    outer loop
      vertex 65.7716 1.85194 2.4
      vertex 63.1107 3.14773 2.4
      vertex 65.5981 1.5 2.4
    endloop
  endfacet
  facet normal 0 0 1
    outer loop
      vertex 62.7 53.2124 2.4
      vertex 63.7764 55.8978 2.4
      vertex 63.3916 55.9743 2.4
    endloop
  endfacet
  facet normal 0 0 1
    outer loop
      vertex 66 53 2.4
      vertex 63.388 52.1827 2.4
      vertex 63.4 52 2.4
    endloop
  endfacet
  facet normal 0 0 1
    outer loop
      vertex 66 53 2.4
      vertex 63.3523 52.3623 2.4
      vertex 63.388 52.1827 2.4
    endloop
  endfacet
  facet normal 0 0 1
    outer loop
      vertex 66 53 2.4
      vertex 63.2934 52.5358 2.4
      vertex 63.3523 52.3623 2.4
    endloop
  endfacet
  facet normal 0 0 1
    outer loop
      vertex 65.9743 53.3916 2.4
      vertex 63.2124 52.7 2.4
      vertex 63.2934 52.5358 2.4
    endloop
  endfacet
  facet normal 0 0 1
    outer loop
      vertex 65.7716 54.148 2.4
      vertex 63.1107 52.8523 2.4
      vertex 63.2124 52.7 2.4
    endloop
  endfacet
  facet normal 0 0 1
    outer loop
      vertex 62.5358 53.2934 2.4
      vertex 63.3916 55.9743 2.4
      vertex 63 56 2.4
    endloop
  endfacet
  facet normal 0 0 1
    outer loop
      vertex 65.3801 54.8263 2.4
      vertex 62.9899 52.9899 2.4
      vertex 63.1107 52.8523 2.4
    endloop
  endfacet
  facet normal 0 0 1
    outer loop
      vertex 64.8263 55.3801 2.4
      vertex 62.8523 53.1107 2.4
      vertex 62.9899 52.9899 2.4
    endloop
  endfacet
  facet normal 0 0 1
    outer loop
      vertex 64.148 55.7716 2.4
      vertex 62.7 53.2124 2.4
      vertex 62.8523 53.1107 2.4
    endloop
  endfacet
  facet normal 0 0 1
    outer loop
      vertex 63.3916 55.9743 2.4
      vertex 62.5358 53.2934 2.4
      vertex 62.7 53.2124 2.4
    endloop
  endfacet
  facet normal 0 0 1
    outer loop
      vertex 63 56 2.4
      vertex 62.3623 53.3523 2.4
      vertex 62.5358 53.2934 2.4
    endloop
  endfacet
  facet normal 0 0 1
    outer loop
      vertex 63 56 2.4
      vertex 62.1827 53.388 2.4
      vertex 62.3623 53.3523 2.4
    endloop
  endfacet
  facet normal 0 0 1
    outer loop
      vertex 63 56 2.4
      vertex 62 53.4 2.4
      vertex 62.1827 53.388 2.4
    endloop
  endfacet
  facet normal 0 0 1
    outer loop
      vertex 63 56 2.4
      vertex 61.8173 53.388 2.4
      vertex 62 53.4 2.4
    endloop
  endfacet
  facet normal 0 0 1
    outer loop
      vertex 63 56 2.4
      vertex 61.6377 53.3523 2.4
      vertex 61.8173 53.388 2.4
    endloop
  endfacet
  facet normal 0 0 1
    outer loop
      vertex 63 56 2.4
      vertex 61.4642 53.2934 2.4
      vertex 61.6377 53.3523 2.4
    endloop
  endfacet
  facet normal 0 0 1
    outer loop
      vertex 63 56 2.4
      vertex 61.3 53.2124 2.4
      vertex 61.4642 53.2934 2.4
    endloop
  endfacet
  facet normal 0 0 1
    outer loop
      vertex 63 56 2.4
      vertex 61.1477 53.1107 2.4
      vertex 61.3 53.2124 2.4
    endloop
  endfacet
  facet normal 0 0 1
    outer loop
      vertex 63 56 2.4
      vertex 61.01 52.9899 2.4
      vertex 61.1477 53.1107 2.4
    endloop
  endfacet
  facet normal 0 0 1
    outer loop
      vertex 63 56 2.4
      vertex 60.8893 52.8523 2.4
      vertex 61.01 52.9899 2.4
    endloop
  endfacet
  facet normal 0 0 1
    outer loop
      vertex 60.6477 4.36235 2.4
      vertex 5.4 4 2.4
      vertex 60.612 4.18274 2.4
    endloop
  endfacet
  facet normal 0 0 1
    outer loop
      vertex 60.612 52.1827 2.4
      vertex 5.4 52 2.4
      vertex 60.6 52 2.4
    endloop
  endfacet
  facet normal 0 0 1
    outer loop
      vertex 5.38802 52.1827 2.4
      vertex 60.612 52.1827 2.4
      vertex 60.6477 52.3623 2.4
    endloop
  endfacet
  facet normal 0 0 1
    outer loop
      vertex 5.3523 52.3623 2.4
      vertex 60.6477 52.3623 2.4
      vertex 60.7066 52.5358 2.4
    endloop
  endfacet
  facet normal 0 0 1
    outer loop
      vertex 5.29343 52.5358 2.4
      vertex 60.7066 52.5358 2.4
      vertex 60.7876 52.7 2.4
    endloop
  endfacet
  facet normal 0 0 1
    outer loop
      vertex 5.21243 52.7 2.4
      vertex 60.7876 52.7 2.4
      vertex 60.8893 52.8523 2.4
    endloop
  endfacet
  facet normal 0 0 1
    outer loop
      vertex 5.11069 52.8523 2.4
      vertex 60.8893 52.8523 2.4
      vertex 63 56 2.4
    endloop
  endfacet
  facet normal 0 0 1
    outer loop
      vertex 60.612 52.1827 2.4
      vertex 5.38802 52.1827 2.4
      vertex 5.4 52 2.4
    endloop
  endfacet
  facet normal 0 0 1
    outer loop
      vertex 60.6477 52.3623 2.4
      vertex 5.3523 52.3623 2.4
      vertex 5.38802 52.1827 2.4
    endloop
  endfacet
  facet normal 0 0 1
    outer loop
      vertex 60.7066 52.5358 2.4
      vertex 5.29343 52.5358 2.4
      vertex 5.3523 52.3623 2.4
    endloop
  endfacet
  facet normal 0 0 1
    outer loop
      vertex 60.7876 52.7 2.4
      vertex 5.21243 52.7 2.4
      vertex 5.29343 52.5358 2.4
    endloop
  endfacet
  facet normal 0 0 1
    outer loop
      vertex 60.8893 52.8523 2.4
      vertex 5.11069 52.8523 2.4
      vertex 5.21243 52.7 2.4
    endloop
  endfacet
  facet normal -0 0 1
    outer loop
      vertex 3 56 2.4
      vertex 5.11069 52.8523 2.4
      vertex 63 56 2.4
    endloop
  endfacet
  facet normal 0 0 1
    outer loop
      vertex 5.11069 52.8523 2.4
      vertex 3 56 2.4
      vertex 4.98995 52.9899 2.4
    endloop
  endfacet
  facet normal 0 0 1
    outer loop
      vertex 4.98995 52.9899 2.4
      vertex 3 56 2.4
      vertex 4.85227 53.1107 2.4
    endloop
  endfacet
  facet normal 0 0 1
    outer loop
      vertex 4.85227 53.1107 2.4
      vertex 3 56 2.4
      vertex 4.7 53.2124 2.4
    endloop
  endfacet
  facet normal 0 0 1
    outer loop
      vertex 4.7 53.2124 2.4
      vertex 3 56 2.4
      vertex 4.53576 53.2934 2.4
    endloop
  endfacet
  facet normal 0 0 1
    outer loop
      vertex 4.53576 53.2934 2.4
      vertex 3 56 2.4
      vertex 4.36235 53.3523 2.4
    endloop
  endfacet
  facet normal 0 0 1
    outer loop
      vertex 4.36235 53.3523 2.4
      vertex 3 56 2.4
      vertex 4.18274 53.388 2.4
    endloop
  endfacet
  facet normal 0 0 1
    outer loop
      vertex 4.18274 53.388 2.4
      vertex 3 56 2.4
      vertex 4 53.4 2.4
    endloop
  endfacet
  facet normal 0 0 1
    outer loop
      vertex 3 56 2.4
      vertex 3.81726 53.388 2.4
      vertex 4 53.4 2.4
    endloop
  endfacet
  facet normal 0 0 1
    outer loop
      vertex 3 56 2.4
      vertex 3.63765 53.3523 2.4
      vertex 3.81726 53.388 2.4
    endloop
  endfacet
  facet normal 0 0 1
    outer loop
      vertex 3 56 2.4
      vertex 3.46424 53.2934 2.4
      vertex 3.63765 53.3523 2.4
    endloop
  endfacet
  facet normal -0 0 1
    outer loop
      vertex 2.60841 55.9743 2.4
      vertex 3.46424 53.2934 2.4
      vertex 3 56 2.4
    endloop
  endfacet
  facet normal 0 0 1
    outer loop
      vertex 3.46424 53.2934 2.4
      vertex 2.60841 55.9743 2.4
      vertex 3.3 53.2124 2.4
    endloop
  endfacet
  facet normal -0 0 1
    outer loop
      vertex 2.22354 55.8978 2.4
      vertex 3.3 53.2124 2.4
      vertex 2.60841 55.9743 2.4
    endloop
  endfacet
  facet normal -0 0 1
    outer loop
      vertex 1.85194 55.7716 2.4
      vertex 3.3 53.2124 2.4
      vertex 2.22354 55.8978 2.4
    endloop
  endfacet
  facet normal 0 0 1
    outer loop
      vertex 3.3 53.2124 2.4
      vertex 1.85194 55.7716 2.4
      vertex 3.14773 53.1107 2.4
    endloop
  endfacet
  facet normal -0 0 1
    outer loop
      vertex 1.5 55.5981 2.4
      vertex 3.14773 53.1107 2.4
      vertex 1.85194 55.7716 2.4
    endloop
  endfacet
  facet normal -0 0 1
    outer loop
      vertex 1.17371 55.3801 2.4
      vertex 3.14773 53.1107 2.4
      vertex 1.5 55.5981 2.4
    endloop
  endfacet
  facet normal 0 0 1
    outer loop
      vertex 3.14773 53.1107 2.4
      vertex 1.17371 55.3801 2.4
      vertex 3.01005 52.9899 2.4
    endloop
  endfacet
  facet normal -0 0 1
    outer loop
      vertex 0.878677 55.1213 2.4
      vertex 3.01005 52.9899 2.4
      vertex 1.17371 55.3801 2.4
    endloop
  endfacet
  facet normal -0 0 1
    outer loop
      vertex 0.619934 54.8263 2.4
      vertex 3.01005 52.9899 2.4
      vertex 0.878677 55.1213 2.4
    endloop
  endfacet
  facet normal -0 0 1
    outer loop
      vertex 0.401917 54.5 2.4
      vertex 2.88931 52.8523 2.4
      vertex 0.619934 54.8263 2.4
    endloop
  endfacet
  facet normal 0 0 1
    outer loop
      vertex 3.01005 52.9899 2.4
      vertex 0.619934 54.8263 2.4
      vertex 2.88931 52.8523 2.4
    endloop
  endfacet
  facet normal 0 0 1
    outer loop
      vertex 65.5981 1.5 2.4
      vertex 63.1107 3.14773 2.4
      vertex 65.3801 1.17371 2.4
    endloop
  endfacet
  facet normal -0 0 1
    outer loop
      vertex 62.9899 3.01005 2.4
      vertex 65.3801 1.17371 2.4
      vertex 63.1107 3.14773 2.4
    endloop
  endfacet
  facet normal 0 0 1
    outer loop
      vertex 65.3801 1.17371 2.4
      vertex 62.9899 3.01005 2.4
      vertex 65.1213 0.878677 2.4
    endloop
  endfacet
  facet normal 0 0 1
    outer loop
      vertex 65.1213 0.878677 2.4
      vertex 62.9899 3.01005 2.4
      vertex 64.8263 0.619934 2.4
    endloop
  endfacet
  facet normal -0 0 1
    outer loop
      vertex 62.8523 2.88931 2.4
      vertex 64.8263 0.619934 2.4
      vertex 62.9899 3.01005 2.4
    endloop
  endfacet
  facet normal 0 0 1
    outer loop
      vertex 64.8263 0.619934 2.4
      vertex 62.8523 2.88931 2.4
      vertex 64.5 0.401917 2.4
    endloop
  endfacet
  facet normal 0 0 1
    outer loop
      vertex 64.5 0.401917 2.4
      vertex 62.8523 2.88931 2.4
      vertex 64.148 0.228348 2.4
    endloop
  endfacet
  facet normal -0 0 1
    outer loop
      vertex 62.7 2.78756 2.4
      vertex 64.148 0.228348 2.4
      vertex 62.8523 2.88931 2.4
    endloop
  endfacet
  facet normal 0 0 1
    outer loop
      vertex 64.148 0.228348 2.4
      vertex 62.7 2.78756 2.4
      vertex 63.7764 0.102219 2.4
    endloop
  endfacet
  facet normal 0 0 1
    outer loop
      vertex 63.7764 0.102219 2.4
      vertex 62.7 2.78756 2.4
      vertex 63.3916 0.0256653 2.4
    endloop
  endfacet
  facet normal -0 0 1
    outer loop
      vertex 62.5358 2.70657 2.4
      vertex 63.3916 0.0256653 2.4
      vertex 62.7 2.78756 2.4
    endloop
  endfacet
  facet normal 0 0 1
    outer loop
      vertex 63.3916 0.0256653 2.4
      vertex 62.5358 2.70657 2.4
      vertex 63 0 2.4
    endloop
  endfacet
  facet normal -0 0 1
    outer loop
      vertex 62.3623 2.6477 2.4
      vertex 63 0 2.4
      vertex 62.5358 2.70657 2.4
    endloop
  endfacet
  facet normal -0 0 1
    outer loop
      vertex 62.1827 2.61198 2.4
      vertex 63 0 2.4
      vertex 62.3623 2.6477 2.4
    endloop
  endfacet
  facet normal -0 0 1
    outer loop
      vertex 62 2.6 2.4
      vertex 63 0 2.4
      vertex 62.1827 2.61198 2.4
    endloop
  endfacet
  facet normal 0 0 1
    outer loop
      vertex 61.8173 2.61198 2.4
      vertex 63 0 2.4
      vertex 62 2.6 2.4
    endloop
  endfacet
  facet normal 0 0 1
    outer loop
      vertex 61.6377 2.6477 2.4
      vertex 63 0 2.4
      vertex 61.8173 2.61198 2.4
    endloop
  endfacet
  facet normal 0 0 1
    outer loop
      vertex 61.4642 2.70657 2.4
      vertex 63 0 2.4
      vertex 61.6377 2.6477 2.4
    endloop
  endfacet
  facet normal 0 0 1
    outer loop
      vertex 61.3 2.78756 2.4
      vertex 63 0 2.4
      vertex 61.4642 2.70657 2.4
    endloop
  endfacet
  facet normal 0 0 1
    outer loop
      vertex 61.1477 2.88931 2.4
      vertex 63 0 2.4
      vertex 61.3 2.78756 2.4
    endloop
  endfacet
  facet normal 0 0 1
    outer loop
      vertex 61.01 3.01005 2.4
      vertex 63 0 2.4
      vertex 61.1477 2.88931 2.4
    endloop
  endfacet
  facet normal 0 0 1
    outer loop
      vertex 60.8893 3.14773 2.4
      vertex 63 0 2.4
      vertex 61.01 3.01005 2.4
    endloop
  endfacet
  facet normal 0 0 1
    outer loop
      vertex 60.612 4.18274 2.4
      vertex 5.4 4 2.4
      vertex 60.6 4 2.4
    endloop
  endfacet
  facet normal 0 0 1
    outer loop
      vertex 60.6 4 2.4
      vertex 5.4 4 2.4
      vertex 60.612 3.81726 2.4
    endloop
  endfacet
  facet normal 0 0 1
    outer loop
      vertex 5.38802 3.81726 2.4
      vertex 60.612 3.81726 2.4
      vertex 5.4 4 2.4
    endloop
  endfacet
  facet normal 0 0 1
    outer loop
      vertex 60.612 3.81726 2.4
      vertex 5.38802 3.81726 2.4
      vertex 60.6477 3.63765 2.4
    endloop
  endfacet
  facet normal 0 0 1
    outer loop
      vertex 5.3523 3.63765 2.4
      vertex 60.6477 3.63765 2.4
      vertex 5.38802 3.81726 2.4
    endloop
  endfacet
  facet normal 0 0 1
    outer loop
      vertex 60.6477 3.63765 2.4
      vertex 5.3523 3.63765 2.4
      vertex 60.7066 3.46424 2.4
    endloop
  endfacet
  facet normal 0 0 1
    outer loop
      vertex 5.29343 3.46424 2.4
      vertex 60.7066 3.46424 2.4
      vertex 5.3523 3.63765 2.4
    endloop
  endfacet
  facet normal 0 0 1
    outer loop
      vertex 60.7066 3.46424 2.4
      vertex 5.29343 3.46424 2.4
      vertex 60.7876 3.3 2.4
    endloop
  endfacet
  facet normal 0 0 1
    outer loop
      vertex 5.21243 3.3 2.4
      vertex 60.7876 3.3 2.4
      vertex 5.29343 3.46424 2.4
    endloop
  endfacet
  facet normal 0 0 1
    outer loop
      vertex 60.7876 3.3 2.4
      vertex 5.21243 3.3 2.4
      vertex 60.8893 3.14773 2.4
    endloop
  endfacet
  facet normal 0 0 1
    outer loop
      vertex 5.11069 3.14773 2.4
      vertex 60.8893 3.14773 2.4
      vertex 5.21243 3.3 2.4
    endloop
  endfacet
  facet normal 0 0 1
    outer loop
      vertex 60.8893 3.14773 2.4
      vertex 5.11069 3.14773 2.4
      vertex 63 0 2.4
    endloop
  endfacet
  facet normal 0 0 1
    outer loop
      vertex 3 0 2.4
      vertex 5.11069 3.14773 2.4
      vertex 4.98995 3.01005 2.4
    endloop
  endfacet
  facet normal 0 0 1
    outer loop
      vertex 3 0 2.4
      vertex 4.98995 3.01005 2.4
      vertex 4.85227 2.88931 2.4
    endloop
  endfacet
  facet normal 0 0 1
    outer loop
      vertex 3 0 2.4
      vertex 4.85227 2.88931 2.4
      vertex 4.7 2.78756 2.4
    endloop
  endfacet
  facet normal 0 0 1
    outer loop
      vertex 3 0 2.4
      vertex 4.7 2.78756 2.4
      vertex 4.53576 2.70657 2.4
    endloop
  endfacet
  facet normal 0 0 1
    outer loop
      vertex 3 0 2.4
      vertex 4.53576 2.70657 2.4
      vertex 4.36235 2.6477 2.4
    endloop
  endfacet
  facet normal 0 0 1
    outer loop
      vertex 3 0 2.4
      vertex 4.36235 2.6477 2.4
      vertex 4.18274 2.61198 2.4
    endloop
  endfacet
  facet normal 0 0 1
    outer loop
      vertex 3 0 2.4
      vertex 4.18274 2.61198 2.4
      vertex 4 2.6 2.4
    endloop
  endfacet
  facet normal 0 0 1
    outer loop
      vertex 5.11069 3.14773 2.4
      vertex 3 0 2.4
      vertex 63 0 2.4
    endloop
  endfacet
  facet normal 0 0 1
    outer loop
      vertex 3.81726 2.61198 2.4
      vertex 3 0 2.4
      vertex 4 2.6 2.4
    endloop
  endfacet
  facet normal 0 0 1
    outer loop
      vertex 3.63765 2.6477 2.4
      vertex 3 0 2.4
      vertex 3.81726 2.61198 2.4
    endloop
  endfacet
  facet normal 0 0 1
    outer loop
      vertex 3.46424 2.70657 2.4
      vertex 3 0 2.4
      vertex 3.63765 2.6477 2.4
    endloop
  endfacet
  facet normal 0 0 1
    outer loop
      vertex 2.60841 0.0256653 2.4
      vertex 3.46424 2.70657 2.4
      vertex 3.3 2.78756 2.4
    endloop
  endfacet
  facet normal 0 0 1
    outer loop
      vertex 1.85194 0.228348 2.4
      vertex 3.3 2.78756 2.4
      vertex 3.14773 2.88931 2.4
    endloop
  endfacet
  facet normal 0 0 1
    outer loop
      vertex 1.17371 0.619934 2.4
      vertex 3.14773 2.88931 2.4
      vertex 3.01005 3.01005 2.4
    endloop
  endfacet
  facet normal 0 0 1
    outer loop
      vertex 0.619934 1.17371 2.4
      vertex 3.01005 3.01005 2.4
      vertex 2.88931 3.14773 2.4
    endloop
  endfacet
  facet normal 0 0 1
    outer loop
      vertex 0.228348 1.85194 2.4
      vertex 2.88931 3.14773 2.4
      vertex 2.78756 3.3 2.4
    endloop
  endfacet
  facet normal 0 0 1
    outer loop
      vertex 0.0256653 2.60841 2.4
      vertex 2.78756 3.3 2.4
      vertex 2.70657 3.46424 2.4
    endloop
  endfacet
  facet normal 0 0 1
    outer loop
      vertex 0 3 2.4
      vertex 2.70657 3.46424 2.4
      vertex 2.6477 3.63765 2.4
    endloop
  endfacet
  facet normal 0 0 1
    outer loop
      vertex 0 3 2.4
      vertex 2.6477 3.63765 2.4
      vertex 2.61198 3.81726 2.4
    endloop
  endfacet
  facet normal 0 0 1
    outer loop
      vertex 3.46424 2.70657 2.4
      vertex 2.60841 0.0256653 2.4
      vertex 3 0 2.4
    endloop
  endfacet
  facet normal 0 0 1
    outer loop
      vertex 0 3 2.4
      vertex 2.61198 3.81726 2.4
      vertex 2.6 4 2.4
    endloop
  endfacet
  facet normal 0 0 1
    outer loop
      vertex 2.6477 4.36235 2.4
      vertex 0 3 2.4
      vertex 2.61198 4.18274 2.4
    endloop
  endfacet
  facet normal 0 0 1
    outer loop
      vertex 2.61198 4.18274 2.4
      vertex 0 3 2.4
      vertex 2.6 4 2.4
    endloop
  endfacet
  facet normal -0 0 1
    outer loop
      vertex 0.228348 54.148 2.4
      vertex 2.88931 52.8523 2.4
      vertex 0.401917 54.5 2.4
    endloop
  endfacet
  facet normal 0 0 1
    outer loop
      vertex 2.70657 3.46424 2.4
      vertex 0 3 2.4
      vertex 0.0256653 2.60841 2.4
    endloop
  endfacet
  facet normal 0 0 1
    outer loop
      vertex 2.88931 52.8523 2.4
      vertex 0.228348 54.148 2.4
      vertex 2.78756 52.7 2.4
    endloop
  endfacet
  facet normal 0 0 1
    outer loop
      vertex 3.3 2.78756 2.4
      vertex 2.22354 0.102219 2.4
      vertex 2.60841 0.0256653 2.4
    endloop
  endfacet
  facet normal -0 0 1
    outer loop
      vertex 0.102219 53.7764 2.4
      vertex 2.78756 52.7 2.4
      vertex 0.228348 54.148 2.4
    endloop
  endfacet
  facet normal 0 0 1
    outer loop
      vertex 3.3 2.78756 2.4
      vertex 1.85194 0.228348 2.4
      vertex 2.22354 0.102219 2.4
    endloop
  endfacet
  facet normal -0 0 1
    outer loop
      vertex 0.0256653 53.3916 2.4
      vertex 2.78756 52.7 2.4
      vertex 0.102219 53.7764 2.4
    endloop
  endfacet
  facet normal 0 0 1
    outer loop
      vertex 3.14773 2.88931 2.4
      vertex 1.5 0.401917 2.4
      vertex 1.85194 0.228348 2.4
    endloop
  endfacet
  facet normal 0 0 1
    outer loop
      vertex 2.78756 52.7 2.4
      vertex 0.0256653 53.3916 2.4
      vertex 2.70657 52.5358 2.4
    endloop
  endfacet
  facet normal 0 0 1
    outer loop
      vertex 3.14773 2.88931 2.4
      vertex 1.17371 0.619934 2.4
      vertex 1.5 0.401917 2.4
    endloop
  endfacet
  facet normal -0 0 1
    outer loop
      vertex 0 53 2.4
      vertex 2.70657 52.5358 2.4
      vertex 0.0256653 53.3916 2.4
    endloop
  endfacet
  facet normal 0 0 1
    outer loop
      vertex 3.01005 3.01005 2.4
      vertex 0.878677 0.878677 2.4
      vertex 1.17371 0.619934 2.4
    endloop
  endfacet
  facet normal 0 0 1
    outer loop
      vertex 2.70657 52.5358 2.4
      vertex 0 53 2.4
      vertex 2.6477 52.3623 2.4
    endloop
  endfacet
  facet normal 0 0 1
    outer loop
      vertex 3.01005 3.01005 2.4
      vertex 0.619934 1.17371 2.4
      vertex 0.878677 0.878677 2.4
    endloop
  endfacet
  facet normal 0 0 1
    outer loop
      vertex 2.6477 52.3623 2.4
      vertex 0 53 2.4
      vertex 2.61198 52.1827 2.4
    endloop
  endfacet
  facet normal 0 0 1
    outer loop
      vertex 2.88931 3.14773 2.4
      vertex 0.401917 1.5 2.4
      vertex 0.619934 1.17371 2.4
    endloop
  endfacet
  facet normal 0 0 1
    outer loop
      vertex 2.61198 52.1827 2.4
      vertex 0 53 2.4
      vertex 2.6 52 2.4
    endloop
  endfacet
  facet normal 0 0 1
    outer loop
      vertex 2.88931 3.14773 2.4
      vertex 0.228348 1.85194 2.4
      vertex 0.401917 1.5 2.4
    endloop
  endfacet
  facet normal 0 0 1
    outer loop
      vertex 2.78756 3.3 2.4
      vertex 0.102219 2.22354 2.4
      vertex 0.228348 1.85194 2.4
    endloop
  endfacet
  facet normal 0 0 1
    outer loop
      vertex 2.78756 3.3 2.4
      vertex 0.0256653 2.60841 2.4
      vertex 0.102219 2.22354 2.4
    endloop
  endfacet
  facet normal 1 -0 0
    outer loop
      vertex 66 3 2.4
      vertex 66 53 0
      vertex 66 53 2.4
    endloop
  endfacet
  facet normal 1 0 0
    outer loop
      vertex 66 53 0
      vertex 66 3 2.4
      vertex 66 3 0
    endloop
  endfacet
  facet normal -1 0 0
    outer loop
      vertex 0 3 0
      vertex 0 53 2.4
      vertex 0 53 0
    endloop
  endfacet
  facet normal -1 -0 0
    outer loop
      vertex 0 53 2.4
      vertex 0 3 0
      vertex 0 3 2.4
    endloop
  endfacet
  facet normal 0 0 -1
    outer loop
      vertex 5.21243 4.7 0
      vertex 60.7876 4.7 0
      vertex 5.29343 4.53576 0
    endloop
  endfacet
  facet normal 0 0 -1
    outer loop
      vertex 60.8893 51.1477 0
      vertex 5.38802 51.8173 0
      vertex 5.4 52 0
    endloop
  endfacet
  facet normal 0 0 -1
    outer loop
      vertex 60.7876 4.7 0
      vertex 5.21243 4.7 0
      vertex 60.8893 4.85227 0
    endloop
  endfacet
  facet normal 0 0 -1
    outer loop
      vertex 60.8893 51.1477 0
      vertex 5.3523 51.6377 0
      vertex 5.38802 51.8173 0
    endloop
  endfacet
  facet normal 0 0 -1
    outer loop
      vertex 5.11069 4.85227 0
      vertex 60.8893 4.85227 0
      vertex 5.21243 4.7 0
    endloop
  endfacet
  facet normal 0 0 -1
    outer loop
      vertex 60.8893 51.1477 0
      vertex 5.29343 51.4642 0
      vertex 5.3523 51.6377 0
    endloop
  endfacet
  facet normal 0 0 -1
    outer loop
      vertex 60.8893 4.85227 0
      vertex 5.11069 4.85227 0
      vertex 60.8893 51.1477 0
    endloop
  endfacet
  facet normal 0 0 -1
    outer loop
      vertex 60.8893 51.1477 0
      vertex 5.21243 51.3 0
      vertex 5.29343 51.4642 0
    endloop
  endfacet
  facet normal 0 0 -1
    outer loop
      vertex 5.11069 51.1477 0
      vertex 60.8893 51.1477 0
      vertex 5.11069 4.85227 0
    endloop
  endfacet
  facet normal 0 0 -1
    outer loop
      vertex 60.8893 51.1477 0
      vertex 5.11069 51.1477 0
      vertex 5.21243 51.3 0
    endloop
  endfacet
  facet normal 0 0 -1
    outer loop
      vertex 4.98995 4.98995 0
      vertex 5.11069 51.1477 0
      vertex 5.11069 4.85227 0
    endloop
  endfacet
  facet normal 0 0 -1
    outer loop
      vertex 4.98995 4.98995 0
      vertex 4.98995 51.01 0
      vertex 5.11069 51.1477 0
    endloop
  endfacet
  facet normal 0 0 -1
    outer loop
      vertex 4.85227 5.11069 0
      vertex 4.98995 51.01 0
      vertex 4.98995 4.98995 0
    endloop
  endfacet
  facet normal 0 0 -1
    outer loop
      vertex 4.85227 5.11069 0
      vertex 4.85227 50.8893 0
      vertex 4.98995 51.01 0
    endloop
  endfacet
  facet normal 0 0 -1
    outer loop
      vertex 4.7 5.21243 0
      vertex 4.85227 50.8893 0
      vertex 4.85227 5.11069 0
    endloop
  endfacet
  facet normal 0 0 -1
    outer loop
      vertex 4.7 5.21243 0
      vertex 4.7 50.7876 0
      vertex 4.85227 50.8893 0
    endloop
  endfacet
  facet normal 0 0 -1
    outer loop
      vertex 4.53576 5.29343 0
      vertex 4.7 50.7876 0
      vertex 4.7 5.21243 0
    endloop
  endfacet
  facet normal 0 0 -1
    outer loop
      vertex 4.53576 5.29343 0
      vertex 4.53576 50.7066 0
      vertex 4.7 50.7876 0
    endloop
  endfacet
  facet normal 0 0 -1
    outer loop
      vertex 4.36235 5.3523 0
      vertex 4.53576 50.7066 0
      vertex 4.53576 5.29343 0
    endloop
  endfacet
  facet normal 0 0 -1
    outer loop
      vertex 4.36235 5.3523 0
      vertex 4.36235 50.6477 0
      vertex 4.53576 50.7066 0
    endloop
  endfacet
  facet normal 0 0 -1
    outer loop
      vertex 4.18274 5.38802 0
      vertex 4.36235 50.6477 0
      vertex 4.36235 5.3523 0
    endloop
  endfacet
  facet normal 0 0 -1
    outer loop
      vertex 4.18274 5.38802 0
      vertex 4.18274 50.612 0
      vertex 4.36235 50.6477 0
    endloop
  endfacet
  facet normal 0 0 -1
    outer loop
      vertex 4 5.4 0
      vertex 4.18274 50.612 0
      vertex 4.18274 5.38802 0
    endloop
  endfacet
  facet normal 0 0 -1
    outer loop
      vertex 4 5.4 0
      vertex 4 50.6 0
      vertex 4.18274 50.612 0
    endloop
  endfacet
  facet normal 0 0 -1
    outer loop
      vertex 3.81726 5.38802 0
      vertex 4 50.6 0
      vertex 4 5.4 0
    endloop
  endfacet
  facet normal 0 0 -1
    outer loop
      vertex 3.81726 5.38802 0
      vertex 3.81726 50.612 0
      vertex 4 50.6 0
    endloop
  endfacet
  facet normal 0 0 -1
    outer loop
      vertex 3.63765 5.3523 0
      vertex 3.81726 50.612 0
      vertex 3.81726 5.38802 0
    endloop
  endfacet
  facet normal 0 0 -1
    outer loop
      vertex 3.63765 5.3523 0
      vertex 3.63765 50.6477 0
      vertex 3.81726 50.612 0
    endloop
  endfacet
  facet normal 0 0 -1
    outer loop
      vertex 3.46424 5.29343 0
      vertex 3.63765 50.6477 0
      vertex 3.63765 5.3523 0
    endloop
  endfacet
  facet normal 0 0 -1
    outer loop
      vertex 3.46424 5.29343 0
      vertex 3.46424 50.7066 0
      vertex 3.63765 50.6477 0
    endloop
  endfacet
  facet normal 0 0 -1
    outer loop
      vertex 3.3 5.21243 0
      vertex 3.46424 50.7066 0
      vertex 3.46424 5.29343 0
    endloop
  endfacet
  facet normal 0 0 -1
    outer loop
      vertex 3.3 5.21243 0
      vertex 3.3 50.7876 0
      vertex 3.46424 50.7066 0
    endloop
  endfacet
  facet normal 0 0 -1
    outer loop
      vertex 3.14773 5.11069 0
      vertex 3.3 50.7876 0
      vertex 3.3 5.21243 0
    endloop
  endfacet
  facet normal 0 0 -1
    outer loop
      vertex 3.14773 5.11069 0
      vertex 3.14773 50.8893 0
      vertex 3.3 50.7876 0
    endloop
  endfacet
  facet normal 0 0 -1
    outer loop
      vertex 0 3 0
      vertex 3.14773 5.11069 0
      vertex 3.01005 4.98995 0
    endloop
  endfacet
  facet normal -0 0 -1
    outer loop
      vertex 3.14773 5.11069 0
      vertex 0 3 0
      vertex 3.14773 50.8893 0
    endloop
  endfacet
  facet normal 0 0 -1
    outer loop
      vertex 0 3 0
      vertex 3.01005 4.98995 0
      vertex 2.88931 4.85227 0
    endloop
  endfacet
  facet normal 0 0 -1
    outer loop
      vertex 0 53 0
      vertex 3.14773 50.8893 0
      vertex 0 3 0
    endloop
  endfacet
  facet normal 0 0 -1
    outer loop
      vertex 0 3 0
      vertex 2.88931 4.85227 0
      vertex 2.78756 4.7 0
    endloop
  endfacet
  facet normal 0 0 -1
    outer loop
      vertex 3.14773 50.8893 0
      vertex 0 53 0
      vertex 3.01005 51.01 0
    endloop
  endfacet
  facet normal 0 0 -1
    outer loop
      vertex 0 3 0
      vertex 2.78756 4.7 0
      vertex 2.70657 4.53576 0
    endloop
  endfacet
  facet normal 0 0 -1
    outer loop
      vertex 3.01005 51.01 0
      vertex 0 53 0
      vertex 2.88931 51.1477 0
    endloop
  endfacet
  facet normal 0 0 -1
    outer loop
      vertex 0 3 0
      vertex 2.70657 4.53576 0
      vertex 2.6477 4.36235 0
    endloop
  endfacet
  facet normal 0 0 -1
    outer loop
      vertex 2.88931 51.1477 0
      vertex 0 53 0
      vertex 2.78756 51.3 0
    endloop
  endfacet
  facet normal 0 0 -1
    outer loop
      vertex 0 3 0
      vertex 2.6477 4.36235 0
      vertex 2.61198 4.18274 0
    endloop
  endfacet
  facet normal 0 0 -1
    outer loop
      vertex 2.78756 51.3 0
      vertex 0 53 0
      vertex 2.70657 51.4642 0
    endloop
  endfacet
  facet normal 0 0 -1
    outer loop
      vertex 0 3 0
      vertex 2.61198 4.18274 0
      vertex 2.6 4 0
    endloop
  endfacet
  facet normal 0 0 -1
    outer loop
      vertex 2.70657 51.4642 0
      vertex 0 53 0
      vertex 2.6477 51.6377 0
    endloop
  endfacet
  facet normal 0 0 -1
    outer loop
      vertex 63.2934 4.53576 0
      vertex 66 3 0
      vertex 63.3523 4.36235 0
    endloop
  endfacet
  facet normal 0 0 -1
    outer loop
      vertex 66 53 0
      vertex 63.388 51.8173 0
      vertex 63.4 52 0
    endloop
  endfacet
  facet normal 0 0 -1
    outer loop
      vertex 63.2124 4.7 0
      vertex 66 3 0
      vertex 63.2934 4.53576 0
    endloop
  endfacet
  facet normal 0 0 -1
    outer loop
      vertex 66 53 0
      vertex 63.3523 51.6377 0
      vertex 63.388 51.8173 0
    endloop
  endfacet
  facet normal 0 0 -1
    outer loop
      vertex 63.1107 4.85227 0
      vertex 66 3 0
      vertex 63.2124 4.7 0
    endloop
  endfacet
  facet normal 0 0 -1
    outer loop
      vertex 66 53 0
      vertex 63.2934 51.4642 0
      vertex 63.3523 51.6377 0
    endloop
  endfacet
  facet normal 0 0 -1
    outer loop
      vertex 62.9899 4.98995 0
      vertex 66 3 0
      vertex 63.1107 4.85227 0
    endloop
  endfacet
  facet normal 0 0 -1
    outer loop
      vertex 66 53 0
      vertex 63.2124 51.3 0
      vertex 63.2934 51.4642 0
    endloop
  endfacet
  facet normal 0 0 -1
    outer loop
      vertex 62.8523 5.11069 0
      vertex 66 3 0
      vertex 62.9899 4.98995 0
    endloop
  endfacet
  facet normal 0 0 -1
    outer loop
      vertex 66 53 0
      vertex 63.1107 51.1477 0
      vertex 63.2124 51.3 0
    endloop
  endfacet
  facet normal 0 0 -1
    outer loop
      vertex 66 3 0
      vertex 62.8523 5.11069 0
      vertex 66 53 0
    endloop
  endfacet
  facet normal 0 0 -1
    outer loop
      vertex 66 53 0
      vertex 62.9899 51.01 0
      vertex 63.1107 51.1477 0
    endloop
  endfacet
  facet normal 0 0 -1
    outer loop
      vertex 62.8523 50.8893 0
      vertex 66 53 0
      vertex 62.8523 5.11069 0
    endloop
  endfacet
  facet normal 0 0 -1
    outer loop
      vertex 66 53 0
      vertex 62.8523 50.8893 0
      vertex 62.9899 51.01 0
    endloop
  endfacet
  facet normal 0 0 -1
    outer loop
      vertex 62.7 5.21243 0
      vertex 62.8523 50.8893 0
      vertex 62.8523 5.11069 0
    endloop
  endfacet
  facet normal 0 0 -1
    outer loop
      vertex 62.7 5.21243 0
      vertex 62.7 50.7876 0
      vertex 62.8523 50.8893 0
    endloop
  endfacet
  facet normal 0 0 -1
    outer loop
      vertex 62.5358 5.29343 0
      vertex 62.7 50.7876 0
      vertex 62.7 5.21243 0
    endloop
  endfacet
  facet normal 0 0 -1
    outer loop
      vertex 62.5358 5.29343 0
      vertex 62.5358 50.7066 0
      vertex 62.7 50.7876 0
    endloop
  endfacet
  facet normal 0 0 -1
    outer loop
      vertex 62.3623 5.3523 0
      vertex 62.5358 50.7066 0
      vertex 62.5358 5.29343 0
    endloop
  endfacet
  facet normal 0 0 -1
    outer loop
      vertex 62.3623 5.3523 0
      vertex 62.3623 50.6477 0
      vertex 62.5358 50.7066 0
    endloop
  endfacet
  facet normal 0 0 -1
    outer loop
      vertex 62.1827 5.38802 0
      vertex 62.3623 50.6477 0
      vertex 62.3623 5.3523 0
    endloop
  endfacet
  facet normal 0 0 -1
    outer loop
      vertex 62.1827 5.38802 0
      vertex 62.1827 50.612 0
      vertex 62.3623 50.6477 0
    endloop
  endfacet
  facet normal 0 0 -1
    outer loop
      vertex 62 5.4 0
      vertex 62.1827 50.612 0
      vertex 62.1827 5.38802 0
    endloop
  endfacet
  facet normal 0 0 -1
    outer loop
      vertex 62 5.4 0
      vertex 62 50.6 0
      vertex 62.1827 50.612 0
    endloop
  endfacet
  facet normal 0 0 -1
    outer loop
      vertex 61.8173 5.38802 0
      vertex 62 50.6 0
      vertex 62 5.4 0
    endloop
  endfacet
  facet normal 0 0 -1
    outer loop
      vertex 61.8173 5.38802 0
      vertex 61.8173 50.612 0
      vertex 62 50.6 0
    endloop
  endfacet
  facet normal 0 0 -1
    outer loop
      vertex 61.6377 5.3523 0
      vertex 61.8173 50.612 0
      vertex 61.8173 5.38802 0
    endloop
  endfacet
  facet normal 0 0 -1
    outer loop
      vertex 61.6377 5.3523 0
      vertex 61.6377 50.6477 0
      vertex 61.8173 50.612 0
    endloop
  endfacet
  facet normal 0 0 -1
    outer loop
      vertex 61.4642 5.29343 0
      vertex 61.6377 50.6477 0
      vertex 61.6377 5.3523 0
    endloop
  endfacet
  facet normal 0 0 -1
    outer loop
      vertex 61.4642 5.29343 0
      vertex 61.4642 50.7066 0
      vertex 61.6377 50.6477 0
    endloop
  endfacet
  facet normal 0 0 -1
    outer loop
      vertex 61.3 5.21243 0
      vertex 61.4642 50.7066 0
      vertex 61.4642 5.29343 0
    endloop
  endfacet
  facet normal 0 0 -1
    outer loop
      vertex 61.3 5.21243 0
      vertex 61.3 50.7876 0
      vertex 61.4642 50.7066 0
    endloop
  endfacet
  facet normal 0 0 -1
    outer loop
      vertex 61.1477 5.11069 0
      vertex 61.3 50.7876 0
      vertex 61.3 5.21243 0
    endloop
  endfacet
  facet normal 0 0 -1
    outer loop
      vertex 61.1477 5.11069 0
      vertex 61.1477 50.8893 0
      vertex 61.3 50.7876 0
    endloop
  endfacet
  facet normal 0 0 -1
    outer loop
      vertex 61.01 4.98995 0
      vertex 61.1477 50.8893 0
      vertex 61.1477 5.11069 0
    endloop
  endfacet
  facet normal 0 0 -1
    outer loop
      vertex 61.01 4.98995 0
      vertex 61.01 51.01 0
      vertex 61.1477 50.8893 0
    endloop
  endfacet
  facet normal 0 0 -1
    outer loop
      vertex 60.8893 4.85227 0
      vertex 61.01 51.01 0
      vertex 61.01 4.98995 0
    endloop
  endfacet
  facet normal 0 0 -1
    outer loop
      vertex 60.8893 4.85227 0
      vertex 60.8893 51.1477 0
      vertex 61.01 51.01 0
    endloop
  endfacet
  facet normal 0 0 -1
    outer loop
      vertex 60.6477 4.36235 0
      vertex 5.3523 4.36235 0
      vertex 60.7066 4.53576 0
    endloop
  endfacet
  facet normal 0 0 -1
    outer loop
      vertex 5.29343 4.53576 0
      vertex 60.7066 4.53576 0
      vertex 5.3523 4.36235 0
    endloop
  endfacet
  facet normal 0 0 -1
    outer loop
      vertex 5.3523 4.36235 0
      vertex 60.6477 4.36235 0
      vertex 5.38802 4.18274 0
    endloop
  endfacet
  facet normal 0 0 -1
    outer loop
      vertex 60.7066 4.53576 0
      vertex 5.29343 4.53576 0
      vertex 60.7876 4.7 0
    endloop
  endfacet
  facet normal 0 0 -1
    outer loop
      vertex 60.612 4.18274 0
      vertex 5.38802 4.18274 0
      vertex 60.6477 4.36235 0
    endloop
  endfacet
  facet normal 0 0 -1
    outer loop
      vertex 60.8893 51.1477 0
      vertex 5.4 52 0
      vertex 60.7876 51.3 0
    endloop
  endfacet
  facet normal 0 0 -1
    outer loop
      vertex 5.38802 4.18274 0
      vertex 60.612 4.18274 0
      vertex 5.4 4 0
    endloop
  endfacet
  facet normal 0 0 -1
    outer loop
      vertex 60.7876 51.3 0
      vertex 5.4 52 0
      vertex 60.7066 51.4642 0
    endloop
  endfacet
  facet normal 0 0 -1
    outer loop
      vertex 5.4 4 0
      vertex 60.612 4.18274 0
      vertex 60.6 4 0
    endloop
  endfacet
  facet normal 0 0 -1
    outer loop
      vertex 60.7066 51.4642 0
      vertex 5.4 52 0
      vertex 60.6477 51.6377 0
    endloop
  endfacet
  facet normal 0 0 -1
    outer loop
      vertex 63.2934 3.46424 0
      vertex 66 3 0
      vertex 65.9743 2.60841 0
    endloop
  endfacet
  facet normal 0 0 -1
    outer loop
      vertex 63.388 4.18274 0
      vertex 66 3 0
      vertex 63.4 4 0
    endloop
  endfacet
  facet normal 0 0 -1
    outer loop
      vertex 63.2124 3.3 0
      vertex 65.9743 2.60841 0
      vertex 65.8978 2.22354 0
    endloop
  endfacet
  facet normal 0 0 -1
    outer loop
      vertex 63.3523 4.36235 0
      vertex 66 3 0
      vertex 63.388 4.18274 0
    endloop
  endfacet
  facet normal 0 0 -1
    outer loop
      vertex 63.2124 3.3 0
      vertex 65.8978 2.22354 0
      vertex 65.7716 1.85194 0
    endloop
  endfacet
  facet normal 0 0 -1
    outer loop
      vertex 63.388 52.1827 0
      vertex 66 53 0
      vertex 63.4 52 0
    endloop
  endfacet
  facet normal 0 0 -1
    outer loop
      vertex 63.1107 3.14773 0
      vertex 65.7716 1.85194 0
      vertex 65.5981 1.5 0
    endloop
  endfacet
  facet normal 0 0 -1
    outer loop
      vertex 63.3523 52.3623 0
      vertex 66 53 0
      vertex 63.388 52.1827 0
    endloop
  endfacet
  facet normal 0 0 -1
    outer loop
      vertex 63.1107 3.14773 0
      vertex 65.5981 1.5 0
      vertex 65.3801 1.17371 0
    endloop
  endfacet
  facet normal 0 0 -1
    outer loop
      vertex 63.2934 52.5358 0
      vertex 66 53 0
      vertex 63.3523 52.3623 0
    endloop
  endfacet
  facet normal 0 0 -1
    outer loop
      vertex 62.9899 3.01005 0
      vertex 65.3801 1.17371 0
      vertex 65.1213 0.878677 0
    endloop
  endfacet
  facet normal -0 0 -1
    outer loop
      vertex 66 53 0
      vertex 63.2934 52.5358 0
      vertex 65.9743 53.3916 0
    endloop
  endfacet
  facet normal 0 0 -1
    outer loop
      vertex 62.9899 3.01005 0
      vertex 65.1213 0.878677 0
      vertex 64.8263 0.619934 0
    endloop
  endfacet
  facet normal 0 0 -1
    outer loop
      vertex 63.2124 52.7 0
      vertex 65.9743 53.3916 0
      vertex 63.2934 52.5358 0
    endloop
  endfacet
  facet normal 0 0 -1
    outer loop
      vertex 62.8523 2.88931 0
      vertex 64.8263 0.619934 0
      vertex 64.5 0.401917 0
    endloop
  endfacet
  facet normal -0 0 -1
    outer loop
      vertex 65.9743 53.3916 0
      vertex 63.2124 52.7 0
      vertex 65.8978 53.7764 0
    endloop
  endfacet
  facet normal 0 0 -1
    outer loop
      vertex 62.8523 2.88931 0
      vertex 64.5 0.401917 0
      vertex 64.148 0.228348 0
    endloop
  endfacet
  facet normal -0 0 -1
    outer loop
      vertex 65.8978 53.7764 0
      vertex 63.2124 52.7 0
      vertex 65.7716 54.148 0
    endloop
  endfacet
  facet normal 0 0 -1
    outer loop
      vertex 62.7 2.78756 0
      vertex 64.148 0.228348 0
      vertex 63.7764 0.102219 0
    endloop
  endfacet
  facet normal 0 0 -1
    outer loop
      vertex 63.1107 52.8523 0
      vertex 65.7716 54.148 0
      vertex 63.2124 52.7 0
    endloop
  endfacet
  facet normal -0 0 -1
    outer loop
      vertex 65.7716 54.148 0
      vertex 63.1107 52.8523 0
      vertex 65.5981 54.5 0
    endloop
  endfacet
  facet normal 0 0 -1
    outer loop
      vertex 62.7 2.78756 0
      vertex 63.7764 0.102219 0
      vertex 63.3916 0.0256653 0
    endloop
  endfacet
  facet normal 0 0 -1
    outer loop
      vertex 66 3 0
      vertex 63.388 3.81726 0
      vertex 63.4 4 0
    endloop
  endfacet
  facet normal 0 0 -1
    outer loop
      vertex 66 3 0
      vertex 63.3523 3.63765 0
      vertex 63.388 3.81726 0
    endloop
  endfacet
  facet normal 0 0 -1
    outer loop
      vertex 66 3 0
      vertex 63.2934 3.46424 0
      vertex 63.3523 3.63765 0
    endloop
  endfacet
  facet normal 0 0 -1
    outer loop
      vertex 65.9743 2.60841 0
      vertex 63.2124 3.3 0
      vertex 63.2934 3.46424 0
    endloop
  endfacet
  facet normal 0 0 -1
    outer loop
      vertex 65.7716 1.85194 0
      vertex 63.1107 3.14773 0
      vertex 63.2124 3.3 0
    endloop
  endfacet
  facet normal 0 0 -1
    outer loop
      vertex 62.5358 2.70657 0
      vertex 63.3916 0.0256653 0
      vertex 63 0 0
    endloop
  endfacet
  facet normal 0 0 -1
    outer loop
      vertex 65.3801 1.17371 0
      vertex 62.9899 3.01005 0
      vertex 63.1107 3.14773 0
    endloop
  endfacet
  facet normal 0 0 -1
    outer loop
      vertex 64.8263 0.619934 0
      vertex 62.8523 2.88931 0
      vertex 62.9899 3.01005 0
    endloop
  endfacet
  facet normal 0 0 -1
    outer loop
      vertex 64.148 0.228348 0
      vertex 62.7 2.78756 0
      vertex 62.8523 2.88931 0
    endloop
  endfacet
  facet normal 0 0 -1
    outer loop
      vertex 63.3916 0.0256653 0
      vertex 62.5358 2.70657 0
      vertex 62.7 2.78756 0
    endloop
  endfacet
  facet normal 0 0 -1
    outer loop
      vertex 63 0 0
      vertex 62.3623 2.6477 0
      vertex 62.5358 2.70657 0
    endloop
  endfacet
  facet normal 0 0 -1
    outer loop
      vertex 63 0 0
      vertex 62.1827 2.61198 0
      vertex 62.3623 2.6477 0
    endloop
  endfacet
  facet normal 0 0 -1
    outer loop
      vertex 63 0 0
      vertex 62 2.6 0
      vertex 62.1827 2.61198 0
    endloop
  endfacet
  facet normal 0 0 -1
    outer loop
      vertex 63 0 0
      vertex 61.8173 2.61198 0
      vertex 62 2.6 0
    endloop
  endfacet
  facet normal 0 0 -1
    outer loop
      vertex 63 0 0
      vertex 61.6377 2.6477 0
      vertex 61.8173 2.61198 0
    endloop
  endfacet
  facet normal 0 0 -1
    outer loop
      vertex 63 0 0
      vertex 61.4642 2.70657 0
      vertex 61.6377 2.6477 0
    endloop
  endfacet
  facet normal 0 0 -1
    outer loop
      vertex 63 0 0
      vertex 61.3 2.78756 0
      vertex 61.4642 2.70657 0
    endloop
  endfacet
  facet normal 0 0 -1
    outer loop
      vertex 63 0 0
      vertex 61.1477 2.88931 0
      vertex 61.3 2.78756 0
    endloop
  endfacet
  facet normal 0 0 -1
    outer loop
      vertex 63 0 0
      vertex 61.01 3.01005 0
      vertex 61.1477 2.88931 0
    endloop
  endfacet
  facet normal 0 0 -1
    outer loop
      vertex 63 0 0
      vertex 60.8893 3.14773 0
      vertex 61.01 3.01005 0
    endloop
  endfacet
  facet normal 0 0 -1
    outer loop
      vertex 60.6477 51.6377 0
      vertex 5.4 52 0
      vertex 60.612 51.8173 0
    endloop
  endfacet
  facet normal 0 0 -1
    outer loop
      vertex 60.612 3.81726 0
      vertex 5.4 4 0
      vertex 60.6 4 0
    endloop
  endfacet
  facet normal 0 0 -1
    outer loop
      vertex 5.38802 3.81726 0
      vertex 60.612 3.81726 0
      vertex 60.6477 3.63765 0
    endloop
  endfacet
  facet normal 0 0 -1
    outer loop
      vertex 5.3523 3.63765 0
      vertex 60.6477 3.63765 0
      vertex 60.7066 3.46424 0
    endloop
  endfacet
  facet normal 0 0 -1
    outer loop
      vertex 5.29343 3.46424 0
      vertex 60.7066 3.46424 0
      vertex 60.7876 3.3 0
    endloop
  endfacet
  facet normal 0 0 -1
    outer loop
      vertex 5.21243 3.3 0
      vertex 60.7876 3.3 0
      vertex 60.8893 3.14773 0
    endloop
  endfacet
  facet normal 0 0 -1
    outer loop
      vertex 5.11069 3.14773 0
      vertex 60.8893 3.14773 0
      vertex 63 0 0
    endloop
  endfacet
  facet normal 0 0 -1
    outer loop
      vertex 60.612 3.81726 0
      vertex 5.38802 3.81726 0
      vertex 5.4 4 0
    endloop
  endfacet
  facet normal 0 0 -1
    outer loop
      vertex 60.6477 3.63765 0
      vertex 5.3523 3.63765 0
      vertex 5.38802 3.81726 0
    endloop
  endfacet
  facet normal 0 0 -1
    outer loop
      vertex 60.7066 3.46424 0
      vertex 5.29343 3.46424 0
      vertex 5.3523 3.63765 0
    endloop
  endfacet
  facet normal 0 0 -1
    outer loop
      vertex 60.7876 3.3 0
      vertex 5.21243 3.3 0
      vertex 5.29343 3.46424 0
    endloop
  endfacet
  facet normal 0 0 -1
    outer loop
      vertex 60.8893 3.14773 0
      vertex 5.11069 3.14773 0
      vertex 5.21243 3.3 0
    endloop
  endfacet
  facet normal 0 0 -1
    outer loop
      vertex 3 0 0
      vertex 5.11069 3.14773 0
      vertex 63 0 0
    endloop
  endfacet
  facet normal 0 0 -1
    outer loop
      vertex 5.11069 3.14773 0
      vertex 3 0 0
      vertex 4.98995 3.01005 0
    endloop
  endfacet
  facet normal 0 0 -1
    outer loop
      vertex 4.98995 3.01005 0
      vertex 3 0 0
      vertex 4.85227 2.88931 0
    endloop
  endfacet
  facet normal 0 0 -1
    outer loop
      vertex 4.85227 2.88931 0
      vertex 3 0 0
      vertex 4.7 2.78756 0
    endloop
  endfacet
  facet normal 0 0 -1
    outer loop
      vertex 4.7 2.78756 0
      vertex 3 0 0
      vertex 4.53576 2.70657 0
    endloop
  endfacet
  facet normal 0 0 -1
    outer loop
      vertex 4.53576 2.70657 0
      vertex 3 0 0
      vertex 4.36235 2.6477 0
    endloop
  endfacet
  facet normal 0 0 -1
    outer loop
      vertex 4.36235 2.6477 0
      vertex 3 0 0
      vertex 4.18274 2.61198 0
    endloop
  endfacet
  facet normal 0 0 -1
    outer loop
      vertex 4.18274 2.61198 0
      vertex 3 0 0
      vertex 4 2.6 0
    endloop
  endfacet
  facet normal 0 0 -1
    outer loop
      vertex 3 0 0
      vertex 3.81726 2.61198 0
      vertex 4 2.6 0
    endloop
  endfacet
  facet normal 0 0 -1
    outer loop
      vertex 3 0 0
      vertex 3.63765 2.6477 0
      vertex 3.81726 2.61198 0
    endloop
  endfacet
  facet normal 0 0 -1
    outer loop
      vertex 3 0 0
      vertex 3.46424 2.70657 0
      vertex 3.63765 2.6477 0
    endloop
  endfacet
  facet normal 0 0 -1
    outer loop
      vertex 2.60841 0.0256653 0
      vertex 3.46424 2.70657 0
      vertex 3 0 0
    endloop
  endfacet
  facet normal -0 0 -1
    outer loop
      vertex 3.46424 2.70657 0
      vertex 2.60841 0.0256653 0
      vertex 3.3 2.78756 0
    endloop
  endfacet
  facet normal 0 0 -1
    outer loop
      vertex 2.22354 0.102219 0
      vertex 3.3 2.78756 0
      vertex 2.60841 0.0256653 0
    endloop
  endfacet
  facet normal 0 0 -1
    outer loop
      vertex 1.85194 0.228348 0
      vertex 3.3 2.78756 0
      vertex 2.22354 0.102219 0
    endloop
  endfacet
  facet normal -0 0 -1
    outer loop
      vertex 3.3 2.78756 0
      vertex 1.85194 0.228348 0
      vertex 3.14773 2.88931 0
    endloop
  endfacet
  facet normal 0 0 -1
    outer loop
      vertex 1.5 0.401917 0
      vertex 3.14773 2.88931 0
      vertex 1.85194 0.228348 0
    endloop
  endfacet
  facet normal 0 0 -1
    outer loop
      vertex 1.17371 0.619934 0
      vertex 3.14773 2.88931 0
      vertex 1.5 0.401917 0
    endloop
  endfacet
  facet normal -0 0 -1
    outer loop
      vertex 3.14773 2.88931 0
      vertex 1.17371 0.619934 0
      vertex 3.01005 3.01005 0
    endloop
  endfacet
  facet normal 0 0 -1
    outer loop
      vertex 0.878677 0.878677 0
      vertex 3.01005 3.01005 0
      vertex 1.17371 0.619934 0
    endloop
  endfacet
  facet normal 0 0 -1
    outer loop
      vertex 0.619934 1.17371 0
      vertex 3.01005 3.01005 0
      vertex 0.878677 0.878677 0
    endloop
  endfacet
  facet normal 0 0 -1
    outer loop
      vertex 0.401917 1.5 0
      vertex 2.88931 3.14773 0
      vertex 0.619934 1.17371 0
    endloop
  endfacet
  facet normal -0 0 -1
    outer loop
      vertex 3.01005 3.01005 0
      vertex 0.619934 1.17371 0
      vertex 2.88931 3.14773 0
    endloop
  endfacet
  facet normal -0 0 -1
    outer loop
      vertex 65.5981 54.5 0
      vertex 63.1107 52.8523 0
      vertex 65.3801 54.8263 0
    endloop
  endfacet
  facet normal 0 0 -1
    outer loop
      vertex 62.9899 52.9899 0
      vertex 65.3801 54.8263 0
      vertex 63.1107 52.8523 0
    endloop
  endfacet
  facet normal -0 0 -1
    outer loop
      vertex 65.3801 54.8263 0
      vertex 62.9899 52.9899 0
      vertex 65.1213 55.1213 0
    endloop
  endfacet
  facet normal -0 0 -1
    outer loop
      vertex 65.1213 55.1213 0
      vertex 62.9899 52.9899 0
      vertex 64.8263 55.3801 0
    endloop
  endfacet
  facet normal 0 0 -1
    outer loop
      vertex 62.8523 53.1107 0
      vertex 64.8263 55.3801 0
      vertex 62.9899 52.9899 0
    endloop
  endfacet
  facet normal -0 0 -1
    outer loop
      vertex 64.8263 55.3801 0
      vertex 62.8523 53.1107 0
      vertex 64.5 55.5981 0
    endloop
  endfacet
  facet normal -0 0 -1
    outer loop
      vertex 64.5 55.5981 0
      vertex 62.8523 53.1107 0
      vertex 64.148 55.7716 0
    endloop
  endfacet
  facet normal 0 0 -1
    outer loop
      vertex 62.7 53.2124 0
      vertex 64.148 55.7716 0
      vertex 62.8523 53.1107 0
    endloop
  endfacet
  facet normal -0 0 -1
    outer loop
      vertex 64.148 55.7716 0
      vertex 62.7 53.2124 0
      vertex 63.7764 55.8978 0
    endloop
  endfacet
  facet normal -0 0 -1
    outer loop
      vertex 63.7764 55.8978 0
      vertex 62.7 53.2124 0
      vertex 63.3916 55.9743 0
    endloop
  endfacet
  facet normal 0 0 -1
    outer loop
      vertex 62.5358 53.2934 0
      vertex 63.3916 55.9743 0
      vertex 62.7 53.2124 0
    endloop
  endfacet
  facet normal -0 0 -1
    outer loop
      vertex 63.3916 55.9743 0
      vertex 62.5358 53.2934 0
      vertex 63 56 0
    endloop
  endfacet
  facet normal 0 0 -1
    outer loop
      vertex 62.3623 53.3523 0
      vertex 63 56 0
      vertex 62.5358 53.2934 0
    endloop
  endfacet
  facet normal 0 0 -1
    outer loop
      vertex 62.1827 53.388 0
      vertex 63 56 0
      vertex 62.3623 53.3523 0
    endloop
  endfacet
  facet normal 0 0 -1
    outer loop
      vertex 62 53.4 0
      vertex 63 56 0
      vertex 62.1827 53.388 0
    endloop
  endfacet
  facet normal 0 0 -1
    outer loop
      vertex 61.8173 53.388 0
      vertex 63 56 0
      vertex 62 53.4 0
    endloop
  endfacet
  facet normal 0 0 -1
    outer loop
      vertex 61.6377 53.3523 0
      vertex 63 56 0
      vertex 61.8173 53.388 0
    endloop
  endfacet
  facet normal 0 0 -1
    outer loop
      vertex 61.4642 53.2934 0
      vertex 63 56 0
      vertex 61.6377 53.3523 0
    endloop
  endfacet
  facet normal 0 0 -1
    outer loop
      vertex 61.3 53.2124 0
      vertex 63 56 0
      vertex 61.4642 53.2934 0
    endloop
  endfacet
  facet normal 0 0 -1
    outer loop
      vertex 61.1477 53.1107 0
      vertex 63 56 0
      vertex 61.3 53.2124 0
    endloop
  endfacet
  facet normal 0 0 -1
    outer loop
      vertex 61.01 52.9899 0
      vertex 63 56 0
      vertex 61.1477 53.1107 0
    endloop
  endfacet
  facet normal 0 0 -1
    outer loop
      vertex 60.8893 52.8523 0
      vertex 63 56 0
      vertex 61.01 52.9899 0
    endloop
  endfacet
  facet normal 0 0 -1
    outer loop
      vertex 60.612 51.8173 0
      vertex 5.4 52 0
      vertex 60.6 52 0
    endloop
  endfacet
  facet normal 0 0 -1
    outer loop
      vertex 60.6 52 0
      vertex 5.4 52 0
      vertex 60.612 52.1827 0
    endloop
  endfacet
  facet normal 0 0 -1
    outer loop
      vertex 5.38802 52.1827 0
      vertex 60.612 52.1827 0
      vertex 5.4 52 0
    endloop
  endfacet
  facet normal 0 0 -1
    outer loop
      vertex 60.612 52.1827 0
      vertex 5.38802 52.1827 0
      vertex 60.6477 52.3623 0
    endloop
  endfacet
  facet normal 0 0 -1
    outer loop
      vertex 5.3523 52.3623 0
      vertex 60.6477 52.3623 0
      vertex 5.38802 52.1827 0
    endloop
  endfacet
  facet normal 0 0 -1
    outer loop
      vertex 60.6477 52.3623 0
      vertex 5.3523 52.3623 0
      vertex 60.7066 52.5358 0
    endloop
  endfacet
  facet normal 0 0 -1
    outer loop
      vertex 5.29343 52.5358 0
      vertex 60.7066 52.5358 0
      vertex 5.3523 52.3623 0
    endloop
  endfacet
  facet normal 0 0 -1
    outer loop
      vertex 60.7066 52.5358 0
      vertex 5.29343 52.5358 0
      vertex 60.7876 52.7 0
    endloop
  endfacet
  facet normal 0 0 -1
    outer loop
      vertex 5.21243 52.7 0
      vertex 60.7876 52.7 0
      vertex 5.29343 52.5358 0
    endloop
  endfacet
  facet normal 0 0 -1
    outer loop
      vertex 60.7876 52.7 0
      vertex 5.21243 52.7 0
      vertex 60.8893 52.8523 0
    endloop
  endfacet
  facet normal 0 0 -1
    outer loop
      vertex 5.11069 52.8523 0
      vertex 60.8893 52.8523 0
      vertex 5.21243 52.7 0
    endloop
  endfacet
  facet normal 0 0 -1
    outer loop
      vertex 60.8893 52.8523 0
      vertex 5.11069 52.8523 0
      vertex 63 56 0
    endloop
  endfacet
  facet normal 0 0 -1
    outer loop
      vertex 3 56 0
      vertex 5.11069 52.8523 0
      vertex 4.98995 52.9899 0
    endloop
  endfacet
  facet normal 0 0 -1
    outer loop
      vertex 3 56 0
      vertex 4.98995 52.9899 0
      vertex 4.85227 53.1107 0
    endloop
  endfacet
  facet normal 0 0 -1
    outer loop
      vertex 3 56 0
      vertex 4.85227 53.1107 0
      vertex 4.7 53.2124 0
    endloop
  endfacet
  facet normal 0 0 -1
    outer loop
      vertex 3 56 0
      vertex 4.7 53.2124 0
      vertex 4.53576 53.2934 0
    endloop
  endfacet
  facet normal 0 0 -1
    outer loop
      vertex 3 56 0
      vertex 4.53576 53.2934 0
      vertex 4.36235 53.3523 0
    endloop
  endfacet
  facet normal 0 0 -1
    outer loop
      vertex 3 56 0
      vertex 4.36235 53.3523 0
      vertex 4.18274 53.388 0
    endloop
  endfacet
  facet normal 0 0 -1
    outer loop
      vertex 3 56 0
      vertex 4.18274 53.388 0
      vertex 4 53.4 0
    endloop
  endfacet
  facet normal 0 0 -1
    outer loop
      vertex 5.11069 52.8523 0
      vertex 3 56 0
      vertex 63 56 0
    endloop
  endfacet
  facet normal 0 0 -1
    outer loop
      vertex 3.81726 53.388 0
      vertex 3 56 0
      vertex 4 53.4 0
    endloop
  endfacet
  facet normal 0 0 -1
    outer loop
      vertex 3.63765 53.3523 0
      vertex 3 56 0
      vertex 3.81726 53.388 0
    endloop
  endfacet
  facet normal 0 0 -1
    outer loop
      vertex 3.46424 53.2934 0
      vertex 3 56 0
      vertex 3.63765 53.3523 0
    endloop
  endfacet
  facet normal 0 0 -1
    outer loop
      vertex 2.60841 55.9743 0
      vertex 3.46424 53.2934 0
      vertex 3.3 53.2124 0
    endloop
  endfacet
  facet normal 0 0 -1
    outer loop
      vertex 1.85194 55.7716 0
      vertex 3.3 53.2124 0
      vertex 3.14773 53.1107 0
    endloop
  endfacet
  facet normal 0 0 -1
    outer loop
      vertex 1.17371 55.3801 0
      vertex 3.14773 53.1107 0
      vertex 3.01005 52.9899 0
    endloop
  endfacet
  facet normal 0 0 -1
    outer loop
      vertex 0.619934 54.8263 0
      vertex 3.01005 52.9899 0
      vertex 2.88931 52.8523 0
    endloop
  endfacet
  facet normal 0 0 -1
    outer loop
      vertex 0.228348 54.148 0
      vertex 2.88931 52.8523 0
      vertex 2.78756 52.7 0
    endloop
  endfacet
  facet normal 0 0 -1
    outer loop
      vertex 0.0256653 53.3916 0
      vertex 2.78756 52.7 0
      vertex 2.70657 52.5358 0
    endloop
  endfacet
  facet normal 0 0 -1
    outer loop
      vertex 0 53 0
      vertex 2.70657 52.5358 0
      vertex 2.6477 52.3623 0
    endloop
  endfacet
  facet normal 0 0 -1
    outer loop
      vertex 0 53 0
      vertex 2.6477 52.3623 0
      vertex 2.61198 52.1827 0
    endloop
  endfacet
  facet normal 0 0 -1
    outer loop
      vertex 3.46424 53.2934 0
      vertex 2.60841 55.9743 0
      vertex 3 56 0
    endloop
  endfacet
  facet normal 0 0 -1
    outer loop
      vertex 0 53 0
      vertex 2.61198 52.1827 0
      vertex 2.6 52 0
    endloop
  endfacet
  facet normal 0 0 -1
    outer loop
      vertex 2.6477 51.6377 0
      vertex 0 53 0
      vertex 2.61198 51.8173 0
    endloop
  endfacet
  facet normal 0 0 -1
    outer loop
      vertex 2.61198 51.8173 0
      vertex 0 53 0
      vertex 2.6 52 0
    endloop
  endfacet
  facet normal 0 0 -1
    outer loop
      vertex 0.228348 1.85194 0
      vertex 2.88931 3.14773 0
      vertex 0.401917 1.5 0
    endloop
  endfacet
  facet normal 0 0 -1
    outer loop
      vertex 2.70657 52.5358 0
      vertex 0 53 0
      vertex 0.0256653 53.3916 0
    endloop
  endfacet
  facet normal -0 0 -1
    outer loop
      vertex 2.88931 3.14773 0
      vertex 0.228348 1.85194 0
      vertex 2.78756 3.3 0
    endloop
  endfacet
  facet normal 0 0 -1
    outer loop
      vertex 3.3 53.2124 0
      vertex 2.22354 55.8978 0
      vertex 2.60841 55.9743 0
    endloop
  endfacet
  facet normal 0 0 -1
    outer loop
      vertex 0.102219 2.22354 0
      vertex 2.78756 3.3 0
      vertex 0.228348 1.85194 0
    endloop
  endfacet
  facet normal 0 0 -1
    outer loop
      vertex 3.3 53.2124 0
      vertex 1.85194 55.7716 0
      vertex 2.22354 55.8978 0
    endloop
  endfacet
  facet normal 0 0 -1
    outer loop
      vertex 0.0256653 2.60841 0
      vertex 2.78756 3.3 0
      vertex 0.102219 2.22354 0
    endloop
  endfacet
  facet normal 0 0 -1
    outer loop
      vertex 3.14773 53.1107 0
      vertex 1.5 55.5981 0
      vertex 1.85194 55.7716 0
    endloop
  endfacet
  facet normal -0 0 -1
    outer loop
      vertex 2.78756 3.3 0
      vertex 0.0256653 2.60841 0
      vertex 2.70657 3.46424 0
    endloop
  endfacet
  facet normal 0 0 -1
    outer loop
      vertex 3.14773 53.1107 0
      vertex 1.17371 55.3801 0
      vertex 1.5 55.5981 0
    endloop
  endfacet
  facet normal 0 0 -1
    outer loop
      vertex 0 3 0
      vertex 2.70657 3.46424 0
      vertex 0.0256653 2.60841 0
    endloop
  endfacet
  facet normal 0 0 -1
    outer loop
      vertex 3.01005 52.9899 0
      vertex 0.878677 55.1213 0
      vertex 1.17371 55.3801 0
    endloop
  endfacet
  facet normal -0 0 -1
    outer loop
      vertex 2.70657 3.46424 0
      vertex 0 3 0
      vertex 2.6477 3.63765 0
    endloop
  endfacet
  facet normal 0 0 -1
    outer loop
      vertex 3.01005 52.9899 0
      vertex 0.619934 54.8263 0
      vertex 0.878677 55.1213 0
    endloop
  endfacet
  facet normal -0 0 -1
    outer loop
      vertex 2.6477 3.63765 0
      vertex 0 3 0
      vertex 2.61198 3.81726 0
    endloop
  endfacet
  facet normal 0 0 -1
    outer loop
      vertex 2.88931 52.8523 0
      vertex 0.401917 54.5 0
      vertex 0.619934 54.8263 0
    endloop
  endfacet
  facet normal -0 0 -1
    outer loop
      vertex 2.61198 3.81726 0
      vertex 0 3 0
      vertex 2.6 4 0
    endloop
  endfacet
  facet normal 0 0 -1
    outer loop
      vertex 2.88931 52.8523 0
      vertex 0.228348 54.148 0
      vertex 0.401917 54.5 0
    endloop
  endfacet
  facet normal 0 0 -1
    outer loop
      vertex 2.78756 52.7 0
      vertex 0.102219 53.7764 0
      vertex 0.228348 54.148 0
    endloop
  endfacet
  facet normal 0 0 -1
    outer loop
      vertex 2.78756 52.7 0
      vertex 0.0256653 53.3916 0
      vertex 0.102219 53.7764 0
    endloop
  endfacet
  facet normal -0.94694 0.321412 0
    outer loop
      vertex 0.102219 53.7764 0
      vertex 0.228348 54.148 2.4
      vertex 0.228348 54.148 0
    endloop
  endfacet
  facet normal -0.94694 0.321412 0
    outer loop
      vertex 0.228348 54.148 2.4
      vertex 0.102219 53.7764 0
      vertex 0.102219 53.7764 2.4
    endloop
  endfacet
  facet normal 0.896961 0.44211 0
    outer loop
      vertex 65.7716 54.148 2.4
      vertex 65.5981 54.5 0
      vertex 65.5981 54.5 2.4
    endloop
  endfacet
  facet normal 0.896961 0.44211 0
    outer loop
      vertex 65.5981 54.5 0
      vertex 65.7716 54.148 2.4
      vertex 65.7716 54.148 0
    endloop
  endfacet
  facet normal 0 1 -0
    outer loop
      vertex 63 56 0
      vertex 3 56 2.4
      vertex 63 56 2.4
    endloop
  endfacet
  facet normal 0 1 0
    outer loop
      vertex 3 56 2.4
      vertex 63 56 0
      vertex 3 56 0
    endloop
  endfacet
  facet normal -0.194955 0.980812 0
    outer loop
      vertex 2.60841 55.9743 0
      vertex 2.22354 55.8978 2.4
      vertex 2.60841 55.9743 2.4
    endloop
  endfacet
  facet normal -0.194955 0.980812 0
    outer loop
      vertex 2.22354 55.8978 2.4
      vertex 2.60841 55.9743 0
      vertex 2.22354 55.8978 0
    endloop
  endfacet
  facet normal 0.946885 0.321574 0
    outer loop
      vertex 65.8978 53.7764 2.4
      vertex 65.7716 54.148 0
      vertex 65.7716 54.148 2.4
    endloop
  endfacet
  facet normal 0.946885 0.321574 0
    outer loop
      vertex 65.7716 54.148 0
      vertex 65.8978 53.7764 2.4
      vertex 65.8978 53.7764 0
    endloop
  endfacet
  facet normal 0.946885 -0.321574 0
    outer loop
      vertex 65.7716 1.85194 2.4
      vertex 65.8978 2.22354 0
      vertex 65.8978 2.22354 2.4
    endloop
  endfacet
  facet normal 0.946885 -0.321574 0
    outer loop
      vertex 65.8978 2.22354 0
      vertex 65.7716 1.85194 2.4
      vertex 65.7716 1.85194 0
    endloop
  endfacet
  facet normal 0.321412 -0.94694 0
    outer loop
      vertex 63.7764 0.102219 0
      vertex 64.148 0.228348 2.4
      vertex 63.7764 0.102219 2.4
    endloop
  endfacet
  facet normal 0.321412 -0.94694 0
    outer loop
      vertex 64.148 0.228348 2.4
      vertex 63.7764 0.102219 0
      vertex 64.148 0.228348 0
    endloop
  endfacet
  facet normal -0.751796 0.659396 0
    outer loop
      vertex 0.619934 54.8263 0
      vertex 0.878677 55.1213 2.4
      vertex 0.878677 55.1213 0
    endloop
  endfacet
  facet normal -0.751796 0.659396 0
    outer loop
      vertex 0.878677 55.1213 2.4
      vertex 0.619934 54.8263 0
      vertex 0.619934 54.8263 2.4
    endloop
  endfacet
  facet normal -0.997859 0.0653993 0
    outer loop
      vertex 0 53 0
      vertex 0.0256653 53.3916 2.4
      vertex 0.0256653 53.3916 0
    endloop
  endfacet
  facet normal -0.997859 0.0653993 0
    outer loop
      vertex 0.0256653 53.3916 2.4
      vertex 0 53 0
      vertex 0 53 2.4
    endloop
  endfacet
  facet normal -0.980779 0.19512 0
    outer loop
      vertex 0.0256653 53.3916 0
      vertex 0.102219 53.7764 2.4
      vertex 0.102219 53.7764 0
    endloop
  endfacet
  facet normal -0.980779 0.19512 0
    outer loop
      vertex 0.102219 53.7764 2.4
      vertex 0.0256653 53.3916 0
      vertex 0.0256653 53.3916 2.4
    endloop
  endfacet
  facet normal 0.0654873 0.997853 -0
    outer loop
      vertex 63.3916 55.9743 0
      vertex 63 56 2.4
      vertex 63.3916 55.9743 2.4
    endloop
  endfacet
  facet normal 0.0654873 0.997853 0
    outer loop
      vertex 63 56 2.4
      vertex 63.3916 55.9743 0
      vertex 63 56 0
    endloop
  endfacet
  facet normal 0.194989 0.980806 -0
    outer loop
      vertex 63.7764 55.8978 0
      vertex 63.3916 55.9743 2.4
      vertex 63.7764 55.8978 2.4
    endloop
  endfacet
  facet normal 0.194989 0.980806 0
    outer loop
      vertex 63.3916 55.9743 2.4
      vertex 63.7764 55.8978 0
      vertex 63.3916 55.9743 0
    endloop
  endfacet
  facet normal 0.321574 0.946885 -0
    outer loop
      vertex 64.148 55.7716 0
      vertex 63.7764 55.8978 2.4
      vertex 64.148 55.7716 2.4
    endloop
  endfacet
  facet normal 0.321574 0.946885 0
    outer loop
      vertex 63.7764 55.8978 2.4
      vertex 64.148 55.7716 0
      vertex 63.7764 55.8978 0
    endloop
  endfacet
  facet normal 0.997853 0.0654873 0
    outer loop
      vertex 66 53 2.4
      vertex 65.9743 53.3916 0
      vertex 65.9743 53.3916 2.4
    endloop
  endfacet
  facet normal 0.997853 0.0654873 0
    outer loop
      vertex 65.9743 53.3916 0
      vertex 66 53 2.4
      vertex 66 53 0
    endloop
  endfacet
  facet normal 0.896931 -0.442171 0
    outer loop
      vertex 65.5981 1.5 2.4
      vertex 65.7716 1.85194 0
      vertex 65.7716 1.85194 2.4
    endloop
  endfacet
  facet normal 0.896931 -0.442171 0
    outer loop
      vertex 65.7716 1.85194 0
      vertex 65.5981 1.5 2.4
      vertex 65.5981 1.5 0
    endloop
  endfacet
  facet normal -0.896891 0.442251 0
    outer loop
      vertex 0.228348 54.148 0
      vertex 0.401917 54.5 2.4
      vertex 0.401917 54.5 0
    endloop
  endfacet
  facet normal -0.896891 0.442251 0
    outer loop
      vertex 0.401917 54.5 2.4
      vertex 0.228348 54.148 0
      vertex 0.228348 54.148 2.4
    endloop
  endfacet
  facet normal -0.831481 0.555553 0
    outer loop
      vertex 0.401917 54.5 0
      vertex 0.619934 54.8263 2.4
      vertex 0.619934 54.8263 0
    endloop
  endfacet
  facet normal -0.831481 0.555553 0
    outer loop
      vertex 0.619934 54.8263 2.4
      vertex 0.401917 54.5 0
      vertex 0.401917 54.5 2.4
    endloop
  endfacet
  facet normal -0.659437 0.75176 0
    outer loop
      vertex 1.17371 55.3801 0
      vertex 0.878677 55.1213 2.4
      vertex 1.17371 55.3801 2.4
    endloop
  endfacet
  facet normal -0.659437 0.75176 0
    outer loop
      vertex 0.878677 55.1213 2.4
      vertex 1.17371 55.3801 0
      vertex 0.878677 55.1213 0
    endloop
  endfacet
  facet normal 0.44211 0.896961 -0
    outer loop
      vertex 64.5 55.5981 0
      vertex 64.148 55.7716 2.4
      vertex 64.5 55.5981 2.4
    endloop
  endfacet
  facet normal 0.44211 0.896961 0
    outer loop
      vertex 64.148 55.7716 2.4
      vertex 64.5 55.5981 0
      vertex 64.148 55.7716 0
    endloop
  endfacet
  facet normal 0.831501 0.555523 0
    outer loop
      vertex 65.5981 54.5 2.4
      vertex 65.3801 54.8263 0
      vertex 65.3801 54.8263 2.4
    endloop
  endfacet
  facet normal 0.831501 0.555523 0
    outer loop
      vertex 65.3801 54.8263 0
      vertex 65.5981 54.5 2.4
      vertex 65.5981 54.5 0
    endloop
  endfacet
  facet normal 0.555523 0.831501 -0
    outer loop
      vertex 64.8263 55.3801 0
      vertex 64.5 55.5981 2.4
      vertex 64.8263 55.3801 2.4
    endloop
  endfacet
  facet normal 0.555523 0.831501 0
    outer loop
      vertex 64.5 55.5981 2.4
      vertex 64.8263 55.3801 0
      vertex 64.5 55.5981 0
    endloop
  endfacet
  facet normal -0.065489 0.997853 0
    outer loop
      vertex 3 56 0
      vertex 2.60841 55.9743 2.4
      vertex 3 56 2.4
    endloop
  endfacet
  facet normal -0.065489 0.997853 0
    outer loop
      vertex 2.60841 55.9743 2.4
      vertex 3 56 0
      vertex 2.60841 55.9743 0
    endloop
  endfacet
  facet normal -0.321574 0.946885 0
    outer loop
      vertex 2.22354 55.8978 0
      vertex 1.85194 55.7716 2.4
      vertex 2.22354 55.8978 2.4
    endloop
  endfacet
  facet normal -0.321574 0.946885 0
    outer loop
      vertex 1.85194 55.7716 2.4
      vertex 2.22354 55.8978 0
      vertex 1.85194 55.7716 0
    endloop
  endfacet
  facet normal -0.555535 0.831493 0
    outer loop
      vertex 1.5 55.5981 0
      vertex 1.17371 55.3801 2.4
      vertex 1.5 55.5981 2.4
    endloop
  endfacet
  facet normal -0.555535 0.831493 0
    outer loop
      vertex 1.17371 55.3801 2.4
      vertex 1.5 55.5981 0
      vertex 1.17371 55.3801 0
    endloop
  endfacet
  facet normal -0.442171 0.896931 0
    outer loop
      vertex 1.85194 55.7716 0
      vertex 1.5 55.5981 2.4
      vertex 1.85194 55.7716 2.4
    endloop
  endfacet
  facet normal -0.442171 0.896931 0
    outer loop
      vertex 1.5 55.5981 2.4
      vertex 1.85194 55.7716 0
      vertex 1.5 55.5981 0
    endloop
  endfacet
  facet normal 0.980806 0.194989 0
    outer loop
      vertex 65.9743 53.3916 2.4
      vertex 65.8978 53.7764 0
      vertex 65.8978 53.7764 2.4
    endloop
  endfacet
  facet normal 0.980806 0.194989 0
    outer loop
      vertex 65.8978 53.7764 0
      vertex 65.9743 53.3916 2.4
      vertex 65.9743 53.3916 0
    endloop
  endfacet
  facet normal 0.0653993 -0.997859 0
    outer loop
      vertex 63 0 0
      vertex 63.3916 0.0256653 2.4
      vertex 63 0 2.4
    endloop
  endfacet
  facet normal 0.0653993 -0.997859 0
    outer loop
      vertex 63.3916 0.0256653 2.4
      vertex 63 0 0
      vertex 63.3916 0.0256653 0
    endloop
  endfacet
  facet normal 0.442251 -0.896891 0
    outer loop
      vertex 64.148 0.228348 0
      vertex 64.5 0.401917 2.4
      vertex 64.148 0.228348 2.4
    endloop
  endfacet
  facet normal 0.442251 -0.896891 0
    outer loop
      vertex 64.5 0.401917 2.4
      vertex 64.148 0.228348 0
      vertex 64.5 0.401917 0
    endloop
  endfacet
  facet normal 0.980812 -0.194955 0
    outer loop
      vertex 65.8978 2.22354 2.4
      vertex 65.9743 2.60841 0
      vertex 65.9743 2.60841 2.4
    endloop
  endfacet
  facet normal 0.980812 -0.194955 0
    outer loop
      vertex 65.9743 2.60841 0
      vertex 65.8978 2.22354 2.4
      vertex 65.8978 2.22354 0
    endloop
  endfacet
  facet normal 0.831493 -0.555535 0
    outer loop
      vertex 65.3801 1.17371 2.4
      vertex 65.5981 1.5 0
      vertex 65.5981 1.5 2.4
    endloop
  endfacet
  facet normal 0.831493 -0.555535 0
    outer loop
      vertex 65.5981 1.5 0
      vertex 65.3801 1.17371 2.4
      vertex 65.3801 1.17371 0
    endloop
  endfacet
  facet normal 0.75176 -0.659437 0
    outer loop
      vertex 65.1213 0.878677 2.4
      vertex 65.3801 1.17371 0
      vertex 65.3801 1.17371 2.4
    endloop
  endfacet
  facet normal 0.75176 -0.659437 0
    outer loop
      vertex 65.3801 1.17371 0
      vertex 65.1213 0.878677 2.4
      vertex 65.1213 0.878677 0
    endloop
  endfacet
  facet normal -0.0654009 -0.997859 0
    outer loop
      vertex 2.60841 0.0256653 0
      vertex 3 0 2.4
      vertex 2.60841 0.0256653 2.4
    endloop
  endfacet
  facet normal -0.0654009 -0.997859 -0
    outer loop
      vertex 3 0 2.4
      vertex 2.60841 0.0256653 0
      vertex 3 0 0
    endloop
  endfacet
  facet normal 0.659478 0.751724 -0
    outer loop
      vertex 65.1213 55.1213 0
      vertex 64.8263 55.3801 2.4
      vertex 65.1213 55.1213 2.4
    endloop
  endfacet
  facet normal 0.659478 0.751724 0
    outer loop
      vertex 64.8263 55.3801 2.4
      vertex 65.1213 55.1213 0
      vertex 64.8263 55.3801 0
    endloop
  endfacet
  facet normal 0.751724 0.659478 0
    outer loop
      vertex 65.3801 54.8263 2.4
      vertex 65.1213 55.1213 0
      vertex 65.1213 55.1213 2.4
    endloop
  endfacet
  facet normal 0.751724 0.659478 0
    outer loop
      vertex 65.1213 55.1213 0
      vertex 65.3801 54.8263 2.4
      vertex 65.3801 54.8263 0
    endloop
  endfacet
  facet normal 0.19512 -0.980779 0
    outer loop
      vertex 63.3916 0.0256653 0
      vertex 63.7764 0.102219 2.4
      vertex 63.3916 0.0256653 2.4
    endloop
  endfacet
  facet normal 0.19512 -0.980779 0
    outer loop
      vertex 63.7764 0.102219 2.4
      vertex 63.3916 0.0256653 0
      vertex 63.7764 0.102219 0
    endloop
  endfacet
  facet normal 0.659396 -0.751796 0
    outer loop
      vertex 64.8263 0.619934 0
      vertex 65.1213 0.878677 2.4
      vertex 64.8263 0.619934 2.4
    endloop
  endfacet
  facet normal 0.659396 -0.751796 0
    outer loop
      vertex 65.1213 0.878677 2.4
      vertex 64.8263 0.619934 0
      vertex 65.1213 0.878677 0
    endloop
  endfacet
  facet normal 0.555553 -0.831481 0
    outer loop
      vertex 64.5 0.401917 0
      vertex 64.8263 0.619934 2.4
      vertex 64.5 0.401917 2.4
    endloop
  endfacet
  facet normal 0.555553 -0.831481 0
    outer loop
      vertex 64.8263 0.619934 2.4
      vertex 64.5 0.401917 0
      vertex 64.8263 0.619934 0
    endloop
  endfacet
  facet normal 0.997853 -0.065489 0
    outer loop
      vertex 65.9743 2.60841 2.4
      vertex 66 3 0
      vertex 66 3 2.4
    endloop
  endfacet
  facet normal 0.997853 -0.065489 0
    outer loop
      vertex 66 3 0
      vertex 65.9743 2.60841 2.4
      vertex 65.9743 2.60841 0
    endloop
  endfacet
  facet normal -0.321412 -0.94694 0
    outer loop
      vertex 1.85194 0.228348 0
      vertex 2.22354 0.102219 2.4
      vertex 1.85194 0.228348 2.4
    endloop
  endfacet
  facet normal -0.321412 -0.94694 -0
    outer loop
      vertex 2.22354 0.102219 2.4
      vertex 1.85194 0.228348 0
      vertex 2.22354 0.102219 0
    endloop
  endfacet
  facet normal -0.555565 -0.831473 0
    outer loop
      vertex 1.17371 0.619934 0
      vertex 1.5 0.401917 2.4
      vertex 1.17371 0.619934 2.4
    endloop
  endfacet
  facet normal -0.555565 -0.831473 -0
    outer loop
      vertex 1.5 0.401917 2.4
      vertex 1.17371 0.619934 0
      vertex 1.5 0.401917 0
    endloop
  endfacet
  facet normal -0.442312 -0.896861 0
    outer loop
      vertex 1.5 0.401917 0
      vertex 1.85194 0.228348 2.4
      vertex 1.5 0.401917 2.4
    endloop
  endfacet
  facet normal -0.442312 -0.896861 -0
    outer loop
      vertex 1.85194 0.228348 2.4
      vertex 1.5 0.401917 0
      vertex 1.85194 0.228348 0
    endloop
  endfacet
  facet normal -0.659354 -0.751832 0
    outer loop
      vertex 0.878677 0.878677 0
      vertex 1.17371 0.619934 2.4
      vertex 0.878677 0.878677 2.4
    endloop
  endfacet
  facet normal -0.659354 -0.751832 -0
    outer loop
      vertex 1.17371 0.619934 2.4
      vertex 0.878677 0.878677 0
      vertex 1.17371 0.619934 0
    endloop
  endfacet
  facet normal -0.195086 -0.980786 0
    outer loop
      vertex 2.22354 0.102219 0
      vertex 2.60841 0.0256653 2.4
      vertex 2.22354 0.102219 2.4
    endloop
  endfacet
  facet normal -0.195086 -0.980786 -0
    outer loop
      vertex 2.60841 0.0256653 2.4
      vertex 2.22354 0.102219 0
      vertex 2.60841 0.0256653 0
    endloop
  endfacet
  facet normal -0.751832 -0.659354 0
    outer loop
      vertex 0.878677 0.878677 0
      vertex 0.619934 1.17371 2.4
      vertex 0.619934 1.17371 0
    endloop
  endfacet
  facet normal -0.751832 -0.659354 0
    outer loop
      vertex 0.619934 1.17371 2.4
      vertex 0.878677 0.878677 0
      vertex 0.878677 0.878677 2.4
    endloop
  endfacet
  facet normal -0.831473 -0.555565 0
    outer loop
      vertex 0.619934 1.17371 0
      vertex 0.401917 1.5 2.4
      vertex 0.401917 1.5 0
    endloop
  endfacet
  facet normal -0.831473 -0.555565 0
    outer loop
      vertex 0.401917 1.5 2.4
      vertex 0.619934 1.17371 0
      vertex 0.619934 1.17371 2.4
    endloop
  endfacet
endsolid OpenSCAD_Model
