solid OpenSCAD_Model
  facet normal 0 -0.9301552063830233 0.3671665726050719
    outer loop
      vertex 21.899999618530273 -4.399999618530273 0
      vertex 90.30000305175781 -3.4526312351226807 2.3999996185302734
      vertex 21.899999618530273 -3.4526312351226807 2.3999996185302734
    endloop
  endfacet
  facet normal 0 -0.9301552063830233 0.3671665726050719
    outer loop
      vertex 90.30000305175781 -3.4526312351226807 2.3999996185302734
      vertex 21.899999618530273 -4.399999618530273 0
      vertex 90.30000305175781 -4.399999618530273 0
    endloop
  endfacet
  facet normal -1 0 0
    outer loop
      vertex 0 -5.299999237060547 2.84999942779541
      vertex 0 5.299999237060547 3.799999237060547
      vertex 0 5.299999237060547 2.84999942779541
    endloop
  endfacet
  facet normal -1 0 0
    outer loop
      vertex 0 5.299999237060547 3.799999237060547
      vertex 0 -5.299999237060547 2.84999942779541
      vertex 0 -5.299999237060547 3.799999237060547
    endloop
  endfacet
  facet normal 1 0 0
    outer loop
      vertex 90.30000305175781 5.299999237060547 3.799999237060547
      vertex 90.30000305175781 3.4526312351226807 2.3999996185302734
      vertex 90.30000305175781 5.299999237060547 2.3999996185302734
    endloop
  endfacet
  facet normal 1 0 0
    outer loop
      vertex 90.30000305175781 5.299999237060547 3.799999237060547
      vertex 90.30000305175781 -3.4526312351226807 2.3999996185302734
      vertex 90.30000305175781 3.4526312351226807 2.3999996185302734
    endloop
  endfacet
  facet normal 1 0 0
    outer loop
      vertex 90.30000305175781 -5.299999237060547 3.799999237060547
      vertex 90.30000305175781 -3.4526312351226807 2.3999996185302734
      vertex 90.30000305175781 5.299999237060547 3.799999237060547
    endloop
  endfacet
  facet normal 1 0 0
    outer loop
      vertex 90.30000305175781 -3.4526312351226807 2.3999996185302734
      vertex 90.30000305175781 -5.299999237060547 3.799999237060547
      vertex 90.30000305175781 -5.299999237060547 2.3999996185302734
    endloop
  endfacet
  facet normal 1 0 0
    outer loop
      vertex 90.30000305175781 -3.4526312351226807 2.3999996185302734
      vertex 90.30000305175781 4.399999618530273 0
      vertex 90.30000305175781 3.4526312351226807 2.3999996185302734
    endloop
  endfacet
  facet normal 1 0 0
    outer loop
      vertex 90.30000305175781 4.399999618530273 0
      vertex 90.30000305175781 -3.4526312351226807 2.3999996185302734
      vertex 90.30000305175781 -4.399999618530273 0
    endloop
  endfacet
  facet normal 0 0 1
    outer loop
      vertex 89.30000305175781 6.299999237060547 3.799999237060547
      vertex 90.30000305175781 5.299999237060547 3.799999237060547
      vertex 90.29144287109375 5.430525779724121 3.799999237060547
    endloop
  endfacet
  facet normal 0 0 1
    outer loop
      vertex 90.30000305175781 5.299999237060547 3.799999237060547
      vertex 89.30000305175781 6.299999237060547 3.799999237060547
      vertex 90.30000305175781 -5.299999237060547 3.799999237060547
    endloop
  endfacet
  facet normal 0 0 1
    outer loop
      vertex 89.30000305175781 6.299999237060547 3.799999237060547
      vertex 90.29144287109375 5.430525779724121 3.799999237060547
      vertex 90.26592254638672 5.558818817138672 3.799999237060547
    endloop
  endfacet
  facet normal 0 0 1
    outer loop
      vertex 89.30000305175781 -6.299999237060547 3.799999237060547
      vertex 90.30000305175781 -5.299999237060547 3.799999237060547
      vertex 89.30000305175781 6.299999237060547 3.799999237060547
    endloop
  endfacet
  facet normal 0 0 1
    outer loop
      vertex 89.30000305175781 6.299999237060547 3.799999237060547
      vertex 90.26592254638672 5.558818817138672 3.799999237060547
      vertex 90.223876953125 5.682682991027832 3.799999237060547
    endloop
  endfacet
  facet normal 0 0 1
    outer loop
      vertex 90.30000305175781 -5.299999237060547 3.799999237060547
      vertex 89.30000305175781 -6.299999237060547 3.799999237060547
      vertex 90.29144287109375 -5.430525779724121 3.799999237060547
    endloop
  endfacet
  facet normal 0 0 1
    outer loop
      vertex 89.30000305175781 6.299999237060547 3.799999237060547
      vertex 90.223876953125 5.682682991027832 3.799999237060547
      vertex 90.16602325439453 5.799999237060547 3.799999237060547
    endloop
  endfacet
  facet normal 0 0 1
    outer loop
      vertex 90.29144287109375 -5.430525779724121 3.799999237060547
      vertex 89.30000305175781 -6.299999237060547 3.799999237060547
      vertex 90.26592254638672 -5.558818817138672 3.799999237060547
    endloop
  endfacet
  facet normal 0 0 1
    outer loop
      vertex 89.30000305175781 6.299999237060547 3.799999237060547
      vertex 90.16602325439453 5.799999237060547 3.799999237060547
      vertex 90.09335327148438 5.908761024475098 3.799999237060547
    endloop
  endfacet
  facet normal 0 0 1
    outer loop
      vertex 90.26592254638672 -5.558818817138672 3.799999237060547
      vertex 89.30000305175781 -6.299999237060547 3.799999237060547
      vertex 90.223876953125 -5.682682991027832 3.799999237060547
    endloop
  endfacet
  facet normal 0 0 1
    outer loop
      vertex 89.30000305175781 6.299999237060547 3.799999237060547
      vertex 90.09335327148438 5.908761024475098 3.799999237060547
      vertex 90.00711059570312 6.007105827331543 3.799999237060547
    endloop
  endfacet
  facet normal 0 0 1
    outer loop
      vertex 90.223876953125 -5.682682991027832 3.799999237060547
      vertex 89.30000305175781 -6.299999237060547 3.799999237060547
      vertex 90.16602325439453 -5.799999237060547 3.799999237060547
    endloop
  endfacet
  facet normal 0 0 1
    outer loop
      vertex 89.30000305175781 6.299999237060547 3.799999237060547
      vertex 90.00711059570312 6.007105827331543 3.799999237060547
      vertex 89.90876007080078 6.093353271484375 3.799999237060547
    endloop
  endfacet
  facet normal 0 0 1
    outer loop
      vertex 90.16602325439453 -5.799999237060547 3.799999237060547
      vertex 89.30000305175781 -6.299999237060547 3.799999237060547
      vertex 90.09335327148438 -5.908761024475098 3.799999237060547
    endloop
  endfacet
  facet normal 0 0 1
    outer loop
      vertex 89.30000305175781 6.299999237060547 3.799999237060547
      vertex 89.90876007080078 6.093353271484375 3.799999237060547
      vertex 89.80000305175781 6.166025161743164 3.799999237060547
    endloop
  endfacet
  facet normal 0 0 1
    outer loop
      vertex 90.09335327148438 -5.908761024475098 3.799999237060547
      vertex 89.30000305175781 -6.299999237060547 3.799999237060547
      vertex 90.00711059570312 -6.007106781005859 3.799999237060547
    endloop
  endfacet
  facet normal 0 0 1
    outer loop
      vertex 89.30000305175781 6.299999237060547 3.799999237060547
      vertex 89.80000305175781 6.166025161743164 3.799999237060547
      vertex 89.68268585205078 6.223878860473633 3.799999237060547
    endloop
  endfacet
  facet normal 0 0 1
    outer loop
      vertex 90.00711059570312 -6.007106781005859 3.799999237060547
      vertex 89.30000305175781 -6.299999237060547 3.799999237060547
      vertex 89.90876007080078 -6.093353271484375 3.799999237060547
    endloop
  endfacet
  facet normal 0 0 1
    outer loop
      vertex 89.30000305175781 6.299999237060547 3.799999237060547
      vertex 89.68268585205078 6.223878860473633 3.799999237060547
      vertex 89.55882263183594 6.265925407409668 3.799999237060547
    endloop
  endfacet
  facet normal 0 0 1
    outer loop
      vertex 89.90876007080078 -6.093353271484375 3.799999237060547
      vertex 89.30000305175781 -6.299999237060547 3.799999237060547
      vertex 89.80000305175781 -6.166025161743164 3.799999237060547
    endloop
  endfacet
  facet normal 0 0 1
    outer loop
      vertex 89.30000305175781 6.299999237060547 3.799999237060547
      vertex 89.55882263183594 6.265925407409668 3.799999237060547
      vertex 89.43052673339844 6.291444778442383 3.799999237060547
    endloop
  endfacet
  facet normal 0 0 1
    outer loop
      vertex 89.80000305175781 -6.166025161743164 3.799999237060547
      vertex 89.30000305175781 -6.299999237060547 3.799999237060547
      vertex 89.68268585205078 -6.223878860473633 3.799999237060547
    endloop
  endfacet
  facet normal 0 0 1
    outer loop
      vertex 89.68268585205078 -6.223878860473633 3.799999237060547
      vertex 89.30000305175781 -6.299999237060547 3.799999237060547
      vertex 89.55882263183594 -6.265925407409668 3.799999237060547
    endloop
  endfacet
  facet normal 0 0 1
    outer loop
      vertex 89.55882263183594 -6.265925407409668 3.799999237060547
      vertex 89.30000305175781 -6.299999237060547 3.799999237060547
      vertex 89.43052673339844 -6.291444778442383 3.799999237060547
    endloop
  endfacet
  facet normal 0 0 1
    outer loop
      vertex 89.30000305175781 6.299999237060547 3.799999237060547
      vertex 7.649999618530273 0 3.799999237060547
      vertex 89.30000305175781 -6.299999237060547 3.799999237060547
    endloop
  endfacet
  facet normal 0 0 1
    outer loop
      vertex 89.30000305175781 6.299999237060547 3.799999237060547
      vertex 7.635883331298828 0.21536731719970703 3.799999237060547
      vertex 7.649999618530273 0 3.799999237060547
    endloop
  endfacet
  facet normal 0 0 1
    outer loop
      vertex 89.30000305175781 6.299999237060547 3.799999237060547
      vertex 7.593776702880859 0.4270505905151367 3.799999237060547
      vertex 7.635883331298828 0.21536731719970703 3.799999237060547
    endloop
  endfacet
  facet normal 0 0 1
    outer loop
      vertex 89.30000305175781 6.299999237060547 3.799999237060547
      vertex 7.52440071105957 0.6314268112182617 3.799999237060547
      vertex 7.593776702880859 0.4270505905151367 3.799999237060547
    endloop
  endfacet
  facet normal 0 0 1
    outer loop
      vertex 89.30000305175781 6.299999237060547 3.799999237060547
      vertex 7.42894172668457 0.8249998092651367 3.799999237060547
      vertex 7.52440071105957 0.6314268112182617 3.799999237060547
    endloop
  endfacet
  facet normal 0 0 1
    outer loop
      vertex 89.30000305175781 6.299999237060547 3.799999237060547
      vertex 7.309032440185547 1.00445556640625 3.799999237060547
      vertex 7.42894172668457 0.8249998092651367 3.799999237060547
    endloop
  endfacet
  facet normal 0 0 1
    outer loop
      vertex 89.30000305175781 6.299999237060547 3.799999237060547
      vertex 7.166726112365723 1.1667261123657227 3.799999237060547
      vertex 7.309032440185547 1.00445556640625 3.799999237060547
    endloop
  endfacet
  facet normal 0 0 1
    outer loop
      vertex 89.30000305175781 6.299999237060547 3.799999237060547
      vertex 7.00445556640625 1.3090324401855469 3.799999237060547
      vertex 7.166726112365723 1.1667261123657227 3.799999237060547
    endloop
  endfacet
  facet normal 0 0 1
    outer loop
      vertex 1 6.299999237060547 3.799999237060547
      vertex 7.00445556640625 1.3090324401855469 3.799999237060547
      vertex 89.30000305175781 6.299999237060547 3.799999237060547
    endloop
  endfacet
  facet normal 0 0 1
    outer loop
      vertex 7.00445556640625 1.3090324401855469 3.799999237060547
      vertex 1 6.299999237060547 3.799999237060547
      vertex 6.824999809265137 1.4289417266845703 3.799999237060547
    endloop
  endfacet
  facet normal 0 0 1
    outer loop
      vertex 6.824999809265137 1.4289417266845703 3.799999237060547
      vertex 1 6.299999237060547 3.799999237060547
      vertex 6.631426811218262 1.5244007110595703 3.799999237060547
    endloop
  endfacet
  facet normal 0 0 1
    outer loop
      vertex 6.631426811218262 1.5244007110595703 3.799999237060547
      vertex 1 6.299999237060547 3.799999237060547
      vertex 6.427050590515137 1.5937767028808594 3.799999237060547
    endloop
  endfacet
  facet normal 0 0 1
    outer loop
      vertex 6.427050590515137 1.5937767028808594 3.799999237060547
      vertex 1 6.299999237060547 3.799999237060547
      vertex 6.215367317199707 1.6358833312988281 3.799999237060547
    endloop
  endfacet
  facet normal 0 0 1
    outer loop
      vertex 4.406222343444824 0.4270505905151367 3.799999237060547
      vertex 0 5.299999237060547 3.799999237060547
      vertex 4.3641157150268555 0.21536731719970703 3.799999237060547
    endloop
  endfacet
  facet normal 0 0 1
    outer loop
      vertex 4.475598335266113 0.6314268112182617 3.799999237060547
      vertex 0 5.299999237060547 3.799999237060547
      vertex 4.406222343444824 0.4270505905151367 3.799999237060547
    endloop
  endfacet
  facet normal 0 0 1
    outer loop
      vertex 4.571057319641113 0.8249998092651367 3.799999237060547
      vertex 0 5.299999237060547 3.799999237060547
      vertex 4.475598335266113 0.6314268112182617 3.799999237060547
    endloop
  endfacet
  facet normal 0 0 1
    outer loop
      vertex 4.690966606140137 1.00445556640625 3.799999237060547
      vertex 0 5.299999237060547 3.799999237060547
      vertex 4.571057319641113 0.8249998092651367 3.799999237060547
    endloop
  endfacet
  facet normal 0 0 1
    outer loop
      vertex 4.833272933959961 1.1667261123657227 3.799999237060547
      vertex 0 5.299999237060547 3.799999237060547
      vertex 4.690966606140137 1.00445556640625 3.799999237060547
    endloop
  endfacet
  facet normal 0 0 1
    outer loop
      vertex 0 5.299999237060547 3.799999237060547
      vertex 4.833272933959961 1.1667261123657227 3.799999237060547
      vertex 1 6.299999237060547 3.799999237060547
    endloop
  endfacet
  facet normal 0 0 1
    outer loop
      vertex 4.995543479919434 1.3090324401855469 3.799999237060547
      vertex 1 6.299999237060547 3.799999237060547
      vertex 4.833272933959961 1.1667261123657227 3.799999237060547
    endloop
  endfacet
  facet normal 0 0 1
    outer loop
      vertex 5.174999237060547 1.4289417266845703 3.799999237060547
      vertex 1 6.299999237060547 3.799999237060547
      vertex 4.995543479919434 1.3090324401855469 3.799999237060547
    endloop
  endfacet
  facet normal 0 0 1
    outer loop
      vertex 5.368572235107422 1.5244007110595703 3.799999237060547
      vertex 1 6.299999237060547 3.799999237060547
      vertex 5.174999237060547 1.4289417266845703 3.799999237060547
    endloop
  endfacet
  facet normal 0 0 1
    outer loop
      vertex 5.572948455810547 1.5937767028808594 3.799999237060547
      vertex 1 6.299999237060547 3.799999237060547
      vertex 5.368572235107422 1.5244007110595703 3.799999237060547
    endloop
  endfacet
  facet normal 0 0 1
    outer loop
      vertex 5.784631729125977 1.6358833312988281 3.799999237060547
      vertex 1 6.299999237060547 3.799999237060547
      vertex 5.572948455810547 1.5937767028808594 3.799999237060547
    endloop
  endfacet
  facet normal 0 0 1
    outer loop
      vertex 6 1.6499996185302734 3.799999237060547
      vertex 1 6.299999237060547 3.799999237060547
      vertex 5.784631729125977 1.6358833312988281 3.799999237060547
    endloop
  endfacet
  facet normal 0 0 1
    outer loop
      vertex 6.215367317199707 1.6358833312988281 3.799999237060547
      vertex 1 6.299999237060547 3.799999237060547
      vertex 6 1.6499996185302734 3.799999237060547
    endloop
  endfacet
  facet normal 0 0 1
    outer loop
      vertex 7.635883331298828 -0.21536731719970703 3.799999237060547
      vertex 89.30000305175781 -6.299999237060547 3.799999237060547
      vertex 7.649999618530273 0 3.799999237060547
    endloop
  endfacet
  facet normal 0 0 1
    outer loop
      vertex 7.593776702880859 -0.4270505905151367 3.799999237060547
      vertex 89.30000305175781 -6.299999237060547 3.799999237060547
      vertex 7.635883331298828 -0.21536731719970703 3.799999237060547
    endloop
  endfacet
  facet normal 0 0 1
    outer loop
      vertex 7.52440071105957 -0.6314268112182617 3.799999237060547
      vertex 89.30000305175781 -6.299999237060547 3.799999237060547
      vertex 7.593776702880859 -0.4270505905151367 3.799999237060547
    endloop
  endfacet
  facet normal 0 0 1
    outer loop
      vertex 7.42894172668457 -0.8249998092651367 3.799999237060547
      vertex 89.30000305175781 -6.299999237060547 3.799999237060547
      vertex 7.52440071105957 -0.6314268112182617 3.799999237060547
    endloop
  endfacet
  facet normal 0 0 1
    outer loop
      vertex 7.309032440185547 -1.00445556640625 3.799999237060547
      vertex 89.30000305175781 -6.299999237060547 3.799999237060547
      vertex 7.42894172668457 -0.8249998092651367 3.799999237060547
    endloop
  endfacet
  facet normal 0 0 1
    outer loop
      vertex 7.166726112365723 -1.1667261123657227 3.799999237060547
      vertex 89.30000305175781 -6.299999237060547 3.799999237060547
      vertex 7.309032440185547 -1.00445556640625 3.799999237060547
    endloop
  endfacet
  facet normal 0 0 1
    outer loop
      vertex 7.00445556640625 -1.3090324401855469 3.799999237060547
      vertex 89.30000305175781 -6.299999237060547 3.799999237060547
      vertex 7.166726112365723 -1.1667261123657227 3.799999237060547
    endloop
  endfacet
  facet normal 0 0 1
    outer loop
      vertex 1 -6.299999237060547 3.799999237060547
      vertex 7.00445556640625 -1.3090324401855469 3.799999237060547
      vertex 6.824999809265137 -1.4289417266845703 3.799999237060547
    endloop
  endfacet
  facet normal 0 0 1
    outer loop
      vertex 1 -6.299999237060547 3.799999237060547
      vertex 6.824999809265137 -1.4289417266845703 3.799999237060547
      vertex 6.631426811218262 -1.5244007110595703 3.799999237060547
    endloop
  endfacet
  facet normal 0 0 1
    outer loop
      vertex 1 -6.299999237060547 3.799999237060547
      vertex 6.631426811218262 -1.5244007110595703 3.799999237060547
      vertex 6.427050590515137 -1.5937767028808594 3.799999237060547
    endloop
  endfacet
  facet normal 0 0 1
    outer loop
      vertex 1 -6.299999237060547 3.799999237060547
      vertex 6.427050590515137 -1.5937767028808594 3.799999237060547
      vertex 6.215367317199707 -1.6358833312988281 3.799999237060547
    endloop
  endfacet
  facet normal 0 0 1
    outer loop
      vertex 1 -6.299999237060547 3.799999237060547
      vertex 6.215367317199707 -1.6358833312988281 3.799999237060547
      vertex 6 -1.6499996185302734 3.799999237060547
    endloop
  endfacet
  facet normal 0 0 1
    outer loop
      vertex 4.3641157150268555 0.21536731719970703 3.799999237060547
      vertex 0 5.299999237060547 3.799999237060547
      vertex 4.34999942779541 0 3.799999237060547
    endloop
  endfacet
  facet normal 0 0 1
    outer loop
      vertex 0 -5.299999237060547 3.799999237060547
      vertex 4.34999942779541 0 3.799999237060547
      vertex 0 5.299999237060547 3.799999237060547
    endloop
  endfacet
  facet normal 0 0 1
    outer loop
      vertex 4.34999942779541 0 3.799999237060547
      vertex 0 -5.299999237060547 3.799999237060547
      vertex 4.3641157150268555 -0.21536731719970703 3.799999237060547
    endloop
  endfacet
  facet normal 0 0 1
    outer loop
      vertex 4.3641157150268555 -0.21536731719970703 3.799999237060547
      vertex 0 -5.299999237060547 3.799999237060547
      vertex 4.406222343444824 -0.4270505905151367 3.799999237060547
    endloop
  endfacet
  facet normal 0 0 1
    outer loop
      vertex 7.00445556640625 -1.3090324401855469 3.799999237060547
      vertex 1 -6.299999237060547 3.799999237060547
      vertex 89.30000305175781 -6.299999237060547 3.799999237060547
    endloop
  endfacet
  facet normal 0 0 1
    outer loop
      vertex 5.784631729125977 -1.6358833312988281 3.799999237060547
      vertex 1 -6.299999237060547 3.799999237060547
      vertex 6 -1.6499996185302734 3.799999237060547
    endloop
  endfacet
  facet normal 0 0 1
    outer loop
      vertex 5.572948455810547 -1.5937767028808594 3.799999237060547
      vertex 1 -6.299999237060547 3.799999237060547
      vertex 5.784631729125977 -1.6358833312988281 3.799999237060547
    endloop
  endfacet
  facet normal 0 0 1
    outer loop
      vertex 5.368572235107422 -1.5244007110595703 3.799999237060547
      vertex 1 -6.299999237060547 3.799999237060547
      vertex 5.572948455810547 -1.5937767028808594 3.799999237060547
    endloop
  endfacet
  facet normal 0 0 1
    outer loop
      vertex 5.174999237060547 -1.4289417266845703 3.799999237060547
      vertex 1 -6.299999237060547 3.799999237060547
      vertex 5.368572235107422 -1.5244007110595703 3.799999237060547
    endloop
  endfacet
  facet normal 0 0 1
    outer loop
      vertex 4.995543479919434 -1.3090324401855469 3.799999237060547
      vertex 1 -6.299999237060547 3.799999237060547
      vertex 5.174999237060547 -1.4289417266845703 3.799999237060547
    endloop
  endfacet
  facet normal 0 0 1
    outer loop
      vertex 4.833272933959961 -1.1667261123657227 3.799999237060547
      vertex 1 -6.299999237060547 3.799999237060547
      vertex 4.995543479919434 -1.3090324401855469 3.799999237060547
    endloop
  endfacet
  facet normal 0 0 1
    outer loop
      vertex 0 -5.299999237060547 3.799999237060547
      vertex 4.833272933959961 -1.1667261123657227 3.799999237060547
      vertex 4.690966606140137 -1.00445556640625 3.799999237060547
    endloop
  endfacet
  facet normal 0 0 1
    outer loop
      vertex 0 -5.299999237060547 3.799999237060547
      vertex 4.690966606140137 -1.00445556640625 3.799999237060547
      vertex 4.571057319641113 -0.8249998092651367 3.799999237060547
    endloop
  endfacet
  facet normal 0 0 1
    outer loop
      vertex 4.406222343444824 -0.4270505905151367 3.799999237060547
      vertex 0 -5.299999237060547 3.799999237060547
      vertex 4.475598335266113 -0.6314268112182617 3.799999237060547
    endloop
  endfacet
  facet normal 0 0 1
    outer loop
      vertex 0 5.299999237060547 3.799999237060547
      vertex 1 6.299999237060547 3.799999237060547
      vertex 0.8694734573364258 6.291444778442383 3.799999237060547
    endloop
  endfacet
  facet normal 0 0 1
    outer loop
      vertex 4.475598335266113 -0.6314268112182617 3.799999237060547
      vertex 0 -5.299999237060547 3.799999237060547
      vertex 4.571057319641113 -0.8249998092651367 3.799999237060547
    endloop
  endfacet
  facet normal 0 0 1
    outer loop
      vertex 0 5.299999237060547 3.799999237060547
      vertex 0.8694734573364258 6.291444778442383 3.799999237060547
      vertex 0.741180419921875 6.265925407409668 3.799999237060547
    endloop
  endfacet
  facet normal 0 0 1
    outer loop
      vertex 4.833272933959961 -1.1667261123657227 3.799999237060547
      vertex 0 -5.299999237060547 3.799999237060547
      vertex 1 -6.299999237060547 3.799999237060547
    endloop
  endfacet
  facet normal 0 0 1
    outer loop
      vertex 0 5.299999237060547 3.799999237060547
      vertex 0.741180419921875 6.265925407409668 3.799999237060547
      vertex 0.6173162460327148 6.223878860473633 3.799999237060547
    endloop
  endfacet
  facet normal 0 0 1
    outer loop
      vertex 1 -6.299999237060547 3.799999237060547
      vertex 0 -5.299999237060547 3.799999237060547
      vertex 0.8694734573364258 -6.291444778442383 3.799999237060547
    endloop
  endfacet
  facet normal 0 0 1
    outer loop
      vertex 0 5.299999237060547 3.799999237060547
      vertex 0.6173162460327148 6.223878860473633 3.799999237060547
      vertex 0.5 6.166025161743164 3.799999237060547
    endloop
  endfacet
  facet normal 0 0 1
    outer loop
      vertex 0.8694734573364258 -6.291444778442383 3.799999237060547
      vertex 0 -5.299999237060547 3.799999237060547
      vertex 0.741180419921875 -6.265925407409668 3.799999237060547
    endloop
  endfacet
  facet normal 0 0 1
    outer loop
      vertex 0 5.299999237060547 3.799999237060547
      vertex 0.5 6.166025161743164 3.799999237060547
      vertex 0.3912382125854492 6.093353271484375 3.799999237060547
    endloop
  endfacet
  facet normal 0 0 1
    outer loop
      vertex 0.741180419921875 -6.265925407409668 3.799999237060547
      vertex 0 -5.299999237060547 3.799999237060547
      vertex 0.6173162460327148 -6.223878860473633 3.799999237060547
    endloop
  endfacet
  facet normal 0 0 1
    outer loop
      vertex 0 5.299999237060547 3.799999237060547
      vertex 0.3912382125854492 6.093353271484375 3.799999237060547
      vertex 0.2928924560546875 6.007105827331543 3.799999237060547
    endloop
  endfacet
  facet normal 0 0 1
    outer loop
      vertex 0.6173162460327148 -6.223878860473633 3.799999237060547
      vertex 0 -5.299999237060547 3.799999237060547
      vertex 0.5 -6.166025161743164 3.799999237060547
    endloop
  endfacet
  facet normal 0 0 1
    outer loop
      vertex 0 5.299999237060547 3.799999237060547
      vertex 0.2928924560546875 6.007105827331543 3.799999237060547
      vertex 0.20664596557617188 5.908761024475098 3.799999237060547
    endloop
  endfacet
  facet normal 0 0 1
    outer loop
      vertex 0.5 -6.166025161743164 3.799999237060547
      vertex 0 -5.299999237060547 3.799999237060547
      vertex 0.3912382125854492 -6.093353271484375 3.799999237060547
    endloop
  endfacet
  facet normal 0 0 1
    outer loop
      vertex 0 5.299999237060547 3.799999237060547
      vertex 0.20664596557617188 5.908761024475098 3.799999237060547
      vertex 0.1339740753173828 5.799999237060547 3.799999237060547
    endloop
  endfacet
  facet normal 0 0 1
    outer loop
      vertex 0.3912382125854492 -6.093353271484375 3.799999237060547
      vertex 0 -5.299999237060547 3.799999237060547
      vertex 0.2928924560546875 -6.007106781005859 3.799999237060547
    endloop
  endfacet
  facet normal 0 0 1
    outer loop
      vertex 0 5.299999237060547 3.799999237060547
      vertex 0.1339740753173828 5.799999237060547 3.799999237060547
      vertex 0.07612037658691406 5.682682991027832 3.799999237060547
    endloop
  endfacet
  facet normal 0 0 1
    outer loop
      vertex 0.2928924560546875 -6.007106781005859 3.799999237060547
      vertex 0 -5.299999237060547 3.799999237060547
      vertex 0.20664596557617188 -5.908761024475098 3.799999237060547
    endloop
  endfacet
  facet normal 0 0 1
    outer loop
      vertex 0 5.299999237060547 3.799999237060547
      vertex 0.07612037658691406 5.682682991027832 3.799999237060547
      vertex 0.034073829650878906 5.558818817138672 3.799999237060547
    endloop
  endfacet
  facet normal 0 0 1
    outer loop
      vertex 0.20664596557617188 -5.908761024475098 3.799999237060547
      vertex 0 -5.299999237060547 3.799999237060547
      vertex 0.1339740753173828 -5.799999237060547 3.799999237060547
    endloop
  endfacet
  facet normal 0 0 1
    outer loop
      vertex 0 5.299999237060547 3.799999237060547
      vertex 0.034073829650878906 5.558818817138672 3.799999237060547
      vertex 0.008554458618164062 5.430525779724121 3.799999237060547
    endloop
  endfacet
  facet normal 0 0 1
    outer loop
      vertex 0.1339740753173828 -5.799999237060547 3.799999237060547
      vertex 0 -5.299999237060547 3.799999237060547
      vertex 0.07612037658691406 -5.682682991027832 3.799999237060547
    endloop
  endfacet
  facet normal 0 0 1
    outer loop
      vertex 0.07612037658691406 -5.682682991027832 3.799999237060547
      vertex 0 -5.299999237060547 3.799999237060547
      vertex 0.034073829650878906 -5.558818817138672 3.799999237060547
    endloop
  endfacet
  facet normal 0 0 1
    outer loop
      vertex 0.034073829650878906 -5.558818817138672 3.799999237060547
      vertex 0 -5.299999237060547 3.799999237060547
      vertex 0.008554458618164062 -5.430525779724121 3.799999237060547
    endloop
  endfacet
  facet normal 0 0 -1
    outer loop
      vertex 21.899999618530273 -4.399999618530273 0
      vertex 90.30000305175781 4.399999618530273 0
      vertex 90.30000305175781 -4.399999618530273 0
    endloop
  endfacet
  facet normal 0 0 -1
    outer loop
      vertex 90.30000305175781 4.399999618530273 0
      vertex 21.899999618530273 -4.399999618530273 0
      vertex 21.899999618530273 4.399999618530273 0
    endloop
  endfacet
  facet normal 0 0.9301552063830233 0.3671665726050719
    outer loop
      vertex 90.30000305175781 4.399999618530273 0
      vertex 21.899999618530273 3.4526312351226807 2.3999996185302734
      vertex 90.30000305175781 3.4526312351226807 2.3999996185302734
    endloop
  endfacet
  facet normal 0 0.9301552063830233 0.3671665726050719
    outer loop
      vertex 21.899999618530273 3.4526312351226807 2.3999996185302734
      vertex 90.30000305175781 4.399999618530273 0
      vertex 21.899999618530273 4.399999618530273 0
    endloop
  endfacet
  facet normal 0.3214439164052683 -0.9469286185378721 0
    outer loop
      vertex 89.55882263183594 -6.265925407409668 2.3999996185302734
      vertex 89.68268585205078 -6.223878860473633 3.799999237060547
      vertex 89.55882263183594 -6.265925407409668 3.799999237060547
    endloop
  endfacet
  facet normal 0.3214439164052683 -0.9469286185378721 0
    outer loop
      vertex 89.68268585205078 -6.223878860473633 3.799999237060547
      vertex 89.55882263183594 -6.265925407409668 2.3999996185302734
      vertex 89.68268585205078 -6.223878860473633 2.3999996185302734
    endloop
  endfacet
  facet normal -0.9807848426738498 0.19509252261742832 0
    outer loop
      vertex 0.008554458618164062 5.430525779724121 2.84999942779541
      vertex 0.034073829650878906 5.558818817138672 3.799999237060547
      vertex 0.034073829650878906 5.558818817138672 2.84999942779541
    endloop
  endfacet
  facet normal -0.9807848426738498 0.19509252261742832 0
    outer loop
      vertex 0.034073829650878906 5.558818817138672 3.799999237060547
      vertex 0.008554458618164062 5.430525779724121 2.84999942779541
      vertex 0.008554458618164062 5.430525779724121 3.799999237060547
    endloop
  endfacet
  facet normal 0.8314778055204329 0.5555579708067604 0
    outer loop
      vertex 90.16602325439453 5.799999237060547 3.799999237060547
      vertex 90.09335327148438 5.908761024475098 2.3999996185302734
      vertex 90.09335327148438 5.908761024475098 3.799999237060547
    endloop
  endfacet
  facet normal 0.8314778055204329 0.5555579708067604 0
    outer loop
      vertex 90.09335327148438 5.908761024475098 2.3999996185302734
      vertex 90.16602325439453 5.799999237060547 3.799999237060547
      vertex 90.16602325439453 5.799999237060547 2.3999996185302734
    endloop
  endfacet
  facet normal 0 -1 0
    outer loop
      vertex 21.899999618530273 -6.299999237060547 2.84999942779541
      vertex 1 -6.299999237060547 3.799999237060547
      vertex 1 -6.299999237060547 2.84999942779541
    endloop
  endfacet
  facet normal 0 -1 0
    outer loop
      vertex 1 -6.299999237060547 3.799999237060547
      vertex 21.899999618530273 -6.299999237060547 2.84999942779541
      vertex 89.30000305175781 -6.299999237060547 3.799999237060547
    endloop
  endfacet
  facet normal 0 -1 0
    outer loop
      vertex 89.30000305175781 -6.299999237060547 2.3999996185302734
      vertex 21.899999618530273 -6.299999237060547 2.84999942779541
      vertex 21.899999618530273 -6.299999237060547 2.3999996185302734
    endloop
  endfacet
  facet normal 0 -1 0
    outer loop
      vertex 21.899999618530273 -6.299999237060547 2.84999942779541
      vertex 89.30000305175781 -6.299999237060547 2.3999996185302734
      vertex 89.30000305175781 -6.299999237060547 3.799999237060547
    endloop
  endfacet
  facet normal 0 1 0
    outer loop
      vertex 89.30000305175781 6.299999237060547 3.799999237060547
      vertex 21.899999618530273 6.299999237060547 2.84999942779541
      vertex 1 6.299999237060547 3.799999237060547
    endloop
  endfacet
  facet normal 0 1 0
    outer loop
      vertex 89.30000305175781 6.299999237060547 2.3999996185302734
      vertex 21.899999618530273 6.299999237060547 2.84999942779541
      vertex 89.30000305175781 6.299999237060547 3.799999237060547
    endloop
  endfacet
  facet normal 0 1 0
    outer loop
      vertex 21.899999618530273 6.299999237060547 2.84999942779541
      vertex 89.30000305175781 6.299999237060547 2.3999996185302734
      vertex 21.899999618530273 6.299999237060547 2.3999996185302734
    endloop
  endfacet
  facet normal 0 1 0
    outer loop
      vertex 1 6.299999237060547 3.799999237060547
      vertex 21.899999618530273 6.299999237060547 2.84999942779541
      vertex 1 6.299999237060547 2.84999942779541
    endloop
  endfacet
  facet normal 0.6593300368111485 0.7518536443740961 0
    outer loop
      vertex 90.00711059570312 6.007105827331543 2.3999996185302734
      vertex 89.90876007080078 6.093353271484375 3.799999237060547
      vertex 90.00711059570312 6.007105827331543 3.799999237060547
    endloop
  endfacet
  facet normal 0.6593300368111485 0.7518536443740961 0
    outer loop
      vertex 89.90876007080078 6.093353271484375 3.799999237060547
      vertex 90.00711059570312 6.007105827331543 2.3999996185302734
      vertex 89.90876007080078 6.093353271484375 2.3999996185302734
    endloop
  endfacet
  facet normal 0.06539920540314632 -0.9978591804120646 0
    outer loop
      vertex 89.30000305175781 -6.299999237060547 2.3999996185302734
      vertex 89.43052673339844 -6.291444778442383 3.799999237060547
      vertex 89.30000305175781 -6.299999237060547 3.799999237060547
    endloop
  endfacet
  facet normal 0.06539920540314632 -0.9978591804120646 0
    outer loop
      vertex 89.43052673339844 -6.291444778442383 3.799999237060547
      vertex 89.30000305175781 -6.299999237060547 2.3999996185302734
      vertex 89.43052673339844 -6.291444778442383 2.3999996185302734
    endloop
  endfacet
  facet normal -0.19509252261742832 0.9807848426738498 0
    outer loop
      vertex 0.8694734573364258 6.291444778442383 2.84999942779541
      vertex 0.741180419921875 6.265925407409668 3.799999237060547
      vertex 0.8694734573364258 6.291444778442383 3.799999237060547
    endloop
  endfacet
  facet normal -0.19509252261742832 0.9807848426738498 0
    outer loop
      vertex 0.741180419921875 6.265925407409668 3.799999237060547
      vertex 0.8694734573364258 6.291444778442383 2.84999942779541
      vertex 0.741180419921875 6.265925407409668 2.84999942779541
    endloop
  endfacet
  facet normal -0.32144169721474214 -0.9469293718602809 0
    outer loop
      vertex 0.6173162460327148 -6.223878860473633 2.84999942779541
      vertex 0.741180419921875 -6.265925407409668 3.799999237060547
      vertex 0.6173162460327148 -6.223878860473633 3.799999237060547
    endloop
  endfacet
  facet normal -0.32144169721474214 -0.9469293718602809 0
    outer loop
      vertex 0.741180419921875 -6.265925407409668 3.799999237060547
      vertex 0.6173162460327148 -6.223878860473633 2.84999942779541
      vertex 0.741180419921875 -6.265925407409668 2.84999942779541
    endloop
  endfacet
  facet normal -0.8314710697872808 -0.5555680517333542 0
    outer loop
      vertex 0.20664596557617188 -5.908761024475098 2.84999942779541
      vertex 0.1339740753173828 -5.799999237060547 3.799999237060547
      vertex 0.1339740753173828 -5.799999237060547 2.84999942779541
    endloop
  endfacet
  facet normal -0.8314710697872808 -0.5555680517333542 0
    outer loop
      vertex 0.1339740753173828 -5.799999237060547 3.799999237060547
      vertex 0.20664596557617188 -5.908761024475098 2.84999942779541
      vertex 0.20664596557617188 -5.908761024475098 3.799999237060547
    endloop
  endfacet
  facet normal -0.19509252261742832 -0.9807848426738498 0
    outer loop
      vertex 0.741180419921875 -6.265925407409668 2.84999942779541
      vertex 0.8694734573364258 -6.291444778442383 3.799999237060547
      vertex 0.741180419921875 -6.265925407409668 3.799999237060547
    endloop
  endfacet
  facet normal -0.19509252261742832 -0.9807848426738498 0
    outer loop
      vertex 0.8694734573364258 -6.291444778442383 3.799999237060547
      vertex 0.741180419921875 -6.265925407409668 2.84999942779541
      vertex 0.8694734573364258 -6.291444778442383 2.84999942779541
    endloop
  endfacet
  facet normal -0.5555680517333542 -0.8314710697872808 0
    outer loop
      vertex 0.3912382125854492 -6.093353271484375 2.84999942779541
      vertex 0.5 -6.166025161743164 3.799999237060547
      vertex 0.3912382125854492 -6.093353271484375 3.799999237060547
    endloop
  endfacet
  facet normal -0.5555680517333542 -0.8314710697872808 0
    outer loop
      vertex 0.5 -6.166025161743164 3.799999237060547
      vertex 0.3912382125854492 -6.093353271484375 2.84999942779541
      vertex 0.5 -6.166025161743164 2.84999942779541
    endloop
  endfacet
  facet normal -0.5555680517333542 0.8314710697872808 0
    outer loop
      vertex 0.5 6.166025161743164 2.84999942779541
      vertex 0.3912382125854492 6.093353271484375 3.799999237060547
      vertex 0.5 6.166025161743164 3.799999237060547
    endloop
  endfacet
  facet normal -0.5555680517333542 0.8314710697872808 0
    outer loop
      vertex 0.3912382125854492 6.093353271484375 3.799999237060547
      vertex 0.5 6.166025161743164 2.84999942779541
      vertex 0.3912382125854492 6.093353271484375 2.84999942779541
    endloop
  endfacet
  facet normal 0.8968735645677046 0.4422870212651728 0
    outer loop
      vertex 90.223876953125 5.682682991027832 3.799999237060547
      vertex 90.16602325439453 5.799999237060547 2.3999996185302734
      vertex 90.16602325439453 5.799999237060547 3.799999237060547
    endloop
  endfacet
  facet normal 0.8968735645677046 0.4422870212651728 0
    outer loop
      vertex 90.16602325439453 5.799999237060547 2.3999996185302734
      vertex 90.223876953125 5.682682991027832 3.799999237060547
      vertex 90.223876953125 5.682682991027832 2.3999996185302734
    endloop
  endfacet
  facet normal -0.9978592739595263 0.06539777804304144 0
    outer loop
      vertex 0 5.299999237060547 2.84999942779541
      vertex 0.008554458618164062 5.430525779724121 3.799999237060547
      vertex 0.008554458618164062 5.430525779724121 2.84999942779541
    endloop
  endfacet
  facet normal -0.9978592739595263 0.06539777804304144 0
    outer loop
      vertex 0.008554458618164062 5.430525779724121 3.799999237060547
      vertex 0 5.299999237060547 2.84999942779541
      vertex 0 5.299999237060547 3.799999237060547
    endloop
  endfacet
  facet normal -0.06539777804304144 0.9978592739595263 0
    outer loop
      vertex 1 6.299999237060547 2.84999942779541
      vertex 0.8694734573364258 6.291444778442383 3.799999237060547
      vertex 1 6.299999237060547 3.799999237060547
    endloop
  endfacet
  facet normal -0.06539777804304144 0.9978592739595263 0
    outer loop
      vertex 0.8694734573364258 6.291444778442383 3.799999237060547
      vertex 1 6.299999237060547 2.84999942779541
      vertex 0.8694734573364258 6.291444778442383 2.84999942779541
    endloop
  endfacet
  facet normal -0.9978592739595263 -0.06539777804304144 0
    outer loop
      vertex 0.008554458618164062 -5.430525779724121 2.84999942779541
      vertex 0 -5.299999237060547 3.799999237060547
      vertex 0 -5.299999237060547 2.84999942779541
    endloop
  endfacet
  facet normal -0.9978592739595263 -0.06539777804304144 0
    outer loop
      vertex 0 -5.299999237060547 3.799999237060547
      vertex 0.008554458618164062 -5.430525779724121 2.84999942779541
      vertex 0.008554458618164062 -5.430525779724121 3.799999237060547
    endloop
  endfacet
  facet normal -0.8968735645677046 0.4422870212651728 0
    outer loop
      vertex 0.07612037658691406 5.682682991027832 2.84999942779541
      vertex 0.1339740753173828 5.799999237060547 3.799999237060547
      vertex 0.1339740753173828 5.799999237060547 2.84999942779541
    endloop
  endfacet
  facet normal -0.8968735645677046 0.4422870212651728 0
    outer loop
      vertex 0.1339740753173828 5.799999237060547 3.799999237060547
      vertex 0.07612037658691406 5.682682991027832 2.84999942779541
      vertex 0.07612037658691406 5.682682991027832 3.799999237060547
    endloop
  endfacet
  facet normal 0.8314778055204329 -0.5555579708067604 0
    outer loop
      vertex 90.09335327148438 -5.908761024475098 3.799999237060547
      vertex 90.16602325439453 -5.799999237060547 2.3999996185302734
      vertex 90.16602325439453 -5.799999237060547 3.799999237060547
    endloop
  endfacet
  facet normal 0.8314778055204329 -0.5555579708067604 0
    outer loop
      vertex 90.16602325439453 -5.799999237060547 2.3999996185302734
      vertex 90.09335327148438 -5.908761024475098 3.799999237060547
      vertex 90.09335327148438 -5.908761024475098 2.3999996185302734
    endloop
  endfacet
  facet normal 0.9978564183590107 0.06544133510042947 0
    outer loop
      vertex 90.30000305175781 5.299999237060547 3.799999237060547
      vertex 90.29144287109375 5.430525779724121 2.3999996185302734
      vertex 90.29144287109375 5.430525779724121 3.799999237060547
    endloop
  endfacet
  facet normal 0.9978564183590107 0.06544133510042947 0
    outer loop
      vertex 90.29144287109375 5.430525779724121 2.3999996185302734
      vertex 90.30000305175781 5.299999237060547 3.799999237060547
      vertex 90.30000305175781 5.299999237060547 2.3999996185302734
    endloop
  endfacet
  facet normal -0.751841411423408 -0.6593439861474872 0
    outer loop
      vertex 0.2928924560546875 -6.007106781005859 2.84999942779541
      vertex 0.20664596557617188 -5.908761024475098 3.799999237060547
      vertex 0.20664596557617188 -5.908761024475098 2.84999942779541
    endloop
  endfacet
  facet normal -0.751841411423408 -0.6593439861474872 0
    outer loop
      vertex 0.20664596557617188 -5.908761024475098 3.799999237060547
      vertex 0.2928924560546875 -6.007106781005859 2.84999942779541
      vertex 0.2928924560546875 -6.007106781005859 3.799999237060547
    endloop
  endfacet
  facet normal -0.8968735645677046 -0.4422870212651728 0
    outer loop
      vertex 0.1339740753173828 -5.799999237060547 2.84999942779541
      vertex 0.07612037658691406 -5.682682991027832 3.799999237060547
      vertex 0.07612037658691406 -5.682682991027832 2.84999942779541
    endloop
  endfacet
  facet normal -0.8968735645677046 -0.4422870212651728 0
    outer loop
      vertex 0.07612037658691406 -5.682682991027832 3.799999237060547
      vertex 0.1339740753173828 -5.799999237060547 2.84999942779541
      vertex 0.1339740753173828 -5.799999237060547 3.799999237060547
    endloop
  endfacet
  facet normal 0.19508833760032365 0.9807856751259889 0
    outer loop
      vertex 89.55882263183594 6.265925407409668 2.3999996185302734
      vertex 89.43052673339844 6.291444778442383 3.799999237060547
      vertex 89.55882263183594 6.265925407409668 3.799999237060547
    endloop
  endfacet
  facet normal 0.19508833760032365 0.9807856751259889 0
    outer loop
      vertex 89.43052673339844 6.291444778442383 3.799999237060547
      vertex 89.55882263183594 6.265925407409668 2.3999996185302734
      vertex 89.43052673339844 6.291444778442383 2.3999996185302734
    endloop
  endfacet
  facet normal 0.9469315910190027 0.3214351597604406 0
    outer loop
      vertex 90.26592254638672 5.558818817138672 3.799999237060547
      vertex 90.223876953125 5.682682991027832 2.3999996185302734
      vertex 90.223876953125 5.682682991027832 3.799999237060547
    endloop
  endfacet
  facet normal 0.9469315910190027 0.3214351597604406 0
    outer loop
      vertex 90.223876953125 5.682682991027832 2.3999996185302734
      vertex 90.26592254638672 5.558818817138672 3.799999237060547
      vertex 90.26592254638672 5.558818817138672 2.3999996185302734
    endloop
  endfacet
  facet normal -0.9469293718602809 -0.32144169721474214 0
    outer loop
      vertex 0.07612037658691406 -5.682682991027832 2.84999942779541
      vertex 0.034073829650878906 -5.558818817138672 3.799999237060547
      vertex 0.034073829650878906 -5.558818817138672 2.84999942779541
    endloop
  endfacet
  facet normal -0.9469293718602809 -0.32144169721474214 0
    outer loop
      vertex 0.034073829650878906 -5.558818817138672 3.799999237060547
      vertex 0.07612037658691406 -5.682682991027832 2.84999942779541
      vertex 0.07612037658691406 -5.682682991027832 3.799999237060547
    endloop
  endfacet
  facet normal 0.9978564183590107 -0.06544133510042947 0
    outer loop
      vertex 90.29144287109375 -5.430525779724121 3.799999237060547
      vertex 90.30000305175781 -5.299999237060547 2.3999996185302734
      vertex 90.30000305175781 -5.299999237060547 3.799999237060547
    endloop
  endfacet
  facet normal 0.9978564183590107 -0.06544133510042947 0
    outer loop
      vertex 90.30000305175781 -5.299999237060547 2.3999996185302734
      vertex 90.29144287109375 -5.430525779724121 3.799999237060547
      vertex 90.29144287109375 -5.430525779724121 2.3999996185302734
    endloop
  endfacet
  facet normal -0.7518382418678135 0.6593476003331741 0
    outer loop
      vertex 0.20664596557617188 5.908761024475098 2.84999942779541
      vertex 0.2928924560546875 6.007105827331543 3.799999237060547
      vertex 0.2928924560546875 6.007105827331543 2.84999942779541
    endloop
  endfacet
  facet normal -0.7518382418678135 0.6593476003331741 0
    outer loop
      vertex 0.2928924560546875 6.007105827331543 3.799999237060547
      vertex 0.20664596557617188 5.908761024475098 2.84999942779541
      vertex 0.20664596557617188 5.908761024475098 3.799999237060547
    endloop
  endfacet
  facet normal 0.9807834476157244 0.19509953583495104 0
    outer loop
      vertex 90.29144287109375 5.430525779724121 3.799999237060547
      vertex 90.26592254638672 5.558818817138672 2.3999996185302734
      vertex 90.26592254638672 5.558818817138672 3.799999237060547
    endloop
  endfacet
  facet normal 0.9807834476157244 0.19509953583495104 0
    outer loop
      vertex 90.26592254638672 5.558818817138672 2.3999996185302734
      vertex 90.29144287109375 5.430525779724121 3.799999237060547
      vertex 90.29144287109375 5.430525779724121 2.3999996185302734
    endloop
  endfacet
  facet normal 0.4422841292133117 -0.8968749907573644 0
    outer loop
      vertex 89.68268585205078 -6.223878860473633 2.3999996185302734
      vertex 89.80000305175781 -6.166025161743164 3.799999237060547
      vertex 89.68268585205078 -6.223878860473633 3.799999237060547
    endloop
  endfacet
  facet normal 0.4422841292133117 -0.8968749907573644 0
    outer loop
      vertex 89.80000305175781 -6.166025161743164 3.799999237060547
      vertex 89.68268585205078 -6.223878860473633 2.3999996185302734
      vertex 89.80000305175781 -6.166025161743164 2.3999996185302734
    endloop
  endfacet
  facet normal -0.4422870212651728 0.8968735645677046 0
    outer loop
      vertex 0.6173162460327148 6.223878860473633 2.84999942779541
      vertex 0.5 6.166025161743164 3.799999237060547
      vertex 0.6173162460327148 6.223878860473633 3.799999237060547
    endloop
  endfacet
  facet normal -0.4422870212651728 0.8968735645677046 0
    outer loop
      vertex 0.5 6.166025161743164 3.799999237060547
      vertex 0.6173162460327148 6.223878860473633 2.84999942779541
      vertex 0.5 6.166025161743164 2.84999942779541
    endloop
  endfacet
  facet normal 0.3214439164052683 0.9469286185378721 0
    outer loop
      vertex 89.68268585205078 6.223878860473633 2.3999996185302734
      vertex 89.55882263183594 6.265925407409668 3.799999237060547
      vertex 89.68268585205078 6.223878860473633 3.799999237060547
    endloop
  endfacet
  facet normal 0.3214439164052683 0.9469286185378721 0
    outer loop
      vertex 89.55882263183594 6.265925407409668 3.799999237060547
      vertex 89.68268585205078 6.223878860473633 2.3999996185302734
      vertex 89.55882263183594 6.265925407409668 2.3999996185302734
    endloop
  endfacet
  facet normal 0.5555848914790684 0.8314598176461636 0
    outer loop
      vertex 89.90876007080078 6.093353271484375 2.3999996185302734
      vertex 89.80000305175781 6.166025161743164 3.799999237060547
      vertex 89.90876007080078 6.093353271484375 3.799999237060547
    endloop
  endfacet
  facet normal 0.5555848914790684 0.8314598176461636 0
    outer loop
      vertex 89.80000305175781 6.166025161743164 3.799999237060547
      vertex 89.90876007080078 6.093353271484375 2.3999996185302734
      vertex 89.80000305175781 6.166025161743164 2.3999996185302734
    endloop
  endfacet
  facet normal 0.7518558682146365 -0.6593275008910331 0
    outer loop
      vertex 90.00711059570312 -6.007106781005859 3.799999237060547
      vertex 90.09335327148438 -5.908761024475098 2.3999996185302734
      vertex 90.09335327148438 -5.908761024475098 3.799999237060547
    endloop
  endfacet
  facet normal 0.7518558682146365 -0.6593275008910331 0
    outer loop
      vertex 90.09335327148438 -5.908761024475098 2.3999996185302734
      vertex 90.00711059570312 -6.007106781005859 3.799999237060547
      vertex 90.00711059570312 -6.007106781005859 2.3999996185302734
    endloop
  endfacet
  facet normal -0.06539777804304144 -0.9978592739595263 0
    outer loop
      vertex 0.8694734573364258 -6.291444778442383 2.84999942779541
      vertex 1 -6.299999237060547 3.799999237060547
      vertex 0.8694734573364258 -6.291444778442383 3.799999237060547
    endloop
  endfacet
  facet normal -0.06539777804304144 -0.9978592739595263 0
    outer loop
      vertex 1 -6.299999237060547 3.799999237060547
      vertex 0.8694734573364258 -6.291444778442383 2.84999942779541
      vertex 1 -6.299999237060547 2.84999942779541
    endloop
  endfacet
  facet normal 0.19508833760032365 -0.9807856751259889 0
    outer loop
      vertex 89.43052673339844 -6.291444778442383 2.3999996185302734
      vertex 89.55882263183594 -6.265925407409668 3.799999237060547
      vertex 89.43052673339844 -6.291444778442383 3.799999237060547
    endloop
  endfacet
  facet normal 0.19508833760032365 -0.9807856751259889 0
    outer loop
      vertex 89.55882263183594 -6.265925407409668 3.799999237060547
      vertex 89.43052673339844 -6.291444778442383 2.3999996185302734
      vertex 89.55882263183594 -6.265925407409668 2.3999996185302734
    endloop
  endfacet
  facet normal -0.9807848426738498 -0.19509252261742832 0
    outer loop
      vertex 0.034073829650878906 -5.558818817138672 2.84999942779541
      vertex 0.008554458618164062 -5.430525779724121 3.799999237060547
      vertex 0.008554458618164062 -5.430525779724121 2.84999942779541
    endloop
  endfacet
  facet normal -0.9807848426738498 -0.19509252261742832 0
    outer loop
      vertex 0.008554458618164062 -5.430525779724121 3.799999237060547
      vertex 0.034073829650878906 -5.558818817138672 2.84999942779541
      vertex 0.034073829650878906 -5.558818817138672 3.799999237060547
    endloop
  endfacet
  facet normal 0.75185269875659 0.6593311151253461 0
    outer loop
      vertex 90.09335327148438 5.908761024475098 3.799999237060547
      vertex 90.00711059570312 6.007105827331543 2.3999996185302734
      vertex 90.00711059570312 6.007105827331543 3.799999237060547
    endloop
  endfacet
  facet normal 0.75185269875659 0.6593311151253461 0
    outer loop
      vertex 90.00711059570312 6.007105827331543 2.3999996185302734
      vertex 90.09335327148438 5.908761024475098 3.799999237060547
      vertex 90.09335327148438 5.908761024475098 2.3999996185302734
    endloop
  endfacet
  facet normal -0.8314710697872808 0.5555680517333542 0
    outer loop
      vertex 0.1339740753173828 5.799999237060547 2.84999942779541
      vertex 0.20664596557617188 5.908761024475098 3.799999237060547
      vertex 0.20664596557617188 5.908761024475098 2.84999942779541
    endloop
  endfacet
  facet normal -0.8314710697872808 0.5555680517333542 0
    outer loop
      vertex 0.20664596557617188 5.908761024475098 3.799999237060547
      vertex 0.1339740753173828 5.799999237060547 2.84999942779541
      vertex 0.1339740753173828 5.799999237060547 3.799999237060547
    endloop
  endfacet
  facet normal -0.6593439861474872 -0.751841411423408 0
    outer loop
      vertex 0.2928924560546875 -6.007106781005859 2.84999942779541
      vertex 0.3912382125854492 -6.093353271484375 3.799999237060547
      vertex 0.2928924560546875 -6.007106781005859 3.799999237060547
    endloop
  endfacet
  facet normal -0.6593439861474872 -0.751841411423408 0
    outer loop
      vertex 0.3912382125854492 -6.093353271484375 3.799999237060547
      vertex 0.2928924560546875 -6.007106781005859 2.84999942779541
      vertex 0.3912382125854492 -6.093353271484375 2.84999942779541
    endloop
  endfacet
  facet normal -0.32144169721474214 0.9469293718602809 0
    outer loop
      vertex 0.741180419921875 6.265925407409668 2.84999942779541
      vertex 0.6173162460327148 6.223878860473633 3.799999237060547
      vertex 0.741180419921875 6.265925407409668 3.799999237060547
    endloop
  endfacet
  facet normal -0.32144169721474214 0.9469293718602809 0
    outer loop
      vertex 0.6173162460327148 6.223878860473633 3.799999237060547
      vertex 0.741180419921875 6.265925407409668 2.84999942779541
      vertex 0.6173162460327148 6.223878860473633 2.84999942779541
    endloop
  endfacet
  facet normal 0.5555848914790684 -0.8314598176461636 0
    outer loop
      vertex 89.80000305175781 -6.166025161743164 2.3999996185302734
      vertex 89.90876007080078 -6.093353271484375 3.799999237060547
      vertex 89.80000305175781 -6.166025161743164 3.799999237060547
    endloop
  endfacet
  facet normal 0.5555848914790684 -0.8314598176461636 0
    outer loop
      vertex 89.90876007080078 -6.093353271484375 3.799999237060547
      vertex 89.80000305175781 -6.166025161743164 2.3999996185302734
      vertex 89.90876007080078 -6.093353271484375 2.3999996185302734
    endloop
  endfacet
  facet normal 0 0 -1
    outer loop
      vertex 89.30000305175781 -6.299999237060547 2.3999996185302734
      vertex 90.30000305175781 -5.299999237060547 2.3999996185302734
      vertex 90.29144287109375 -5.430525779724121 2.3999996185302734
    endloop
  endfacet
  facet normal 0 0 -1
    outer loop
      vertex 89.30000305175781 -6.299999237060547 2.3999996185302734
      vertex 90.29144287109375 -5.430525779724121 2.3999996185302734
      vertex 90.26592254638672 -5.558818817138672 2.3999996185302734
    endloop
  endfacet
  facet normal 0 0 -1
    outer loop
      vertex 89.30000305175781 -6.299999237060547 2.3999996185302734
      vertex 90.26592254638672 -5.558818817138672 2.3999996185302734
      vertex 90.223876953125 -5.682682991027832 2.3999996185302734
    endloop
  endfacet
  facet normal 0 0 -1
    outer loop
      vertex 89.30000305175781 -6.299999237060547 2.3999996185302734
      vertex 90.223876953125 -5.682682991027832 2.3999996185302734
      vertex 90.16602325439453 -5.799999237060547 2.3999996185302734
    endloop
  endfacet
  facet normal 0 0 -1
    outer loop
      vertex 89.30000305175781 -6.299999237060547 2.3999996185302734
      vertex 90.16602325439453 -5.799999237060547 2.3999996185302734
      vertex 90.09335327148438 -5.908761024475098 2.3999996185302734
    endloop
  endfacet
  facet normal 0 0 -1
    outer loop
      vertex 89.30000305175781 -6.299999237060547 2.3999996185302734
      vertex 90.09335327148438 -5.908761024475098 2.3999996185302734
      vertex 90.00711059570312 -6.007106781005859 2.3999996185302734
    endloop
  endfacet
  facet normal 0 0 -1
    outer loop
      vertex 89.30000305175781 -6.299999237060547 2.3999996185302734
      vertex 90.00711059570312 -6.007106781005859 2.3999996185302734
      vertex 89.90876007080078 -6.093353271484375 2.3999996185302734
    endloop
  endfacet
  facet normal 0 0 -1
    outer loop
      vertex 89.30000305175781 -6.299999237060547 2.3999996185302734
      vertex 89.90876007080078 -6.093353271484375 2.3999996185302734
      vertex 89.80000305175781 -6.166025161743164 2.3999996185302734
    endloop
  endfacet
  facet normal 0 0 -1
    outer loop
      vertex 89.30000305175781 -6.299999237060547 2.3999996185302734
      vertex 89.80000305175781 -6.166025161743164 2.3999996185302734
      vertex 89.68268585205078 -6.223878860473633 2.3999996185302734
    endloop
  endfacet
  facet normal 0 0 -1
    outer loop
      vertex 89.30000305175781 -6.299999237060547 2.3999996185302734
      vertex 89.68268585205078 -6.223878860473633 2.3999996185302734
      vertex 89.55882263183594 -6.265925407409668 2.3999996185302734
    endloop
  endfacet
  facet normal 0 0 -1
    outer loop
      vertex 89.30000305175781 -6.299999237060547 2.3999996185302734
      vertex 89.55882263183594 -6.265925407409668 2.3999996185302734
      vertex 89.43052673339844 -6.291444778442383 2.3999996185302734
    endloop
  endfacet
  facet normal 0 0 -1
    outer loop
      vertex 90.30000305175781 -5.299999237060547 2.3999996185302734
      vertex 89.30000305175781 -6.299999237060547 2.3999996185302734
      vertex 90.30000305175781 -3.4526312351226807 2.3999996185302734
    endloop
  endfacet
  facet normal 0 0 -1
    outer loop
      vertex 21.899999618530273 -3.4526312351226807 2.3999996185302734
      vertex 89.30000305175781 -6.299999237060547 2.3999996185302734
      vertex 21.899999618530273 -6.299999237060547 2.3999996185302734
    endloop
  endfacet
  facet normal 0 0 -1
    outer loop
      vertex 89.30000305175781 -6.299999237060547 2.3999996185302734
      vertex 21.899999618530273 -3.4526312351226807 2.3999996185302734
      vertex 90.30000305175781 -3.4526312351226807 2.3999996185302734
    endloop
  endfacet
  facet normal 0 0 -1
    outer loop
      vertex 89.30000305175781 6.299999237060547 2.3999996185302734
      vertex 90.30000305175781 5.299999237060547 2.3999996185302734
      vertex 90.30000305175781 3.4526312351226807 2.3999996185302734
    endloop
  endfacet
  facet normal 0 0 -1
    outer loop
      vertex 90.30000305175781 5.299999237060547 2.3999996185302734
      vertex 89.30000305175781 6.299999237060547 2.3999996185302734
      vertex 90.29144287109375 5.430525779724121 2.3999996185302734
    endloop
  endfacet
  facet normal 0 0 -1
    outer loop
      vertex 90.29144287109375 5.430525779724121 2.3999996185302734
      vertex 89.30000305175781 6.299999237060547 2.3999996185302734
      vertex 90.26592254638672 5.558818817138672 2.3999996185302734
    endloop
  endfacet
  facet normal 0 0 -1
    outer loop
      vertex 90.26592254638672 5.558818817138672 2.3999996185302734
      vertex 89.30000305175781 6.299999237060547 2.3999996185302734
      vertex 90.223876953125 5.682682991027832 2.3999996185302734
    endloop
  endfacet
  facet normal 0 0 -1
    outer loop
      vertex 90.223876953125 5.682682991027832 2.3999996185302734
      vertex 89.30000305175781 6.299999237060547 2.3999996185302734
      vertex 90.16602325439453 5.799999237060547 2.3999996185302734
    endloop
  endfacet
  facet normal 0 0 -1
    outer loop
      vertex 90.16602325439453 5.799999237060547 2.3999996185302734
      vertex 89.30000305175781 6.299999237060547 2.3999996185302734
      vertex 90.09335327148438 5.908761024475098 2.3999996185302734
    endloop
  endfacet
  facet normal 0 0 -1
    outer loop
      vertex 90.09335327148438 5.908761024475098 2.3999996185302734
      vertex 89.30000305175781 6.299999237060547 2.3999996185302734
      vertex 90.00711059570312 6.007105827331543 2.3999996185302734
    endloop
  endfacet
  facet normal 0 0 -1
    outer loop
      vertex 90.00711059570312 6.007105827331543 2.3999996185302734
      vertex 89.30000305175781 6.299999237060547 2.3999996185302734
      vertex 89.90876007080078 6.093353271484375 2.3999996185302734
    endloop
  endfacet
  facet normal 0 0 -1
    outer loop
      vertex 89.90876007080078 6.093353271484375 2.3999996185302734
      vertex 89.30000305175781 6.299999237060547 2.3999996185302734
      vertex 89.80000305175781 6.166025161743164 2.3999996185302734
    endloop
  endfacet
  facet normal 0 0 -1
    outer loop
      vertex 89.80000305175781 6.166025161743164 2.3999996185302734
      vertex 89.30000305175781 6.299999237060547 2.3999996185302734
      vertex 89.68268585205078 6.223878860473633 2.3999996185302734
    endloop
  endfacet
  facet normal 0 0 -1
    outer loop
      vertex 89.68268585205078 6.223878860473633 2.3999996185302734
      vertex 89.30000305175781 6.299999237060547 2.3999996185302734
      vertex 89.55882263183594 6.265925407409668 2.3999996185302734
    endloop
  endfacet
  facet normal 0 0 -1
    outer loop
      vertex 89.55882263183594 6.265925407409668 2.3999996185302734
      vertex 89.30000305175781 6.299999237060547 2.3999996185302734
      vertex 89.43052673339844 6.291444778442383 2.3999996185302734
    endloop
  endfacet
  facet normal 0 0 -1
    outer loop
      vertex 21.899999618530273 3.4526312351226807 2.3999996185302734
      vertex 89.30000305175781 6.299999237060547 2.3999996185302734
      vertex 90.30000305175781 3.4526312351226807 2.3999996185302734
    endloop
  endfacet
  facet normal 0 0 -1
    outer loop
      vertex 89.30000305175781 6.299999237060547 2.3999996185302734
      vertex 21.899999618530273 3.4526312351226807 2.3999996185302734
      vertex 21.899999618530273 6.299999237060547 2.3999996185302734
    endloop
  endfacet
  facet normal 0.6593259155848404 -0.7518572584195832 0
    outer loop
      vertex 89.90876007080078 -6.093353271484375 2.3999996185302734
      vertex 90.00711059570312 -6.007106781005859 3.799999237060547
      vertex 89.90876007080078 -6.093353271484375 3.799999237060547
    endloop
  endfacet
  facet normal 0.6593259155848404 -0.7518572584195832 0
    outer loop
      vertex 90.00711059570312 -6.007106781005859 3.799999237060547
      vertex 89.90876007080078 -6.093353271484375 2.3999996185302734
      vertex 90.00711059570312 -6.007106781005859 2.3999996185302734
    endloop
  endfacet
  facet normal 0.06539920540314632 0.9978591804120646 0
    outer loop
      vertex 89.43052673339844 6.291444778442383 2.3999996185302734
      vertex 89.30000305175781 6.299999237060547 3.799999237060547
      vertex 89.43052673339844 6.291444778442383 3.799999237060547
    endloop
  endfacet
  facet normal 0.06539920540314632 0.9978591804120646 0
    outer loop
      vertex 89.30000305175781 6.299999237060547 3.799999237060547
      vertex 89.43052673339844 6.291444778442383 2.3999996185302734
      vertex 89.30000305175781 6.299999237060547 2.3999996185302734
    endloop
  endfacet
  facet normal -0.6593481073130165 0.7518377972559925 0
    outer loop
      vertex 0.3912382125854492 6.093353271484375 2.84999942779541
      vertex 0.2928924560546875 6.007105827331543 3.799999237060547
      vertex 0.3912382125854492 6.093353271484375 3.799999237060547
    endloop
  endfacet
  facet normal -0.6593481073130165 0.7518377972559925 0
    outer loop
      vertex 0.2928924560546875 6.007105827331543 3.799999237060547
      vertex 0.3912382125854492 6.093353271484375 2.84999942779541
      vertex 0.2928924560546875 6.007105827331543 2.84999942779541
    endloop
  endfacet
  facet normal -0.4422870212651728 -0.8968735645677046 0
    outer loop
      vertex 0.5 -6.166025161743164 2.84999942779541
      vertex 0.6173162460327148 -6.223878860473633 3.799999237060547
      vertex 0.5 -6.166025161743164 3.799999237060547
    endloop
  endfacet
  facet normal -0.4422870212651728 -0.8968735645677046 0
    outer loop
      vertex 0.6173162460327148 -6.223878860473633 3.799999237060547
      vertex 0.5 -6.166025161743164 2.84999942779541
      vertex 0.6173162460327148 -6.223878860473633 2.84999942779541
    endloop
  endfacet
  facet normal 0.9807834476157244 -0.19509953583495104 0
    outer loop
      vertex 90.26592254638672 -5.558818817138672 3.799999237060547
      vertex 90.29144287109375 -5.430525779724121 2.3999996185302734
      vertex 90.29144287109375 -5.430525779724121 3.799999237060547
    endloop
  endfacet
  facet normal 0.9807834476157244 -0.19509953583495104 0
    outer loop
      vertex 90.29144287109375 -5.430525779724121 2.3999996185302734
      vertex 90.26592254638672 -5.558818817138672 3.799999237060547
      vertex 90.26592254638672 -5.558818817138672 2.3999996185302734
    endloop
  endfacet
  facet normal 0.4422841292133117 0.8968749907573644 0
    outer loop
      vertex 89.80000305175781 6.166025161743164 2.3999996185302734
      vertex 89.68268585205078 6.223878860473633 3.799999237060547
      vertex 89.80000305175781 6.166025161743164 3.799999237060547
    endloop
  endfacet
  facet normal 0.4422841292133117 0.8968749907573644 0
    outer loop
      vertex 89.68268585205078 6.223878860473633 3.799999237060547
      vertex 89.80000305175781 6.166025161743164 2.3999996185302734
      vertex 89.68268585205078 6.223878860473633 2.3999996185302734
    endloop
  endfacet
  facet normal -0.9469293718602809 0.32144169721474214 0
    outer loop
      vertex 0.034073829650878906 5.558818817138672 2.84999942779541
      vertex 0.07612037658691406 5.682682991027832 3.799999237060547
      vertex 0.07612037658691406 5.682682991027832 2.84999942779541
    endloop
  endfacet
  facet normal -0.9469293718602809 0.32144169721474214 0
    outer loop
      vertex 0.07612037658691406 5.682682991027832 3.799999237060547
      vertex 0.034073829650878906 5.558818817138672 2.84999942779541
      vertex 0.034073829650878906 5.558818817138672 3.799999237060547
    endloop
  endfacet
  facet normal 0.9469315910190027 -0.3214351597604406 0
    outer loop
      vertex 90.223876953125 -5.682682991027832 3.799999237060547
      vertex 90.26592254638672 -5.558818817138672 2.3999996185302734
      vertex 90.26592254638672 -5.558818817138672 3.799999237060547
    endloop
  endfacet
  facet normal 0.9469315910190027 -0.3214351597604406 0
    outer loop
      vertex 90.26592254638672 -5.558818817138672 2.3999996185302734
      vertex 90.223876953125 -5.682682991027832 3.799999237060547
      vertex 90.223876953125 -5.682682991027832 2.3999996185302734
    endloop
  endfacet
  facet normal 0.8968735645677046 -0.4422870212651728 0
    outer loop
      vertex 90.16602325439453 -5.799999237060547 3.799999237060547
      vertex 90.223876953125 -5.682682991027832 2.3999996185302734
      vertex 90.223876953125 -5.682682991027832 3.799999237060547
    endloop
  endfacet
  facet normal 0.8968735645677046 -0.4422870212651728 0
    outer loop
      vertex 90.223876953125 -5.682682991027832 2.3999996185302734
      vertex 90.16602325439453 -5.799999237060547 3.799999237060547
      vertex 90.16602325439453 -5.799999237060547 2.3999996185302734
    endloop
  endfacet
  facet normal -0.9978588121160642 -0.06540482461039983 0
    outer loop
      vertex 7.649999618530273 0 2.84999942779541
      vertex 7.635883331298828 0.21536731719970703 3.799999237060547
      vertex 7.635883331298828 0.21536731719970703 2.84999942779541
    endloop
  endfacet
  facet normal -0.9978588121160642 -0.06540482461039983 0
    outer loop
      vertex 7.635883331298828 0.21536731719970703 3.799999237060547
      vertex 7.649999618530273 0 2.84999942779541
      vertex 7.649999618530273 0 3.799999237060547
    endloop
  endfacet
  facet normal -0.9807850965455034 -0.1950912463290642 0
    outer loop
      vertex 7.635883331298828 0.21536731719970703 2.84999942779541
      vertex 7.593776702880859 0.4270505905151367 3.799999237060547
      vertex 7.593776702880859 0.4270505905151367 2.84999942779541
    endloop
  endfacet
  facet normal -0.9807850965455034 -0.1950912463290642 0
    outer loop
      vertex 7.593776702880859 0.4270505905151367 3.799999237060547
      vertex 7.635883331298828 0.21536731719970703 2.84999942779541
      vertex 7.635883331298828 0.21536731719970703 3.799999237060547
    endloop
  endfacet
  facet normal 0.7518423836331829 0.6593428775476184 0
    outer loop
      vertex 4.833272933959961 -1.1667261123657227 3.799999237060547
      vertex 4.690966606140137 -1.00445556640625 2.84999942779541
      vertex 4.690966606140137 -1.00445556640625 3.799999237060547
    endloop
  endfacet
  facet normal 0.7518423836331829 0.6593428775476184 0
    outer loop
      vertex 4.690966606140137 -1.00445556640625 2.84999942779541
      vertex 4.833272933959961 -1.1667261123657227 3.799999237060547
      vertex 4.833272933959961 -1.1667261123657227 2.84999942779541
    endloop
  endfacet
  facet normal -0.6593428775476184 -0.7518423836331829 0
    outer loop
      vertex 7.00445556640625 1.3090324401855469 2.84999942779541
      vertex 7.166726112365723 1.1667261123657227 3.799999237060547
      vertex 7.00445556640625 1.3090324401855469 3.799999237060547
    endloop
  endfacet
  facet normal -0.6593428775476184 -0.7518423836331829 0
    outer loop
      vertex 7.166726112365723 1.1667261123657227 3.799999237060547
      vertex 7.00445556640625 1.3090324401855469 2.84999942779541
      vertex 7.166726112365723 1.1667261123657227 2.84999942779541
    endloop
  endfacet
  facet normal 0.06540453622959 -0.9978588310179914 0
    outer loop
      vertex 5.784631729125977 1.6358833312988281 2.84999942779541
      vertex 6 1.6499996185302734 3.799999237060547
      vertex 5.784631729125977 1.6358833312988281 3.799999237060547
    endloop
  endfacet
  facet normal 0.06540453622959 -0.9978588310179914 0
    outer loop
      vertex 6 1.6499996185302734 3.799999237060547
      vertex 5.784631729125977 1.6358833312988281 2.84999942779541
      vertex 6 1.6499996185302734 2.84999942779541
    endloop
  endfacet
  facet normal 0.9807850965455034 0.1950912463290642 0
    outer loop
      vertex 4.406222343444824 -0.4270505905151367 3.799999237060547
      vertex 4.3641157150268555 -0.21536731719970703 2.84999942779541
      vertex 4.3641157150268555 -0.21536731719970703 3.799999237060547
    endloop
  endfacet
  facet normal 0.9807850965455034 0.1950912463290642 0
    outer loop
      vertex 4.3641157150268555 -0.21536731719970703 2.84999942779541
      vertex 4.406222343444824 -0.4270505905151367 3.799999237060547
      vertex 4.406222343444824 -0.4270505905151367 2.84999942779541
    endloop
  endfacet
  facet normal -0.9469306748580977 -0.3214378587111168 0
    outer loop
      vertex 7.593776702880859 0.4270505905151367 2.84999942779541
      vertex 7.52440071105957 0.6314268112182617 3.799999237060547
      vertex 7.52440071105957 0.6314268112182617 2.84999942779541
    endloop
  endfacet
  facet normal -0.9469306748580977 -0.3214378587111168 0
    outer loop
      vertex 7.52440071105957 0.6314268112182617 3.799999237060547
      vertex 7.593776702880859 0.4270505905151367 2.84999942779541
      vertex 7.593776702880859 0.4270505905151367 3.799999237060547
    endloop
  endfacet
  facet normal -0.9978588121160642 0.06540482461039983 0
    outer loop
      vertex 7.635883331298828 -0.21536731719970703 2.84999942779541
      vertex 7.649999618530273 0 3.799999237060547
      vertex 7.649999618530273 0 2.84999942779541
    endloop
  endfacet
  facet normal -0.9978588121160642 0.06540482461039983 0
    outer loop
      vertex 7.649999618530273 0 3.799999237060547
      vertex 7.635883331298828 -0.21536731719970703 2.84999942779541
      vertex 7.635883331298828 -0.21536731719970703 3.799999237060547
    endloop
  endfacet
  facet normal -0.44228625202051386 0.8968739439149999 0
    outer loop
      vertex 6.824999809265137 -1.4289417266845703 2.84999942779541
      vertex 6.631426811218262 -1.5244007110595703 3.799999237060547
      vertex 6.824999809265137 -1.4289417266845703 3.799999237060547
    endloop
  endfacet
  facet normal -0.44228625202051386 0.8968739439149999 0
    outer loop
      vertex 6.631426811218262 -1.5244007110595703 3.799999237060547
      vertex 6.824999809265137 -1.4289417266845703 2.84999942779541
      vertex 6.631426811218262 -1.5244007110595703 2.84999942779541
    endloop
  endfacet
  facet normal 0.8968739439149999 0.44228625202051386 0
    outer loop
      vertex 4.571057319641113 -0.8249998092651367 3.799999237060547
      vertex 4.475598335266113 -0.6314268112182617 2.84999942779541
      vertex 4.475598335266113 -0.6314268112182617 3.799999237060547
    endloop
  endfacet
  facet normal 0.8968739439149999 0.44228625202051386 0
    outer loop
      vertex 4.475598335266113 -0.6314268112182617 2.84999942779541
      vertex 4.571057319641113 -0.8249998092651367 3.799999237060547
      vertex 4.571057319641113 -0.8249998092651367 2.84999942779541
    endloop
  endfacet
  facet normal 0.3214378587111168 -0.9469306748580977 0
    outer loop
      vertex 5.368572235107422 1.5244007110595703 2.84999942779541
      vertex 5.572948455810547 1.5937767028808594 3.799999237060547
      vertex 5.368572235107422 1.5244007110595703 3.799999237060547
    endloop
  endfacet
  facet normal 0.3214378587111168 -0.9469306748580977 0
    outer loop
      vertex 5.572948455810547 1.5937767028808594 3.799999237060547
      vertex 5.368572235107422 1.5244007110595703 2.84999942779541
      vertex 5.572948455810547 1.5937767028808594 2.84999942779541
    endloop
  endfacet
  facet normal 0.3214378587111168 0.9469306748580977 0
    outer loop
      vertex 5.572948455810547 -1.5937767028808594 2.84999942779541
      vertex 5.368572235107422 -1.5244007110595703 3.799999237060547
      vertex 5.572948455810547 -1.5937767028808594 3.799999237060547
    endloop
  endfacet
  facet normal 0.3214378587111168 0.9469306748580977 0
    outer loop
      vertex 5.368572235107422 -1.5244007110595703 3.799999237060547
      vertex 5.572948455810547 -1.5937767028808594 2.84999942779541
      vertex 5.368572235107422 -1.5244007110595703 2.84999942779541
    endloop
  endfacet
  facet normal 0.9807850965455034 -0.1950912463290642 0
    outer loop
      vertex 4.3641157150268555 0.21536731719970703 3.799999237060547
      vertex 4.406222343444824 0.4270505905151367 2.84999942779541
      vertex 4.406222343444824 0.4270505905151367 3.799999237060547
    endloop
  endfacet
  facet normal 0.9807850965455034 -0.1950912463290642 0
    outer loop
      vertex 4.406222343444824 0.4270505905151367 2.84999942779541
      vertex 4.3641157150268555 0.21536731719970703 3.799999237060547
      vertex 4.3641157150268555 0.21536731719970703 2.84999942779541
    endloop
  endfacet
  facet normal 0.831467936179425 -0.5555727415069315 0
    outer loop
      vertex 4.571057319641113 0.8249998092651367 3.799999237060547
      vertex 4.690966606140137 1.00445556640625 2.84999942779541
      vertex 4.690966606140137 1.00445556640625 3.799999237060547
    endloop
  endfacet
  facet normal 0.831467936179425 -0.5555727415069315 0
    outer loop
      vertex 4.690966606140137 1.00445556640625 2.84999942779541
      vertex 4.571057319641113 0.8249998092651367 3.799999237060547
      vertex 4.571057319641113 0.8249998092651367 2.84999942779541
    endloop
  endfacet
  facet normal -0.3214378587111168 -0.9469306748580977 0
    outer loop
      vertex 6.427050590515137 1.5937767028808594 2.84999942779541
      vertex 6.631426811218262 1.5244007110595703 3.799999237060547
      vertex 6.427050590515137 1.5937767028808594 3.799999237060547
    endloop
  endfacet
  facet normal -0.3214378587111168 -0.9469306748580977 0
    outer loop
      vertex 6.631426811218262 1.5244007110595703 3.799999237060547
      vertex 6.427050590515137 1.5937767028808594 2.84999942779541
      vertex 6.631426811218262 1.5244007110595703 2.84999942779541
    endloop
  endfacet
  facet normal 0.7518423836331829 -0.6593428775476184 0
    outer loop
      vertex 4.690966606140137 1.00445556640625 3.799999237060547
      vertex 4.833272933959961 1.1667261123657227 2.84999942779541
      vertex 4.833272933959961 1.1667261123657227 3.799999237060547
    endloop
  endfacet
  facet normal 0.7518423836331829 -0.6593428775476184 0
    outer loop
      vertex 4.833272933959961 1.1667261123657227 2.84999942779541
      vertex 4.690966606140137 1.00445556640625 3.799999237060547
      vertex 4.690966606140137 1.00445556640625 2.84999942779541
    endloop
  endfacet
  facet normal 0.9978588121160642 -0.06540482461039983 0
    outer loop
      vertex 4.34999942779541 0 3.799999237060547
      vertex 4.3641157150268555 0.21536731719970703 2.84999942779541
      vertex 4.3641157150268555 0.21536731719970703 3.799999237060547
    endloop
  endfacet
  facet normal 0.9978588121160642 -0.06540482461039983 0
    outer loop
      vertex 4.3641157150268555 0.21536731719970703 2.84999942779541
      vertex 4.34999942779541 0 3.799999237060547
      vertex 4.34999942779541 0 2.84999942779541
    endloop
  endfacet
  facet normal -0.1950912463290642 -0.9807850965455034 0
    outer loop
      vertex 6.215367317199707 1.6358833312988281 2.84999942779541
      vertex 6.427050590515137 1.5937767028808594 3.799999237060547
      vertex 6.215367317199707 1.6358833312988281 3.799999237060547
    endloop
  endfacet
  facet normal -0.1950912463290642 -0.9807850965455034 0
    outer loop
      vertex 6.427050590515137 1.5937767028808594 3.799999237060547
      vertex 6.215367317199707 1.6358833312988281 2.84999942779541
      vertex 6.427050590515137 1.5937767028808594 2.84999942779541
    endloop
  endfacet
  facet normal -0.7518423836331829 -0.6593428775476184 0
    outer loop
      vertex 7.309032440185547 1.00445556640625 2.84999942779541
      vertex 7.166726112365723 1.1667261123657227 3.799999237060547
      vertex 7.166726112365723 1.1667261123657227 2.84999942779541
    endloop
  endfacet
  facet normal -0.7518423836331829 -0.6593428775476184 0
    outer loop
      vertex 7.166726112365723 1.1667261123657227 3.799999237060547
      vertex 7.309032440185547 1.00445556640625 2.84999942779541
      vertex 7.309032440185547 1.00445556640625 3.799999237060547
    endloop
  endfacet
  facet normal -0.06540482461039983 -0.9978588121160642 0
    outer loop
      vertex 6 1.6499996185302734 2.84999942779541
      vertex 6.215367317199707 1.6358833312988281 3.799999237060547
      vertex 6 1.6499996185302734 3.799999237060547
    endloop
  endfacet
  facet normal -0.06540482461039983 -0.9978588121160642 0
    outer loop
      vertex 6.215367317199707 1.6358833312988281 3.799999237060547
      vertex 6 1.6499996185302734 2.84999942779541
      vertex 6.215367317199707 1.6358833312988281 2.84999942779541
    endloop
  endfacet
  facet normal -0.5555727415069315 0.831467936179425 0
    outer loop
      vertex 7.00445556640625 -1.3090324401855469 2.84999942779541
      vertex 6.824999809265137 -1.4289417266845703 3.799999237060547
      vertex 7.00445556640625 -1.3090324401855469 3.799999237060547
    endloop
  endfacet
  facet normal -0.5555727415069315 0.831467936179425 0
    outer loop
      vertex 6.824999809265137 -1.4289417266845703 3.799999237060547
      vertex 7.00445556640625 -1.3090324401855469 2.84999942779541
      vertex 6.824999809265137 -1.4289417266845703 2.84999942779541
    endloop
  endfacet
  facet normal 0.44228625202051386 -0.8968739439149999 0
    outer loop
      vertex 5.174999237060547 1.4289417266845703 2.84999942779541
      vertex 5.368572235107422 1.5244007110595703 3.799999237060547
      vertex 5.174999237060547 1.4289417266845703 3.799999237060547
    endloop
  endfacet
  facet normal 0.44228625202051386 -0.8968739439149999 0
    outer loop
      vertex 5.368572235107422 1.5244007110595703 3.799999237060547
      vertex 5.174999237060547 1.4289417266845703 2.84999942779541
      vertex 5.368572235107422 1.5244007110595703 2.84999942779541
    endloop
  endfacet
  facet normal 0.9469306748580977 0.3214378587111168 0
    outer loop
      vertex 4.475598335266113 -0.6314268112182617 3.799999237060547
      vertex 4.406222343444824 -0.4270505905151367 2.84999942779541
      vertex 4.406222343444824 -0.4270505905151367 3.799999237060547
    endloop
  endfacet
  facet normal 0.9469306748580977 0.3214378587111168 0
    outer loop
      vertex 4.406222343444824 -0.4270505905151367 2.84999942779541
      vertex 4.475598335266113 -0.6314268112182617 3.799999237060547
      vertex 4.475598335266113 -0.6314268112182617 2.84999942779541
    endloop
  endfacet
  facet normal -0.8968739439149999 -0.44228625202051386 0
    outer loop
      vertex 7.52440071105957 0.6314268112182617 2.84999942779541
      vertex 7.42894172668457 0.8249998092651367 3.799999237060547
      vertex 7.42894172668457 0.8249998092651367 2.84999942779541
    endloop
  endfacet
  facet normal -0.8968739439149999 -0.44228625202051386 0
    outer loop
      vertex 7.42894172668457 0.8249998092651367 3.799999237060547
      vertex 7.52440071105957 0.6314268112182617 2.84999942779541
      vertex 7.52440071105957 0.6314268112182617 3.799999237060547
    endloop
  endfacet
  facet normal -0.831467936179425 -0.5555727415069315 0
    outer loop
      vertex 7.42894172668457 0.8249998092651367 2.84999942779541
      vertex 7.309032440185547 1.00445556640625 3.799999237060547
      vertex 7.309032440185547 1.00445556640625 2.84999942779541
    endloop
  endfacet
  facet normal -0.831467936179425 -0.5555727415069315 0
    outer loop
      vertex 7.309032440185547 1.00445556640625 3.799999237060547
      vertex 7.42894172668457 0.8249998092651367 2.84999942779541
      vertex 7.42894172668457 0.8249998092651367 3.799999237060547
    endloop
  endfacet
  facet normal -0.8968739439149999 0.44228625202051386 0
    outer loop
      vertex 7.42894172668457 -0.8249998092651367 2.84999942779541
      vertex 7.52440071105957 -0.6314268112182617 3.799999237060547
      vertex 7.52440071105957 -0.6314268112182617 2.84999942779541
    endloop
  endfacet
  facet normal -0.8968739439149999 0.44228625202051386 0
    outer loop
      vertex 7.52440071105957 -0.6314268112182617 3.799999237060547
      vertex 7.42894172668457 -0.8249998092651367 2.84999942779541
      vertex 7.42894172668457 -0.8249998092651367 3.799999237060547
    endloop
  endfacet
  facet normal 0.9978588121160642 0.06540482461039983 0
    outer loop
      vertex 4.3641157150268555 -0.21536731719970703 3.799999237060547
      vertex 4.34999942779541 0 2.84999942779541
      vertex 4.34999942779541 0 3.799999237060547
    endloop
  endfacet
  facet normal 0.9978588121160642 0.06540482461039983 0
    outer loop
      vertex 4.34999942779541 0 2.84999942779541
      vertex 4.3641157150268555 -0.21536731719970703 3.799999237060547
      vertex 4.3641157150268555 -0.21536731719970703 2.84999942779541
    endloop
  endfacet
  facet normal -0.06540482461039983 0.9978588121160642 0
    outer loop
      vertex 6.215367317199707 -1.6358833312988281 2.84999942779541
      vertex 6 -1.6499996185302734 3.799999237060547
      vertex 6.215367317199707 -1.6358833312988281 3.799999237060547
    endloop
  endfacet
  facet normal -0.06540482461039983 0.9978588121160642 0
    outer loop
      vertex 6 -1.6499996185302734 3.799999237060547
      vertex 6.215367317199707 -1.6358833312988281 2.84999942779541
      vertex 6 -1.6499996185302734 2.84999942779541
    endloop
  endfacet
  facet normal -0.5555727415069315 -0.831467936179425 0
    outer loop
      vertex 6.824999809265137 1.4289417266845703 2.84999942779541
      vertex 7.00445556640625 1.3090324401855469 3.799999237060547
      vertex 6.824999809265137 1.4289417266845703 3.799999237060547
    endloop
  endfacet
  facet normal -0.5555727415069315 -0.831467936179425 0
    outer loop
      vertex 7.00445556640625 1.3090324401855469 3.799999237060547
      vertex 6.824999809265137 1.4289417266845703 2.84999942779541
      vertex 7.00445556640625 1.3090324401855469 2.84999942779541
    endloop
  endfacet
  facet normal -0.44228625202051386 -0.8968739439149999 0
    outer loop
      vertex 6.631426811218262 1.5244007110595703 2.84999942779541
      vertex 6.824999809265137 1.4289417266845703 3.799999237060547
      vertex 6.631426811218262 1.5244007110595703 3.799999237060547
    endloop
  endfacet
  facet normal -0.44228625202051386 -0.8968739439149999 0
    outer loop
      vertex 6.824999809265137 1.4289417266845703 3.799999237060547
      vertex 6.631426811218262 1.5244007110595703 2.84999942779541
      vertex 6.824999809265137 1.4289417266845703 2.84999942779541
    endloop
  endfacet
  facet normal -0.6593428775476184 0.7518423836331829 0
    outer loop
      vertex 7.166726112365723 -1.1667261123657227 2.84999942779541
      vertex 7.00445556640625 -1.3090324401855469 3.799999237060547
      vertex 7.166726112365723 -1.1667261123657227 3.799999237060547
    endloop
  endfacet
  facet normal -0.6593428775476184 0.7518423836331829 0
    outer loop
      vertex 7.00445556640625 -1.3090324401855469 3.799999237060547
      vertex 7.166726112365723 -1.1667261123657227 2.84999942779541
      vertex 7.00445556640625 -1.3090324401855469 2.84999942779541
    endloop
  endfacet
  facet normal 0.44228625202051386 0.8968739439149999 0
    outer loop
      vertex 5.368572235107422 -1.5244007110595703 2.84999942779541
      vertex 5.174999237060547 -1.4289417266845703 3.799999237060547
      vertex 5.368572235107422 -1.5244007110595703 3.799999237060547
    endloop
  endfacet
  facet normal 0.44228625202051386 0.8968739439149999 0
    outer loop
      vertex 5.174999237060547 -1.4289417266845703 3.799999237060547
      vertex 5.368572235107422 -1.5244007110595703 2.84999942779541
      vertex 5.174999237060547 -1.4289417266845703 2.84999942779541
    endloop
  endfacet
  facet normal 0.8968739439149999 -0.44228625202051386 0
    outer loop
      vertex 4.475598335266113 0.6314268112182617 3.799999237060547
      vertex 4.571057319641113 0.8249998092651367 2.84999942779541
      vertex 4.571057319641113 0.8249998092651367 3.799999237060547
    endloop
  endfacet
  facet normal 0.8968739439149999 -0.44228625202051386 0
    outer loop
      vertex 4.571057319641113 0.8249998092651367 2.84999942779541
      vertex 4.475598335266113 0.6314268112182617 3.799999237060547
      vertex 4.475598335266113 0.6314268112182617 2.84999942779541
    endloop
  endfacet
  facet normal 0.06540453622959 0.9978588310179914 0
    outer loop
      vertex 6 -1.6499996185302734 2.84999942779541
      vertex 5.784631729125977 -1.6358833312988281 3.799999237060547
      vertex 6 -1.6499996185302734 3.799999237060547
    endloop
  endfacet
  facet normal 0.06540453622959 0.9978588310179914 0
    outer loop
      vertex 5.784631729125977 -1.6358833312988281 3.799999237060547
      vertex 6 -1.6499996185302734 2.84999942779541
      vertex 5.784631729125977 -1.6358833312988281 2.84999942779541
    endloop
  endfacet
  facet normal -0.831467936179425 0.5555727415069315 0
    outer loop
      vertex 7.309032440185547 -1.00445556640625 2.84999942779541
      vertex 7.42894172668457 -0.8249998092651367 3.799999237060547
      vertex 7.42894172668457 -0.8249998092651367 2.84999942779541
    endloop
  endfacet
  facet normal -0.831467936179425 0.5555727415069315 0
    outer loop
      vertex 7.42894172668457 -0.8249998092651367 3.799999237060547
      vertex 7.309032440185547 -1.00445556640625 2.84999942779541
      vertex 7.309032440185547 -1.00445556640625 3.799999237060547
    endloop
  endfacet
  facet normal 0.6593428775476184 0.7518423836331829 0
    outer loop
      vertex 4.995543479919434 -1.3090324401855469 2.84999942779541
      vertex 4.833272933959961 -1.1667261123657227 3.799999237060547
      vertex 4.995543479919434 -1.3090324401855469 3.799999237060547
    endloop
  endfacet
  facet normal 0.6593428775476184 0.7518423836331829 0
    outer loop
      vertex 4.833272933959961 -1.1667261123657227 3.799999237060547
      vertex 4.995543479919434 -1.3090324401855469 2.84999942779541
      vertex 4.833272933959961 -1.1667261123657227 2.84999942779541
    endloop
  endfacet
  facet normal 0.6593428775476184 -0.7518423836331829 0
    outer loop
      vertex 4.833272933959961 1.1667261123657227 2.84999942779541
      vertex 4.995543479919434 1.3090324401855469 3.799999237060547
      vertex 4.833272933959961 1.1667261123657227 3.799999237060547
    endloop
  endfacet
  facet normal 0.6593428775476184 -0.7518423836331829 0
    outer loop
      vertex 4.995543479919434 1.3090324401855469 3.799999237060547
      vertex 4.833272933959961 1.1667261123657227 2.84999942779541
      vertex 4.995543479919434 1.3090324401855469 2.84999942779541
    endloop
  endfacet
  facet normal -0.9807850965455034 0.1950912463290642 0
    outer loop
      vertex 7.593776702880859 -0.4270505905151367 2.84999942779541
      vertex 7.635883331298828 -0.21536731719970703 3.799999237060547
      vertex 7.635883331298828 -0.21536731719970703 2.84999942779541
    endloop
  endfacet
  facet normal -0.9807850965455034 0.1950912463290642 0
    outer loop
      vertex 7.635883331298828 -0.21536731719970703 3.799999237060547
      vertex 7.593776702880859 -0.4270505905151367 2.84999942779541
      vertex 7.593776702880859 -0.4270505905151367 3.799999237060547
    endloop
  endfacet
  facet normal -0.9469306748580977 0.3214378587111168 0
    outer loop
      vertex 7.52440071105957 -0.6314268112182617 2.84999942779541
      vertex 7.593776702880859 -0.4270505905151367 3.799999237060547
      vertex 7.593776702880859 -0.4270505905151367 2.84999942779541
    endloop
  endfacet
  facet normal -0.9469306748580977 0.3214378587111168 0
    outer loop
      vertex 7.593776702880859 -0.4270505905151367 3.799999237060547
      vertex 7.52440071105957 -0.6314268112182617 2.84999942779541
      vertex 7.52440071105957 -0.6314268112182617 3.799999237060547
    endloop
  endfacet
  facet normal -0.7518423836331829 0.6593428775476184 0
    outer loop
      vertex 7.166726112365723 -1.1667261123657227 2.84999942779541
      vertex 7.309032440185547 -1.00445556640625 3.799999237060547
      vertex 7.309032440185547 -1.00445556640625 2.84999942779541
    endloop
  endfacet
  facet normal -0.7518423836331829 0.6593428775476184 0
    outer loop
      vertex 7.309032440185547 -1.00445556640625 3.799999237060547
      vertex 7.166726112365723 -1.1667261123657227 2.84999942779541
      vertex 7.166726112365723 -1.1667261123657227 3.799999237060547
    endloop
  endfacet
  facet normal -0.3214378587111168 0.9469306748580977 0
    outer loop
      vertex 6.631426811218262 -1.5244007110595703 2.84999942779541
      vertex 6.427050590515137 -1.5937767028808594 3.799999237060547
      vertex 6.631426811218262 -1.5244007110595703 3.799999237060547
    endloop
  endfacet
  facet normal -0.3214378587111168 0.9469306748580977 0
    outer loop
      vertex 6.427050590515137 -1.5937767028808594 3.799999237060547
      vertex 6.631426811218262 -1.5244007110595703 2.84999942779541
      vertex 6.427050590515137 -1.5937767028808594 2.84999942779541
    endloop
  endfacet
  facet normal 0.9469306748580977 -0.3214378587111168 0
    outer loop
      vertex 4.406222343444824 0.4270505905151367 3.799999237060547
      vertex 4.475598335266113 0.6314268112182617 2.84999942779541
      vertex 4.475598335266113 0.6314268112182617 3.799999237060547
    endloop
  endfacet
  facet normal 0.9469306748580977 -0.3214378587111168 0
    outer loop
      vertex 4.475598335266113 0.6314268112182617 2.84999942779541
      vertex 4.406222343444824 0.4270505905151367 3.799999237060547
      vertex 4.406222343444824 0.4270505905151367 2.84999942779541
    endloop
  endfacet
  facet normal 0.1950912463290642 -0.9807850965455034 0
    outer loop
      vertex 5.572948455810547 1.5937767028808594 2.84999942779541
      vertex 5.784631729125977 1.6358833312988281 3.799999237060547
      vertex 5.572948455810547 1.5937767028808594 3.799999237060547
    endloop
  endfacet
  facet normal 0.1950912463290642 -0.9807850965455034 0
    outer loop
      vertex 5.784631729125977 1.6358833312988281 3.799999237060547
      vertex 5.572948455810547 1.5937767028808594 2.84999942779541
      vertex 5.784631729125977 1.6358833312988281 2.84999942779541
    endloop
  endfacet
  facet normal 0.5555727415069315 -0.831467936179425 0
    outer loop
      vertex 4.995543479919434 1.3090324401855469 2.84999942779541
      vertex 5.174999237060547 1.4289417266845703 3.799999237060547
      vertex 4.995543479919434 1.3090324401855469 3.799999237060547
    endloop
  endfacet
  facet normal 0.5555727415069315 -0.831467936179425 0
    outer loop
      vertex 5.174999237060547 1.4289417266845703 3.799999237060547
      vertex 4.995543479919434 1.3090324401855469 2.84999942779541
      vertex 5.174999237060547 1.4289417266845703 2.84999942779541
    endloop
  endfacet
  facet normal -0.1950912463290642 0.9807850965455034 0
    outer loop
      vertex 6.427050590515137 -1.5937767028808594 2.84999942779541
      vertex 6.215367317199707 -1.6358833312988281 3.799999237060547
      vertex 6.427050590515137 -1.5937767028808594 3.799999237060547
    endloop
  endfacet
  facet normal -0.1950912463290642 0.9807850965455034 0
    outer loop
      vertex 6.215367317199707 -1.6358833312988281 3.799999237060547
      vertex 6.427050590515137 -1.5937767028808594 2.84999942779541
      vertex 6.215367317199707 -1.6358833312988281 2.84999942779541
    endloop
  endfacet
  facet normal 0.831467936179425 0.5555727415069315 0
    outer loop
      vertex 4.690966606140137 -1.00445556640625 3.799999237060547
      vertex 4.571057319641113 -0.8249998092651367 2.84999942779541
      vertex 4.571057319641113 -0.8249998092651367 3.799999237060547
    endloop
  endfacet
  facet normal 0.831467936179425 0.5555727415069315 0
    outer loop
      vertex 4.571057319641113 -0.8249998092651367 2.84999942779541
      vertex 4.690966606140137 -1.00445556640625 3.799999237060547
      vertex 4.690966606140137 -1.00445556640625 2.84999942779541
    endloop
  endfacet
  facet normal 0.1950912463290642 0.9807850965455034 0
    outer loop
      vertex 5.784631729125977 -1.6358833312988281 2.84999942779541
      vertex 5.572948455810547 -1.5937767028808594 3.799999237060547
      vertex 5.784631729125977 -1.6358833312988281 3.799999237060547
    endloop
  endfacet
  facet normal 0.1950912463290642 0.9807850965455034 0
    outer loop
      vertex 5.572948455810547 -1.5937767028808594 3.799999237060547
      vertex 5.784631729125977 -1.6358833312988281 2.84999942779541
      vertex 5.572948455810547 -1.5937767028808594 2.84999942779541
    endloop
  endfacet
  facet normal 0.5555727415069315 0.831467936179425 0
    outer loop
      vertex 5.174999237060547 -1.4289417266845703 2.84999942779541
      vertex 4.995543479919434 -1.3090324401855469 3.799999237060547
      vertex 5.174999237060547 -1.4289417266845703 3.799999237060547
    endloop
  endfacet
  facet normal 0.5555727415069315 0.831467936179425 0
    outer loop
      vertex 4.995543479919434 -1.3090324401855469 3.799999237060547
      vertex 5.174999237060547 -1.4289417266845703 2.84999942779541
      vertex 4.995543479919434 -1.3090324401855469 2.84999942779541
    endloop
  endfacet
  facet normal -1 0 0
    outer loop
      vertex 21.899999618530273 4.399999618530273 0
      vertex 21.899999618530273 -3.4526312351226807 2.3999996185302734
      vertex 21.899999618530273 3.4526312351226807 2.3999996185302734
    endloop
  endfacet
  facet normal -1 0 0
    outer loop
      vertex 21.899999618530273 -3.4526312351226807 2.3999996185302734
      vertex 21.899999618530273 4.399999618530273 0
      vertex 21.899999618530273 -4.399999618530273 0
    endloop
  endfacet
  facet normal -1 0 0
    outer loop
      vertex 21.899999618530273 3.4526312351226807 2.3999996185302734
      vertex 21.899999618530273 6.299999237060547 2.84999942779541
      vertex 21.899999618530273 6.299999237060547 2.3999996185302734
    endloop
  endfacet
  facet normal -1 0 0
    outer loop
      vertex 21.899999618530273 -3.4526312351226807 2.3999996185302734
      vertex 21.899999618530273 6.299999237060547 2.84999942779541
      vertex 21.899999618530273 3.4526312351226807 2.3999996185302734
    endloop
  endfacet
  facet normal -1 0 0
    outer loop
      vertex 21.899999618530273 -6.299999237060547 2.84999942779541
      vertex 21.899999618530273 -3.4526312351226807 2.3999996185302734
      vertex 21.899999618530273 -6.299999237060547 2.3999996185302734
    endloop
  endfacet
  facet normal -1 0 0
    outer loop
      vertex 21.899999618530273 -3.4526312351226807 2.3999996185302734
      vertex 21.899999618530273 -6.299999237060547 2.84999942779541
      vertex 21.899999618530273 6.299999237060547 2.84999942779541
    endloop
  endfacet
  facet normal 0 0 -1
    outer loop
      vertex 21.899999618530273 -6.299999237060547 2.84999942779541
      vertex 7.649999618530273 0 2.84999942779541
      vertex 21.899999618530273 6.299999237060547 2.84999942779541
    endloop
  endfacet
  facet normal 0 0 -1
    outer loop
      vertex 21.899999618530273 -6.299999237060547 2.84999942779541
      vertex 7.635883331298828 -0.21536731719970703 2.84999942779541
      vertex 7.649999618530273 0 2.84999942779541
    endloop
  endfacet
  facet normal 0 0 -1
    outer loop
      vertex 21.899999618530273 -6.299999237060547 2.84999942779541
      vertex 7.593776702880859 -0.4270505905151367 2.84999942779541
      vertex 7.635883331298828 -0.21536731719970703 2.84999942779541
    endloop
  endfacet
  facet normal 0 0 -1
    outer loop
      vertex 21.899999618530273 -6.299999237060547 2.84999942779541
      vertex 7.52440071105957 -0.6314268112182617 2.84999942779541
      vertex 7.593776702880859 -0.4270505905151367 2.84999942779541
    endloop
  endfacet
  facet normal 0 0 -1
    outer loop
      vertex 21.899999618530273 -6.299999237060547 2.84999942779541
      vertex 7.42894172668457 -0.8249998092651367 2.84999942779541
      vertex 7.52440071105957 -0.6314268112182617 2.84999942779541
    endloop
  endfacet
  facet normal 0 0 -1
    outer loop
      vertex 21.899999618530273 -6.299999237060547 2.84999942779541
      vertex 7.309032440185547 -1.00445556640625 2.84999942779541
      vertex 7.42894172668457 -0.8249998092651367 2.84999942779541
    endloop
  endfacet
  facet normal 0 0 -1
    outer loop
      vertex 21.899999618530273 -6.299999237060547 2.84999942779541
      vertex 7.166726112365723 -1.1667261123657227 2.84999942779541
      vertex 7.309032440185547 -1.00445556640625 2.84999942779541
    endloop
  endfacet
  facet normal 0 0 -1
    outer loop
      vertex 21.899999618530273 -6.299999237060547 2.84999942779541
      vertex 7.00445556640625 -1.3090324401855469 2.84999942779541
      vertex 7.166726112365723 -1.1667261123657227 2.84999942779541
    endloop
  endfacet
  facet normal 0 0 -1
    outer loop
      vertex 21.899999618530273 -6.299999237060547 2.84999942779541
      vertex 6.824999809265137 -1.4289417266845703 2.84999942779541
      vertex 7.00445556640625 -1.3090324401855469 2.84999942779541
    endloop
  endfacet
  facet normal 0 0 -1
    outer loop
      vertex 21.899999618530273 -6.299999237060547 2.84999942779541
      vertex 6.631426811218262 -1.5244007110595703 2.84999942779541
      vertex 6.824999809265137 -1.4289417266845703 2.84999942779541
    endloop
  endfacet
  facet normal 0 0 -1
    outer loop
      vertex 1 -6.299999237060547 2.84999942779541
      vertex 6.631426811218262 -1.5244007110595703 2.84999942779541
      vertex 21.899999618530273 -6.299999237060547 2.84999942779541
    endloop
  endfacet
  facet normal 0 0 -1
    outer loop
      vertex 6.631426811218262 -1.5244007110595703 2.84999942779541
      vertex 1 -6.299999237060547 2.84999942779541
      vertex 6.427050590515137 -1.5937767028808594 2.84999942779541
    endloop
  endfacet
  facet normal 0 0 -1
    outer loop
      vertex 6.427050590515137 -1.5937767028808594 2.84999942779541
      vertex 1 -6.299999237060547 2.84999942779541
      vertex 6.215367317199707 -1.6358833312988281 2.84999942779541
    endloop
  endfacet
  facet normal 0 0 -1
    outer loop
      vertex 6.215367317199707 -1.6358833312988281 2.84999942779541
      vertex 1 -6.299999237060547 2.84999942779541
      vertex 6 -1.6499996185302734 2.84999942779541
    endloop
  endfacet
  facet normal 0 0 -1
    outer loop
      vertex 6 -1.6499996185302734 2.84999942779541
      vertex 1 -6.299999237060547 2.84999942779541
      vertex 5.784631729125977 -1.6358833312988281 2.84999942779541
    endloop
  endfacet
  facet normal 0 0 -1
    outer loop
      vertex 4.406222343444824 -0.4270505905151367 2.84999942779541
      vertex 0 -5.299999237060547 2.84999942779541
      vertex 4.3641157150268555 -0.21536731719970703 2.84999942779541
    endloop
  endfacet
  facet normal 0 0 -1
    outer loop
      vertex 4.475598335266113 -0.6314268112182617 2.84999942779541
      vertex 0 -5.299999237060547 2.84999942779541
      vertex 4.406222343444824 -0.4270505905151367 2.84999942779541
    endloop
  endfacet
  facet normal 0 0 -1
    outer loop
      vertex 4.571057319641113 -0.8249998092651367 2.84999942779541
      vertex 0 -5.299999237060547 2.84999942779541
      vertex 4.475598335266113 -0.6314268112182617 2.84999942779541
    endloop
  endfacet
  facet normal 0 0 -1
    outer loop
      vertex 4.690966606140137 -1.00445556640625 2.84999942779541
      vertex 0 -5.299999237060547 2.84999942779541
      vertex 4.571057319641113 -0.8249998092651367 2.84999942779541
    endloop
  endfacet
  facet normal 0 0 -1
    outer loop
      vertex 4.833272933959961 -1.1667261123657227 2.84999942779541
      vertex 0 -5.299999237060547 2.84999942779541
      vertex 4.690966606140137 -1.00445556640625 2.84999942779541
    endloop
  endfacet
  facet normal 0 0 -1
    outer loop
      vertex 0 -5.299999237060547 2.84999942779541
      vertex 4.833272933959961 -1.1667261123657227 2.84999942779541
      vertex 1 -6.299999237060547 2.84999942779541
    endloop
  endfacet
  facet normal 0 0 -1
    outer loop
      vertex 4.995543479919434 -1.3090324401855469 2.84999942779541
      vertex 1 -6.299999237060547 2.84999942779541
      vertex 4.833272933959961 -1.1667261123657227 2.84999942779541
    endloop
  endfacet
  facet normal 0 0 -1
    outer loop
      vertex 5.174999237060547 -1.4289417266845703 2.84999942779541
      vertex 1 -6.299999237060547 2.84999942779541
      vertex 4.995543479919434 -1.3090324401855469 2.84999942779541
    endloop
  endfacet
  facet normal 0 0 -1
    outer loop
      vertex 5.368572235107422 -1.5244007110595703 2.84999942779541
      vertex 1 -6.299999237060547 2.84999942779541
      vertex 5.174999237060547 -1.4289417266845703 2.84999942779541
    endloop
  endfacet
  facet normal 0 0 -1
    outer loop
      vertex 5.572948455810547 -1.5937767028808594 2.84999942779541
      vertex 1 -6.299999237060547 2.84999942779541
      vertex 5.368572235107422 -1.5244007110595703 2.84999942779541
    endloop
  endfacet
  facet normal 0 0 -1
    outer loop
      vertex 5.784631729125977 -1.6358833312988281 2.84999942779541
      vertex 1 -6.299999237060547 2.84999942779541
      vertex 5.572948455810547 -1.5937767028808594 2.84999942779541
    endloop
  endfacet
  facet normal 0 0 -1
    outer loop
      vertex 7.635883331298828 0.21536731719970703 2.84999942779541
      vertex 21.899999618530273 6.299999237060547 2.84999942779541
      vertex 7.649999618530273 0 2.84999942779541
    endloop
  endfacet
  facet normal 0 0 -1
    outer loop
      vertex 7.593776702880859 0.4270505905151367 2.84999942779541
      vertex 21.899999618530273 6.299999237060547 2.84999942779541
      vertex 7.635883331298828 0.21536731719970703 2.84999942779541
    endloop
  endfacet
  facet normal 0 0 -1
    outer loop
      vertex 7.52440071105957 0.6314268112182617 2.84999942779541
      vertex 21.899999618530273 6.299999237060547 2.84999942779541
      vertex 7.593776702880859 0.4270505905151367 2.84999942779541
    endloop
  endfacet
  facet normal 0 0 -1
    outer loop
      vertex 7.42894172668457 0.8249998092651367 2.84999942779541
      vertex 21.899999618530273 6.299999237060547 2.84999942779541
      vertex 7.52440071105957 0.6314268112182617 2.84999942779541
    endloop
  endfacet
  facet normal 0 0 -1
    outer loop
      vertex 7.309032440185547 1.00445556640625 2.84999942779541
      vertex 21.899999618530273 6.299999237060547 2.84999942779541
      vertex 7.42894172668457 0.8249998092651367 2.84999942779541
    endloop
  endfacet
  facet normal 0 0 -1
    outer loop
      vertex 7.166726112365723 1.1667261123657227 2.84999942779541
      vertex 21.899999618530273 6.299999237060547 2.84999942779541
      vertex 7.309032440185547 1.00445556640625 2.84999942779541
    endloop
  endfacet
  facet normal 0 0 -1
    outer loop
      vertex 7.00445556640625 1.3090324401855469 2.84999942779541
      vertex 21.899999618530273 6.299999237060547 2.84999942779541
      vertex 7.166726112365723 1.1667261123657227 2.84999942779541
    endloop
  endfacet
  facet normal 0 0 -1
    outer loop
      vertex 6.824999809265137 1.4289417266845703 2.84999942779541
      vertex 21.899999618530273 6.299999237060547 2.84999942779541
      vertex 7.00445556640625 1.3090324401855469 2.84999942779541
    endloop
  endfacet
  facet normal 0 0 -1
    outer loop
      vertex 6.631426811218262 1.5244007110595703 2.84999942779541
      vertex 21.899999618530273 6.299999237060547 2.84999942779541
      vertex 6.824999809265137 1.4289417266845703 2.84999942779541
    endloop
  endfacet
  facet normal 0 0 -1
    outer loop
      vertex 1 6.299999237060547 2.84999942779541
      vertex 6.631426811218262 1.5244007110595703 2.84999942779541
      vertex 6.427050590515137 1.5937767028808594 2.84999942779541
    endloop
  endfacet
  facet normal 0 0 -1
    outer loop
      vertex 1 6.299999237060547 2.84999942779541
      vertex 6.427050590515137 1.5937767028808594 2.84999942779541
      vertex 6.215367317199707 1.6358833312988281 2.84999942779541
    endloop
  endfacet
  facet normal 0 0 -1
    outer loop
      vertex 1 6.299999237060547 2.84999942779541
      vertex 6.215367317199707 1.6358833312988281 2.84999942779541
      vertex 6 1.6499996185302734 2.84999942779541
    endloop
  endfacet
  facet normal 0 0 -1
    outer loop
      vertex 1 6.299999237060547 2.84999942779541
      vertex 6 1.6499996185302734 2.84999942779541
      vertex 5.784631729125977 1.6358833312988281 2.84999942779541
    endloop
  endfacet
  facet normal 0 0 -1
    outer loop
      vertex 1 6.299999237060547 2.84999942779541
      vertex 5.784631729125977 1.6358833312988281 2.84999942779541
      vertex 5.572948455810547 1.5937767028808594 2.84999942779541
    endloop
  endfacet
  facet normal 0 0 -1
    outer loop
      vertex 4.3641157150268555 -0.21536731719970703 2.84999942779541
      vertex 0 -5.299999237060547 2.84999942779541
      vertex 4.34999942779541 0 2.84999942779541
    endloop
  endfacet
  facet normal 0 0 -1
    outer loop
      vertex 0 5.299999237060547 2.84999942779541
      vertex 4.34999942779541 0 2.84999942779541
      vertex 0 -5.299999237060547 2.84999942779541
    endloop
  endfacet
  facet normal 0 0 -1
    outer loop
      vertex 4.34999942779541 0 2.84999942779541
      vertex 0 5.299999237060547 2.84999942779541
      vertex 4.3641157150268555 0.21536731719970703 2.84999942779541
    endloop
  endfacet
  facet normal 0 0 -1
    outer loop
      vertex 4.3641157150268555 0.21536731719970703 2.84999942779541
      vertex 0 5.299999237060547 2.84999942779541
      vertex 4.406222343444824 0.4270505905151367 2.84999942779541
    endloop
  endfacet
  facet normal 0 0 -1
    outer loop
      vertex 6.631426811218262 1.5244007110595703 2.84999942779541
      vertex 1 6.299999237060547 2.84999942779541
      vertex 21.899999618530273 6.299999237060547 2.84999942779541
    endloop
  endfacet
  facet normal 0 0 -1
    outer loop
      vertex 5.368572235107422 1.5244007110595703 2.84999942779541
      vertex 1 6.299999237060547 2.84999942779541
      vertex 5.572948455810547 1.5937767028808594 2.84999942779541
    endloop
  endfacet
  facet normal 0 0 -1
    outer loop
      vertex 5.174999237060547 1.4289417266845703 2.84999942779541
      vertex 1 6.299999237060547 2.84999942779541
      vertex 5.368572235107422 1.5244007110595703 2.84999942779541
    endloop
  endfacet
  facet normal 0 0 -1
    outer loop
      vertex 4.995543479919434 1.3090324401855469 2.84999942779541
      vertex 1 6.299999237060547 2.84999942779541
      vertex 5.174999237060547 1.4289417266845703 2.84999942779541
    endloop
  endfacet
  facet normal 0 0 -1
    outer loop
      vertex 4.833272933959961 1.1667261123657227 2.84999942779541
      vertex 1 6.299999237060547 2.84999942779541
      vertex 4.995543479919434 1.3090324401855469 2.84999942779541
    endloop
  endfacet
  facet normal 0 0 -1
    outer loop
      vertex 0 5.299999237060547 2.84999942779541
      vertex 4.833272933959961 1.1667261123657227 2.84999942779541
      vertex 4.690966606140137 1.00445556640625 2.84999942779541
    endloop
  endfacet
  facet normal 0 0 -1
    outer loop
      vertex 0 5.299999237060547 2.84999942779541
      vertex 4.690966606140137 1.00445556640625 2.84999942779541
      vertex 4.571057319641113 0.8249998092651367 2.84999942779541
    endloop
  endfacet
  facet normal 0 0 -1
    outer loop
      vertex 4.406222343444824 0.4270505905151367 2.84999942779541
      vertex 0 5.299999237060547 2.84999942779541
      vertex 4.475598335266113 0.6314268112182617 2.84999942779541
    endloop
  endfacet
  facet normal 0 0 -1
    outer loop
      vertex 0 -5.299999237060547 2.84999942779541
      vertex 1 -6.299999237060547 2.84999942779541
      vertex 0.8694734573364258 -6.291444778442383 2.84999942779541
    endloop
  endfacet
  facet normal 0 0 -1
    outer loop
      vertex 4.475598335266113 0.6314268112182617 2.84999942779541
      vertex 0 5.299999237060547 2.84999942779541
      vertex 4.571057319641113 0.8249998092651367 2.84999942779541
    endloop
  endfacet
  facet normal 0 0 -1
    outer loop
      vertex 0 -5.299999237060547 2.84999942779541
      vertex 0.8694734573364258 -6.291444778442383 2.84999942779541
      vertex 0.741180419921875 -6.265925407409668 2.84999942779541
    endloop
  endfacet
  facet normal 0 0 -1
    outer loop
      vertex 4.833272933959961 1.1667261123657227 2.84999942779541
      vertex 0 5.299999237060547 2.84999942779541
      vertex 1 6.299999237060547 2.84999942779541
    endloop
  endfacet
  facet normal 0 0 -1
    outer loop
      vertex 0 -5.299999237060547 2.84999942779541
      vertex 0.741180419921875 -6.265925407409668 2.84999942779541
      vertex 0.6173162460327148 -6.223878860473633 2.84999942779541
    endloop
  endfacet
  facet normal 0 0 -1
    outer loop
      vertex 1 6.299999237060547 2.84999942779541
      vertex 0 5.299999237060547 2.84999942779541
      vertex 0.8694734573364258 6.291444778442383 2.84999942779541
    endloop
  endfacet
  facet normal 0 0 -1
    outer loop
      vertex 0 -5.299999237060547 2.84999942779541
      vertex 0.6173162460327148 -6.223878860473633 2.84999942779541
      vertex 0.5 -6.166025161743164 2.84999942779541
    endloop
  endfacet
  facet normal 0 0 -1
    outer loop
      vertex 0.8694734573364258 6.291444778442383 2.84999942779541
      vertex 0 5.299999237060547 2.84999942779541
      vertex 0.741180419921875 6.265925407409668 2.84999942779541
    endloop
  endfacet
  facet normal 0 0 -1
    outer loop
      vertex 0 -5.299999237060547 2.84999942779541
      vertex 0.5 -6.166025161743164 2.84999942779541
      vertex 0.3912382125854492 -6.093353271484375 2.84999942779541
    endloop
  endfacet
  facet normal 0 0 -1
    outer loop
      vertex 0.741180419921875 6.265925407409668 2.84999942779541
      vertex 0 5.299999237060547 2.84999942779541
      vertex 0.6173162460327148 6.223878860473633 2.84999942779541
    endloop
  endfacet
  facet normal 0 0 -1
    outer loop
      vertex 0 -5.299999237060547 2.84999942779541
      vertex 0.3912382125854492 -6.093353271484375 2.84999942779541
      vertex 0.2928924560546875 -6.007106781005859 2.84999942779541
    endloop
  endfacet
  facet normal 0 0 -1
    outer loop
      vertex 0.6173162460327148 6.223878860473633 2.84999942779541
      vertex 0 5.299999237060547 2.84999942779541
      vertex 0.5 6.166025161743164 2.84999942779541
    endloop
  endfacet
  facet normal 0 0 -1
    outer loop
      vertex 0 -5.299999237060547 2.84999942779541
      vertex 0.2928924560546875 -6.007106781005859 2.84999942779541
      vertex 0.20664596557617188 -5.908761024475098 2.84999942779541
    endloop
  endfacet
  facet normal 0 0 -1
    outer loop
      vertex 0.5 6.166025161743164 2.84999942779541
      vertex 0 5.299999237060547 2.84999942779541
      vertex 0.3912382125854492 6.093353271484375 2.84999942779541
    endloop
  endfacet
  facet normal 0 0 -1
    outer loop
      vertex 0 -5.299999237060547 2.84999942779541
      vertex 0.20664596557617188 -5.908761024475098 2.84999942779541
      vertex 0.1339740753173828 -5.799999237060547 2.84999942779541
    endloop
  endfacet
  facet normal 0 0 -1
    outer loop
      vertex 0.3912382125854492 6.093353271484375 2.84999942779541
      vertex 0 5.299999237060547 2.84999942779541
      vertex 0.2928924560546875 6.007105827331543 2.84999942779541
    endloop
  endfacet
  facet normal 0 0 -1
    outer loop
      vertex 0 -5.299999237060547 2.84999942779541
      vertex 0.1339740753173828 -5.799999237060547 2.84999942779541
      vertex 0.07612037658691406 -5.682682991027832 2.84999942779541
    endloop
  endfacet
  facet normal 0 0 -1
    outer loop
      vertex 0.2928924560546875 6.007105827331543 2.84999942779541
      vertex 0 5.299999237060547 2.84999942779541
      vertex 0.20664596557617188 5.908761024475098 2.84999942779541
    endloop
  endfacet
  facet normal 0 0 -1
    outer loop
      vertex 0 -5.299999237060547 2.84999942779541
      vertex 0.07612037658691406 -5.682682991027832 2.84999942779541
      vertex 0.034073829650878906 -5.558818817138672 2.84999942779541
    endloop
  endfacet
  facet normal 0 0 -1
    outer loop
      vertex 0.20664596557617188 5.908761024475098 2.84999942779541
      vertex 0 5.299999237060547 2.84999942779541
      vertex 0.1339740753173828 5.799999237060547 2.84999942779541
    endloop
  endfacet
  facet normal 0 0 -1
    outer loop
      vertex 0 -5.299999237060547 2.84999942779541
      vertex 0.034073829650878906 -5.558818817138672 2.84999942779541
      vertex 0.008554458618164062 -5.430525779724121 2.84999942779541
    endloop
  endfacet
  facet normal 0 0 -1
    outer loop
      vertex 0.1339740753173828 5.799999237060547 2.84999942779541
      vertex 0 5.299999237060547 2.84999942779541
      vertex 0.07612037658691406 5.682682991027832 2.84999942779541
    endloop
  endfacet
  facet normal 0 0 -1
    outer loop
      vertex 0.07612037658691406 5.682682991027832 2.84999942779541
      vertex 0 5.299999237060547 2.84999942779541
      vertex 0.034073829650878906 5.558818817138672 2.84999942779541
    endloop
  endfacet
  facet normal 0 0 -1
    outer loop
      vertex 0.034073829650878906 5.558818817138672 2.84999942779541
      vertex 0 5.299999237060547 2.84999942779541
      vertex 0.008554458618164062 5.430525779724121 2.84999942779541
    endloop
  endfacet
endsolid OpenSCAD_Model
