solid OpenSCAD_Model
  facet normal -0.94694 -0.321412 0
    outer loop
      vertex 0.228348 1.85194 3
      vertex 0.102219 2.22354 31
      vertex 0.102219 2.22354 3
    endloop
  endfacet
  facet normal -0.94694 -0.321412 0
    outer loop
      vertex 0.102219 2.22354 31
      vertex 0.228348 1.85194 3
      vertex 0.228348 1.85194 31
    endloop
  endfacet
  facet normal -0.896861 -0.442312 0
    outer loop
      vertex 0.401917 1.5 3
      vertex 0.228348 1.85194 31
      vertex 0.228348 1.85194 3
    endloop
  endfacet
  facet normal -0.896861 -0.442312 0
    outer loop
      vertex 0.228348 1.85194 31
      vertex 0.401917 1.5 3
      vertex 0.401917 1.5 31
    endloop
  endfacet
  facet normal 0.997803 0.0662484 0
    outer loop
      vertex 107.3 58.3 31
      vertex 107.274 58.6916 3
      vertex 107.274 58.6916 31
    endloop
  endfacet
  facet normal 0.997803 0.0662484 0
    outer loop
      vertex 107.274 58.6916 3
      vertex 107.3 58.3 31
      vertex 107.3 58.3 3
    endloop
  endfacet
  facet normal -0 0 1
    outer loop
      vertex 7.62103 42.466 31
      vertex 17.7876 34.7 31
      vertex 7.85706 42.6729 31
    endloop
  endfacet
  facet normal 0 0 1
    outer loop
      vertex 16.8 30.9 31
      vertex 8.53947 17.2433 31
      vertex 8.56 16.93 31
    endloop
  endfacet
  facet normal 0 0 1
    outer loop
      vertex 17.7876 34.7 31
      vertex 7.62103 42.466 31
      vertex 17.7066 34.5358 31
    endloop
  endfacet
  facet normal 0 0 1
    outer loop
      vertex 16.8 30.9 31
      vertex 8.47822 17.5512 31
      vertex 8.53947 17.2433 31
    endloop
  endfacet
  facet normal -0 0 1
    outer loop
      vertex 7.36 42.2915 31
      vertex 17.7066 34.5358 31
      vertex 7.62103 42.466 31
    endloop
  endfacet
  facet normal 0 0 1
    outer loop
      vertex 16.8 30.9 31
      vertex 8.37731 17.8484 31
      vertex 8.47822 17.5512 31
    endloop
  endfacet
  facet normal 0 0 1
    outer loop
      vertex 17.7066 34.5358 31
      vertex 7.36 42.2915 31
      vertex 17.6477 34.3623 31
    endloop
  endfacet
  facet normal 0 0 1
    outer loop
      vertex 16.8 30.9 31
      vertex 8.23846 18.13 31
      vertex 8.37731 17.8484 31
    endloop
  endfacet
  facet normal 0 0 1
    outer loop
      vertex 17.6477 34.3623 31
      vertex 7.36 42.2915 31
      vertex 17.612 34.1827 31
    endloop
  endfacet
  facet normal 0 0 1
    outer loop
      vertex 16.8 30.9 31
      vertex 8.06405 18.391 31
      vertex 8.23846 18.13 31
    endloop
  endfacet
  facet normal -0 0 1
    outer loop
      vertex 7.07844 42.1527 31
      vertex 17.612 34.1827 31
      vertex 7.36 42.2915 31
    endloop
  endfacet
  facet normal 0 0 1
    outer loop
      vertex 16.8 30.9 31
      vertex 7.85706 18.6271 31
      vertex 8.06405 18.391 31
    endloop
  endfacet
  facet normal 0 0 1
    outer loop
      vertex 17.612 34.1827 31
      vertex 7.07844 42.1527 31
      vertex 17.6 34 31
    endloop
  endfacet
  facet normal 0 0 1
    outer loop
      vertex 16.8 30.9 31
      vertex 7.62103 18.834 31
      vertex 7.85706 18.6271 31
    endloop
  endfacet
  facet normal 0 0 1
    outer loop
      vertex 17.6 34 31
      vertex 7.07844 42.1527 31
      vertex 16.8 30.9 31
    endloop
  endfacet
  facet normal 0 0 1
    outer loop
      vertex 16.8 30.9 31
      vertex 7.36 19.0085 31
      vertex 7.62103 18.834 31
    endloop
  endfacet
  facet normal -0 0 1
    outer loop
      vertex 6.78117 42.0518 31
      vertex 16.8 30.9 31
      vertex 7.07844 42.1527 31
    endloop
  endfacet
  facet normal 0 0 1
    outer loop
      vertex 16.8 30.9 31
      vertex 7.07844 19.1473 31
      vertex 7.36 19.0085 31
    endloop
  endfacet
  facet normal -0 0 1
    outer loop
      vertex 6.47326 41.9905 31
      vertex 16.8 30.9 31
      vertex 6.78117 42.0518 31
    endloop
  endfacet
  facet normal 0 0 1
    outer loop
      vertex 16.8 30.9 31
      vertex 6.78117 19.2482 31
      vertex 7.07844 19.1473 31
    endloop
  endfacet
  facet normal -0 0 1
    outer loop
      vertex 6.16 41.97 31
      vertex 16.8 30.9 31
      vertex 6.47326 41.9905 31
    endloop
  endfacet
  facet normal 0 0 1
    outer loop
      vertex 16.8 30.9 31
      vertex 6.47326 19.3095 31
      vertex 6.78117 19.2482 31
    endloop
  endfacet
  facet normal 0 0 1
    outer loop
      vertex 6.16 19.33 31
      vertex 16.8 30.9 31
      vertex 6.16 41.97 31
    endloop
  endfacet
  facet normal 0 0 1
    outer loop
      vertex 16.8 30.9 31
      vertex 6.16 19.33 31
      vertex 6.47326 19.3095 31
    endloop
  endfacet
  facet normal 0 0 1
    outer loop
      vertex 5.84674 41.9905 31
      vertex 6.16 19.33 31
      vertex 6.16 41.97 31
    endloop
  endfacet
  facet normal 0 0 1
    outer loop
      vertex 5.84674 41.9905 31
      vertex 5.84674 19.3095 31
      vertex 6.16 19.33 31
    endloop
  endfacet
  facet normal 0 0 1
    outer loop
      vertex 5.53883 42.0518 31
      vertex 5.84674 19.3095 31
      vertex 5.84674 41.9905 31
    endloop
  endfacet
  facet normal 0 0 1
    outer loop
      vertex 5.53883 42.0518 31
      vertex 5.53883 19.2482 31
      vertex 5.84674 19.3095 31
    endloop
  endfacet
  facet normal 0 0 1
    outer loop
      vertex 5.24156 42.1527 31
      vertex 5.53883 19.2482 31
      vertex 5.53883 42.0518 31
    endloop
  endfacet
  facet normal 0 0 1
    outer loop
      vertex 5.24156 42.1527 31
      vertex 5.24156 19.1473 31
      vertex 5.53883 19.2482 31
    endloop
  endfacet
  facet normal 0 0 1
    outer loop
      vertex 4.96 42.2915 31
      vertex 5.24156 19.1473 31
      vertex 5.24156 42.1527 31
    endloop
  endfacet
  facet normal 0 0 1
    outer loop
      vertex 4.96 42.2915 31
      vertex 4.96 19.0085 31
      vertex 5.24156 19.1473 31
    endloop
  endfacet
  facet normal 0 0 1
    outer loop
      vertex 4.69897 42.466 31
      vertex 4.96 19.0085 31
      vertex 4.96 42.2915 31
    endloop
  endfacet
  facet normal 0 0 1
    outer loop
      vertex 4.69897 42.466 31
      vertex 4.69897 18.834 31
      vertex 4.96 19.0085 31
    endloop
  endfacet
  facet normal 0 0 1
    outer loop
      vertex 4.46294 42.6729 31
      vertex 4.69897 18.834 31
      vertex 4.69897 42.466 31
    endloop
  endfacet
  facet normal 0 0 1
    outer loop
      vertex 4.46294 42.6729 31
      vertex 4.46294 18.6271 31
      vertex 4.69897 18.834 31
    endloop
  endfacet
  facet normal 0 0 1
    outer loop
      vertex 4.25595 42.909 31
      vertex 4.46294 18.6271 31
      vertex 4.46294 42.6729 31
    endloop
  endfacet
  facet normal 0 0 1
    outer loop
      vertex 4.25595 42.909 31
      vertex 4.25595 18.391 31
      vertex 4.46294 18.6271 31
    endloop
  endfacet
  facet normal 0 0 1
    outer loop
      vertex 4.08154 43.17 31
      vertex 4.25595 18.391 31
      vertex 4.25595 42.909 31
    endloop
  endfacet
  facet normal 0 0 1
    outer loop
      vertex 4.08154 43.17 31
      vertex 4.08154 18.13 31
      vertex 4.25595 18.391 31
    endloop
  endfacet
  facet normal 0 0 1
    outer loop
      vertex 3.94269 43.4516 31
      vertex 4.08154 18.13 31
      vertex 4.08154 43.17 31
    endloop
  endfacet
  facet normal 0 0 1
    outer loop
      vertex 3.94269 43.4516 31
      vertex 3.94269 17.8484 31
      vertex 4.08154 18.13 31
    endloop
  endfacet
  facet normal 0 0 1
    outer loop
      vertex 3.84178 43.7488 31
      vertex 3.94269 17.8484 31
      vertex 3.94269 43.4516 31
    endloop
  endfacet
  facet normal 0 0 1
    outer loop
      vertex 3.84178 43.7488 31
      vertex 3.84178 17.5512 31
      vertex 3.94269 17.8484 31
    endloop
  endfacet
  facet normal 0 0 1
    outer loop
      vertex 3.78053 44.0567 31
      vertex 3.84178 17.5512 31
      vertex 3.84178 43.7488 31
    endloop
  endfacet
  facet normal 0 0 1
    outer loop
      vertex 3.78053 44.0567 31
      vertex 3.78053 17.2433 31
      vertex 3.84178 17.5512 31
    endloop
  endfacet
  facet normal 0 0 1
    outer loop
      vertex 0 58.3 31
      vertex 3.78053 44.0567 31
      vertex 3.76 44.37 31
    endloop
  endfacet
  facet normal 0 0 1
    outer loop
      vertex 3.78053 44.0567 31
      vertex 0 58.3 31
      vertex 3.78053 17.2433 31
    endloop
  endfacet
  facet normal 0 0 1
    outer loop
      vertex 104.3 61.3 31
      vertex 107.3 58.3 31
      vertex 107.274 58.6916 31
    endloop
  endfacet
  facet normal 0 0 1
    outer loop
      vertex 107.3 58.3 31
      vertex 104.3 61.3 31
      vertex 107.3 31 31
    endloop
  endfacet
  facet normal 0 0 1
    outer loop
      vertex 104.3 61.3 31
      vertex 107.274 58.6916 31
      vertex 107.198 59.0764 31
    endloop
  endfacet
  facet normal 0 0 1
    outer loop
      vertex 104.3 61.3 31
      vertex 107.198 59.0764 31
      vertex 107.072 59.448 31
    endloop
  endfacet
  facet normal 0 0 1
    outer loop
      vertex 104.3 61.3 31
      vertex 107.072 59.448 31
      vertex 106.898 59.8 31
    endloop
  endfacet
  facet normal 0 0 1
    outer loop
      vertex 104.3 61.3 31
      vertex 106.898 59.8 31
      vertex 106.68 60.1263 31
    endloop
  endfacet
  facet normal 0 0 1
    outer loop
      vertex 104.3 61.3 31
      vertex 106.68 60.1263 31
      vertex 106.421 60.4213 31
    endloop
  endfacet
  facet normal 0 0 1
    outer loop
      vertex 104.3 61.3 31
      vertex 106.421 60.4213 31
      vertex 106.126 60.6801 31
    endloop
  endfacet
  facet normal 0 0 1
    outer loop
      vertex 104.3 61.3 31
      vertex 106.126 60.6801 31
      vertex 105.8 60.8981 31
    endloop
  endfacet
  facet normal 0 0 1
    outer loop
      vertex 104.3 61.3 31
      vertex 105.8 60.8981 31
      vertex 105.448 61.0716 31
    endloop
  endfacet
  facet normal 0 0 1
    outer loop
      vertex 104.3 61.3 31
      vertex 105.448 61.0716 31
      vertex 105.076 61.1978 31
    endloop
  endfacet
  facet normal 0 0 1
    outer loop
      vertex 104.3 61.3 31
      vertex 105.076 61.1978 31
      vertex 104.692 61.2743 31
    endloop
  endfacet
  facet normal -0 0 1
    outer loop
      vertex 40.4279 42.9 31
      vertex 107.3 31 31
      vertex 104.3 61.3 31
    endloop
  endfacet
  facet normal 0 0 1
    outer loop
      vertex 40.4279 42.9 31
      vertex 104.3 61.3 31
      vertex 40.4279 45.1 31
    endloop
  endfacet
  facet normal -0 0 1
    outer loop
      vertex 40.4016 42.4989 31
      vertex 107.3 31 31
      vertex 40.4279 42.9 31
    endloop
  endfacet
  facet normal -0 0 1
    outer loop
      vertex 40.1081 41.0236 31
      vertex 107.3 31 31
      vertex 40.4016 42.4989 31
    endloop
  endfacet
  facet normal 0 0 1
    outer loop
      vertex 107.3 31 31
      vertex 40.1081 41.0236 31
      vertex 107.3 30.9 31
    endloop
  endfacet
  facet normal -0 0 1
    outer loop
      vertex 39.6246 39.5991 31
      vertex 107.3 30.9 31
      vertex 40.1081 41.0236 31
    endloop
  endfacet
  facet normal -0 0 1
    outer loop
      vertex 38.9593 38.25 31
      vertex 107.3 30.9 31
      vertex 39.6246 39.5991 31
    endloop
  endfacet
  facet normal -0 0 1
    outer loop
      vertex 38.1236 36.9992 31
      vertex 107.3 30.9 31
      vertex 38.9593 38.25 31
    endloop
  endfacet
  facet normal -0 0 1
    outer loop
      vertex 37.8586 36.6971 31
      vertex 107.3 30.9 31
      vertex 38.1236 36.9992 31
    endloop
  endfacet
  facet normal -0 0 1
    outer loop
      vertex 36.3029 35.1414 31
      vertex 107.3 30.9 31
      vertex 37.8586 36.6971 31
    endloop
  endfacet
  facet normal -0 0 1
    outer loop
      vertex 36.0008 34.8764 31
      vertex 107.3 30.9 31
      vertex 36.3029 35.1414 31
    endloop
  endfacet
  facet normal -0 0 1
    outer loop
      vertex 34.75 34.0407 31
      vertex 107.3 30.9 31
      vertex 36.0008 34.8764 31
    endloop
  endfacet
  facet normal -0 0 1
    outer loop
      vertex 33.4009 33.3754 31
      vertex 107.3 30.9 31
      vertex 34.75 34.0407 31
    endloop
  endfacet
  facet normal -0 0 1
    outer loop
      vertex 31.9764 32.8919 31
      vertex 107.3 30.9 31
      vertex 33.4009 33.3754 31
    endloop
  endfacet
  facet normal -0 0 1
    outer loop
      vertex 30.5011 32.5984 31
      vertex 107.3 30.9 31
      vertex 31.9764 32.8919 31
    endloop
  endfacet
  facet normal 0 0 1
    outer loop
      vertex 16.8 30.9 31
      vertex 30.5011 32.5984 31
      vertex 30.1 32.5721 31
    endloop
  endfacet
  facet normal 0 0 1
    outer loop
      vertex 27.9 40.6852 31
      vertex 30.1 40.6852 31
      vertex 27.9 47.3148 31
    endloop
  endfacet
  facet normal 0 0 1
    outer loop
      vertex 30.1 40.6852 31
      vertex 27.9 40.6852 31
      vertex 30.1 32.5721 31
    endloop
  endfacet
  facet normal 0 0 1
    outer loop
      vertex 27.9 32.5721 31
      vertex 30.1 32.5721 31
      vertex 27.9 40.6852 31
    endloop
  endfacet
  facet normal 0 0 1
    outer loop
      vertex 16.8 30.9 31
      vertex 30.1 32.5721 31
      vertex 27.9 32.5721 31
    endloop
  endfacet
  facet normal 0 0 1
    outer loop
      vertex 20.388 34.1827 31
      vertex 21.9992 34.8764 31
      vertex 21.6971 35.1414 31
    endloop
  endfacet
  facet normal 0 0 1
    outer loop
      vertex 20.388 33.8173 31
      vertex 21.9992 34.8764 31
      vertex 20.4 34 31
    endloop
  endfacet
  facet normal 0 0 1
    outer loop
      vertex 20.3523 33.6377 31
      vertex 21.9992 34.8764 31
      vertex 20.388 33.8173 31
    endloop
  endfacet
  facet normal 0 0 1
    outer loop
      vertex 21.9992 34.8764 31
      vertex 20.3523 33.6377 31
      vertex 23.25 34.0407 31
    endloop
  endfacet
  facet normal 0 0 1
    outer loop
      vertex 20.2934 33.4642 31
      vertex 23.25 34.0407 31
      vertex 20.3523 33.6377 31
    endloop
  endfacet
  facet normal 0 0 1
    outer loop
      vertex 20.2124 33.3 31
      vertex 23.25 34.0407 31
      vertex 20.2934 33.4642 31
    endloop
  endfacet
  facet normal 0 0 1
    outer loop
      vertex 20.1107 33.1477 31
      vertex 23.25 34.0407 31
      vertex 20.2124 33.3 31
    endloop
  endfacet
  facet normal 0 0 1
    outer loop
      vertex 19.9899 33.01 31
      vertex 23.25 34.0407 31
      vertex 20.1107 33.1477 31
    endloop
  endfacet
  facet normal 0 0 1
    outer loop
      vertex 23.25 34.0407 31
      vertex 19.9899 33.01 31
      vertex 24.5991 33.3754 31
    endloop
  endfacet
  facet normal 0 0 1
    outer loop
      vertex 19.8523 32.8893 31
      vertex 24.5991 33.3754 31
      vertex 19.9899 33.01 31
    endloop
  endfacet
  facet normal 0 0 1
    outer loop
      vertex 19.7 32.7876 31
      vertex 24.5991 33.3754 31
      vertex 19.8523 32.8893 31
    endloop
  endfacet
  facet normal 0 0 1
    outer loop
      vertex 24.5991 33.3754 31
      vertex 19.7 32.7876 31
      vertex 26.0236 32.8919 31
    endloop
  endfacet
  facet normal 0 0 1
    outer loop
      vertex 19.5358 32.7066 31
      vertex 26.0236 32.8919 31
      vertex 19.7 32.7876 31
    endloop
  endfacet
  facet normal 0 0 1
    outer loop
      vertex 16.8 30.9 31
      vertex 26.0236 32.8919 31
      vertex 19.5358 32.7066 31
    endloop
  endfacet
  facet normal 0 0 1
    outer loop
      vertex 26.0236 32.8919 31
      vertex 16.8 30.9 31
      vertex 27.4989 32.5984 31
    endloop
  endfacet
  facet normal 0 0 1
    outer loop
      vertex 27.4989 32.5984 31
      vertex 16.8 30.9 31
      vertex 27.9 32.5721 31
    endloop
  endfacet
  facet normal 0 0 1
    outer loop
      vertex 16.8 30.9 31
      vertex 19.5358 32.7066 31
      vertex 19.3623 32.6477 31
    endloop
  endfacet
  facet normal 0 0 1
    outer loop
      vertex 16.8 30.9 31
      vertex 19.3623 32.6477 31
      vertex 19.1827 32.612 31
    endloop
  endfacet
  facet normal 0 0 1
    outer loop
      vertex 16.8 30.9 31
      vertex 19.1827 32.612 31
      vertex 19 32.6 31
    endloop
  endfacet
  facet normal -0 0 1
    outer loop
      vertex 8.53947 44.0567 31
      vertex 17.5721 42.9 31
      vertex 8.56 44.37 31
    endloop
  endfacet
  facet normal 0 0 1
    outer loop
      vertex 30.5011 32.5984 31
      vertex 16.8 30.9 31
      vertex 107.3 30.9 31
    endloop
  endfacet
  facet normal 0 0 1
    outer loop
      vertex 18.8173 32.612 31
      vertex 16.8 30.9 31
      vertex 19 32.6 31
    endloop
  endfacet
  facet normal 0 0 1
    outer loop
      vertex 18.6377 32.6477 31
      vertex 16.8 30.9 31
      vertex 18.8173 32.612 31
    endloop
  endfacet
  facet normal 0 0 1
    outer loop
      vertex 18.4642 32.7066 31
      vertex 16.8 30.9 31
      vertex 18.6377 32.6477 31
    endloop
  endfacet
  facet normal 0 0 1
    outer loop
      vertex 18.3 32.7876 31
      vertex 16.8 30.9 31
      vertex 18.4642 32.7066 31
    endloop
  endfacet
  facet normal 0 0 1
    outer loop
      vertex 18.1477 32.8893 31
      vertex 16.8 30.9 31
      vertex 18.3 32.7876 31
    endloop
  endfacet
  facet normal 0 0 1
    outer loop
      vertex 18.01 33.01 31
      vertex 16.8 30.9 31
      vertex 18.1477 32.8893 31
    endloop
  endfacet
  facet normal 0 0 1
    outer loop
      vertex 17.8893 33.1477 31
      vertex 16.8 30.9 31
      vertex 18.01 33.01 31
    endloop
  endfacet
  facet normal 0 0 1
    outer loop
      vertex 17.7876 33.3 31
      vertex 16.8 30.9 31
      vertex 17.8893 33.1477 31
    endloop
  endfacet
  facet normal 0 0 1
    outer loop
      vertex 17.7066 33.4642 31
      vertex 16.8 30.9 31
      vertex 17.7876 33.3 31
    endloop
  endfacet
  facet normal 0 0 1
    outer loop
      vertex 17.6477 33.6377 31
      vertex 16.8 30.9 31
      vertex 17.7066 33.4642 31
    endloop
  endfacet
  facet normal 0 0 1
    outer loop
      vertex 17.612 33.8173 31
      vertex 16.8 30.9 31
      vertex 17.6477 33.6377 31
    endloop
  endfacet
  facet normal 0 0 1
    outer loop
      vertex 17.6 34 31
      vertex 16.8 30.9 31
      vertex 17.612 33.8173 31
    endloop
  endfacet
  facet normal -0 0 1
    outer loop
      vertex 8.47822 43.7488 31
      vertex 17.5721 42.9 31
      vertex 8.53947 44.0567 31
    endloop
  endfacet
  facet normal 0 0 1
    outer loop
      vertex 105 0.641191 31
      vertex 107.3 3 31
      vertex 107.3 18 31
    endloop
  endfacet
  facet normal -0 0 1
    outer loop
      vertex 16.8 18.1 31
      vertex 107.3 18 31
      vertex 107.3 18.1 31
    endloop
  endfacet
  facet normal 0 0 1
    outer loop
      vertex 107.3 3 31
      vertex 105 0.641191 31
      vertex 107.274 2.60841 31
    endloop
  endfacet
  facet normal 0 0 1
    outer loop
      vertex 107.274 2.60841 31
      vertex 105 0.641191 31
      vertex 107.198 2.22354 31
    endloop
  endfacet
  facet normal 0 0 1
    outer loop
      vertex 107.198 2.22354 31
      vertex 105 0.641191 31
      vertex 107.072 1.85194 31
    endloop
  endfacet
  facet normal 0 0 1
    outer loop
      vertex 107.072 1.85194 31
      vertex 105 0.641191 31
      vertex 106.898 1.5 31
    endloop
  endfacet
  facet normal 0 0 1
    outer loop
      vertex 106.898 1.5 31
      vertex 105 0.641191 31
      vertex 106.68 1.17371 31
    endloop
  endfacet
  facet normal 0 0 1
    outer loop
      vertex 106.68 1.17371 31
      vertex 105 0.641191 31
      vertex 106.421 0.878677 31
    endloop
  endfacet
  facet normal 0 0 1
    outer loop
      vertex 106.421 0.878677 31
      vertex 105 0.641191 31
      vertex 106.126 0.619934 31
    endloop
  endfacet
  facet normal 0 0 1
    outer loop
      vertex 106.126 0.619934 31
      vertex 105 0.641191 31
      vertex 105.8 0.401917 31
    endloop
  endfacet
  facet normal 0 0 1
    outer loop
      vertex 105.8 0.401917 31
      vertex 105 0.641191 31
      vertex 105.448 0.228348 31
    endloop
  endfacet
  facet normal 0 0 1
    outer loop
      vertex 105.448 0.228348 31
      vertex 105 0.641191 31
      vertex 105.076 0.102219 31
    endloop
  endfacet
  facet normal 0 0 1
    outer loop
      vertex 107.3 18 31
      vertex 16.8 18.1 31
      vertex 105 0.641191 31
    endloop
  endfacet
  facet normal 0 0 1
    outer loop
      vertex 16.8 30.9 31
      vertex 8.56 16.93 31
      vertex 16.8 18.1 31
    endloop
  endfacet
  facet normal 0 0 1
    outer loop
      vertex 8.53947 16.6167 31
      vertex 16.8 18.1 31
      vertex 8.56 16.93 31
    endloop
  endfacet
  facet normal 0 0 1
    outer loop
      vertex 8.47822 16.3088 31
      vertex 16.8 18.1 31
      vertex 8.53947 16.6167 31
    endloop
  endfacet
  facet normal 0 0 1
    outer loop
      vertex 8.37731 16.0116 31
      vertex 16.8 18.1 31
      vertex 8.47822 16.3088 31
    endloop
  endfacet
  facet normal 0 0 1
    outer loop
      vertex 8.23846 15.73 31
      vertex 16.8 18.1 31
      vertex 8.37731 16.0116 31
    endloop
  endfacet
  facet normal 0 0 1
    outer loop
      vertex 8.06405 15.469 31
      vertex 16.8 18.1 31
      vertex 8.23846 15.73 31
    endloop
  endfacet
  facet normal 0 0 1
    outer loop
      vertex 7.85706 15.2329 31
      vertex 16.8 18.1 31
      vertex 8.06405 15.469 31
    endloop
  endfacet
  facet normal 0 0 1
    outer loop
      vertex 16.8 18.1 31
      vertex 7.85706 15.2329 31
      vertex 7 0.641191 31
    endloop
  endfacet
  facet normal 0 0 1
    outer loop
      vertex 7 0.641191 31
      vertex 7.85706 15.2329 31
      vertex 7.62103 15.026 31
    endloop
  endfacet
  facet normal 0 0 1
    outer loop
      vertex 7 0.641191 31
      vertex 7.62103 15.026 31
      vertex 7.36 14.8515 31
    endloop
  endfacet
  facet normal 0 0 1
    outer loop
      vertex 7 0.641191 31
      vertex 7.36 14.8515 31
      vertex 7.07844 14.7127 31
    endloop
  endfacet
  facet normal 0 0 1
    outer loop
      vertex 16.8 18.1 31
      vertex 7 0.641191 31
      vertex 105 0.641191 31
    endloop
  endfacet
  facet normal -0 0 1
    outer loop
      vertex 6.78117 14.6118 31
      vertex 7 0.641191 31
      vertex 7.07844 14.7127 31
    endloop
  endfacet
  facet normal -0 0 1
    outer loop
      vertex 6.47326 14.5505 31
      vertex 7 0.641191 31
      vertex 6.78117 14.6118 31
    endloop
  endfacet
  facet normal -0 0 1
    outer loop
      vertex 6.16 14.53 31
      vertex 7 0.641191 31
      vertex 6.47326 14.5505 31
    endloop
  endfacet
  facet normal 0 0 1
    outer loop
      vertex 5.84674 14.5505 31
      vertex 7 0.641191 31
      vertex 6.16 14.53 31
    endloop
  endfacet
  facet normal 0 0 1
    outer loop
      vertex 7 0.641191 31
      vertex 5.84674 14.5505 31
      vertex 0 3 31
    endloop
  endfacet
  facet normal 0 0 1
    outer loop
      vertex 0 3 31
      vertex 5.84674 14.5505 31
      vertex 5.53883 14.6118 31
    endloop
  endfacet
  facet normal 0 0 1
    outer loop
      vertex 0 3 31
      vertex 5.53883 14.6118 31
      vertex 5.24156 14.7127 31
    endloop
  endfacet
  facet normal 0 0 1
    outer loop
      vertex 0 3 31
      vertex 5.24156 14.7127 31
      vertex 4.96 14.8515 31
    endloop
  endfacet
  facet normal 0 0 1
    outer loop
      vertex 0 3 31
      vertex 4.96 14.8515 31
      vertex 4.69897 15.026 31
    endloop
  endfacet
  facet normal 0 0 1
    outer loop
      vertex 0 3 31
      vertex 4.69897 15.026 31
      vertex 4.46294 15.2329 31
    endloop
  endfacet
  facet normal 0 0 1
    outer loop
      vertex 0 3 31
      vertex 4.46294 15.2329 31
      vertex 4.25595 15.469 31
    endloop
  endfacet
  facet normal 0 0 1
    outer loop
      vertex 0 3 31
      vertex 4.25595 15.469 31
      vertex 4.08154 15.73 31
    endloop
  endfacet
  facet normal 0 0 1
    outer loop
      vertex 0 3 31
      vertex 4.08154 15.73 31
      vertex 3.94269 16.0116 31
    endloop
  endfacet
  facet normal 0 0 1
    outer loop
      vertex 0 3 31
      vertex 3.94269 16.0116 31
      vertex 3.84178 16.3088 31
    endloop
  endfacet
  facet normal 0 0 1
    outer loop
      vertex 0 3 31
      vertex 3.84178 16.3088 31
      vertex 3.78053 16.6167 31
    endloop
  endfacet
  facet normal 0 -0 1
    outer loop
      vertex 3 0 31
      vertex 7 0.641191 31
      vertex 0 3 31
    endloop
  endfacet
  facet normal 0 0 1
    outer loop
      vertex 0 3 31
      vertex 3.78053 16.6167 31
      vertex 3.76 16.93 31
    endloop
  endfacet
  facet normal 0 0 1
    outer loop
      vertex 0 3 31
      vertex 3.78053 17.2433 31
      vertex 0 58.3 31
    endloop
  endfacet
  facet normal 0 0 1
    outer loop
      vertex 0 58.3 31
      vertex 3 61.3 31
      vertex 2.60841 61.2743 31
    endloop
  endfacet
  facet normal 0 0 1
    outer loop
      vertex 3.78053 17.2433 31
      vertex 0 3 31
      vertex 3.76 16.93 31
    endloop
  endfacet
  facet normal 0 0 1
    outer loop
      vertex 0 58.3 31
      vertex 2.60841 61.2743 31
      vertex 2.22354 61.1978 31
    endloop
  endfacet
  facet normal 0 0 1
    outer loop
      vertex 7 0.641191 31
      vertex 3 0 31
      vertex 7 0 31
    endloop
  endfacet
  facet normal 0 0 1
    outer loop
      vertex 0 58.3 31
      vertex 2.22354 61.1978 31
      vertex 1.85194 61.0716 31
    endloop
  endfacet
  facet normal 0 0 1
    outer loop
      vertex 3 0 31
      vertex 0 3 31
      vertex 2.60841 0.0256653 31
    endloop
  endfacet
  facet normal 0 0 1
    outer loop
      vertex 0 58.3 31
      vertex 1.85194 61.0716 31
      vertex 1.5 60.8981 31
    endloop
  endfacet
  facet normal 0 0 1
    outer loop
      vertex 2.60841 0.0256653 31
      vertex 0 3 31
      vertex 2.22354 0.102219 31
    endloop
  endfacet
  facet normal 0 0 1
    outer loop
      vertex 0 58.3 31
      vertex 1.5 60.8981 31
      vertex 1.17371 60.6801 31
    endloop
  endfacet
  facet normal 0 0 1
    outer loop
      vertex 2.22354 0.102219 31
      vertex 0 3 31
      vertex 1.85194 0.228348 31
    endloop
  endfacet
  facet normal 0 0 1
    outer loop
      vertex 0 58.3 31
      vertex 1.17371 60.6801 31
      vertex 0.878677 60.4213 31
    endloop
  endfacet
  facet normal 0 0 1
    outer loop
      vertex 1.85194 0.228348 31
      vertex 0 3 31
      vertex 1.5 0.401917 31
    endloop
  endfacet
  facet normal 0 0 1
    outer loop
      vertex 0 58.3 31
      vertex 0.878677 60.4213 31
      vertex 0.619934 60.1263 31
    endloop
  endfacet
  facet normal 0 0 1
    outer loop
      vertex 1.5 0.401917 31
      vertex 0 3 31
      vertex 1.17371 0.619934 31
    endloop
  endfacet
  facet normal 0 0 1
    outer loop
      vertex 0 58.3 31
      vertex 0.619934 60.1263 31
      vertex 0.401917 59.8 31
    endloop
  endfacet
  facet normal 0 0 1
    outer loop
      vertex 1.17371 0.619934 31
      vertex 0 3 31
      vertex 0.878677 0.878677 31
    endloop
  endfacet
  facet normal 0 0 1
    outer loop
      vertex 0 58.3 31
      vertex 0.401917 59.8 31
      vertex 0.228348 59.448 31
    endloop
  endfacet
  facet normal 0 0 1
    outer loop
      vertex 0.878677 0.878677 31
      vertex 0 3 31
      vertex 0.619934 1.17371 31
    endloop
  endfacet
  facet normal 0 0 1
    outer loop
      vertex 0 58.3 31
      vertex 0.228348 59.448 31
      vertex 0.102219 59.0764 31
    endloop
  endfacet
  facet normal 0 0 1
    outer loop
      vertex 0.619934 1.17371 31
      vertex 0 3 31
      vertex 0.401917 1.5 31
    endloop
  endfacet
  facet normal 0 0 1
    outer loop
      vertex 0 58.3 31
      vertex 0.102219 59.0764 31
      vertex 0.0256653 58.6916 31
    endloop
  endfacet
  facet normal 0 0 1
    outer loop
      vertex 0.401917 1.5 31
      vertex 0 3 31
      vertex 0.228348 1.85194 31
    endloop
  endfacet
  facet normal 0 0 1
    outer loop
      vertex 0.228348 1.85194 31
      vertex 0 3 31
      vertex 0.102219 2.22354 31
    endloop
  endfacet
  facet normal 0 0 1
    outer loop
      vertex 0.102219 2.22354 31
      vertex 0 3 31
      vertex 0.0256653 2.60841 31
    endloop
  endfacet
  facet normal 0 0 1
    outer loop
      vertex 105.076 0.102219 31
      vertex 105 0.641191 31
      vertex 105 0.087013 31
    endloop
  endfacet
  facet normal 0 0 1
    outer loop
      vertex 25.6852 45.1 31
      vertex 25.8782 45.5661 31
      vertex 25.7664 45.3394 31
    endloop
  endfacet
  facet normal 0 0 1
    outer loop
      vertex 25.8782 45.5661 31
      vertex 25.6852 45.1 31
      vertex 25.8782 42.4339 31
    endloop
  endfacet
  facet normal -0 0 1
    outer loop
      vertex 25.6852 42.9 31
      vertex 25.8782 42.4339 31
      vertex 25.6852 45.1 31
    endloop
  endfacet
  facet normal 0 0 1
    outer loop
      vertex 25.8782 42.4339 31
      vertex 25.6852 42.9 31
      vertex 25.7664 42.6606 31
    endloop
  endfacet
  facet normal -0 0 1
    outer loop
      vertex 17.5721 45.1 31
      vertex 25.6852 42.9 31
      vertex 25.6852 45.1 31
    endloop
  endfacet
  facet normal 0 0 1
    outer loop
      vertex 25.6852 42.9 31
      vertex 17.5721 45.1 31
      vertex 17.5721 42.9 31
    endloop
  endfacet
  facet normal 0 0 1
    outer loop
      vertex 27.4339 47.1218 31
      vertex 27.9 47.3148 31
      vertex 27.6606 47.2336 31
    endloop
  endfacet
  facet normal 0 0 1
    outer loop
      vertex 27.9 47.3148 31
      vertex 27.4339 47.1218 31
      vertex 27.9 40.6852 31
    endloop
  endfacet
  facet normal -0 0 1
    outer loop
      vertex 27.4339 40.8782 31
      vertex 27.9 40.6852 31
      vertex 27.4339 47.1218 31
    endloop
  endfacet
  facet normal 0 0 1
    outer loop
      vertex 27.9 40.6852 31
      vertex 27.4339 40.8782 31
      vertex 27.6606 40.7664 31
    endloop
  endfacet
  facet normal 0 0 1
    outer loop
      vertex 27.4339 47.1218 31
      vertex 25.8782 45.5661 31
      vertex 27.4339 40.8782 31
    endloop
  endfacet
  facet normal 0 0 1
    outer loop
      vertex 21.6971 52.8586 31
      vertex 25.8782 45.5661 31
      vertex 27.4339 47.1218 31
    endloop
  endfacet
  facet normal 0 0 1
    outer loop
      vertex 21.9992 53.1236 31
      vertex 20.388 53.8173 31
      vertex 21.6971 52.8586 31
    endloop
  endfacet
  facet normal -0 0 1
    outer loop
      vertex 20.3523 53.6377 31
      vertex 21.6971 52.8586 31
      vertex 20.388 53.8173 31
    endloop
  endfacet
  facet normal -0 0 1
    outer loop
      vertex 20.2934 53.4642 31
      vertex 21.6971 52.8586 31
      vertex 20.3523 53.6377 31
    endloop
  endfacet
  facet normal -0 0 1
    outer loop
      vertex 20.2124 53.3 31
      vertex 21.6971 52.8586 31
      vertex 20.2934 53.4642 31
    endloop
  endfacet
  facet normal -0 0 1
    outer loop
      vertex 20.1107 53.1477 31
      vertex 21.6971 52.8586 31
      vertex 20.2124 53.3 31
    endloop
  endfacet
  facet normal 0 0 1
    outer loop
      vertex 21.6971 52.8586 31
      vertex 20.1414 51.3029 31
      vertex 25.8782 45.5661 31
    endloop
  endfacet
  facet normal -0 0 1
    outer loop
      vertex 19.9899 53.01 31
      vertex 21.6971 52.8586 31
      vertex 20.1107 53.1477 31
    endloop
  endfacet
  facet normal 0 0 1
    outer loop
      vertex 21.6971 52.8586 31
      vertex 19.9899 53.01 31
      vertex 20.1414 51.3029 31
    endloop
  endfacet
  facet normal -0 0 1
    outer loop
      vertex 19.8523 52.8893 31
      vertex 20.1414 51.3029 31
      vertex 19.9899 53.01 31
    endloop
  endfacet
  facet normal -0 0 1
    outer loop
      vertex 19.7 52.7876 31
      vertex 20.1414 51.3029 31
      vertex 19.8523 52.8893 31
    endloop
  endfacet
  facet normal -0 0 1
    outer loop
      vertex 19.5358 52.7066 31
      vertex 20.1414 51.3029 31
      vertex 19.7 52.7876 31
    endloop
  endfacet
  facet normal -0 0 1
    outer loop
      vertex 19.3623 52.6477 31
      vertex 20.1414 51.3029 31
      vertex 19.5358 52.7066 31
    endloop
  endfacet
  facet normal -0 0 1
    outer loop
      vertex 19.1827 52.612 31
      vertex 20.1414 51.3029 31
      vertex 19.3623 52.6477 31
    endloop
  endfacet
  facet normal 0 0 1
    outer loop
      vertex 20.1414 51.3029 31
      vertex 19.1827 52.612 31
      vertex 19.8764 51.0008 31
    endloop
  endfacet
  facet normal -0 0 1
    outer loop
      vertex 19 52.6 31
      vertex 19.8764 51.0008 31
      vertex 19.1827 52.612 31
    endloop
  endfacet
  facet normal 0 0 1
    outer loop
      vertex 18.8173 52.612 31
      vertex 19.8764 51.0008 31
      vertex 19 52.6 31
    endloop
  endfacet
  facet normal 0 0 1
    outer loop
      vertex 18.6377 52.6477 31
      vertex 19.8764 51.0008 31
      vertex 18.8173 52.612 31
    endloop
  endfacet
  facet normal 0 0 1
    outer loop
      vertex 19.8764 51.0008 31
      vertex 18.6377 52.6477 31
      vertex 19.0407 49.75 31
    endloop
  endfacet
  facet normal 0 0 1
    outer loop
      vertex 18.4642 52.7066 31
      vertex 19.0407 49.75 31
      vertex 18.6377 52.6477 31
    endloop
  endfacet
  facet normal 0 0 1
    outer loop
      vertex 18.3 52.7876 31
      vertex 19.0407 49.75 31
      vertex 18.4642 52.7066 31
    endloop
  endfacet
  facet normal 0 0 1
    outer loop
      vertex 18.1477 52.8893 31
      vertex 19.0407 49.75 31
      vertex 18.3 52.7876 31
    endloop
  endfacet
  facet normal 0 0 1
    outer loop
      vertex 18.01 53.01 31
      vertex 19.0407 49.75 31
      vertex 18.1477 52.8893 31
    endloop
  endfacet
  facet normal 0 0 1
    outer loop
      vertex 19.0407 49.75 31
      vertex 18.01 53.01 31
      vertex 18.3754 48.4009 31
    endloop
  endfacet
  facet normal 0 0 1
    outer loop
      vertex 17.8893 53.1477 31
      vertex 18.3754 48.4009 31
      vertex 18.01 53.01 31
    endloop
  endfacet
  facet normal 0 0 1
    outer loop
      vertex 17.7876 53.3 31
      vertex 18.3754 48.4009 31
      vertex 17.8893 53.1477 31
    endloop
  endfacet
  facet normal 0 0 1
    outer loop
      vertex 7.85706 46.0671 31
      vertex 18.3754 48.4009 31
      vertex 17.7876 53.3 31
    endloop
  endfacet
  facet normal 0 0 1
    outer loop
      vertex 7.85706 46.0671 31
      vertex 17.7876 53.3 31
      vertex 17.7066 53.4642 31
    endloop
  endfacet
  facet normal 0 0 1
    outer loop
      vertex 7.62103 46.274 31
      vertex 17.7066 53.4642 31
      vertex 17.6477 53.6377 31
    endloop
  endfacet
  facet normal 0 0 1
    outer loop
      vertex 7.36 46.4485 31
      vertex 17.6477 53.6377 31
      vertex 17.612 53.8173 31
    endloop
  endfacet
  facet normal 0 0 1
    outer loop
      vertex 7.07844 46.5873 31
      vertex 17.612 53.8173 31
      vertex 17.6 54 31
    endloop
  endfacet
  facet normal 0 -0 1
    outer loop
      vertex 8.06405 45.831 31
      vertex 18.3754 48.4009 31
      vertex 7.85706 46.0671 31
    endloop
  endfacet
  facet normal -0 0 1
    outer loop
      vertex 25.8782 42.4339 31
      vertex 27.4339 40.8782 31
      vertex 25.8782 45.5661 31
    endloop
  endfacet
  facet normal 0 0 1
    outer loop
      vertex 25.8782 42.4339 31
      vertex 21.6971 35.1414 31
      vertex 27.4339 40.8782 31
    endloop
  endfacet
  facet normal -0 0 1
    outer loop
      vertex 20.1414 36.6971 31
      vertex 21.6971 35.1414 31
      vertex 25.8782 42.4339 31
    endloop
  endfacet
  facet normal 0 0 1
    outer loop
      vertex 21.9992 34.8764 31
      vertex 20.388 34.1827 31
      vertex 20.4 34 31
    endloop
  endfacet
  facet normal 0 0 1
    outer loop
      vertex 21.6971 35.1414 31
      vertex 20.3523 34.3623 31
      vertex 20.388 34.1827 31
    endloop
  endfacet
  facet normal 0 0 1
    outer loop
      vertex 19.9899 34.9899 31
      vertex 21.6971 35.1414 31
      vertex 20.1414 36.6971 31
    endloop
  endfacet
  facet normal 0 0 1
    outer loop
      vertex 21.6971 35.1414 31
      vertex 20.2934 34.5358 31
      vertex 20.3523 34.3623 31
    endloop
  endfacet
  facet normal 0 0 1
    outer loop
      vertex 21.6971 35.1414 31
      vertex 20.2124 34.7 31
      vertex 20.2934 34.5358 31
    endloop
  endfacet
  facet normal 0 0 1
    outer loop
      vertex 21.6971 35.1414 31
      vertex 20.1107 34.8523 31
      vertex 20.2124 34.7 31
    endloop
  endfacet
  facet normal 0 0 1
    outer loop
      vertex 21.6971 35.1414 31
      vertex 19.9899 34.9899 31
      vertex 20.1107 34.8523 31
    endloop
  endfacet
  facet normal 0 0 1
    outer loop
      vertex 19.1827 35.388 31
      vertex 20.1414 36.6971 31
      vertex 19.8764 36.9992 31
    endloop
  endfacet
  facet normal 0 0 1
    outer loop
      vertex 20.1414 36.6971 31
      vertex 19.8523 35.1107 31
      vertex 19.9899 34.9899 31
    endloop
  endfacet
  facet normal 0 0 1
    outer loop
      vertex 20.1414 36.6971 31
      vertex 19.7 35.2124 31
      vertex 19.8523 35.1107 31
    endloop
  endfacet
  facet normal 0 0 1
    outer loop
      vertex 20.1414 36.6971 31
      vertex 19.5358 35.2934 31
      vertex 19.7 35.2124 31
    endloop
  endfacet
  facet normal 0 0 1
    outer loop
      vertex 20.1414 36.6971 31
      vertex 19.3623 35.3523 31
      vertex 19.5358 35.2934 31
    endloop
  endfacet
  facet normal 0 0 1
    outer loop
      vertex 20.1414 36.6971 31
      vertex 19.1827 35.388 31
      vertex 19.3623 35.3523 31
    endloop
  endfacet
  facet normal 0 0 1
    outer loop
      vertex 18.6377 35.3523 31
      vertex 19.8764 36.9992 31
      vertex 19.0407 38.25 31
    endloop
  endfacet
  facet normal 0 0 1
    outer loop
      vertex 19.8764 36.9992 31
      vertex 19 35.4 31
      vertex 19.1827 35.388 31
    endloop
  endfacet
  facet normal 0 0 1
    outer loop
      vertex 19.8764 36.9992 31
      vertex 18.8173 35.388 31
      vertex 19 35.4 31
    endloop
  endfacet
  facet normal 0 0 1
    outer loop
      vertex 19.8764 36.9992 31
      vertex 18.6377 35.3523 31
      vertex 18.8173 35.388 31
    endloop
  endfacet
  facet normal 0 0 1
    outer loop
      vertex 19.0407 38.25 31
      vertex 18.4642 35.2934 31
      vertex 18.6377 35.3523 31
    endloop
  endfacet
  facet normal 0 0 1
    outer loop
      vertex 18.01 34.9899 31
      vertex 19.0407 38.25 31
      vertex 18.3754 39.5991 31
    endloop
  endfacet
  facet normal 0 0 1
    outer loop
      vertex 19.0407 38.25 31
      vertex 18.3 35.2124 31
      vertex 18.4642 35.2934 31
    endloop
  endfacet
  facet normal 0 0 1
    outer loop
      vertex 19.0407 38.25 31
      vertex 18.1477 35.1107 31
      vertex 18.3 35.2124 31
    endloop
  endfacet
  facet normal 0 0 1
    outer loop
      vertex 19.0407 38.25 31
      vertex 18.01 34.9899 31
      vertex 18.1477 35.1107 31
    endloop
  endfacet
  facet normal -0 0 1
    outer loop
      vertex 8.37731 43.4516 31
      vertex 17.5984 42.4989 31
      vertex 8.47822 43.7488 31
    endloop
  endfacet
  facet normal 0 0 1
    outer loop
      vertex 18.3754 39.5991 31
      vertex 17.8893 34.8523 31
      vertex 18.01 34.9899 31
    endloop
  endfacet
  facet normal 0 0 1
    outer loop
      vertex 18.3754 39.5991 31
      vertex 17.7876 34.7 31
      vertex 17.8893 34.8523 31
    endloop
  endfacet
  facet normal -0 0 1
    outer loop
      vertex 8.23846 43.17 31
      vertex 17.5984 42.4989 31
      vertex 8.37731 43.4516 31
    endloop
  endfacet
  facet normal 0 0 1
    outer loop
      vertex 17.5984 42.4989 31
      vertex 8.23846 43.17 31
      vertex 17.8919 41.0236 31
    endloop
  endfacet
  facet normal 0 0 1
    outer loop
      vertex 17.5721 42.9 31
      vertex 8.47822 43.7488 31
      vertex 17.5984 42.4989 31
    endloop
  endfacet
  facet normal -0 0 1
    outer loop
      vertex 8.06405 42.909 31
      vertex 17.8919 41.0236 31
      vertex 8.23846 43.17 31
    endloop
  endfacet
  facet normal -0 0 1
    outer loop
      vertex 7.85706 42.6729 31
      vertex 17.8919 41.0236 31
      vertex 8.06405 42.909 31
    endloop
  endfacet
  facet normal 0 0 1
    outer loop
      vertex 32.1218 42.4339 31
      vertex 36.3029 35.1414 31
      vertex 37.8586 36.6971 31
    endloop
  endfacet
  facet normal 0 0 1
    outer loop
      vertex 32.1218 42.4339 31
      vertex 30.5661 40.8782 31
      vertex 36.3029 35.1414 31
    endloop
  endfacet
  facet normal 0 0 1
    outer loop
      vertex 30.5661 47.1218 31
      vertex 30.5661 40.8782 31
      vertex 32.1218 42.4339 31
    endloop
  endfacet
  facet normal 0 0 1
    outer loop
      vertex 30.1 47.3148 31
      vertex 30.5661 47.1218 31
      vertex 30.3394 47.2336 31
    endloop
  endfacet
  facet normal 0 0 1
    outer loop
      vertex 30.5661 47.1218 31
      vertex 30.1 47.3148 31
      vertex 30.5661 40.8782 31
    endloop
  endfacet
  facet normal 0 0 1
    outer loop
      vertex 30.1 40.6852 31
      vertex 30.5661 40.8782 31
      vertex 30.1 47.3148 31
    endloop
  endfacet
  facet normal 0 0 1
    outer loop
      vertex 30.5661 40.8782 31
      vertex 30.1 40.6852 31
      vertex 30.3394 40.7664 31
    endloop
  endfacet
  facet normal -0 0 1
    outer loop
      vertex 32.3148 45.1 31
      vertex 40.4279 42.9 31
      vertex 40.4279 45.1 31
    endloop
  endfacet
  facet normal 0 0 1
    outer loop
      vertex 32.3148 45.1 31
      vertex 32.3148 42.9 31
      vertex 40.4279 42.9 31
    endloop
  endfacet
  facet normal 0 0 1
    outer loop
      vertex 32.1218 45.5661 31
      vertex 32.3148 45.1 31
      vertex 32.2336 45.3394 31
    endloop
  endfacet
  facet normal 0 0 1
    outer loop
      vertex 32.3148 45.1 31
      vertex 32.1218 45.5661 31
      vertex 32.3148 42.9 31
    endloop
  endfacet
  facet normal 0 0 1
    outer loop
      vertex 32.1218 42.4339 31
      vertex 32.3148 42.9 31
      vertex 32.1218 45.5661 31
    endloop
  endfacet
  facet normal 0 0 1
    outer loop
      vertex 32.3148 42.9 31
      vertex 32.1218 42.4339 31
      vertex 32.2336 42.6606 31
    endloop
  endfacet
  facet normal 0 0 1
    outer loop
      vertex 104.3 61.3 31
      vertex 40.4016 45.5011 31
      vertex 40.4279 45.1 31
    endloop
  endfacet
  facet normal 0 0 1
    outer loop
      vertex 40.388 53.8173 31
      vertex 104.3 61.3 31
      vertex 40.4 54 31
    endloop
  endfacet
  facet normal 0 0 1
    outer loop
      vertex 104.3 61.3 31
      vertex 40.388 54.1827 31
      vertex 40.4 54 31
    endloop
  endfacet
  facet normal 0 0 1
    outer loop
      vertex 104.3 61.3 31
      vertex 40.3523 54.3623 31
      vertex 40.388 54.1827 31
    endloop
  endfacet
  facet normal 0 0 1
    outer loop
      vertex 104.3 61.3 31
      vertex 40.2934 54.5358 31
      vertex 40.3523 54.3623 31
    endloop
  endfacet
  facet normal 0 0 1
    outer loop
      vertex 104.3 61.3 31
      vertex 40.2124 54.7 31
      vertex 40.2934 54.5358 31
    endloop
  endfacet
  facet normal 0 0 1
    outer loop
      vertex 104.3 61.3 31
      vertex 40.1107 54.8523 31
      vertex 40.2124 54.7 31
    endloop
  endfacet
  facet normal 0 0 1
    outer loop
      vertex 104.3 61.3 31
      vertex 39.9899 54.9899 31
      vertex 40.1107 54.8523 31
    endloop
  endfacet
  facet normal 0 0 1
    outer loop
      vertex 104.3 61.3 31
      vertex 39.8523 55.1107 31
      vertex 39.9899 54.9899 31
    endloop
  endfacet
  facet normal 0 0 1
    outer loop
      vertex 104.3 61.3 31
      vertex 39.7 55.2124 31
      vertex 39.8523 55.1107 31
    endloop
  endfacet
  facet normal 0 0 1
    outer loop
      vertex 104.3 61.3 31
      vertex 39.5358 55.2934 31
      vertex 39.7 55.2124 31
    endloop
  endfacet
  facet normal 0 0 1
    outer loop
      vertex 104.3 61.3 31
      vertex 39.3623 55.3523 31
      vertex 39.5358 55.2934 31
    endloop
  endfacet
  facet normal 0 0 1
    outer loop
      vertex 104.3 61.3 31
      vertex 39.1827 55.388 31
      vertex 39.3623 55.3523 31
    endloop
  endfacet
  facet normal 0 0 1
    outer loop
      vertex 104.3 61.3 31
      vertex 39 55.4 31
      vertex 39.1827 55.388 31
    endloop
  endfacet
  facet normal -0 0 1
    outer loop
      vertex 3 61.3 31
      vertex 39 55.4 31
      vertex 104.3 61.3 31
    endloop
  endfacet
  facet normal 0 0 1
    outer loop
      vertex 36.0008 53.1236 31
      vertex 37.6 54 31
      vertex 37.612 54.1827 31
    endloop
  endfacet
  facet normal 0 0 1
    outer loop
      vertex 36.0008 53.1236 31
      vertex 37.612 54.1827 31
      vertex 37.6477 54.3623 31
    endloop
  endfacet
  facet normal 0 0 1
    outer loop
      vertex 34.75 53.9593 31
      vertex 37.6477 54.3623 31
      vertex 37.7066 54.5358 31
    endloop
  endfacet
  facet normal 0 0 1
    outer loop
      vertex 34.75 53.9593 31
      vertex 37.7066 54.5358 31
      vertex 37.7876 54.7 31
    endloop
  endfacet
  facet normal 0 0 1
    outer loop
      vertex 34.75 53.9593 31
      vertex 37.7876 54.7 31
      vertex 37.8893 54.8523 31
    endloop
  endfacet
  facet normal 0 0 1
    outer loop
      vertex 37.6 54 31
      vertex 36.0008 53.1236 31
      vertex 36.3029 52.8586 31
    endloop
  endfacet
  facet normal 0 0 1
    outer loop
      vertex 34.75 53.9593 31
      vertex 37.8893 54.8523 31
      vertex 38.01 54.9899 31
    endloop
  endfacet
  facet normal 0 0 1
    outer loop
      vertex 37.6477 54.3623 31
      vertex 34.75 53.9593 31
      vertex 36.0008 53.1236 31
    endloop
  endfacet
  facet normal 0 0 1
    outer loop
      vertex 33.4009 54.6246 31
      vertex 38.01 54.9899 31
      vertex 38.1477 55.1107 31
    endloop
  endfacet
  facet normal 0 0 1
    outer loop
      vertex 33.4009 54.6246 31
      vertex 38.1477 55.1107 31
      vertex 38.3 55.2124 31
    endloop
  endfacet
  facet normal 0 0 1
    outer loop
      vertex 31.9764 55.1081 31
      vertex 38.3 55.2124 31
      vertex 38.4642 55.2934 31
    endloop
  endfacet
  facet normal 0 0 1
    outer loop
      vertex 38.01 54.9899 31
      vertex 33.4009 54.6246 31
      vertex 34.75 53.9593 31
    endloop
  endfacet
  facet normal 0 0 1
    outer loop
      vertex 31.9764 55.1081 31
      vertex 38.4642 55.2934 31
      vertex 38.6377 55.3523 31
    endloop
  endfacet
  facet normal 0 0 1
    outer loop
      vertex 30.5011 55.4016 31
      vertex 38.6377 55.3523 31
      vertex 38.8173 55.388 31
    endloop
  endfacet
  facet normal 0 0 1
    outer loop
      vertex 38.3 55.2124 31
      vertex 31.9764 55.1081 31
      vertex 33.4009 54.6246 31
    endloop
  endfacet
  facet normal -0 -0 1
    outer loop
      vertex 30.1 55.4279 31
      vertex 39 55.4 31
      vertex 3 61.3 31
    endloop
  endfacet
  facet normal 0 0 1
    outer loop
      vertex 38.6377 55.3523 31
      vertex 30.5011 55.4016 31
      vertex 31.9764 55.1081 31
    endloop
  endfacet
  facet normal 0 0 1
    outer loop
      vertex 39 55.4 31
      vertex 30.1 55.4279 31
      vertex 38.8173 55.388 31
    endloop
  endfacet
  facet normal -0 0 1
    outer loop
      vertex 27.9 55.4279 31
      vertex 30.1 47.3148 31
      vertex 30.1 55.4279 31
    endloop
  endfacet
  facet normal 0 0 1
    outer loop
      vertex 27.9 47.3148 31
      vertex 30.1 47.3148 31
      vertex 27.9 55.4279 31
    endloop
  endfacet
  facet normal 0 0 1
    outer loop
      vertex 30.1 47.3148 31
      vertex 27.9 47.3148 31
      vertex 30.1 40.6852 31
    endloop
  endfacet
  facet normal 0 0 1
    outer loop
      vertex 38.8173 55.388 31
      vertex 30.1 55.4279 31
      vertex 30.5011 55.4016 31
    endloop
  endfacet
  facet normal 0 0 1
    outer loop
      vertex 30.1 55.4279 31
      vertex 3 61.3 31
      vertex 27.9 55.4279 31
    endloop
  endfacet
  facet normal -0 0 1
    outer loop
      vertex 20.388 53.8173 31
      vertex 21.9992 53.1236 31
      vertex 20.4 54 31
    endloop
  endfacet
  facet normal 0 0 1
    outer loop
      vertex 20.3523 54.3623 31
      vertex 21.9992 53.1236 31
      vertex 23.25 53.9593 31
    endloop
  endfacet
  facet normal 0 0 1
    outer loop
      vertex 19.9899 54.9899 31
      vertex 23.25 53.9593 31
      vertex 24.5991 54.6246 31
    endloop
  endfacet
  facet normal 0 0 1
    outer loop
      vertex 19.7 55.2124 31
      vertex 24.5991 54.6246 31
      vertex 26.0236 55.1081 31
    endloop
  endfacet
  facet normal -0 0 1
    outer loop
      vertex 19.3623 55.3523 31
      vertex 26.0236 55.1081 31
      vertex 27.4989 55.4016 31
    endloop
  endfacet
  facet normal 0 0 1
    outer loop
      vertex 21.9992 53.1236 31
      vertex 20.388 54.1827 31
      vertex 20.4 54 31
    endloop
  endfacet
  facet normal 0 0 1
    outer loop
      vertex 21.9992 53.1236 31
      vertex 20.3523 54.3623 31
      vertex 20.388 54.1827 31
    endloop
  endfacet
  facet normal 0 0 1
    outer loop
      vertex 23.25 53.9593 31
      vertex 20.2934 54.5358 31
      vertex 20.3523 54.3623 31
    endloop
  endfacet
  facet normal 0 0 1
    outer loop
      vertex 23.25 53.9593 31
      vertex 20.2124 54.7 31
      vertex 20.2934 54.5358 31
    endloop
  endfacet
  facet normal 0 0 1
    outer loop
      vertex 23.25 53.9593 31
      vertex 20.1107 54.8523 31
      vertex 20.2124 54.7 31
    endloop
  endfacet
  facet normal 0 0 1
    outer loop
      vertex 27.9 55.4279 31
      vertex 3 61.3 31
      vertex 27.4989 55.4016 31
    endloop
  endfacet
  facet normal 0 0 1
    outer loop
      vertex 23.25 53.9593 31
      vertex 19.9899 54.9899 31
      vertex 20.1107 54.8523 31
    endloop
  endfacet
  facet normal 0 0 1
    outer loop
      vertex 24.5991 54.6246 31
      vertex 19.8523 55.1107 31
      vertex 19.9899 54.9899 31
    endloop
  endfacet
  facet normal 0 0 1
    outer loop
      vertex 24.5991 54.6246 31
      vertex 19.7 55.2124 31
      vertex 19.8523 55.1107 31
    endloop
  endfacet
  facet normal 0 0 1
    outer loop
      vertex 26.0236 55.1081 31
      vertex 19.5358 55.2934 31
      vertex 19.7 55.2124 31
    endloop
  endfacet
  facet normal 0 0 1
    outer loop
      vertex 26.0236 55.1081 31
      vertex 19.3623 55.3523 31
      vertex 19.5358 55.2934 31
    endloop
  endfacet
  facet normal 0 -0 1
    outer loop
      vertex 19.1827 55.388 31
      vertex 27.4989 55.4016 31
      vertex 3 61.3 31
    endloop
  endfacet
  facet normal 0 0 1
    outer loop
      vertex 27.4989 55.4016 31
      vertex 19.1827 55.388 31
      vertex 19.3623 55.3523 31
    endloop
  endfacet
  facet normal 0 0 1
    outer loop
      vertex 19.1827 55.388 31
      vertex 3 61.3 31
      vertex 19 55.4 31
    endloop
  endfacet
  facet normal 0 -0 1
    outer loop
      vertex 8.23846 45.57 31
      vertex 17.8919 46.9764 31
      vertex 8.06405 45.831 31
    endloop
  endfacet
  facet normal -0 0 1
    outer loop
      vertex 8.56 44.37 31
      vertex 17.5721 42.9 31
      vertex 17.5721 45.1 31
    endloop
  endfacet
  facet normal 0 -0 1
    outer loop
      vertex 8.37731 45.2884 31
      vertex 17.8919 46.9764 31
      vertex 8.23846 45.57 31
    endloop
  endfacet
  facet normal 0 0 1
    outer loop
      vertex 18.3754 39.5991 31
      vertex 7.85706 42.6729 31
      vertex 17.7876 34.7 31
    endloop
  endfacet
  facet normal 0 0 1
    outer loop
      vertex 17.8919 41.0236 31
      vertex 7.85706 42.6729 31
      vertex 18.3754 39.5991 31
    endloop
  endfacet
  facet normal 0 0 1
    outer loop
      vertex 6.78117 46.6882 31
      vertex 17.6 54 31
      vertex 17.612 54.1827 31
    endloop
  endfacet
  facet normal 0 0 1
    outer loop
      vertex 3 61.3 31
      vertex 17.612 54.1827 31
      vertex 17.6477 54.3623 31
    endloop
  endfacet
  facet normal 0 0 1
    outer loop
      vertex 3 61.3 31
      vertex 17.6477 54.3623 31
      vertex 17.7066 54.5358 31
    endloop
  endfacet
  facet normal 0 0 1
    outer loop
      vertex 3 61.3 31
      vertex 17.7066 54.5358 31
      vertex 17.7876 54.7 31
    endloop
  endfacet
  facet normal 0 0 1
    outer loop
      vertex 3 61.3 31
      vertex 17.7876 54.7 31
      vertex 17.8893 54.8523 31
    endloop
  endfacet
  facet normal 0 0 1
    outer loop
      vertex 3 61.3 31
      vertex 17.8893 54.8523 31
      vertex 18.01 54.9899 31
    endloop
  endfacet
  facet normal 0 0 1
    outer loop
      vertex 17.5721 45.1 31
      vertex 8.53947 44.6833 31
      vertex 8.56 44.37 31
    endloop
  endfacet
  facet normal 0 0 1
    outer loop
      vertex 17.5984 45.5011 31
      vertex 8.53947 44.6833 31
      vertex 17.5721 45.1 31
    endloop
  endfacet
  facet normal 0 -0 1
    outer loop
      vertex 8.53947 44.6833 31
      vertex 17.5984 45.5011 31
      vertex 8.47822 44.9912 31
    endloop
  endfacet
  facet normal 0 -0 1
    outer loop
      vertex 8.47822 44.9912 31
      vertex 17.5984 45.5011 31
      vertex 8.37731 45.2884 31
    endloop
  endfacet
  facet normal 0 0 1
    outer loop
      vertex 17.8919 46.9764 31
      vertex 8.37731 45.2884 31
      vertex 17.5984 45.5011 31
    endloop
  endfacet
  facet normal 0 0 1
    outer loop
      vertex 18.3754 48.4009 31
      vertex 8.06405 45.831 31
      vertex 17.8919 46.9764 31
    endloop
  endfacet
  facet normal 0 0 1
    outer loop
      vertex 17.7066 53.4642 31
      vertex 7.62103 46.274 31
      vertex 7.85706 46.0671 31
    endloop
  endfacet
  facet normal 0 0 1
    outer loop
      vertex 3 61.3 31
      vertex 18.01 54.9899 31
      vertex 18.1477 55.1107 31
    endloop
  endfacet
  facet normal 0 0 1
    outer loop
      vertex 17.6477 53.6377 31
      vertex 7.36 46.4485 31
      vertex 7.62103 46.274 31
    endloop
  endfacet
  facet normal 0 0 1
    outer loop
      vertex 17.612 53.8173 31
      vertex 7.07844 46.5873 31
      vertex 7.36 46.4485 31
    endloop
  endfacet
  facet normal 0 0 1
    outer loop
      vertex 17.6 54 31
      vertex 6.78117 46.6882 31
      vertex 7.07844 46.5873 31
    endloop
  endfacet
  facet normal 0 0 1
    outer loop
      vertex 17.612 54.1827 31
      vertex 3 61.3 31
      vertex 6.78117 46.6882 31
    endloop
  endfacet
  facet normal 0 0 1
    outer loop
      vertex 6.78117 46.6882 31
      vertex 3 61.3 31
      vertex 6.47326 46.7495 31
    endloop
  endfacet
  facet normal 0 0 1
    outer loop
      vertex 6.47326 46.7495 31
      vertex 3 61.3 31
      vertex 6.16 46.77 31
    endloop
  endfacet
  facet normal -0 0 1
    outer loop
      vertex 0 58.3 31
      vertex 6.16 46.77 31
      vertex 3 61.3 31
    endloop
  endfacet
  facet normal 0 0 1
    outer loop
      vertex 3 61.3 31
      vertex 18.1477 55.1107 31
      vertex 18.3 55.2124 31
    endloop
  endfacet
  facet normal 0 0 1
    outer loop
      vertex 6.16 46.77 31
      vertex 0 58.3 31
      vertex 5.84674 46.7495 31
    endloop
  endfacet
  facet normal 0 0 1
    outer loop
      vertex 5.84674 46.7495 31
      vertex 0 58.3 31
      vertex 5.53883 46.6882 31
    endloop
  endfacet
  facet normal 0 0 1
    outer loop
      vertex 3.78053 44.6833 31
      vertex 0 58.3 31
      vertex 3.76 44.37 31
    endloop
  endfacet
  facet normal 0 0 1
    outer loop
      vertex 3.84178 44.9912 31
      vertex 0 58.3 31
      vertex 3.78053 44.6833 31
    endloop
  endfacet
  facet normal 0 0 1
    outer loop
      vertex 3.94269 45.2884 31
      vertex 0 58.3 31
      vertex 3.84178 44.9912 31
    endloop
  endfacet
  facet normal 0 0 1
    outer loop
      vertex 4.08154 45.57 31
      vertex 0 58.3 31
      vertex 3.94269 45.2884 31
    endloop
  endfacet
  facet normal 0 0 1
    outer loop
      vertex 4.25595 45.831 31
      vertex 0 58.3 31
      vertex 4.08154 45.57 31
    endloop
  endfacet
  facet normal 0 0 1
    outer loop
      vertex 4.46294 46.0671 31
      vertex 0 58.3 31
      vertex 4.25595 45.831 31
    endloop
  endfacet
  facet normal 0 0 1
    outer loop
      vertex 4.69897 46.274 31
      vertex 0 58.3 31
      vertex 4.46294 46.0671 31
    endloop
  endfacet
  facet normal 0 0 1
    outer loop
      vertex 4.96 46.4485 31
      vertex 0 58.3 31
      vertex 4.69897 46.274 31
    endloop
  endfacet
  facet normal 0 0 1
    outer loop
      vertex 5.24156 46.5873 31
      vertex 0 58.3 31
      vertex 4.96 46.4485 31
    endloop
  endfacet
  facet normal 0 0 1
    outer loop
      vertex 5.53883 46.6882 31
      vertex 0 58.3 31
      vertex 5.24156 46.5873 31
    endloop
  endfacet
  facet normal 0 0 1
    outer loop
      vertex 18.4642 55.2934 31
      vertex 3 61.3 31
      vertex 18.3 55.2124 31
    endloop
  endfacet
  facet normal 0 0 1
    outer loop
      vertex 18.6377 55.3523 31
      vertex 3 61.3 31
      vertex 18.4642 55.2934 31
    endloop
  endfacet
  facet normal 0 0 1
    outer loop
      vertex 18.8173 55.388 31
      vertex 3 61.3 31
      vertex 18.6377 55.3523 31
    endloop
  endfacet
  facet normal 0 0 1
    outer loop
      vertex 19 55.4 31
      vertex 3 61.3 31
      vertex 18.8173 55.388 31
    endloop
  endfacet
  facet normal 0 0 1
    outer loop
      vertex 104.3 61.3 31
      vertex 40.388 53.8173 31
      vertex 40.4016 45.5011 31
    endloop
  endfacet
  facet normal -0 0 1
    outer loop
      vertex 40.3523 53.6377 31
      vertex 40.4016 45.5011 31
      vertex 40.388 53.8173 31
    endloop
  endfacet
  facet normal 0 0 1
    outer loop
      vertex 40.1081 46.9764 31
      vertex 40.3523 53.6377 31
      vertex 40.2934 53.4642 31
    endloop
  endfacet
  facet normal 0 0 1
    outer loop
      vertex 40.1081 46.9764 31
      vertex 40.2934 53.4642 31
      vertex 40.2124 53.3 31
    endloop
  endfacet
  facet normal 0 0 1
    outer loop
      vertex 39.6246 48.4009 31
      vertex 40.2124 53.3 31
      vertex 40.1107 53.1477 31
    endloop
  endfacet
  facet normal 0 0 1
    outer loop
      vertex 40.3523 53.6377 31
      vertex 40.1081 46.9764 31
      vertex 40.4016 45.5011 31
    endloop
  endfacet
  facet normal 0 0 1
    outer loop
      vertex 39.6246 48.4009 31
      vertex 40.1107 53.1477 31
      vertex 39.9899 53.01 31
    endloop
  endfacet
  facet normal 0 0 1
    outer loop
      vertex 38.9593 49.75 31
      vertex 39.9899 53.01 31
      vertex 39.8523 52.8893 31
    endloop
  endfacet
  facet normal 0 0 1
    outer loop
      vertex 38.9593 49.75 31
      vertex 39.8523 52.8893 31
      vertex 39.7 52.7876 31
    endloop
  endfacet
  facet normal 0 0 1
    outer loop
      vertex 40.2124 53.3 31
      vertex 39.6246 48.4009 31
      vertex 40.1081 46.9764 31
    endloop
  endfacet
  facet normal 0 0 1
    outer loop
      vertex 38.9593 49.75 31
      vertex 39.7 52.7876 31
      vertex 39.5358 52.7066 31
    endloop
  endfacet
  facet normal 0 0 1
    outer loop
      vertex 38.9593 49.75 31
      vertex 39.5358 52.7066 31
      vertex 39.3623 52.6477 31
    endloop
  endfacet
  facet normal 0 0 1
    outer loop
      vertex 38.1236 51.0008 31
      vertex 39.3623 52.6477 31
      vertex 39.1827 52.612 31
    endloop
  endfacet
  facet normal 0 0 1
    outer loop
      vertex 38.1236 51.0008 31
      vertex 39.1827 52.612 31
      vertex 39 52.6 31
    endloop
  endfacet
  facet normal 0 0 1
    outer loop
      vertex 39.9899 53.01 31
      vertex 38.9593 49.75 31
      vertex 39.6246 48.4009 31
    endloop
  endfacet
  facet normal 0 0 1
    outer loop
      vertex 38.1236 51.0008 31
      vertex 39 52.6 31
      vertex 38.8173 52.612 31
    endloop
  endfacet
  facet normal 0 0 1
    outer loop
      vertex 37.8586 51.3029 31
      vertex 38.8173 52.612 31
      vertex 38.6377 52.6477 31
    endloop
  endfacet
  facet normal 0 0 1
    outer loop
      vertex 37.8586 51.3029 31
      vertex 38.6377 52.6477 31
      vertex 38.4642 52.7066 31
    endloop
  endfacet
  facet normal 0 0 1
    outer loop
      vertex 37.8586 51.3029 31
      vertex 38.4642 52.7066 31
      vertex 38.3 52.7876 31
    endloop
  endfacet
  facet normal 0 0 1
    outer loop
      vertex 37.8586 51.3029 31
      vertex 38.3 52.7876 31
      vertex 38.1477 52.8893 31
    endloop
  endfacet
  facet normal 0 0 1
    outer loop
      vertex 39.3623 52.6477 31
      vertex 38.1236 51.0008 31
      vertex 38.9593 49.75 31
    endloop
  endfacet
  facet normal 0 0 1
    outer loop
      vertex 37.8586 51.3029 31
      vertex 38.1477 52.8893 31
      vertex 38.01 53.01 31
    endloop
  endfacet
  facet normal 0 0 1
    outer loop
      vertex 36.3029 52.8586 31
      vertex 38.01 53.01 31
      vertex 37.8893 53.1477 31
    endloop
  endfacet
  facet normal 0 0 1
    outer loop
      vertex 38.8173 52.612 31
      vertex 37.8586 51.3029 31
      vertex 38.1236 51.0008 31
    endloop
  endfacet
  facet normal 0 0 1
    outer loop
      vertex 36.3029 52.8586 31
      vertex 37.8893 53.1477 31
      vertex 37.7876 53.3 31
    endloop
  endfacet
  facet normal 0 0 1
    outer loop
      vertex 36.3029 52.8586 31
      vertex 37.7876 53.3 31
      vertex 37.7066 53.4642 31
    endloop
  endfacet
  facet normal 0 0 1
    outer loop
      vertex 36.3029 52.8586 31
      vertex 37.7066 53.4642 31
      vertex 37.6477 53.6377 31
    endloop
  endfacet
  facet normal 0 0 1
    outer loop
      vertex 36.3029 52.8586 31
      vertex 37.6477 53.6377 31
      vertex 37.612 53.8173 31
    endloop
  endfacet
  facet normal 0 0 1
    outer loop
      vertex 36.3029 52.8586 31
      vertex 37.612 53.8173 31
      vertex 37.6 54 31
    endloop
  endfacet
  facet normal 0 0 1
    outer loop
      vertex 38.01 53.01 31
      vertex 36.3029 52.8586 31
      vertex 37.8586 51.3029 31
    endloop
  endfacet
  facet normal 0 0 1
    outer loop
      vertex 36.3029 52.8586 31
      vertex 32.1218 45.5661 31
      vertex 37.8586 51.3029 31
    endloop
  endfacet
  facet normal 0 0 1
    outer loop
      vertex 32.1218 45.5661 31
      vertex 30.5661 47.1218 31
      vertex 32.1218 42.4339 31
    endloop
  endfacet
  facet normal -0 0 1
    outer loop
      vertex 30.5661 47.1218 31
      vertex 32.1218 45.5661 31
      vertex 36.3029 52.8586 31
    endloop
  endfacet
  facet normal -1 0 0
    outer loop
      vertex 0 36.65 14.5
      vertex 0 58.3 3
      vertex 0 36.65 7.5
    endloop
  endfacet
  facet normal -1 0 0
    outer loop
      vertex 0 58.3 3
      vertex 0 24.65 7.5
      vertex 0 36.65 7.5
    endloop
  endfacet
  facet normal -1 -0 0
    outer loop
      vertex 0 24.65 7.5
      vertex 0 3 3
      vertex 0 24.65 14.5
    endloop
  endfacet
  facet normal -1 0 0
    outer loop
      vertex 0 3 3
      vertex 0 24.65 7.5
      vertex 0 58.3 3
    endloop
  endfacet
  facet normal -1 0 0
    outer loop
      vertex 0 58.3 3
      vertex 0 36.65 14.5
      vertex 0 58.3 31
    endloop
  endfacet
  facet normal -1 0 0
    outer loop
      vertex 0 24.65 14.5
      vertex 0 58.3 31
      vertex 0 36.65 14.5
    endloop
  endfacet
  facet normal -1 0 0
    outer loop
      vertex 0 24.65 14.5
      vertex 0 3 31
      vertex 0 58.3 31
    endloop
  endfacet
  facet normal -1 0 0
    outer loop
      vertex 0 3 31
      vertex 0 24.65 14.5
      vertex 0 3 3
    endloop
  endfacet
  facet normal -0.997859 0.0653993 0
    outer loop
      vertex 0 58.3 3
      vertex 0.0256653 58.6916 31
      vertex 0.0256653 58.6916 3
    endloop
  endfacet
  facet normal -0.997859 0.0653993 0
    outer loop
      vertex 0.0256653 58.6916 31
      vertex 0 58.3 3
      vertex 0 58.3 31
    endloop
  endfacet
  facet normal 1 0 0
    outer loop
      vertex 107.3 18 31
      vertex 107.3 17.5 26
      vertex 107.3 18 24.9
    endloop
  endfacet
  facet normal 1 0 0
    outer loop
      vertex 107.3 18 31
      vertex 107.3 14 26
      vertex 107.3 17.5 26
    endloop
  endfacet
  facet normal 1 0 0
    outer loop
      vertex 107.3 14 26
      vertex 107.3 3 31
      vertex 107.3 14 20
    endloop
  endfacet
  facet normal 1 -0 0
    outer loop
      vertex 107.3 3 31
      vertex 107.3 14 26
      vertex 107.3 18 31
    endloop
  endfacet
  facet normal 1 0 0
    outer loop
      vertex 107.3 21 24.9
      vertex 107.3 18 24.9
      vertex 107.3 21 20
    endloop
  endfacet
  facet normal 1 0 0
    outer loop
      vertex 107.3 28 24.9
      vertex 107.3 24.5 24.9
      vertex 107.3 28 20
    endloop
  endfacet
  facet normal 1 0 0
    outer loop
      vertex 107.3 47 20
      vertex 107.3 58.3 31
      vertex 107.3 47 27
    endloop
  endfacet
  facet normal 1 -0 0
    outer loop
      vertex 107.3 31 31
      vertex 107.3 47 27
      vertex 107.3 58.3 31
    endloop
  endfacet
  facet normal 1 0 0
    outer loop
      vertex 107.3 37 27
      vertex 107.3 31.5 26
      vertex 107.3 37 20
    endloop
  endfacet
  facet normal 1 0 0
    outer loop
      vertex 107.3 47 27
      vertex 107.3 31 31
      vertex 107.3 37 27
    endloop
  endfacet
  facet normal 1 0 0
    outer loop
      vertex 107.3 37 27
      vertex 107.3 31 31
      vertex 107.3 31.5 26
    endloop
  endfacet
  facet normal 1 0 0
    outer loop
      vertex 107.3 31.5 26
      vertex 107.3 31 31
      vertex 107.3 31 26
    endloop
  endfacet
  facet normal 1 0 0
    outer loop
      vertex 107.3 58.3 31
      vertex 107.3 47 20
      vertex 107.3 58.3 3
    endloop
  endfacet
  facet normal 1 -0 0
    outer loop
      vertex 107.3 37 20
      vertex 107.3 58.3 3
      vertex 107.3 47 20
    endloop
  endfacet
  facet normal 1 0 0
    outer loop
      vertex 107.3 31.5 20
      vertex 107.3 37 20
      vertex 107.3 31.5 26
    endloop
  endfacet
  facet normal 1 -0 0
    outer loop
      vertex 107.3 31.5 20
      vertex 107.3 58.3 3
      vertex 107.3 37 20
    endloop
  endfacet
  facet normal 1 0 0
    outer loop
      vertex 107.3 3 3
      vertex 107.3 31.5 20
      vertex 107.3 28 20
    endloop
  endfacet
  facet normal 1 0 0
    outer loop
      vertex 107.3 24.5 20
      vertex 107.3 28 20
      vertex 107.3 24.5 24.9
    endloop
  endfacet
  facet normal 1 0 0
    outer loop
      vertex 107.3 3 3
      vertex 107.3 28 20
      vertex 107.3 24.5 20
    endloop
  endfacet
  facet normal 1 0 0
    outer loop
      vertex 107.3 3 3
      vertex 107.3 24.5 20
      vertex 107.3 21 20
    endloop
  endfacet
  facet normal 1 0 0
    outer loop
      vertex 107.3 17.5 20
      vertex 107.3 18 24.9
      vertex 107.3 17.5 26
    endloop
  endfacet
  facet normal 1 0 0
    outer loop
      vertex 107.3 17.5 20
      vertex 107.3 21 20
      vertex 107.3 18 24.9
    endloop
  endfacet
  facet normal 1 0 0
    outer loop
      vertex 107.3 3 3
      vertex 107.3 21 20
      vertex 107.3 17.5 20
    endloop
  endfacet
  facet normal 1 0 0
    outer loop
      vertex 107.3 3 3
      vertex 107.3 17.5 20
      vertex 107.3 14 20
    endloop
  endfacet
  facet normal 1 0 0
    outer loop
      vertex 107.3 31.5 20
      vertex 107.3 3 3
      vertex 107.3 58.3 3
    endloop
  endfacet
  facet normal 1 0 0
    outer loop
      vertex 107.3 3 3
      vertex 107.3 14 20
      vertex 107.3 3 31
    endloop
  endfacet
  facet normal -0.980786 -0.195086 0
    outer loop
      vertex 0.102219 2.22354 3
      vertex 0.0256653 2.60841 31
      vertex 0.0256653 2.60841 3
    endloop
  endfacet
  facet normal -0.980786 -0.195086 0
    outer loop
      vertex 0.0256653 2.60841 31
      vertex 0.102219 2.22354 3
      vertex 0.102219 2.22354 31
    endloop
  endfacet
  facet normal 0 0 -1
    outer loop
      vertex 104.859 3.2894 3
      vertex 107.3 3 3
      vertex 107.274 2.60841 3
    endloop
  endfacet
  facet normal 0 0 -1
    outer loop
      vertex 107.3 3 3
      vertex 104.9 3.6 3
      vertex 107.3 58.3 3
    endloop
  endfacet
  facet normal 0 0 -1
    outer loop
      vertex 104.809 3.14077 3
      vertex 107.274 2.60841 3
      vertex 107.198 2.22354 3
    endloop
  endfacet
  facet normal 0 0 -1
    outer loop
      vertex 104.9 57.7 3
      vertex 107.3 58.3 3
      vertex 104.9 3.6 3
    endloop
  endfacet
  facet normal 0 0 -1
    outer loop
      vertex 104.739 2.99999 3
      vertex 107.198 2.22354 3
      vertex 107.072 1.85194 3
    endloop
  endfacet
  facet normal 0 0 -1
    outer loop
      vertex 104.89 57.8566 3
      vertex 107.3 58.3 3
      vertex 104.9 57.7 3
    endloop
  endfacet
  facet normal 0 0 -1
    outer loop
      vertex 104.739 2.99999 3
      vertex 107.072 1.85194 3
      vertex 106.898 1.5 3
    endloop
  endfacet
  facet normal 0 0 -1
    outer loop
      vertex 104.859 58.0106 3
      vertex 107.3 58.3 3
      vertex 104.89 57.8566 3
    endloop
  endfacet
  facet normal 0 0 -1
    outer loop
      vertex 104.652 2.86948 3
      vertex 106.898 1.5 3
      vertex 106.68 1.17371 3
    endloop
  endfacet
  facet normal -0 0 -1
    outer loop
      vertex 107.3 58.3 3
      vertex 104.859 58.0106 3
      vertex 107.274 58.6916 3
    endloop
  endfacet
  facet normal 0 0 -1
    outer loop
      vertex 104.549 2.75147 3
      vertex 106.68 1.17371 3
      vertex 106.421 0.878677 3
    endloop
  endfacet
  facet normal 0 0 -1
    outer loop
      vertex 104.809 58.1592 3
      vertex 107.274 58.6916 3
      vertex 104.859 58.0106 3
    endloop
  endfacet
  facet normal 0 0 -1
    outer loop
      vertex 104.549 2.75147 3
      vertex 106.421 0.878677 3
      vertex 106.126 0.619934 3
    endloop
  endfacet
  facet normal -0 0 -1
    outer loop
      vertex 107.274 58.6916 3
      vertex 104.809 58.1592 3
      vertex 107.198 59.0764 3
    endloop
  endfacet
  facet normal 0 0 -1
    outer loop
      vertex 104.431 2.64797 3
      vertex 106.126 0.619934 3
      vertex 105.8 0.401917 3
    endloop
  endfacet
  facet normal 0 0 -1
    outer loop
      vertex 104.739 58.3 3
      vertex 107.198 59.0764 3
      vertex 104.809 58.1592 3
    endloop
  endfacet
  facet normal 0 0 -1
    outer loop
      vertex 104.3 2.56077 3
      vertex 105.8 0.401917 3
      vertex 105.448 0.228348 3
    endloop
  endfacet
  facet normal -0 0 -1
    outer loop
      vertex 107.198 59.0764 3
      vertex 104.739 58.3 3
      vertex 107.072 59.448 3
    endloop
  endfacet
  facet normal 0 0 -1
    outer loop
      vertex 104.3 2.56077 3
      vertex 105.448 0.228348 3
      vertex 105.076 0.102219 3
    endloop
  endfacet
  facet normal -0 0 -1
    outer loop
      vertex 107.072 59.448 3
      vertex 104.739 58.3 3
      vertex 106.898 59.8 3
    endloop
  endfacet
  facet normal 0 0 -1
    outer loop
      vertex 104.652 58.4305 3
      vertex 106.898 59.8 3
      vertex 104.739 58.3 3
    endloop
  endfacet
  facet normal 0 0 -1
    outer loop
      vertex 107.3 3 3
      vertex 104.89 3.44337 3
      vertex 104.9 3.6 3
    endloop
  endfacet
  facet normal 0 0 -1
    outer loop
      vertex 107.3 3 3
      vertex 104.859 3.2894 3
      vertex 104.89 3.44337 3
    endloop
  endfacet
  facet normal 0 0 -1
    outer loop
      vertex 107.274 2.60841 3
      vertex 104.809 3.14077 3
      vertex 104.859 3.2894 3
    endloop
  endfacet
  facet normal 0 0 -1
    outer loop
      vertex 107.198 2.22354 3
      vertex 104.739 2.99999 3
      vertex 104.809 3.14077 3
    endloop
  endfacet
  facet normal 0 0 -1
    outer loop
      vertex 104.159 2.49134 3
      vertex 105.076 0.102219 3
      vertex 104.692 0.0256653 3
    endloop
  endfacet
  facet normal 0 0 -1
    outer loop
      vertex 106.898 1.5 3
      vertex 104.652 2.86948 3
      vertex 104.739 2.99999 3
    endloop
  endfacet
  facet normal 0 0 -1
    outer loop
      vertex 106.68 1.17371 3
      vertex 104.549 2.75147 3
      vertex 104.652 2.86948 3
    endloop
  endfacet
  facet normal 0 0 -1
    outer loop
      vertex 106.126 0.619934 3
      vertex 104.431 2.64797 3
      vertex 104.549 2.75147 3
    endloop
  endfacet
  facet normal 0 0 -1
    outer loop
      vertex 105.8 0.401917 3
      vertex 104.3 2.56077 3
      vertex 104.431 2.64797 3
    endloop
  endfacet
  facet normal 0 0 -1
    outer loop
      vertex 104.011 2.44088 3
      vertex 104.692 0.0256653 3
      vertex 104.3 0 3
    endloop
  endfacet
  facet normal 0 0 -1
    outer loop
      vertex 105.076 0.102219 3
      vertex 104.159 2.49134 3
      vertex 104.3 2.56077 3
    endloop
  endfacet
  facet normal 0 0 -1
    outer loop
      vertex 104.692 0.0256653 3
      vertex 104.011 2.44088 3
      vertex 104.159 2.49134 3
    endloop
  endfacet
  facet normal 0 0 -1
    outer loop
      vertex 104.3 0 3
      vertex 103.857 2.41025 3
      vertex 104.011 2.44088 3
    endloop
  endfacet
  facet normal 0 0 -1
    outer loop
      vertex 104.3 0 3
      vertex 103.7 2.4 3
      vertex 103.857 2.41025 3
    endloop
  endfacet
  facet normal 0 0 -1
    outer loop
      vertex 104.3 0 3
      vertex 3.6 2.4 3
      vertex 103.7 2.4 3
    endloop
  endfacet
  facet normal 0 0 -1
    outer loop
      vertex 3 0 3
      vertex 3.6 2.4 3
      vertex 104.3 0 3
    endloop
  endfacet
  facet normal 0 0 -1
    outer loop
      vertex 3 0 3
      vertex 3.44337 2.41025 3
      vertex 3.6 2.4 3
    endloop
  endfacet
  facet normal 0 0 -1
    outer loop
      vertex 3 0 3
      vertex 3.2894 2.44088 3
      vertex 3.44337 2.41025 3
    endloop
  endfacet
  facet normal 0 0 -1
    outer loop
      vertex 2.60841 0.0256653 3
      vertex 3.2894 2.44088 3
      vertex 3 0 3
    endloop
  endfacet
  facet normal -0 0 -1
    outer loop
      vertex 3.2894 2.44088 3
      vertex 2.60841 0.0256653 3
      vertex 3.14077 2.49134 3
    endloop
  endfacet
  facet normal 0 0 -1
    outer loop
      vertex 2.22354 0.102219 3
      vertex 3.14077 2.49134 3
      vertex 2.60841 0.0256653 3
    endloop
  endfacet
  facet normal -0 0 -1
    outer loop
      vertex 3.14077 2.49134 3
      vertex 2.22354 0.102219 3
      vertex 2.99999 2.56077 3
    endloop
  endfacet
  facet normal 0 0 -1
    outer loop
      vertex 1.85194 0.228348 3
      vertex 2.99999 2.56077 3
      vertex 2.22354 0.102219 3
    endloop
  endfacet
  facet normal 0 0 -1
    outer loop
      vertex 1.5 0.401917 3
      vertex 2.99999 2.56077 3
      vertex 1.85194 0.228348 3
    endloop
  endfacet
  facet normal -0 0 -1
    outer loop
      vertex 2.99999 2.56077 3
      vertex 1.5 0.401917 3
      vertex 2.86948 2.64797 3
    endloop
  endfacet
  facet normal 0 0 -1
    outer loop
      vertex 1.17371 0.619934 3
      vertex 2.86948 2.64797 3
      vertex 1.5 0.401917 3
    endloop
  endfacet
  facet normal -0 0 -1
    outer loop
      vertex 2.86948 2.64797 3
      vertex 1.17371 0.619934 3
      vertex 2.75147 2.75147 3
    endloop
  endfacet
  facet normal 0 0 -1
    outer loop
      vertex 0.878677 0.878677 3
      vertex 2.75147 2.75147 3
      vertex 1.17371 0.619934 3
    endloop
  endfacet
  facet normal 0 0 -1
    outer loop
      vertex 0.619934 1.17371 3
      vertex 2.75147 2.75147 3
      vertex 0.878677 0.878677 3
    endloop
  endfacet
  facet normal 0 0 -1
    outer loop
      vertex 0.401917 1.5 3
      vertex 2.64797 2.86948 3
      vertex 0.619934 1.17371 3
    endloop
  endfacet
  facet normal -0 0 -1
    outer loop
      vertex 2.75147 2.75147 3
      vertex 0.619934 1.17371 3
      vertex 2.64797 2.86948 3
    endloop
  endfacet
  facet normal -0 0 -1
    outer loop
      vertex 106.898 59.8 3
      vertex 104.652 58.4305 3
      vertex 106.68 60.1263 3
    endloop
  endfacet
  facet normal 0 0 -1
    outer loop
      vertex 104.549 58.5485 3
      vertex 106.68 60.1263 3
      vertex 104.652 58.4305 3
    endloop
  endfacet
  facet normal -0 0 -1
    outer loop
      vertex 106.68 60.1263 3
      vertex 104.549 58.5485 3
      vertex 106.421 60.4213 3
    endloop
  endfacet
  facet normal -0 0 -1
    outer loop
      vertex 106.421 60.4213 3
      vertex 104.549 58.5485 3
      vertex 106.126 60.6801 3
    endloop
  endfacet
  facet normal 0 0 -1
    outer loop
      vertex 104.431 58.652 3
      vertex 106.126 60.6801 3
      vertex 104.549 58.5485 3
    endloop
  endfacet
  facet normal -0 0 -1
    outer loop
      vertex 106.126 60.6801 3
      vertex 104.431 58.652 3
      vertex 105.8 60.8981 3
    endloop
  endfacet
  facet normal 0 0 -1
    outer loop
      vertex 104.3 58.7392 3
      vertex 105.8 60.8981 3
      vertex 104.431 58.652 3
    endloop
  endfacet
  facet normal -0 0 -1
    outer loop
      vertex 105.8 60.8981 3
      vertex 104.3 58.7392 3
      vertex 105.448 61.0716 3
    endloop
  endfacet
  facet normal -0 0 -1
    outer loop
      vertex 105.448 61.0716 3
      vertex 104.3 58.7392 3
      vertex 105.076 61.1978 3
    endloop
  endfacet
  facet normal 0 0 -1
    outer loop
      vertex 104.159 58.8086 3
      vertex 105.076 61.1978 3
      vertex 104.3 58.7392 3
    endloop
  endfacet
  facet normal -0 0 -1
    outer loop
      vertex 105.076 61.1978 3
      vertex 104.159 58.8086 3
      vertex 104.692 61.2743 3
    endloop
  endfacet
  facet normal 0 0 -1
    outer loop
      vertex 104.011 58.8591 3
      vertex 104.692 61.2743 3
      vertex 104.159 58.8086 3
    endloop
  endfacet
  facet normal -0 0 -1
    outer loop
      vertex 104.692 61.2743 3
      vertex 104.011 58.8591 3
      vertex 104.3 61.3 3
    endloop
  endfacet
  facet normal 0 0 -1
    outer loop
      vertex 103.857 58.8897 3
      vertex 104.3 61.3 3
      vertex 104.011 58.8591 3
    endloop
  endfacet
  facet normal 0 0 -1
    outer loop
      vertex 103.7 58.9 3
      vertex 104.3 61.3 3
      vertex 103.857 58.8897 3
    endloop
  endfacet
  facet normal 0 0 -1
    outer loop
      vertex 3.6 58.9 3
      vertex 104.3 61.3 3
      vertex 103.7 58.9 3
    endloop
  endfacet
  facet normal 0 0 -1
    outer loop
      vertex 3.6 58.9 3
      vertex 3 61.3 3
      vertex 104.3 61.3 3
    endloop
  endfacet
  facet normal 0 0 -1
    outer loop
      vertex 3.44337 58.8897 3
      vertex 3 61.3 3
      vertex 3.6 58.9 3
    endloop
  endfacet
  facet normal 0 0 -1
    outer loop
      vertex 3.2894 58.8591 3
      vertex 3 61.3 3
      vertex 3.44337 58.8897 3
    endloop
  endfacet
  facet normal 0 0 -1
    outer loop
      vertex 2.60841 61.2743 3
      vertex 3.2894 58.8591 3
      vertex 3.14077 58.8086 3
    endloop
  endfacet
  facet normal 0 0 -1
    outer loop
      vertex 2.22354 61.1978 3
      vertex 3.14077 58.8086 3
      vertex 2.99999 58.7392 3
    endloop
  endfacet
  facet normal 0 0 -1
    outer loop
      vertex 1.5 60.8981 3
      vertex 2.99999 58.7392 3
      vertex 2.86948 58.652 3
    endloop
  endfacet
  facet normal 0 0 -1
    outer loop
      vertex 1.17371 60.6801 3
      vertex 2.86948 58.652 3
      vertex 2.75147 58.5485 3
    endloop
  endfacet
  facet normal 0 0 -1
    outer loop
      vertex 0.619934 60.1263 3
      vertex 2.75147 58.5485 3
      vertex 2.64797 58.4305 3
    endloop
  endfacet
  facet normal 0 0 -1
    outer loop
      vertex 3.2894 58.8591 3
      vertex 2.60841 61.2743 3
      vertex 3 61.3 3
    endloop
  endfacet
  facet normal 0 0 -1
    outer loop
      vertex 0.401917 59.8 3
      vertex 2.64797 58.4305 3
      vertex 2.56077 58.3 3
    endloop
  endfacet
  facet normal 0 0 -1
    outer loop
      vertex 0.102219 59.0764 3
      vertex 2.56077 58.3 3
      vertex 2.49134 58.1592 3
    endloop
  endfacet
  facet normal 0 0 -1
    outer loop
      vertex 0.0256653 58.6916 3
      vertex 2.49134 58.1592 3
      vertex 2.44088 58.0106 3
    endloop
  endfacet
  facet normal 0 0 -1
    outer loop
      vertex 0 58.3 3
      vertex 2.44088 58.0106 3
      vertex 2.41025 57.8566 3
    endloop
  endfacet
  facet normal 0 0 -1
    outer loop
      vertex 0 58.3 3
      vertex 2.41025 57.8566 3
      vertex 2.4 57.7 3
    endloop
  endfacet
  facet normal 0 0 -1
    outer loop
      vertex 3.14077 58.8086 3
      vertex 2.22354 61.1978 3
      vertex 2.60841 61.2743 3
    endloop
  endfacet
  facet normal -0 0 -1
    outer loop
      vertex 2.4 3.6 3
      vertex 0 3 3
      vertex 2.4 57.7 3
    endloop
  endfacet
  facet normal -0 0 -1
    outer loop
      vertex 2.64797 2.86948 3
      vertex 0.401917 1.5 3
      vertex 2.56077 2.99999 3
    endloop
  endfacet
  facet normal 0 0 -1
    outer loop
      vertex 0 58.3 3
      vertex 2.4 57.7 3
      vertex 0 3 3
    endloop
  endfacet
  facet normal 0 0 -1
    outer loop
      vertex 0.228348 1.85194 3
      vertex 2.56077 2.99999 3
      vertex 0.401917 1.5 3
    endloop
  endfacet
  facet normal 0 0 -1
    outer loop
      vertex 2.44088 58.0106 3
      vertex 0 58.3 3
      vertex 0.0256653 58.6916 3
    endloop
  endfacet
  facet normal 0 0 -1
    outer loop
      vertex 0.102219 2.22354 3
      vertex 2.56077 2.99999 3
      vertex 0.228348 1.85194 3
    endloop
  endfacet
  facet normal 0 0 -1
    outer loop
      vertex 2.99999 58.7392 3
      vertex 1.85194 61.0716 3
      vertex 2.22354 61.1978 3
    endloop
  endfacet
  facet normal -0 0 -1
    outer loop
      vertex 2.56077 2.99999 3
      vertex 0.102219 2.22354 3
      vertex 2.49134 3.14077 3
    endloop
  endfacet
  facet normal 0 0 -1
    outer loop
      vertex 2.99999 58.7392 3
      vertex 1.5 60.8981 3
      vertex 1.85194 61.0716 3
    endloop
  endfacet
  facet normal 0 0 -1
    outer loop
      vertex 0.0256653 2.60841 3
      vertex 2.49134 3.14077 3
      vertex 0.102219 2.22354 3
    endloop
  endfacet
  facet normal 0 0 -1
    outer loop
      vertex 2.86948 58.652 3
      vertex 1.17371 60.6801 3
      vertex 1.5 60.8981 3
    endloop
  endfacet
  facet normal -0 0 -1
    outer loop
      vertex 2.49134 3.14077 3
      vertex 0.0256653 2.60841 3
      vertex 2.44088 3.2894 3
    endloop
  endfacet
  facet normal 0 0 -1
    outer loop
      vertex 2.75147 58.5485 3
      vertex 0.878677 60.4213 3
      vertex 1.17371 60.6801 3
    endloop
  endfacet
  facet normal 0 0 -1
    outer loop
      vertex 0 3 3
      vertex 2.44088 3.2894 3
      vertex 0.0256653 2.60841 3
    endloop
  endfacet
  facet normal 0 0 -1
    outer loop
      vertex 2.75147 58.5485 3
      vertex 0.619934 60.1263 3
      vertex 0.878677 60.4213 3
    endloop
  endfacet
  facet normal -0 0 -1
    outer loop
      vertex 2.44088 3.2894 3
      vertex 0 3 3
      vertex 2.41025 3.44337 3
    endloop
  endfacet
  facet normal 0 0 -1
    outer loop
      vertex 2.64797 58.4305 3
      vertex 0.401917 59.8 3
      vertex 0.619934 60.1263 3
    endloop
  endfacet
  facet normal -0 0 -1
    outer loop
      vertex 2.41025 3.44337 3
      vertex 0 3 3
      vertex 2.4 3.6 3
    endloop
  endfacet
  facet normal 0 0 -1
    outer loop
      vertex 2.56077 58.3 3
      vertex 0.228348 59.448 3
      vertex 0.401917 59.8 3
    endloop
  endfacet
  facet normal 0 0 -1
    outer loop
      vertex 2.56077 58.3 3
      vertex 0.102219 59.0764 3
      vertex 0.228348 59.448 3
    endloop
  endfacet
  facet normal 0 0 -1
    outer loop
      vertex 2.49134 58.1592 3
      vertex 0.0256653 58.6916 3
      vertex 0.102219 59.0764 3
    endloop
  endfacet
  facet normal -0.997859 -0.0654009 0
    outer loop
      vertex 0.0256653 2.60841 3
      vertex 0 3 31
      vertex 0 3 3
    endloop
  endfacet
  facet normal -0.997859 -0.0654009 0
    outer loop
      vertex 0 3 31
      vertex 0.0256653 2.60841 3
      vertex 0.0256653 2.60841 31
    endloop
  endfacet
  facet normal -0.659437 0.75176 0
    outer loop
      vertex 1.17371 60.6801 3
      vertex 0.878677 60.4213 31
      vertex 1.17371 60.6801 31
    endloop
  endfacet
  facet normal -0.659437 0.75176 0
    outer loop
      vertex 0.878677 60.4213 31
      vertex 1.17371 60.6801 3
      vertex 0.878677 60.4213 3
    endloop
  endfacet
  facet normal 0 1 -0
    outer loop
      vertex 43.57 61.3 7.75
      vertex 36.34 61.3 14.25
      vertex 43.57 61.3 14.25
    endloop
  endfacet
  facet normal 0 1 0
    outer loop
      vertex 36.34 61.3 14.25
      vertex 43.57 61.3 7.75
      vertex 36.34 61.3 7.75
    endloop
  endfacet
  facet normal 0 1 -0
    outer loop
      vertex 61 61.3 7.75
      vertex 52.57 61.3 14.25
      vertex 61 61.3 14.25
    endloop
  endfacet
  facet normal 0 1 0
    outer loop
      vertex 52.57 61.3 14.25
      vertex 61 61.3 7.75
      vertex 52.57 61.3 7.75
    endloop
  endfacet
  facet normal 0 1 -0
    outer loop
      vertex 81 61.3 7.75
      vertex 73 61.3 14.25
      vertex 81 61.3 14.25
    endloop
  endfacet
  facet normal 0 1 0
    outer loop
      vertex 73 61.3 14.25
      vertex 81 61.3 7.75
      vertex 73 61.3 7.75
    endloop
  endfacet
  facet normal 0 1 0
    outer loop
      vertex 72 61.3 28
      vertex 104.3 61.3 31
      vertex 86 61.3 28
    endloop
  endfacet
  facet normal 0 1 -0
    outer loop
      vertex 93 61.3 14.25
      vertex 86 61.3 28
      vertex 104.3 61.3 31
    endloop
  endfacet
  facet normal 0 1 0
    outer loop
      vertex 81 61.3 14.25
      vertex 86 61.3 20
      vertex 93 61.3 14.25
    endloop
  endfacet
  facet normal 0 1 0
    outer loop
      vertex 86 61.3 28
      vertex 93 61.3 14.25
      vertex 86 61.3 20
    endloop
  endfacet
  facet normal 0 1 -0
    outer loop
      vertex 104.3 61.3 3
      vertex 93 61.3 14.25
      vertex 104.3 61.3 31
    endloop
  endfacet
  facet normal 0 1 0
    outer loop
      vertex 104.3 61.3 3
      vertex 81 61.3 7.75
      vertex 93 61.3 7.75
    endloop
  endfacet
  facet normal 0 1 0
    outer loop
      vertex 81 61.3 7.75
      vertex 104.3 61.3 3
      vertex 73 61.3 7.75
    endloop
  endfacet
  facet normal 0 1 0
    outer loop
      vertex 73 61.3 7.75
      vertex 104.3 61.3 3
      vertex 61 61.3 7.75
    endloop
  endfacet
  facet normal 0 1 0
    outer loop
      vertex 61 61.3 7.75
      vertex 104.3 61.3 3
      vertex 52.57 61.3 7.75
    endloop
  endfacet
  facet normal 0 1 0
    outer loop
      vertex 3 61.3 3
      vertex 52.57 61.3 7.75
      vertex 104.3 61.3 3
    endloop
  endfacet
  facet normal 0 1 0
    outer loop
      vertex 52.57 61.3 7.75
      vertex 3 61.3 3
      vertex 43.57 61.3 7.75
    endloop
  endfacet
  facet normal 0 1 0
    outer loop
      vertex 43.57 61.3 7.75
      vertex 3 61.3 3
      vertex 36.34 61.3 7.75
    endloop
  endfacet
  facet normal 0 1 0
    outer loop
      vertex 93 61.3 14.25
      vertex 104.3 61.3 3
      vertex 93 61.3 7.75
    endloop
  endfacet
  facet normal 0 1 0
    outer loop
      vertex 104.3 61.3 31
      vertex 72 61.3 28
      vertex 3 61.3 31
    endloop
  endfacet
  facet normal 0 1 0
    outer loop
      vertex 61 61.3 14.25
      vertex 72 61.3 28
      vertex 72 61.3 20
    endloop
  endfacet
  facet normal 0 1 0
    outer loop
      vertex 86 61.3 20
      vertex 81 61.3 14.25
      vertex 72 61.3 20
    endloop
  endfacet
  facet normal 0 1 -0
    outer loop
      vertex 73 61.3 14.25
      vertex 72 61.3 20
      vertex 81 61.3 14.25
    endloop
  endfacet
  facet normal 0 1 0
    outer loop
      vertex 61 61.3 14.25
      vertex 72 61.3 20
      vertex 73 61.3 14.25
    endloop
  endfacet
  facet normal 0 1 0
    outer loop
      vertex 72 61.3 28
      vertex 61 61.3 14.25
      vertex 52.57 61.3 14.25
    endloop
  endfacet
  facet normal 0 1 0
    outer loop
      vertex 72 61.3 28
      vertex 52.57 61.3 14.25
      vertex 43.57 61.3 14.25
    endloop
  endfacet
  facet normal 0 1 0
    outer loop
      vertex 36.34 61.3 14.25
      vertex 72 61.3 28
      vertex 43.57 61.3 14.25
    endloop
  endfacet
  facet normal 0 1 0
    outer loop
      vertex 72 61.3 28
      vertex 36.34 61.3 14.25
      vertex 3 61.3 31
    endloop
  endfacet
  facet normal 0 1 -0
    outer loop
      vertex 28.34 61.3 14.25
      vertex 3 61.3 31
      vertex 36.34 61.3 14.25
    endloop
  endfacet
  facet normal 0 1 0
    outer loop
      vertex 3 61.3 3
      vertex 28.34 61.3 14.25
      vertex 28.34 61.3 7.75
    endloop
  endfacet
  facet normal 0 1 0
    outer loop
      vertex 28.34 61.3 14.25
      vertex 3 61.3 3
      vertex 3 61.3 31
    endloop
  endfacet
  facet normal 0 1 0
    outer loop
      vertex 36.34 61.3 7.75
      vertex 3 61.3 3
      vertex 28.34 61.3 7.75
    endloop
  endfacet
  facet normal 0.981049 0.193762 0
    outer loop
      vertex 107.274 58.6916 31
      vertex 107.198 59.0764 3
      vertex 107.198 59.0764 31
    endloop
  endfacet
  facet normal 0.981049 0.193762 0
    outer loop
      vertex 107.198 59.0764 3
      vertex 107.274 58.6916 31
      vertex 107.274 58.6916 3
    endloop
  endfacet
  facet normal 0 -1 0
    outer loop
      vertex 49.42 0 7.75
      vertex 52.79 0 14.25
      vertex 49.42 0 14.25
    endloop
  endfacet
  facet normal 0 -1 -0
    outer loop
      vertex 52.79 0 14.25
      vertex 49.42 0 7.75
      vertex 52.79 0 7.75
    endloop
  endfacet
  facet normal 0 -1 0
    outer loop
      vertex 32.88 0 7.75
      vertex 36.42 0 14.25
      vertex 32.88 0 14.25
    endloop
  endfacet
  facet normal 0 -1 -0
    outer loop
      vertex 36.42 0 14.25
      vertex 32.88 0 7.75
      vertex 36.42 0 7.75
    endloop
  endfacet
  facet normal 0 -1 0
    outer loop
      vertex 3 0 31
      vertex 7 0 23
      vertex 7 0 31
    endloop
  endfacet
  facet normal 0 -1 0
    outer loop
      vertex 32.88 0 14.25
      vertex 7 0 23
      vertex 23.88 0 14.25
    endloop
  endfacet
  facet normal 0 -1 0
    outer loop
      vertex 3 0 3
      vertex 23.88 0 14.25
      vertex 7 0 23
    endloop
  endfacet
  facet normal 0 -1 0
    outer loop
      vertex 3 0 3
      vertex 32.88 0 7.75
      vertex 23.88 0 7.75
    endloop
  endfacet
  facet normal 0 -1 -0
    outer loop
      vertex 32.88 0 7.75
      vertex 3 0 3
      vertex 36.42 0 7.75
    endloop
  endfacet
  facet normal 0 -1 -0
    outer loop
      vertex 36.42 0 7.75
      vertex 3 0 3
      vertex 49.42 0 7.75
    endloop
  endfacet
  facet normal 0 -1 -0
    outer loop
      vertex 49.42 0 7.75
      vertex 3 0 3
      vertex 52.79 0 7.75
    endloop
  endfacet
  facet normal 0 -1 0
    outer loop
      vertex 104.3 0 3
      vertex 52.79 0 7.75
      vertex 3 0 3
    endloop
  endfacet
  facet normal 0 -1 -0
    outer loop
      vertex 23.88 0 14.25
      vertex 3 0 3
      vertex 23.88 0 7.75
    endloop
  endfacet
  facet normal 0 -1 0
    outer loop
      vertex 3 0 3
      vertex 7 0 23
      vertex 3 0 31
    endloop
  endfacet
  facet normal 0 -1 0
    outer loop
      vertex 36.42 0 14.25
      vertex 7 0 23
      vertex 32.88 0 14.25
    endloop
  endfacet
  facet normal 0 -1 0
    outer loop
      vertex 49.42 0 14.25
      vertex 7 0 23
      vertex 36.42 0 14.25
    endloop
  endfacet
  facet normal 0 -1 0
    outer loop
      vertex 52.79 0 14.25
      vertex 7 0 23
      vertex 49.42 0 14.25
    endloop
  endfacet
  facet normal 0 -1 0
    outer loop
      vertex 7 0 23
      vertex 52.79 0 14.25
      vertex 104.3 0 23
    endloop
  endfacet
  facet normal 0 -1 0
    outer loop
      vertex 68.79 0 14.25
      vertex 104.3 0 23
      vertex 52.79 0 14.25
    endloop
  endfacet
  facet normal 0 -1 0
    outer loop
      vertex 104.3 0 3
      vertex 68.79 0 14.25
      vertex 68.79 0 7.75
    endloop
  endfacet
  facet normal 0 -1 0
    outer loop
      vertex 68.79 0 14.25
      vertex 104.3 0 3
      vertex 104.3 0 23
    endloop
  endfacet
  facet normal 0 -1 0
    outer loop
      vertex 52.79 0 7.75
      vertex 104.3 0 3
      vertex 68.79 0 7.75
    endloop
  endfacet
  facet normal 0 -1 0
    outer loop
      vertex 101.8 0 26.1224
      vertex 103.4 0 28.4374
      vertex 101.8 0 28.4374
    endloop
  endfacet
  facet normal 0 -1 -0
    outer loop
      vertex 103.4 0 28.4374
      vertex 101.8 0 26.1224
      vertex 103.4 0 26.1224
    endloop
  endfacet
  facet normal -0.555535 0.831493 0
    outer loop
      vertex 1.5 60.8981 3
      vertex 1.17371 60.6801 31
      vertex 1.5 60.8981 31
    endloop
  endfacet
  facet normal -0.555535 0.831493 0
    outer loop
      vertex 1.17371 60.6801 31
      vertex 1.5 60.8981 3
      vertex 1.17371 60.6801 3
    endloop
  endfacet
  facet normal -0.831481 0.555553 0
    outer loop
      vertex 0.401917 59.8 3
      vertex 0.619934 60.1263 31
      vertex 0.619934 60.1263 3
    endloop
  endfacet
  facet normal -0.831481 0.555553 0
    outer loop
      vertex 0.619934 60.1263 31
      vertex 0.401917 59.8 3
      vertex 0.401917 59.8 31
    endloop
  endfacet
  facet normal 0.659478 0.751724 -0
    outer loop
      vertex 106.421 60.4213 3
      vertex 106.126 60.6801 31
      vertex 106.421 60.4213 31
    endloop
  endfacet
  facet normal 0.659478 0.751724 0
    outer loop
      vertex 106.126 60.6801 31
      vertex 106.421 60.4213 3
      vertex 106.126 60.6801 3
    endloop
  endfacet
  facet normal 0.0654208 0.997858 -0
    outer loop
      vertex 104.692 61.2743 3
      vertex 104.3 61.3 31
      vertex 104.692 61.2743 31
    endloop
  endfacet
  facet normal 0.0654208 0.997858 0
    outer loop
      vertex 104.3 61.3 31
      vertex 104.692 61.2743 3
      vertex 104.3 61.3 3
    endloop
  endfacet
  facet normal 0.751508 -0.659724 0
    outer loop
      vertex 106.421 0.878677 31
      vertex 106.68 1.17371 3
      vertex 106.68 1.17371 31
    endloop
  endfacet
  facet normal 0.751508 -0.659724 0
    outer loop
      vertex 106.68 1.17371 3
      vertex 106.421 0.878677 31
      vertex 106.421 0.878677 3
    endloop
  endfacet
  facet normal 0.442251 -0.896891 0
    outer loop
      vertex 105.448 0.228348 3
      vertex 105.8 0.401917 31
      vertex 105.448 0.228348 31
    endloop
  endfacet
  facet normal 0.442251 -0.896891 0
    outer loop
      vertex 105.8 0.401917 31
      vertex 105.448 0.228348 3
      vertex 105.8 0.401917 3
    endloop
  endfacet
  facet normal -0.831473 -0.555565 0
    outer loop
      vertex 0.619934 1.17371 3
      vertex 0.401917 1.5 31
      vertex 0.401917 1.5 3
    endloop
  endfacet
  facet normal -0.831473 -0.555565 0
    outer loop
      vertex 0.401917 1.5 31
      vertex 0.619934 1.17371 3
      vertex 0.619934 1.17371 31
    endloop
  endfacet
  facet normal -0.980779 0.19512 0
    outer loop
      vertex 0.0256653 58.6916 3
      vertex 0.102219 59.0764 31
      vertex 0.102219 59.0764 3
    endloop
  endfacet
  facet normal -0.980779 0.19512 0
    outer loop
      vertex 0.102219 59.0764 31
      vertex 0.0256653 58.6916 3
      vertex 0.0256653 58.6916 31
    endloop
  endfacet
  facet normal -0.94694 0.321412 0
    outer loop
      vertex 0.102219 59.0764 3
      vertex 0.228348 59.448 31
      vertex 0.228348 59.448 3
    endloop
  endfacet
  facet normal -0.94694 0.321412 0
    outer loop
      vertex 0.228348 59.448 31
      vertex 0.102219 59.0764 3
      vertex 0.102219 59.0764 31
    endloop
  endfacet
  facet normal -0.896891 0.442251 0
    outer loop
      vertex 0.228348 59.448 3
      vertex 0.401917 59.8 31
      vertex 0.401917 59.8 3
    endloop
  endfacet
  facet normal -0.896891 0.442251 0
    outer loop
      vertex 0.401917 59.8 31
      vertex 0.228348 59.448 3
      vertex 0.228348 59.448 31
    endloop
  endfacet
  facet normal -0.751796 0.659396 0
    outer loop
      vertex 0.619934 60.1263 3
      vertex 0.878677 60.4213 31
      vertex 0.878677 60.4213 3
    endloop
  endfacet
  facet normal -0.751796 0.659396 0
    outer loop
      vertex 0.878677 60.4213 31
      vertex 0.619934 60.1263 3
      vertex 0.619934 60.1263 31
    endloop
  endfacet
  facet normal 0.94704 0.321117 0
    outer loop
      vertex 107.198 59.0764 31
      vertex 107.072 59.448 3
      vertex 107.072 59.448 31
    endloop
  endfacet
  facet normal 0.94704 0.321117 0
    outer loop
      vertex 107.072 59.448 3
      vertex 107.198 59.0764 31
      vertex 107.198 59.0764 3
    endloop
  endfacet
  facet normal 0.831501 0.555523 0
    outer loop
      vertex 106.898 59.8 31
      vertex 106.68 60.1263 3
      vertex 106.68 60.1263 31
    endloop
  endfacet
  facet normal 0.831501 0.555523 0
    outer loop
      vertex 106.68 60.1263 3
      vertex 106.898 59.8 31
      vertex 106.898 59.8 3
    endloop
  endfacet
  facet normal 0.751471 0.659766 0
    outer loop
      vertex 106.68 60.1263 31
      vertex 106.421 60.4213 3
      vertex 106.421 60.4213 31
    endloop
  endfacet
  facet normal 0.751471 0.659766 0
    outer loop
      vertex 106.421 60.4213 3
      vertex 106.68 60.1263 31
      vertex 106.68 60.1263 3
    endloop
  endfacet
  facet normal 0.321264 0.94699 -0
    outer loop
      vertex 105.448 61.0716 3
      vertex 105.076 61.1978 31
      vertex 105.448 61.0716 31
    endloop
  endfacet
  facet normal 0.321264 0.94699 0
    outer loop
      vertex 105.076 61.1978 31
      vertex 105.448 61.0716 3
      vertex 105.076 61.1978 3
    endloop
  endfacet
  facet normal 0.555877 0.831265 -0
    outer loop
      vertex 106.126 60.6801 3
      vertex 105.8 60.8981 31
      vertex 106.126 60.6801 31
    endloop
  endfacet
  facet normal 0.555877 0.831265 0
    outer loop
      vertex 105.8 60.8981 31
      vertex 106.126 60.6801 3
      vertex 105.8 60.8981 3
    endloop
  endfacet
  facet normal 0.195379 0.980728 -0
    outer loop
      vertex 105.076 61.1978 3
      vertex 104.692 61.2743 31
      vertex 105.076 61.1978 31
    endloop
  endfacet
  facet normal 0.195379 0.980728 0
    outer loop
      vertex 104.692 61.2743 31
      vertex 105.076 61.1978 3
      vertex 104.692 61.2743 3
    endloop
  endfacet
  facet normal -0.194955 0.980812 0
    outer loop
      vertex 2.60841 61.2743 3
      vertex 2.22354 61.1978 31
      vertex 2.60841 61.2743 31
    endloop
  endfacet
  facet normal -0.194955 0.980812 0
    outer loop
      vertex 2.22354 61.1978 31
      vertex 2.60841 61.2743 3
      vertex 2.22354 61.1978 3
    endloop
  endfacet
  facet normal -0.065489 0.997853 0
    outer loop
      vertex 3 61.3 3
      vertex 2.60841 61.2743 31
      vertex 3 61.3 31
    endloop
  endfacet
  facet normal -0.065489 0.997853 0
    outer loop
      vertex 2.60841 61.2743 31
      vertex 3 61.3 3
      vertex 2.60841 61.2743 3
    endloop
  endfacet
  facet normal -0.442171 0.896931 0
    outer loop
      vertex 1.85194 61.0716 3
      vertex 1.5 60.8981 31
      vertex 1.85194 61.0716 31
    endloop
  endfacet
  facet normal -0.442171 0.896931 0
    outer loop
      vertex 1.5 60.8981 31
      vertex 1.85194 61.0716 3
      vertex 1.5 60.8981 3
    endloop
  endfacet
  facet normal -0.321574 0.946885 0
    outer loop
      vertex 2.22354 61.1978 3
      vertex 1.85194 61.0716 31
      vertex 2.22354 61.1978 31
    endloop
  endfacet
  facet normal -0.321574 0.946885 0
    outer loop
      vertex 1.85194 61.0716 31
      vertex 2.22354 61.1978 3
      vertex 1.85194 61.0716 3
    endloop
  endfacet
  facet normal -0.555565 -0.831473 0
    outer loop
      vertex 1.17371 0.619934 3
      vertex 1.5 0.401917 31
      vertex 1.17371 0.619934 31
    endloop
  endfacet
  facet normal -0.555565 -0.831473 -0
    outer loop
      vertex 1.5 0.401917 31
      vertex 1.17371 0.619934 3
      vertex 1.5 0.401917 3
    endloop
  endfacet
  facet normal -0.442312 -0.896861 0
    outer loop
      vertex 1.5 0.401917 3
      vertex 1.85194 0.228348 31
      vertex 1.5 0.401917 31
    endloop
  endfacet
  facet normal -0.442312 -0.896861 -0
    outer loop
      vertex 1.85194 0.228348 31
      vertex 1.5 0.401917 3
      vertex 1.85194 0.228348 3
    endloop
  endfacet
  facet normal -0.0654009 -0.997859 0
    outer loop
      vertex 2.60841 0.0256653 3
      vertex 3 0 31
      vertex 2.60841 0.0256653 31
    endloop
  endfacet
  facet normal -0.0654009 -0.997859 -0
    outer loop
      vertex 3 0 31
      vertex 2.60841 0.0256653 3
      vertex 3 0 3
    endloop
  endfacet
  facet normal 0.981055 -0.193728 0
    outer loop
      vertex 107.198 2.22354 31
      vertex 107.274 2.60841 3
      vertex 107.274 2.60841 31
    endloop
  endfacet
  facet normal 0.981055 -0.193728 0
    outer loop
      vertex 107.274 2.60841 3
      vertex 107.198 2.22354 31
      vertex 107.198 2.22354 3
    endloop
  endfacet
  facet normal 0.94704 -0.321117 0
    outer loop
      vertex 107.072 1.85194 31
      vertex 107.198 2.22354 3
      vertex 107.198 2.22354 31
    endloop
  endfacet
  facet normal 0.94704 -0.321117 0
    outer loop
      vertex 107.198 2.22354 3
      vertex 107.072 1.85194 31
      vertex 107.072 1.85194 3
    endloop
  endfacet
  facet normal 0.659396 -0.751796 0
    outer loop
      vertex 106.126 0.619934 3
      vertex 106.421 0.878677 31
      vertex 106.126 0.619934 31
    endloop
  endfacet
  facet normal 0.659396 -0.751796 0
    outer loop
      vertex 106.421 0.878677 31
      vertex 106.126 0.619934 3
      vertex 106.421 0.878677 3
    endloop
  endfacet
  facet normal 0.321102 -0.947045 0
    outer loop
      vertex 105.076 0.102219 3
      vertex 105.448 0.228348 31
      vertex 105.076 0.102219 31
    endloop
  endfacet
  facet normal 0.321102 -0.947045 0
    outer loop
      vertex 105.448 0.228348 31
      vertex 105.076 0.102219 3
      vertex 105.448 0.228348 3
    endloop
  endfacet
  facet normal 0.896455 0.443134 0
    outer loop
      vertex 107.072 59.448 31
      vertex 106.898 59.8 3
      vertex 106.898 59.8 31
    endloop
  endfacet
  facet normal 0.896455 0.443134 0
    outer loop
      vertex 106.898 59.8 3
      vertex 107.072 59.448 31
      vertex 107.072 59.448 3
    endloop
  endfacet
  facet normal 0.44211 0.896961 -0
    outer loop
      vertex 105.8 60.8981 3
      vertex 105.448 61.0716 31
      vertex 105.8 60.8981 31
    endloop
  endfacet
  facet normal 0.44211 0.896961 0
    outer loop
      vertex 105.448 61.0716 31
      vertex 105.8 60.8981 3
      vertex 105.448 61.0716 3
    endloop
  endfacet
  facet normal -0.659354 -0.751832 0
    outer loop
      vertex 0.878677 0.878677 3
      vertex 1.17371 0.619934 31
      vertex 0.878677 0.878677 31
    endloop
  endfacet
  facet normal -0.659354 -0.751832 -0
    outer loop
      vertex 1.17371 0.619934 31
      vertex 0.878677 0.878677 3
      vertex 1.17371 0.619934 3
    endloop
  endfacet
  facet normal -0.321412 -0.94694 0
    outer loop
      vertex 1.85194 0.228348 3
      vertex 2.22354 0.102219 31
      vertex 1.85194 0.228348 31
    endloop
  endfacet
  facet normal -0.321412 -0.94694 -0
    outer loop
      vertex 2.22354 0.102219 31
      vertex 1.85194 0.228348 3
      vertex 2.22354 0.102219 3
    endloop
  endfacet
  facet normal 0.831493 -0.555535 0
    outer loop
      vertex 106.68 1.17371 31
      vertex 106.898 1.5 3
      vertex 106.898 1.5 31
    endloop
  endfacet
  facet normal 0.831493 -0.555535 0
    outer loop
      vertex 106.898 1.5 3
      vertex 106.68 1.17371 31
      vertex 106.68 1.17371 3
    endloop
  endfacet
  facet normal 0.896425 -0.443195 0
    outer loop
      vertex 106.898 1.5 31
      vertex 107.072 1.85194 3
      vertex 107.072 1.85194 31
    endloop
  endfacet
  facet normal 0.896425 -0.443195 0
    outer loop
      vertex 107.072 1.85194 3
      vertex 106.898 1.5 31
      vertex 106.898 1.5 3
    endloop
  endfacet
  facet normal 0.997803 -0.0662501 0
    outer loop
      vertex 107.274 2.60841 31
      vertex 107.3 3 3
      vertex 107.3 3 31
    endloop
  endfacet
  facet normal 0.997803 -0.0662501 0
    outer loop
      vertex 107.3 3 3
      vertex 107.274 2.60841 31
      vertex 107.274 2.60841 3
    endloop
  endfacet
  facet normal 0.0653328 -0.997864 0
    outer loop
      vertex 104.3 0 3
      vertex 104.692 0.0256653 23
      vertex 104.3 0 23
    endloop
  endfacet
  facet normal 0.0653328 -0.997864 0
    outer loop
      vertex 104.692 0.0256653 23
      vertex 104.3 0 3
      vertex 104.692 0.0256653 3
    endloop
  endfacet
  facet normal -0.751832 -0.659354 0
    outer loop
      vertex 0.878677 0.878677 3
      vertex 0.619934 1.17371 31
      vertex 0.619934 1.17371 3
    endloop
  endfacet
  facet normal -0.751832 -0.659354 0
    outer loop
      vertex 0.619934 1.17371 31
      vertex 0.878677 0.878677 3
      vertex 0.878677 0.878677 31
    endloop
  endfacet
  facet normal -0.195086 -0.980786 0
    outer loop
      vertex 2.22354 0.102219 3
      vertex 2.60841 0.0256653 31
      vertex 2.22354 0.102219 31
    endloop
  endfacet
  facet normal -0.195086 -0.980786 -0
    outer loop
      vertex 2.60841 0.0256653 31
      vertex 2.22354 0.102219 3
      vertex 2.60841 0.0256653 3
    endloop
  endfacet
  facet normal 0.555906 -0.831245 0
    outer loop
      vertex 105.8 0.401917 3
      vertex 106.126 0.619934 31
      vertex 105.8 0.401917 31
    endloop
  endfacet
  facet normal 0.555906 -0.831245 0
    outer loop
      vertex 106.126 0.619934 31
      vertex 105.8 0.401917 3
      vertex 106.126 0.619934 3
    endloop
  endfacet
  facet normal 0.195344 -0.980735 0
    outer loop
      vertex 104.692 0.0256653 23
      vertex 104.692 0.0256653 3
      vertex 105 0.087013 23
    endloop
  endfacet
  facet normal 0.196191 -0.980566 0
    outer loop
      vertex 105 0.087013 23
      vertex 105.076 0.102219 31
      vertex 105 0.087013 31
    endloop
  endfacet
  facet normal 0.196191 -0.980566 0
    outer loop
      vertex 105 0.087013 23
      vertex 105.076 0.102219 3
      vertex 105.076 0.102219 31
    endloop
  endfacet
  facet normal 0.195511 -0.980701 -2.68452e-06
    outer loop
      vertex 105.076 0.102219 3
      vertex 105 0.087013 23
      vertex 104.692 0.0256653 3
    endloop
  endfacet
  facet normal 0.980781 0.195112 0
    outer loop
      vertex 2.44088 3.2894 28.6
      vertex 2.41025 3.44337 3
      vertex 2.41025 3.44337 28.6
    endloop
  endfacet
  facet normal 0.980781 0.195112 0
    outer loop
      vertex 2.41025 3.44337 3
      vertex 2.44088 3.2894 28.6
      vertex 2.44088 3.2894 3
    endloop
  endfacet
  facet normal 1 0 0
    outer loop
      vertex 2.4 15.5892 28.6
      vertex 2.4 3.6 28.6
      vertex 2.4 15.5892 16
    endloop
  endfacet
  facet normal 1 0 0
    outer loop
      vertex 2.4 43.0292 28.6
      vertex 2.4 36.65 14.5
      vertex 2.4 43.0292 16
    endloop
  endfacet
  facet normal 1 0 0
    outer loop
      vertex 2.4 43.0292 28.6
      vertex 2.4 24.65 14.5
      vertex 2.4 36.65 14.5
    endloop
  endfacet
  facet normal 1 -0 0
    outer loop
      vertex 2.4 18.2708 16
      vertex 2.4 24.65 14.5
      vertex 2.4 18.2708 28.6
    endloop
  endfacet
  facet normal 1 -0 0
    outer loop
      vertex 2.4 18.2708 28.6
      vertex 2.4 24.65 14.5
      vertex 2.4 43.0292 28.6
    endloop
  endfacet
  facet normal 1 0 0
    outer loop
      vertex 2.4 45.7108 16
      vertex 2.4 57.7 28.6
      vertex 2.4 45.7108 28.6
    endloop
  endfacet
  facet normal 1 0 0
    outer loop
      vertex 2.4 57.7 28.6
      vertex 2.4 45.7108 16
      vertex 2.4 57.7 3
    endloop
  endfacet
  facet normal 1 0 0
    outer loop
      vertex 2.4 36.65 7.5
      vertex 2.4 45.7108 16
      vertex 2.4 43.0292 16
    endloop
  endfacet
  facet normal 1 0 0
    outer loop
      vertex 2.4 36.65 7.5
      vertex 2.4 43.0292 16
      vertex 2.4 36.65 14.5
    endloop
  endfacet
  facet normal 1 0 0
    outer loop
      vertex 2.4 45.7108 16
      vertex 2.4 36.65 7.5
      vertex 2.4 57.7 3
    endloop
  endfacet
  facet normal 1 -0 0
    outer loop
      vertex 2.4 24.65 7.5
      vertex 2.4 57.7 3
      vertex 2.4 36.65 7.5
    endloop
  endfacet
  facet normal 1 0 0
    outer loop
      vertex 2.4 24.65 14.5
      vertex 2.4 18.2708 16
      vertex 2.4 24.65 7.5
    endloop
  endfacet
  facet normal 1 -0 0
    outer loop
      vertex 2.4 15.5892 16
      vertex 2.4 24.65 7.5
      vertex 2.4 18.2708 16
    endloop
  endfacet
  facet normal 1 0 0
    outer loop
      vertex 2.4 24.65 7.5
      vertex 2.4 3.6 3
      vertex 2.4 57.7 3
    endloop
  endfacet
  facet normal 1 0 0
    outer loop
      vertex 2.4 15.5892 16
      vertex 2.4 3.6 3
      vertex 2.4 24.65 7.5
    endloop
  endfacet
  facet normal 1 0 0
    outer loop
      vertex 2.4 3.6 3
      vertex 2.4 15.5892 16
      vertex 2.4 3.6 28.6
    endloop
  endfacet
  facet normal -0.997967 -0.0637272 0
    outer loop
      vertex 104.9 57.7 3
      vertex 104.89 57.8566 28.6
      vertex 104.89 57.8566 3
    endloop
  endfacet
  facet normal -0.997967 -0.0637272 0
    outer loop
      vertex 104.89 57.8566 28.6
      vertex 104.9 57.7 3
      vertex 104.9 57.7 28.6
    endloop
  endfacet
  facet normal 0.997866 0.0653012 0
    outer loop
      vertex 2.41025 3.44337 28.6
      vertex 2.4 3.6 3
      vertex 2.4 3.6 28.6
    endloop
  endfacet
  facet normal 0.997866 0.0653012 0
    outer loop
      vertex 2.4 3.6 3
      vertex 2.41025 3.44337 28.6
      vertex 2.41025 3.44337 3
    endloop
  endfacet
  facet normal -0.441759 0.897134 0
    outer loop
      vertex 104.3 2.56077 3
      vertex 104.159 2.49134 28.6
      vertex 104.3 2.56077 28.6
    endloop
  endfacet
  facet normal -0.441759 0.897134 0
    outer loop
      vertex 104.159 2.49134 28.6
      vertex 104.3 2.56077 3
      vertex 104.159 2.49134 3
    endloop
  endfacet
  facet normal 0.44216 -0.896936 0
    outer loop
      vertex 2.99999 58.7392 3
      vertex 3.14077 58.8086 28.6
      vertex 2.99999 58.7392 28.6
    endloop
  endfacet
  facet normal 0.44216 -0.896936 0
    outer loop
      vertex 3.14077 58.8086 28.6
      vertex 2.99999 58.7392 3
      vertex 3.14077 58.8086 3
    endloop
  endfacet
  facet normal 0 0 -1
    outer loop
      vertex 17.6 54 28.6
      vertex 9.57262 54.1823 28.6
      vertex 9.6 54.6 28.6
    endloop
  endfacet
  facet normal 0 0 -1
    outer loop
      vertex 17.7876 53.3 28.6
      vertex 9.49096 53.7718 28.6
      vertex 9.57262 54.1823 28.6
    endloop
  endfacet
  facet normal 0 0 -1
    outer loop
      vertex 17.7876 53.3 28.6
      vertex 9.35641 53.3754 28.6
      vertex 9.49096 53.7718 28.6
    endloop
  endfacet
  facet normal 0 0 -1
    outer loop
      vertex 18.3754 48.4009 28.6
      vertex 9.17128 53 28.6
      vertex 17.7876 53.3 28.6
    endloop
  endfacet
  facet normal -0 0 -1
    outer loop
      vertex 17.7876 53.3 28.6
      vertex 9.17128 53 28.6
      vertex 9.35641 53.3754 28.6
    endloop
  endfacet
  facet normal 0 0 -1
    outer loop
      vertex 8.93873 52.652 28.6
      vertex 9.33341 46.805 28.6
      vertex 8.98843 47.1984 28.6
    endloop
  endfacet
  facet normal 0 0 -1
    outer loop
      vertex 9.33341 46.805 28.6
      vertex 8.93873 52.652 28.6
      vertex 9.17128 53 28.6
    endloop
  endfacet
  facet normal 0 0 -1
    outer loop
      vertex 8.98843 47.1984 28.6
      vertex 8.66274 52.3373 28.6
      vertex 8.93873 52.652 28.6
    endloop
  endfacet
  facet normal 0 0 -1
    outer loop
      vertex 8.59505 47.5434 28.6
      vertex 8.66274 52.3373 28.6
      vertex 8.98843 47.1984 28.6
    endloop
  endfacet
  facet normal 0 0 -1
    outer loop
      vertex 8.59505 47.5434 28.6
      vertex 8.34804 52.0613 28.6
      vertex 8.66274 52.3373 28.6
    endloop
  endfacet
  facet normal 0 0 -1
    outer loop
      vertex 8.16 47.8341 28.6
      vertex 8.34804 52.0613 28.6
      vertex 8.59505 47.5434 28.6
    endloop
  endfacet
  facet normal 0 0 -1
    outer loop
      vertex 8.16 47.8341 28.6
      vertex 8 51.8287 28.6
      vertex 8.34804 52.0613 28.6
    endloop
  endfacet
  facet normal 0 0 -1
    outer loop
      vertex 7.69073 48.0655 28.6
      vertex 8 51.8287 28.6
      vertex 8.16 47.8341 28.6
    endloop
  endfacet
  facet normal 0 0 -1
    outer loop
      vertex 7.69073 48.0655 28.6
      vertex 7.62459 51.6436 28.6
      vertex 8 51.8287 28.6
    endloop
  endfacet
  facet normal 0 0 -1
    outer loop
      vertex 7.69073 48.0655 28.6
      vertex 7.22822 51.509 28.6
      vertex 7.62459 51.6436 28.6
    endloop
  endfacet
  facet normal 0 0 -1
    outer loop
      vertex 7.19528 48.2337 28.6
      vertex 7.22822 51.509 28.6
      vertex 7.69073 48.0655 28.6
    endloop
  endfacet
  facet normal 0 0 -1
    outer loop
      vertex 7.19528 48.2337 28.6
      vertex 6.81768 51.4274 28.6
      vertex 7.22822 51.509 28.6
    endloop
  endfacet
  facet normal 0 0 -1
    outer loop
      vertex 6.6821 48.3358 28.6
      vertex 6.81768 51.4274 28.6
      vertex 7.19528 48.2337 28.6
    endloop
  endfacet
  facet normal 0 0 -1
    outer loop
      vertex 6.6821 48.3358 28.6
      vertex 6.4 51.4 28.6
      vertex 6.81768 51.4274 28.6
    endloop
  endfacet
  facet normal 0 0 -1
    outer loop
      vertex 6.16 48.37 28.6
      vertex 6.4 51.4 28.6
      vertex 6.6821 48.3358 28.6
    endloop
  endfacet
  facet normal 0 0 -1
    outer loop
      vertex 6.16 48.37 28.6
      vertex 5.98232 51.4274 28.6
      vertex 6.4 51.4 28.6
    endloop
  endfacet
  facet normal 0 0 -1
    outer loop
      vertex 5.63789 48.3358 28.6
      vertex 5.98232 51.4274 28.6
      vertex 6.16 48.37 28.6
    endloop
  endfacet
  facet normal 0 0 -1
    outer loop
      vertex 5.63789 48.3358 28.6
      vertex 5.57178 51.509 28.6
      vertex 5.98232 51.4274 28.6
    endloop
  endfacet
  facet normal 0 0 -1
    outer loop
      vertex 5.12472 48.2337 28.6
      vertex 5.57178 51.509 28.6
      vertex 5.63789 48.3358 28.6
    endloop
  endfacet
  facet normal -0 0 -1
    outer loop
      vertex 5.57178 51.509 28.6
      vertex 5.12472 48.2337 28.6
      vertex 5.17541 51.6436 28.6
    endloop
  endfacet
  facet normal 0 0 -1
    outer loop
      vertex 4.62927 48.0655 28.6
      vertex 5.17541 51.6436 28.6
      vertex 5.12472 48.2337 28.6
    endloop
  endfacet
  facet normal -0 0 -1
    outer loop
      vertex 5.17541 51.6436 28.6
      vertex 4.62927 48.0655 28.6
      vertex 4.8 51.8287 28.6
    endloop
  endfacet
  facet normal 0 0 -1
    outer loop
      vertex 4.16 47.8341 28.6
      vertex 4.8 51.8287 28.6
      vertex 4.62927 48.0655 28.6
    endloop
  endfacet
  facet normal -0 0 -1
    outer loop
      vertex 4.8 51.8287 28.6
      vertex 4.16 47.8341 28.6
      vertex 4.45196 52.0613 28.6
    endloop
  endfacet
  facet normal 0 0 -1
    outer loop
      vertex 4.16 47.8341 28.6
      vertex 4.13726 52.3373 28.6
      vertex 4.45196 52.0613 28.6
    endloop
  endfacet
  facet normal 0 0 -1
    outer loop
      vertex 3.72495 47.5434 28.6
      vertex 4.13726 52.3373 28.6
      vertex 4.16 47.8341 28.6
    endloop
  endfacet
  facet normal -0 0 -1
    outer loop
      vertex 4.13726 52.3373 28.6
      vertex 3.72495 47.5434 28.6
      vertex 3.86127 52.652 28.6
    endloop
  endfacet
  facet normal 0 0 -1
    outer loop
      vertex 3.33157 47.1984 28.6
      vertex 3.86127 52.652 28.6
      vertex 3.72495 47.5434 28.6
    endloop
  endfacet
  facet normal -0 0 -1
    outer loop
      vertex 3.86127 52.652 28.6
      vertex 3.33157 47.1984 28.6
      vertex 3.62872 53 28.6
    endloop
  endfacet
  facet normal 0 0 -1
    outer loop
      vertex 2.98659 46.805 28.6
      vertex 3.62872 53 28.6
      vertex 3.33157 47.1984 28.6
    endloop
  endfacet
  facet normal -0 0 -1
    outer loop
      vertex 3.62872 53 28.6
      vertex 2.98659 46.805 28.6
      vertex 3.44359 53.3754 28.6
    endloop
  endfacet
  facet normal 0 0 -1
    outer loop
      vertex 2.6959 46.37 28.6
      vertex 3.44359 53.3754 28.6
      vertex 2.98659 46.805 28.6
    endloop
  endfacet
  facet normal -0 0 -1
    outer loop
      vertex 3.44359 53.3754 28.6
      vertex 2.6959 46.37 28.6
      vertex 3.30904 53.7718 28.6
    endloop
  endfacet
  facet normal 0 0 -1
    outer loop
      vertex 4.13726 56.8627 28.6
      vertex 2.99999 58.7392 28.6
      vertex 3.14077 58.8086 28.6
    endloop
  endfacet
  facet normal 0 0 -1
    outer loop
      vertex 2.46448 45.9007 28.6
      vertex 3.30904 53.7718 28.6
      vertex 2.6959 46.37 28.6
    endloop
  endfacet
  facet normal -0 0 -1
    outer loop
      vertex 3.30904 53.7718 28.6
      vertex 2.46448 45.9007 28.6
      vertex 3.22738 54.1823 28.6
    endloop
  endfacet
  facet normal 0 0 -1
    outer loop
      vertex 3.22738 55.0177 28.6
      vertex 2.4 57.7 28.6
      vertex 2.99999 58.7392 28.6
    endloop
  endfacet
  facet normal 0 0 -1
    outer loop
      vertex 2.99999 58.7392 28.6
      vertex 2.4 57.7 28.6
      vertex 2.86948 58.652 28.6
    endloop
  endfacet
  facet normal 0 0 -1
    outer loop
      vertex 2.4 57.7 28.6
      vertex 3.22738 54.1823 28.6
      vertex 2.46448 45.9007 28.6
    endloop
  endfacet
  facet normal 0 0 -1
    outer loop
      vertex 2.86948 58.652 28.6
      vertex 2.4 57.7 28.6
      vertex 2.75147 58.5485 28.6
    endloop
  endfacet
  facet normal 0 0 -1
    outer loop
      vertex 2.75147 58.5485 28.6
      vertex 2.4 57.7 28.6
      vertex 2.64797 58.4305 28.6
    endloop
  endfacet
  facet normal 0 0 -1
    outer loop
      vertex 2.64797 58.4305 28.6
      vertex 2.4 57.7 28.6
      vertex 2.56077 58.3 28.6
    endloop
  endfacet
  facet normal 0 0 -1
    outer loop
      vertex 3.22738 54.1823 28.6
      vertex 2.4 57.7 28.6
      vertex 3.2 54.6 28.6
    endloop
  endfacet
  facet normal 0 0 -1
    outer loop
      vertex 2.56077 58.3 28.6
      vertex 2.4 57.7 28.6
      vertex 2.49134 58.1592 28.6
    endloop
  endfacet
  facet normal 0 0 -1
    outer loop
      vertex 2.49134 58.1592 28.6
      vertex 2.4 57.7 28.6
      vertex 2.44088 58.0106 28.6
    endloop
  endfacet
  facet normal 0 0 -1
    outer loop
      vertex 2.4 57.7 28.6
      vertex 2.46448 45.9007 28.6
      vertex 2.4 45.7108 28.6
    endloop
  endfacet
  facet normal 0 0 -1
    outer loop
      vertex 2.44088 58.0106 28.6
      vertex 2.4 57.7 28.6
      vertex 2.41025 57.8566 28.6
    endloop
  endfacet
  facet normal 0 0 -1
    outer loop
      vertex 9.85552 18.4607 28.6
      vertex 15 18 28.6
      vertex 10.0237 17.9653 28.6
    endloop
  endfacet
  facet normal 0 0 -1
    outer loop
      vertex 15 31 28.6
      vertex 10.1258 43.8479 28.6
      vertex 10.16 44.37 28.6
    endloop
  endfacet
  facet normal 0 0 -1
    outer loop
      vertex 9.6241 18.93 28.6
      vertex 15 18 28.6
      vertex 9.85552 18.4607 28.6
    endloop
  endfacet
  facet normal 0 0 -1
    outer loop
      vertex 15 31 28.6
      vertex 10.0237 43.3347 28.6
      vertex 10.1258 43.8479 28.6
    endloop
  endfacet
  facet normal 0 0 -1
    outer loop
      vertex 9.33341 19.365 28.6
      vertex 15 18 28.6
      vertex 9.6241 18.93 28.6
    endloop
  endfacet
  facet normal 0 0 -1
    outer loop
      vertex 15 31 28.6
      vertex 9.85552 42.8393 28.6
      vertex 10.0237 43.3347 28.6
    endloop
  endfacet
  facet normal 0 0 -1
    outer loop
      vertex 8.98843 19.7584 28.6
      vertex 15 18 28.6
      vertex 9.33341 19.365 28.6
    endloop
  endfacet
  facet normal 0 0 -1
    outer loop
      vertex 15 31 28.6
      vertex 9.6241 42.37 28.6
      vertex 9.85552 42.8393 28.6
    endloop
  endfacet
  facet normal 0 0 -1
    outer loop
      vertex 15 18 28.6
      vertex 8.98843 19.7584 28.6
      vertex 15 31 28.6
    endloop
  endfacet
  facet normal 0 0 -1
    outer loop
      vertex 15 31 28.6
      vertex 9.33341 41.935 28.6
      vertex 9.6241 42.37 28.6
    endloop
  endfacet
  facet normal 0 0 -1
    outer loop
      vertex 8.59505 20.1034 28.6
      vertex 15 31 28.6
      vertex 8.98843 19.7584 28.6
    endloop
  endfacet
  facet normal 0 0 -1
    outer loop
      vertex 15 31 28.6
      vertex 8.98843 41.5416 28.6
      vertex 9.33341 41.935 28.6
    endloop
  endfacet
  facet normal 0 0 -1
    outer loop
      vertex 8.16 20.3941 28.6
      vertex 15 31 28.6
      vertex 8.59505 20.1034 28.6
    endloop
  endfacet
  facet normal 0 0 -1
    outer loop
      vertex 15 31 28.6
      vertex 8.59505 41.1966 28.6
      vertex 8.98843 41.5416 28.6
    endloop
  endfacet
  facet normal 0 0 -1
    outer loop
      vertex 7.69073 20.6255 28.6
      vertex 15 31 28.6
      vertex 8.16 20.3941 28.6
    endloop
  endfacet
  facet normal 0 0 -1
    outer loop
      vertex 15 31 28.6
      vertex 8.16 40.9059 28.6
      vertex 8.59505 41.1966 28.6
    endloop
  endfacet
  facet normal 0 0 -1
    outer loop
      vertex 7.19528 20.7937 28.6
      vertex 15 31 28.6
      vertex 7.69073 20.6255 28.6
    endloop
  endfacet
  facet normal 0 0 -1
    outer loop
      vertex 15 31 28.6
      vertex 7.69073 40.6745 28.6
      vertex 8.16 40.9059 28.6
    endloop
  endfacet
  facet normal 0 0 -1
    outer loop
      vertex 6.6821 20.8958 28.6
      vertex 15 31 28.6
      vertex 7.19528 20.7937 28.6
    endloop
  endfacet
  facet normal 0 0 -1
    outer loop
      vertex 15 31 28.6
      vertex 7.19528 40.5063 28.6
      vertex 7.69073 40.6745 28.6
    endloop
  endfacet
  facet normal 0 0 -1
    outer loop
      vertex 6.16 20.93 28.6
      vertex 15 31 28.6
      vertex 6.6821 20.8958 28.6
    endloop
  endfacet
  facet normal 0 0 -1
    outer loop
      vertex 15 31 28.6
      vertex 6.6821 40.4042 28.6
      vertex 7.19528 40.5063 28.6
    endloop
  endfacet
  facet normal 0 0 -1
    outer loop
      vertex 6.16 40.37 28.6
      vertex 15 31 28.6
      vertex 6.16 20.93 28.6
    endloop
  endfacet
  facet normal 0 0 -1
    outer loop
      vertex 15 31 28.6
      vertex 6.16 40.37 28.6
      vertex 6.6821 40.4042 28.6
    endloop
  endfacet
  facet normal 0 0 -1
    outer loop
      vertex 5.63789 20.8958 28.6
      vertex 6.16 40.37 28.6
      vertex 6.16 20.93 28.6
    endloop
  endfacet
  facet normal 0 0 -1
    outer loop
      vertex 5.63789 20.8958 28.6
      vertex 5.63789 40.4042 28.6
      vertex 6.16 40.37 28.6
    endloop
  endfacet
  facet normal 0 0 -1
    outer loop
      vertex 5.12472 20.7937 28.6
      vertex 5.63789 40.4042 28.6
      vertex 5.63789 20.8958 28.6
    endloop
  endfacet
  facet normal 0 0 -1
    outer loop
      vertex 5.12472 20.7937 28.6
      vertex 5.12472 40.5063 28.6
      vertex 5.63789 40.4042 28.6
    endloop
  endfacet
  facet normal 0 0 -1
    outer loop
      vertex 4.62927 20.6255 28.6
      vertex 5.12472 40.5063 28.6
      vertex 5.12472 20.7937 28.6
    endloop
  endfacet
  facet normal 0 0 -1
    outer loop
      vertex 4.62927 20.6255 28.6
      vertex 4.62927 40.6745 28.6
      vertex 5.12472 40.5063 28.6
    endloop
  endfacet
  facet normal 0 0 -1
    outer loop
      vertex 4.16 20.3941 28.6
      vertex 4.62927 40.6745 28.6
      vertex 4.62927 20.6255 28.6
    endloop
  endfacet
  facet normal 0 0 -1
    outer loop
      vertex 4.16 20.3941 28.6
      vertex 4.16 40.9059 28.6
      vertex 4.62927 40.6745 28.6
    endloop
  endfacet
  facet normal 0 0 -1
    outer loop
      vertex 3.72495 20.1034 28.6
      vertex 4.16 40.9059 28.6
      vertex 4.16 20.3941 28.6
    endloop
  endfacet
  facet normal 0 0 -1
    outer loop
      vertex 3.72495 20.1034 28.6
      vertex 3.72495 41.1966 28.6
      vertex 4.16 40.9059 28.6
    endloop
  endfacet
  facet normal 0 0 -1
    outer loop
      vertex 3.33157 19.7584 28.6
      vertex 3.72495 41.1966 28.6
      vertex 3.72495 20.1034 28.6
    endloop
  endfacet
  facet normal 0 0 -1
    outer loop
      vertex 3.33157 19.7584 28.6
      vertex 3.33157 41.5416 28.6
      vertex 3.72495 41.1966 28.6
    endloop
  endfacet
  facet normal 0 0 -1
    outer loop
      vertex 2.98659 19.365 28.6
      vertex 3.33157 41.5416 28.6
      vertex 3.33157 19.7584 28.6
    endloop
  endfacet
  facet normal 0 0 -1
    outer loop
      vertex 2.98659 19.365 28.6
      vertex 2.98659 41.935 28.6
      vertex 3.33157 41.5416 28.6
    endloop
  endfacet
  facet normal 0 0 -1
    outer loop
      vertex 2.6959 18.93 28.6
      vertex 2.98659 41.935 28.6
      vertex 2.98659 19.365 28.6
    endloop
  endfacet
  facet normal 0 0 -1
    outer loop
      vertex 2.6959 18.93 28.6
      vertex 2.6959 42.37 28.6
      vertex 2.98659 41.935 28.6
    endloop
  endfacet
  facet normal 0 0 -1
    outer loop
      vertex 2.46448 18.4607 28.6
      vertex 2.6959 42.37 28.6
      vertex 2.6959 18.93 28.6
    endloop
  endfacet
  facet normal 0 0 -1
    outer loop
      vertex 2.46448 18.4607 28.6
      vertex 2.46448 42.8393 28.6
      vertex 2.6959 42.37 28.6
    endloop
  endfacet
  facet normal 0 0 -1
    outer loop
      vertex 2.4 18.2708 28.6
      vertex 2.46448 42.8393 28.6
      vertex 2.46448 18.4607 28.6
    endloop
  endfacet
  facet normal -0 0 -1
    outer loop
      vertex 2.46448 42.8393 28.6
      vertex 2.4 18.2708 28.6
      vertex 2.4 43.0292 28.6
    endloop
  endfacet
  facet normal 0 0 -1
    outer loop
      vertex 104.9 3.6 28.6
      vertex 104.073 6.28232 28.6
      vertex 104.1 6.7 28.6
    endloop
  endfacet
  facet normal 0 0 -1
    outer loop
      vertex 103.163 4.43726 28.6
      vertex 104.159 2.49134 28.6
      vertex 104.011 2.44088 28.6
    endloop
  endfacet
  facet normal 0 0 -1
    outer loop
      vertex 104.9 3.6 28.6
      vertex 103.991 5.87178 28.6
      vertex 104.073 6.28232 28.6
    endloop
  endfacet
  facet normal 0 0 -1
    outer loop
      vertex 103.163 4.43726 28.6
      vertex 104.011 2.44088 28.6
      vertex 103.857 2.41025 28.6
    endloop
  endfacet
  facet normal 0 0 -1
    outer loop
      vertex 104.9 3.6 28.6
      vertex 103.856 5.47541 28.6
      vertex 103.991 5.87178 28.6
    endloop
  endfacet
  facet normal 0 0 -1
    outer loop
      vertex 103.163 4.43726 28.6
      vertex 103.857 2.41025 28.6
      vertex 103.7 2.4 28.6
    endloop
  endfacet
  facet normal 0 0 -1
    outer loop
      vertex 104.9 3.6 28.6
      vertex 103.671 5.1 28.6
      vertex 103.856 5.47541 28.6
    endloop
  endfacet
  facet normal 0 0 -1
    outer loop
      vertex 104.9 3.6 28.6
      vertex 103.439 4.75196 28.6
      vertex 103.671 5.1 28.6
    endloop
  endfacet
  facet normal 0 0 -1
    outer loop
      vertex 104.9 3.6 28.6
      vertex 103.163 4.43726 28.6
      vertex 103.439 4.75196 28.6
    endloop
  endfacet
  facet normal 0 0 -1
    outer loop
      vertex 103.7 2.4 28.6
      vertex 102.848 4.16127 28.6
      vertex 103.163 4.43726 28.6
    endloop
  endfacet
  facet normal 0 0 -1
    outer loop
      vertex 103.7 2.4 28.6
      vertex 102.5 3.92872 28.6
      vertex 102.848 4.16127 28.6
    endloop
  endfacet
  facet normal 0 0 -1
    outer loop
      vertex 103.7 2.4 28.6
      vertex 102.125 3.74358 28.6
      vertex 102.5 3.92872 28.6
    endloop
  endfacet
  facet normal 0 0 -1
    outer loop
      vertex 103.7 2.4 28.6
      vertex 101.728 3.60904 28.6
      vertex 102.125 3.74358 28.6
    endloop
  endfacet
  facet normal 0 0 -1
    outer loop
      vertex 103.7 2.4 28.6
      vertex 101.318 3.52738 28.6
      vertex 101.728 3.60904 28.6
    endloop
  endfacet
  facet normal 0 0 -1
    outer loop
      vertex 103.7 2.4 28.6
      vertex 100.9 3.5 28.6
      vertex 101.318 3.52738 28.6
    endloop
  endfacet
  facet normal 0 0 -1
    outer loop
      vertex 103.7 2.4 28.6
      vertex 100.482 3.52738 28.6
      vertex 100.9 3.5 28.6
    endloop
  endfacet
  facet normal 0 0 -1
    outer loop
      vertex 103.7 2.4 28.6
      vertex 100.072 3.60904 28.6
      vertex 100.482 3.52738 28.6
    endloop
  endfacet
  facet normal 0 0 -1
    outer loop
      vertex 97.7274 6.28232 28.6
      vertex 15 18 28.6
      vertex 97.7 6.7 28.6
    endloop
  endfacet
  facet normal 0 0 -1
    outer loop
      vertex 97.809 5.87178 28.6
      vertex 15 18 28.6
      vertex 97.7274 6.28232 28.6
    endloop
  endfacet
  facet normal 0 0 -1
    outer loop
      vertex 9.49096 5.87178 28.6
      vertex 97.809 5.87178 28.6
      vertex 97.9436 5.47541 28.6
    endloop
  endfacet
  facet normal 0 0 -1
    outer loop
      vertex 9.35641 5.47541 28.6
      vertex 97.9436 5.47541 28.6
      vertex 98.1287 5.1 28.6
    endloop
  endfacet
  facet normal 0 0 -1
    outer loop
      vertex 9.17128 5.1 28.6
      vertex 98.1287 5.1 28.6
      vertex 98.3613 4.75196 28.6
    endloop
  endfacet
  facet normal 0 0 -1
    outer loop
      vertex 8.93873 4.75196 28.6
      vertex 98.3613 4.75196 28.6
      vertex 98.6373 4.43726 28.6
    endloop
  endfacet
  facet normal 0 0 -1
    outer loop
      vertex 8.66274 4.43726 28.6
      vertex 98.6373 4.43726 28.6
      vertex 98.952 4.16127 28.6
    endloop
  endfacet
  facet normal 0 0 -1
    outer loop
      vertex 8.34804 4.16127 28.6
      vertex 98.952 4.16127 28.6
      vertex 99.3 3.92872 28.6
    endloop
  endfacet
  facet normal 0 0 -1
    outer loop
      vertex 8 3.92872 28.6
      vertex 99.3 3.92872 28.6
      vertex 99.6754 3.74358 28.6
    endloop
  endfacet
  facet normal 0 0 -1
    outer loop
      vertex 7.62459 3.74358 28.6
      vertex 99.6754 3.74358 28.6
      vertex 100.072 3.60904 28.6
    endloop
  endfacet
  facet normal 0 0 -1
    outer loop
      vertex 7.22822 3.60904 28.6
      vertex 100.072 3.60904 28.6
      vertex 103.7 2.4 28.6
    endloop
  endfacet
  facet normal 0 0 -1
    outer loop
      vertex 10.1258 17.4521 28.6
      vertex 15 18 28.6
      vertex 10.16 16.93 28.6
    endloop
  endfacet
  facet normal 0 0 -1
    outer loop
      vertex 97.809 5.87178 28.6
      vertex 9.49096 5.87178 28.6
      vertex 15 18 28.6
    endloop
  endfacet
  facet normal 0 0 -1
    outer loop
      vertex 15 18 28.6
      vertex 10.1258 16.4079 28.6
      vertex 10.16 16.93 28.6
    endloop
  endfacet
  facet normal 0 0 -1
    outer loop
      vertex 9.57262 7.11768 28.6
      vertex 15 18 28.6
      vertex 9.6 6.7 28.6
    endloop
  endfacet
  facet normal 0 0 -1
    outer loop
      vertex 9.49096 7.52822 28.6
      vertex 15 18 28.6
      vertex 9.57262 7.11768 28.6
    endloop
  endfacet
  facet normal 0 0 -1
    outer loop
      vertex 9.35641 7.92459 28.6
      vertex 15 18 28.6
      vertex 9.49096 7.52822 28.6
    endloop
  endfacet
  facet normal 0 0 -1
    outer loop
      vertex 15 18 28.6
      vertex 10.0237 15.8947 28.6
      vertex 10.1258 16.4079 28.6
    endloop
  endfacet
  facet normal 0 0 -1
    outer loop
      vertex 15 18 28.6
      vertex 9.57262 6.28232 28.6
      vertex 9.6 6.7 28.6
    endloop
  endfacet
  facet normal 0 0 -1
    outer loop
      vertex 15 18 28.6
      vertex 9.49096 5.87178 28.6
      vertex 9.57262 6.28232 28.6
    endloop
  endfacet
  facet normal 0 0 -1
    outer loop
      vertex 97.9436 5.47541 28.6
      vertex 9.35641 5.47541 28.6
      vertex 9.49096 5.87178 28.6
    endloop
  endfacet
  facet normal 0 0 -1
    outer loop
      vertex 98.1287 5.1 28.6
      vertex 9.17128 5.1 28.6
      vertex 9.35641 5.47541 28.6
    endloop
  endfacet
  facet normal 0 0 -1
    outer loop
      vertex 98.3613 4.75196 28.6
      vertex 8.93873 4.75196 28.6
      vertex 9.17128 5.1 28.6
    endloop
  endfacet
  facet normal 0 0 -1
    outer loop
      vertex 98.6373 4.43726 28.6
      vertex 8.66274 4.43726 28.6
      vertex 8.93873 4.75196 28.6
    endloop
  endfacet
  facet normal 0 0 -1
    outer loop
      vertex 98.952 4.16127 28.6
      vertex 8.34804 4.16127 28.6
      vertex 8.66274 4.43726 28.6
    endloop
  endfacet
  facet normal 0 0 -1
    outer loop
      vertex 99.3 3.92872 28.6
      vertex 8 3.92872 28.6
      vertex 8.34804 4.16127 28.6
    endloop
  endfacet
  facet normal 0 0 -1
    outer loop
      vertex 99.6754 3.74358 28.6
      vertex 7.62459 3.74358 28.6
      vertex 8 3.92872 28.6
    endloop
  endfacet
  facet normal 0 0 -1
    outer loop
      vertex 100.072 3.60904 28.6
      vertex 7.22822 3.60904 28.6
      vertex 7.62459 3.74358 28.6
    endloop
  endfacet
  facet normal 0 0 -1
    outer loop
      vertex 3.6 2.4 28.6
      vertex 7.22822 3.60904 28.6
      vertex 103.7 2.4 28.6
    endloop
  endfacet
  facet normal 0 0 -1
    outer loop
      vertex 7.22822 3.60904 28.6
      vertex 3.6 2.4 28.6
      vertex 6.81768 3.52738 28.6
    endloop
  endfacet
  facet normal 0 0 -1
    outer loop
      vertex 6.81768 3.52738 28.6
      vertex 3.6 2.4 28.6
      vertex 6.4 3.5 28.6
    endloop
  endfacet
  facet normal 0 0 -1
    outer loop
      vertex 3.6 2.4 28.6
      vertex 5.98232 3.52738 28.6
      vertex 6.4 3.5 28.6
    endloop
  endfacet
  facet normal 0 0 -1
    outer loop
      vertex 3.6 2.4 28.6
      vertex 5.57178 3.60904 28.6
      vertex 5.98232 3.52738 28.6
    endloop
  endfacet
  facet normal 0 0 -1
    outer loop
      vertex 3.6 2.4 28.6
      vertex 5.17541 3.74358 28.6
      vertex 5.57178 3.60904 28.6
    endloop
  endfacet
  facet normal 0 0 -1
    outer loop
      vertex 3.6 2.4 28.6
      vertex 4.8 3.92872 28.6
      vertex 5.17541 3.74358 28.6
    endloop
  endfacet
  facet normal 0 0 -1
    outer loop
      vertex 3.6 2.4 28.6
      vertex 4.45196 4.16127 28.6
      vertex 4.8 3.92872 28.6
    endloop
  endfacet
  facet normal 0 0 -1
    outer loop
      vertex 3.6 2.4 28.6
      vertex 4.13726 4.43726 28.6
      vertex 4.45196 4.16127 28.6
    endloop
  endfacet
  facet normal 0 0 -1
    outer loop
      vertex 3.44337 2.41025 28.6
      vertex 4.13726 4.43726 28.6
      vertex 3.6 2.4 28.6
    endloop
  endfacet
  facet normal -0 0 -1
    outer loop
      vertex 4.13726 4.43726 28.6
      vertex 2.4 3.6 28.6
      vertex 3.86127 4.75196 28.6
    endloop
  endfacet
  facet normal -0 0 -1
    outer loop
      vertex 3.86127 4.75196 28.6
      vertex 2.4 3.6 28.6
      vertex 3.62872 5.1 28.6
    endloop
  endfacet
  facet normal 0 0 -1
    outer loop
      vertex 3.2894 2.44088 28.6
      vertex 4.13726 4.43726 28.6
      vertex 3.44337 2.41025 28.6
    endloop
  endfacet
  facet normal -0 0 -1
    outer loop
      vertex 3.62872 5.1 28.6
      vertex 2.4 3.6 28.6
      vertex 3.44359 5.47541 28.6
    endloop
  endfacet
  facet normal 0 0 -1
    outer loop
      vertex 3.14077 2.49134 28.6
      vertex 4.13726 4.43726 28.6
      vertex 3.2894 2.44088 28.6
    endloop
  endfacet
  facet normal -0 0 -1
    outer loop
      vertex 3.44359 5.47541 28.6
      vertex 2.4 3.6 28.6
      vertex 3.30904 5.87178 28.6
    endloop
  endfacet
  facet normal -0 0 -1
    outer loop
      vertex 3.30904 5.87178 28.6
      vertex 2.4 3.6 28.6
      vertex 3.22738 6.28232 28.6
    endloop
  endfacet
  facet normal 0 0 -1
    outer loop
      vertex 2.99999 2.56077 28.6
      vertex 4.13726 4.43726 28.6
      vertex 3.14077 2.49134 28.6
    endloop
  endfacet
  facet normal 0 0 -1
    outer loop
      vertex 104.859 3.2894 28.6
      vertex 103.163 4.43726 28.6
      vertex 104.89 3.44337 28.6
    endloop
  endfacet
  facet normal 0 0 -1
    outer loop
      vertex 104.809 3.14077 28.6
      vertex 103.163 4.43726 28.6
      vertex 104.859 3.2894 28.6
    endloop
  endfacet
  facet normal 0 0 -1
    outer loop
      vertex 104.739 2.99999 28.6
      vertex 103.163 4.43726 28.6
      vertex 104.809 3.14077 28.6
    endloop
  endfacet
  facet normal 0 0 -1
    outer loop
      vertex 104.652 2.86948 28.6
      vertex 103.163 4.43726 28.6
      vertex 104.739 2.99999 28.6
    endloop
  endfacet
  facet normal 0 0 -1
    outer loop
      vertex 104.549 2.75147 28.6
      vertex 103.163 4.43726 28.6
      vertex 104.652 2.86948 28.6
    endloop
  endfacet
  facet normal 0 0 -1
    outer loop
      vertex 104.431 2.64797 28.6
      vertex 103.163 4.43726 28.6
      vertex 104.549 2.75147 28.6
    endloop
  endfacet
  facet normal 0 0 -1
    outer loop
      vertex 104.3 2.56077 28.6
      vertex 103.163 4.43726 28.6
      vertex 104.431 2.64797 28.6
    endloop
  endfacet
  facet normal 0 0 -1
    outer loop
      vertex 103.163 4.43726 28.6
      vertex 104.3 2.56077 28.6
      vertex 104.159 2.49134 28.6
    endloop
  endfacet
  facet normal 0 0 -1
    outer loop
      vertex 104.89 3.44337 28.6
      vertex 103.163 4.43726 28.6
      vertex 104.9 3.6 28.6
    endloop
  endfacet
  facet normal 0 0 -1
    outer loop
      vertex 104.9 3.6 28.6
      vertex 104.1 6.7 28.6
      vertex 104.073 7.11768 28.6
    endloop
  endfacet
  facet normal 0 0 -1
    outer loop
      vertex 104.9 3.6 28.6
      vertex 104.073 7.11768 28.6
      vertex 104.9 18 28.6
    endloop
  endfacet
  facet normal 0 0 -1
    outer loop
      vertex 103.991 7.52822 28.6
      vertex 104.9 18 28.6
      vertex 104.073 7.11768 28.6
    endloop
  endfacet
  facet normal 0 0 -1
    outer loop
      vertex 103.856 7.92459 28.6
      vertex 104.9 18 28.6
      vertex 103.991 7.52822 28.6
    endloop
  endfacet
  facet normal 0 0 -1
    outer loop
      vertex 103.671 8.3 28.6
      vertex 104.9 18 28.6
      vertex 103.856 7.92459 28.6
    endloop
  endfacet
  facet normal 0 0 -1
    outer loop
      vertex 103.439 8.64804 28.6
      vertex 104.9 18 28.6
      vertex 103.671 8.3 28.6
    endloop
  endfacet
  facet normal 0 0 -1
    outer loop
      vertex 103.163 8.96274 28.6
      vertex 104.9 18 28.6
      vertex 103.439 8.64804 28.6
    endloop
  endfacet
  facet normal 0 0 -1
    outer loop
      vertex 102.848 9.23873 28.6
      vertex 104.9 18 28.6
      vertex 103.163 8.96274 28.6
    endloop
  endfacet
  facet normal 0 0 -1
    outer loop
      vertex 102.5 9.47128 28.6
      vertex 104.9 18 28.6
      vertex 102.848 9.23873 28.6
    endloop
  endfacet
  facet normal 0 0 -1
    outer loop
      vertex 102.125 9.65641 28.6
      vertex 104.9 18 28.6
      vertex 102.5 9.47128 28.6
    endloop
  endfacet
  facet normal 0 0 -1
    outer loop
      vertex 101.728 9.79096 28.6
      vertex 104.9 18 28.6
      vertex 102.125 9.65641 28.6
    endloop
  endfacet
  facet normal 0 0 -1
    outer loop
      vertex 101.318 9.87262 28.6
      vertex 104.9 18 28.6
      vertex 101.728 9.79096 28.6
    endloop
  endfacet
  facet normal 0 0 -1
    outer loop
      vertex 100.9 9.9 28.6
      vertex 104.9 18 28.6
      vertex 101.318 9.87262 28.6
    endloop
  endfacet
  facet normal 0 0 -1
    outer loop
      vertex 100.482 9.87262 28.6
      vertex 104.9 18 28.6
      vertex 100.9 9.9 28.6
    endloop
  endfacet
  facet normal 0 0 -1
    outer loop
      vertex 100.072 9.79096 28.6
      vertex 104.9 18 28.6
      vertex 100.482 9.87262 28.6
    endloop
  endfacet
  facet normal 0 0 -1
    outer loop
      vertex 99.6754 9.65641 28.6
      vertex 104.9 18 28.6
      vertex 100.072 9.79096 28.6
    endloop
  endfacet
  facet normal 0 0 -1
    outer loop
      vertex 99.3 9.47128 28.6
      vertex 104.9 18 28.6
      vertex 99.6754 9.65641 28.6
    endloop
  endfacet
  facet normal 0 0 -1
    outer loop
      vertex 98.952 9.23873 28.6
      vertex 104.9 18 28.6
      vertex 99.3 9.47128 28.6
    endloop
  endfacet
  facet normal 0 0 -1
    outer loop
      vertex 98.6373 8.96274 28.6
      vertex 104.9 18 28.6
      vertex 98.952 9.23873 28.6
    endloop
  endfacet
  facet normal 0 0 -1
    outer loop
      vertex 98.3613 8.64804 28.6
      vertex 104.9 18 28.6
      vertex 98.6373 8.96274 28.6
    endloop
  endfacet
  facet normal 0 0 -1
    outer loop
      vertex 98.3613 8.64804 28.6
      vertex 15 18 28.6
      vertex 104.9 18 28.6
    endloop
  endfacet
  facet normal 0 0 -1
    outer loop
      vertex 98.1287 8.3 28.6
      vertex 15 18 28.6
      vertex 98.3613 8.64804 28.6
    endloop
  endfacet
  facet normal 0 0 -1
    outer loop
      vertex 97.9436 7.92459 28.6
      vertex 15 18 28.6
      vertex 98.1287 8.3 28.6
    endloop
  endfacet
  facet normal 0 0 -1
    outer loop
      vertex 97.809 7.52822 28.6
      vertex 15 18 28.6
      vertex 97.9436 7.92459 28.6
    endloop
  endfacet
  facet normal 0 0 -1
    outer loop
      vertex 97.7274 7.11768 28.6
      vertex 15 18 28.6
      vertex 97.809 7.52822 28.6
    endloop
  endfacet
  facet normal 0 0 -1
    outer loop
      vertex 15 18 28.6
      vertex 97.7274 7.11768 28.6
      vertex 97.7 6.7 28.6
    endloop
  endfacet
  facet normal 0 0 -1
    outer loop
      vertex 15 18 28.6
      vertex 9.85552 15.3993 28.6
      vertex 10.0237 15.8947 28.6
    endloop
  endfacet
  facet normal 0 0 -1
    outer loop
      vertex 9.17128 8.3 28.6
      vertex 15 18 28.6
      vertex 9.35641 7.92459 28.6
    endloop
  endfacet
  facet normal 0 0 -1
    outer loop
      vertex 15 18 28.6
      vertex 9.6241 14.93 28.6
      vertex 9.85552 15.3993 28.6
    endloop
  endfacet
  facet normal 0 0 -1
    outer loop
      vertex 15 18 28.6
      vertex 9.17128 8.3 28.6
      vertex 9.6241 14.93 28.6
    endloop
  endfacet
  facet normal 0 0 -1
    outer loop
      vertex 9.6241 14.93 28.6
      vertex 9.17128 8.3 28.6
      vertex 9.33341 14.495 28.6
    endloop
  endfacet
  facet normal 0 0 -1
    outer loop
      vertex 8.93873 8.64804 28.6
      vertex 9.33341 14.495 28.6
      vertex 9.17128 8.3 28.6
    endloop
  endfacet
  facet normal 0 0 -1
    outer loop
      vertex 9.33341 14.495 28.6
      vertex 8.93873 8.64804 28.6
      vertex 8.98843 14.1016 28.6
    endloop
  endfacet
  facet normal 0 0 -1
    outer loop
      vertex 8.66274 8.96274 28.6
      vertex 8.98843 14.1016 28.6
      vertex 8.93873 8.64804 28.6
    endloop
  endfacet
  facet normal 0 0 -1
    outer loop
      vertex 8.66274 8.96274 28.6
      vertex 8.59505 13.7566 28.6
      vertex 8.98843 14.1016 28.6
    endloop
  endfacet
  facet normal 0 0 -1
    outer loop
      vertex 8.34804 9.23873 28.6
      vertex 8.59505 13.7566 28.6
      vertex 8.66274 8.96274 28.6
    endloop
  endfacet
  facet normal 0 0 -1
    outer loop
      vertex 8.34804 9.23873 28.6
      vertex 8.16 13.4659 28.6
      vertex 8.59505 13.7566 28.6
    endloop
  endfacet
  facet normal 0 0 -1
    outer loop
      vertex 8 9.47128 28.6
      vertex 8.16 13.4659 28.6
      vertex 8.34804 9.23873 28.6
    endloop
  endfacet
  facet normal 0 0 -1
    outer loop
      vertex 8 9.47128 28.6
      vertex 7.69073 13.2345 28.6
      vertex 8.16 13.4659 28.6
    endloop
  endfacet
  facet normal 0 0 -1
    outer loop
      vertex 7.62459 9.65641 28.6
      vertex 7.69073 13.2345 28.6
      vertex 8 9.47128 28.6
    endloop
  endfacet
  facet normal 0 0 -1
    outer loop
      vertex 7.22822 9.79096 28.6
      vertex 7.69073 13.2345 28.6
      vertex 7.62459 9.65641 28.6
    endloop
  endfacet
  facet normal 0 0 -1
    outer loop
      vertex 7.22822 9.79096 28.6
      vertex 7.19528 13.0663 28.6
      vertex 7.69073 13.2345 28.6
    endloop
  endfacet
  facet normal 0 0 -1
    outer loop
      vertex 6.81768 9.87262 28.6
      vertex 7.19528 13.0663 28.6
      vertex 7.22822 9.79096 28.6
    endloop
  endfacet
  facet normal 0 0 -1
    outer loop
      vertex 6.81768 9.87262 28.6
      vertex 6.6821 12.9642 28.6
      vertex 7.19528 13.0663 28.6
    endloop
  endfacet
  facet normal 0 0 -1
    outer loop
      vertex 6.4 9.9 28.6
      vertex 6.6821 12.9642 28.6
      vertex 6.81768 9.87262 28.6
    endloop
  endfacet
  facet normal 0 0 -1
    outer loop
      vertex 6.4 9.9 28.6
      vertex 6.16 12.93 28.6
      vertex 6.6821 12.9642 28.6
    endloop
  endfacet
  facet normal 0 0 -1
    outer loop
      vertex 5.98232 9.87262 28.6
      vertex 6.16 12.93 28.6
      vertex 6.4 9.9 28.6
    endloop
  endfacet
  facet normal 0 0 -1
    outer loop
      vertex 5.98232 9.87262 28.6
      vertex 5.63789 12.9642 28.6
      vertex 6.16 12.93 28.6
    endloop
  endfacet
  facet normal 0 0 -1
    outer loop
      vertex 5.57178 9.79096 28.6
      vertex 5.63789 12.9642 28.6
      vertex 5.98232 9.87262 28.6
    endloop
  endfacet
  facet normal 0 0 -1
    outer loop
      vertex 5.12472 13.0663 28.6
      vertex 5.57178 9.79096 28.6
      vertex 5.17541 9.65641 28.6
    endloop
  endfacet
  facet normal 0 0 -1
    outer loop
      vertex 5.57178 9.79096 28.6
      vertex 5.12472 13.0663 28.6
      vertex 5.63789 12.9642 28.6
    endloop
  endfacet
  facet normal 0 0 -1
    outer loop
      vertex 4.62927 13.2345 28.6
      vertex 5.17541 9.65641 28.6
      vertex 4.8 9.47128 28.6
    endloop
  endfacet
  facet normal 0 0 -1
    outer loop
      vertex 5.17541 9.65641 28.6
      vertex 4.62927 13.2345 28.6
      vertex 5.12472 13.0663 28.6
    endloop
  endfacet
  facet normal 0 0 -1
    outer loop
      vertex 4.16 13.4659 28.6
      vertex 4.8 9.47128 28.6
      vertex 4.45196 9.23873 28.6
    endloop
  endfacet
  facet normal 0 0 -1
    outer loop
      vertex 4.8 9.47128 28.6
      vertex 4.16 13.4659 28.6
      vertex 4.62927 13.2345 28.6
    endloop
  endfacet
  facet normal 0 0 -1
    outer loop
      vertex 4.13726 8.96274 28.6
      vertex 4.16 13.4659 28.6
      vertex 4.45196 9.23873 28.6
    endloop
  endfacet
  facet normal 0 0 -1
    outer loop
      vertex 3.72495 13.7566 28.6
      vertex 4.13726 8.96274 28.6
      vertex 3.86127 8.64804 28.6
    endloop
  endfacet
  facet normal 0 0 -1
    outer loop
      vertex 4.13726 8.96274 28.6
      vertex 3.72495 13.7566 28.6
      vertex 4.16 13.4659 28.6
    endloop
  endfacet
  facet normal 0 0 -1
    outer loop
      vertex 3.33157 14.1016 28.6
      vertex 3.86127 8.64804 28.6
      vertex 3.62872 8.3 28.6
    endloop
  endfacet
  facet normal 0 0 -1
    outer loop
      vertex 2.98659 14.495 28.6
      vertex 3.62872 8.3 28.6
      vertex 3.44359 7.92459 28.6
    endloop
  endfacet
  facet normal 0 0 -1
    outer loop
      vertex 3.86127 8.64804 28.6
      vertex 3.33157 14.1016 28.6
      vertex 3.72495 13.7566 28.6
    endloop
  endfacet
  facet normal 0 0 -1
    outer loop
      vertex 2.6959 14.93 28.6
      vertex 3.44359 7.92459 28.6
      vertex 3.30904 7.52822 28.6
    endloop
  endfacet
  facet normal 0 0 -1
    outer loop
      vertex 2.46448 15.3993 28.6
      vertex 3.30904 7.52822 28.6
      vertex 3.22738 7.11768 28.6
    endloop
  endfacet
  facet normal 0 0 -1
    outer loop
      vertex 2.4 3.6 28.6
      vertex 3.22738 7.11768 28.6
      vertex 3.2 6.7 28.6
    endloop
  endfacet
  facet normal 0 0 -1
    outer loop
      vertex 2.86948 2.64797 28.6
      vertex 4.13726 4.43726 28.6
      vertex 2.99999 2.56077 28.6
    endloop
  endfacet
  facet normal -0 0 -1
    outer loop
      vertex 3.22738 6.28232 28.6
      vertex 2.4 3.6 28.6
      vertex 3.2 6.7 28.6
    endloop
  endfacet
  facet normal -0 0 -1
    outer loop
      vertex 3.22738 7.11768 28.6
      vertex 2.4 3.6 28.6
      vertex 2.46448 15.3993 28.6
    endloop
  endfacet
  facet normal 0 0 -1
    outer loop
      vertex 2.75147 2.75147 28.6
      vertex 4.13726 4.43726 28.6
      vertex 2.86948 2.64797 28.6
    endloop
  endfacet
  facet normal 0 0 -1
    outer loop
      vertex 2.64797 2.86948 28.6
      vertex 4.13726 4.43726 28.6
      vertex 2.75147 2.75147 28.6
    endloop
  endfacet
  facet normal 0 0 -1
    outer loop
      vertex 3.62872 8.3 28.6
      vertex 2.98659 14.495 28.6
      vertex 3.33157 14.1016 28.6
    endloop
  endfacet
  facet normal 0 0 -1
    outer loop
      vertex 2.56077 2.99999 28.6
      vertex 4.13726 4.43726 28.6
      vertex 2.64797 2.86948 28.6
    endloop
  endfacet
  facet normal 0 0 -1
    outer loop
      vertex 2.49134 3.14077 28.6
      vertex 4.13726 4.43726 28.6
      vertex 2.56077 2.99999 28.6
    endloop
  endfacet
  facet normal 0 0 -1
    outer loop
      vertex 2.44088 3.2894 28.6
      vertex 4.13726 4.43726 28.6
      vertex 2.49134 3.14077 28.6
    endloop
  endfacet
  facet normal 0 0 -1
    outer loop
      vertex 3.44359 7.92459 28.6
      vertex 2.6959 14.93 28.6
      vertex 2.98659 14.495 28.6
    endloop
  endfacet
  facet normal 0 0 -1
    outer loop
      vertex 2.41025 3.44337 28.6
      vertex 4.13726 4.43726 28.6
      vertex 2.44088 3.2894 28.6
    endloop
  endfacet
  facet normal 0 0 -1
    outer loop
      vertex 4.13726 4.43726 28.6
      vertex 2.41025 3.44337 28.6
      vertex 2.4 3.6 28.6
    endloop
  endfacet
  facet normal 0 0 -1
    outer loop
      vertex 3.30904 7.52822 28.6
      vertex 2.46448 15.3993 28.6
      vertex 2.6959 14.93 28.6
    endloop
  endfacet
  facet normal -0 0 -1
    outer loop
      vertex 2.46448 15.3993 28.6
      vertex 2.4 3.6 28.6
      vertex 2.4 15.5892 28.6
    endloop
  endfacet
  facet normal 0 0 -1
    outer loop
      vertex 25.6852 42.9 28.6
      vertex 25.8782 42.4339 28.6
      vertex 25.7664 42.6606 28.6
    endloop
  endfacet
  facet normal 0 0 -1
    outer loop
      vertex 25.8782 42.4339 28.6
      vertex 25.6852 42.9 28.6
      vertex 25.8782 45.5661 28.6
    endloop
  endfacet
  facet normal 0 0 -1
    outer loop
      vertex 25.6852 45.1 28.6
      vertex 25.8782 45.5661 28.6
      vertex 25.6852 42.9 28.6
    endloop
  endfacet
  facet normal 0 0 -1
    outer loop
      vertex 25.8782 45.5661 28.6
      vertex 25.6852 45.1 28.6
      vertex 25.7664 45.3394 28.6
    endloop
  endfacet
  facet normal 0 0 -1
    outer loop
      vertex 17.5721 42.9 28.6
      vertex 25.6852 45.1 28.6
      vertex 25.6852 42.9 28.6
    endloop
  endfacet
  facet normal -0 0 -1
    outer loop
      vertex 25.6852 45.1 28.6
      vertex 17.5721 42.9 28.6
      vertex 17.5721 45.1 28.6
    endloop
  endfacet
  facet normal 0 0 -1
    outer loop
      vertex 27.4339 40.8782 28.6
      vertex 27.9 40.6852 28.6
      vertex 27.6606 40.7664 28.6
    endloop
  endfacet
  facet normal 0 0 -1
    outer loop
      vertex 27.9 40.6852 28.6
      vertex 27.4339 40.8782 28.6
      vertex 27.9 47.3148 28.6
    endloop
  endfacet
  facet normal 0 0 -1
    outer loop
      vertex 27.4339 47.1218 28.6
      vertex 27.9 47.3148 28.6
      vertex 27.4339 40.8782 28.6
    endloop
  endfacet
  facet normal 0 0 -1
    outer loop
      vertex 27.9 47.3148 28.6
      vertex 27.4339 47.1218 28.6
      vertex 27.6606 47.2336 28.6
    endloop
  endfacet
  facet normal 0 0 -1
    outer loop
      vertex 27.4339 40.8782 28.6
      vertex 25.8782 42.4339 28.6
      vertex 27.4339 47.1218 28.6
    endloop
  endfacet
  facet normal 0 0 -1
    outer loop
      vertex 21.6971 35.1414 28.6
      vertex 25.8782 42.4339 28.6
      vertex 27.4339 40.8782 28.6
    endloop
  endfacet
  facet normal -0 0 -1
    outer loop
      vertex 21.9992 34.8764 28.6
      vertex 20.388 34.1827 28.6
      vertex 21.6971 35.1414 28.6
    endloop
  endfacet
  facet normal 0 0 -1
    outer loop
      vertex 20.3523 34.3623 28.6
      vertex 21.6971 35.1414 28.6
      vertex 20.388 34.1827 28.6
    endloop
  endfacet
  facet normal 0 0 -1
    outer loop
      vertex 20.2934 34.5358 28.6
      vertex 21.6971 35.1414 28.6
      vertex 20.3523 34.3623 28.6
    endloop
  endfacet
  facet normal 0 0 -1
    outer loop
      vertex 20.2124 34.7 28.6
      vertex 21.6971 35.1414 28.6
      vertex 20.2934 34.5358 28.6
    endloop
  endfacet
  facet normal 0 0 -1
    outer loop
      vertex 20.1107 34.8523 28.6
      vertex 21.6971 35.1414 28.6
      vertex 20.2124 34.7 28.6
    endloop
  endfacet
  facet normal 0 0 -1
    outer loop
      vertex 21.6971 35.1414 28.6
      vertex 20.1414 36.6971 28.6
      vertex 25.8782 42.4339 28.6
    endloop
  endfacet
  facet normal 0 0 -1
    outer loop
      vertex 19.9899 34.9899 28.6
      vertex 21.6971 35.1414 28.6
      vertex 20.1107 34.8523 28.6
    endloop
  endfacet
  facet normal -0 0 -1
    outer loop
      vertex 21.6971 35.1414 28.6
      vertex 19.9899 34.9899 28.6
      vertex 20.1414 36.6971 28.6
    endloop
  endfacet
  facet normal 0 0 -1
    outer loop
      vertex 19.8523 35.1107 28.6
      vertex 20.1414 36.6971 28.6
      vertex 19.9899 34.9899 28.6
    endloop
  endfacet
  facet normal 0 0 -1
    outer loop
      vertex 19.7 35.2124 28.6
      vertex 20.1414 36.6971 28.6
      vertex 19.8523 35.1107 28.6
    endloop
  endfacet
  facet normal 0 0 -1
    outer loop
      vertex 19.5358 35.2934 28.6
      vertex 20.1414 36.6971 28.6
      vertex 19.7 35.2124 28.6
    endloop
  endfacet
  facet normal 0 0 -1
    outer loop
      vertex 19.3623 35.3523 28.6
      vertex 20.1414 36.6971 28.6
      vertex 19.5358 35.2934 28.6
    endloop
  endfacet
  facet normal 0 0 -1
    outer loop
      vertex 19.1827 35.388 28.6
      vertex 20.1414 36.6971 28.6
      vertex 19.3623 35.3523 28.6
    endloop
  endfacet
  facet normal -0 0 -1
    outer loop
      vertex 20.1414 36.6971 28.6
      vertex 19.1827 35.388 28.6
      vertex 19.8764 36.9992 28.6
    endloop
  endfacet
  facet normal 0 0 -1
    outer loop
      vertex 19 35.4 28.6
      vertex 19.8764 36.9992 28.6
      vertex 19.1827 35.388 28.6
    endloop
  endfacet
  facet normal 0 0 -1
    outer loop
      vertex 18.8173 35.388 28.6
      vertex 19.8764 36.9992 28.6
      vertex 19 35.4 28.6
    endloop
  endfacet
  facet normal 0 0 -1
    outer loop
      vertex 18.6377 35.3523 28.6
      vertex 19.8764 36.9992 28.6
      vertex 18.8173 35.388 28.6
    endloop
  endfacet
  facet normal -0 0 -1
    outer loop
      vertex 19.8764 36.9992 28.6
      vertex 18.6377 35.3523 28.6
      vertex 19.0407 38.25 28.6
    endloop
  endfacet
  facet normal 0 0 -1
    outer loop
      vertex 18.4642 35.2934 28.6
      vertex 19.0407 38.25 28.6
      vertex 18.6377 35.3523 28.6
    endloop
  endfacet
  facet normal 0 0 -1
    outer loop
      vertex 18.3 35.2124 28.6
      vertex 19.0407 38.25 28.6
      vertex 18.4642 35.2934 28.6
    endloop
  endfacet
  facet normal 0 0 -1
    outer loop
      vertex 18.1477 35.1107 28.6
      vertex 19.0407 38.25 28.6
      vertex 18.3 35.2124 28.6
    endloop
  endfacet
  facet normal 0 0 -1
    outer loop
      vertex 18.01 34.9899 28.6
      vertex 19.0407 38.25 28.6
      vertex 18.1477 35.1107 28.6
    endloop
  endfacet
  facet normal -0 0 -1
    outer loop
      vertex 19.0407 38.25 28.6
      vertex 18.01 34.9899 28.6
      vertex 18.3754 39.5991 28.6
    endloop
  endfacet
  facet normal 0 0 -1
    outer loop
      vertex 17.8893 34.8523 28.6
      vertex 18.3754 39.5991 28.6
      vertex 18.01 34.9899 28.6
    endloop
  endfacet
  facet normal 0 0 -1
    outer loop
      vertex 17.7876 34.7 28.6
      vertex 18.3754 39.5991 28.6
      vertex 17.8893 34.8523 28.6
    endloop
  endfacet
  facet normal 0 0 -1
    outer loop
      vertex 10.16 44.37 28.6
      vertex 18.3754 39.5991 28.6
      vertex 17.7876 34.7 28.6
    endloop
  endfacet
  facet normal 0 0 -1
    outer loop
      vertex 10.16 44.37 28.6
      vertex 17.7876 34.7 28.6
      vertex 17.7066 34.5358 28.6
    endloop
  endfacet
  facet normal 0 0 -1
    outer loop
      vertex 15 31 28.6
      vertex 17.7066 34.5358 28.6
      vertex 17.6477 34.3623 28.6
    endloop
  endfacet
  facet normal 0 0 -1
    outer loop
      vertex 15 31 28.6
      vertex 17.6477 34.3623 28.6
      vertex 17.612 34.1827 28.6
    endloop
  endfacet
  facet normal 0 0 -1
    outer loop
      vertex 15 31 28.6
      vertex 17.612 34.1827 28.6
      vertex 17.6 34 28.6
    endloop
  endfacet
  facet normal 0 0 -1
    outer loop
      vertex 18.3754 39.5991 28.6
      vertex 10.16 44.37 28.6
      vertex 17.8919 41.0236 28.6
    endloop
  endfacet
  facet normal 0 0 -1
    outer loop
      vertex 25.8782 45.5661 28.6
      vertex 27.4339 47.1218 28.6
      vertex 25.8782 42.4339 28.6
    endloop
  endfacet
  facet normal 0 0 -1
    outer loop
      vertex 25.8782 45.5661 28.6
      vertex 21.6971 52.8586 28.6
      vertex 27.4339 47.1218 28.6
    endloop
  endfacet
  facet normal 0 0 -1
    outer loop
      vertex 20.1414 51.3029 28.6
      vertex 21.6971 52.8586 28.6
      vertex 25.8782 45.5661 28.6
    endloop
  endfacet
  facet normal 0 0 -1
    outer loop
      vertex 21.6971 52.8586 28.6
      vertex 20.388 53.8173 28.6
      vertex 20.4 54 28.6
    endloop
  endfacet
  facet normal 0 0 -1
    outer loop
      vertex 21.6971 52.8586 28.6
      vertex 20.3523 53.6377 28.6
      vertex 20.388 53.8173 28.6
    endloop
  endfacet
  facet normal 0 0 -1
    outer loop
      vertex 19.9899 53.01 28.6
      vertex 21.6971 52.8586 28.6
      vertex 20.1414 51.3029 28.6
    endloop
  endfacet
  facet normal 0 0 -1
    outer loop
      vertex 21.6971 52.8586 28.6
      vertex 20.2934 53.4642 28.6
      vertex 20.3523 53.6377 28.6
    endloop
  endfacet
  facet normal 0 0 -1
    outer loop
      vertex 21.6971 52.8586 28.6
      vertex 20.2124 53.3 28.6
      vertex 20.2934 53.4642 28.6
    endloop
  endfacet
  facet normal 0 0 -1
    outer loop
      vertex 21.6971 52.8586 28.6
      vertex 20.1107 53.1477 28.6
      vertex 20.2124 53.3 28.6
    endloop
  endfacet
  facet normal 0 0 -1
    outer loop
      vertex 21.6971 52.8586 28.6
      vertex 19.9899 53.01 28.6
      vertex 20.1107 53.1477 28.6
    endloop
  endfacet
  facet normal 0 0 -1
    outer loop
      vertex 19.1827 52.612 28.6
      vertex 20.1414 51.3029 28.6
      vertex 19.8764 51.0008 28.6
    endloop
  endfacet
  facet normal 0 0 -1
    outer loop
      vertex 20.1414 51.3029 28.6
      vertex 19.8523 52.8893 28.6
      vertex 19.9899 53.01 28.6
    endloop
  endfacet
  facet normal 0 0 -1
    outer loop
      vertex 20.1414 51.3029 28.6
      vertex 19.7 52.7876 28.6
      vertex 19.8523 52.8893 28.6
    endloop
  endfacet
  facet normal 0 0 -1
    outer loop
      vertex 20.1414 51.3029 28.6
      vertex 19.5358 52.7066 28.6
      vertex 19.7 52.7876 28.6
    endloop
  endfacet
  facet normal 0 0 -1
    outer loop
      vertex 20.1414 51.3029 28.6
      vertex 19.3623 52.6477 28.6
      vertex 19.5358 52.7066 28.6
    endloop
  endfacet
  facet normal 0 0 -1
    outer loop
      vertex 20.1414 51.3029 28.6
      vertex 19.1827 52.612 28.6
      vertex 19.3623 52.6477 28.6
    endloop
  endfacet
  facet normal 0 0 -1
    outer loop
      vertex 18.6377 52.6477 28.6
      vertex 19.8764 51.0008 28.6
      vertex 19.0407 49.75 28.6
    endloop
  endfacet
  facet normal 0 0 -1
    outer loop
      vertex 19.8764 51.0008 28.6
      vertex 19 52.6 28.6
      vertex 19.1827 52.612 28.6
    endloop
  endfacet
  facet normal 0 0 -1
    outer loop
      vertex 19.8764 51.0008 28.6
      vertex 18.8173 52.612 28.6
      vertex 19 52.6 28.6
    endloop
  endfacet
  facet normal 0 0 -1
    outer loop
      vertex 19.8764 51.0008 28.6
      vertex 18.6377 52.6477 28.6
      vertex 18.8173 52.612 28.6
    endloop
  endfacet
  facet normal 0 0 -1
    outer loop
      vertex 19.0407 49.75 28.6
      vertex 18.4642 52.7066 28.6
      vertex 18.6377 52.6477 28.6
    endloop
  endfacet
  facet normal 0 0 -1
    outer loop
      vertex 18.01 53.01 28.6
      vertex 19.0407 49.75 28.6
      vertex 18.3754 48.4009 28.6
    endloop
  endfacet
  facet normal 0 0 -1
    outer loop
      vertex 19.0407 49.75 28.6
      vertex 18.3 52.7876 28.6
      vertex 18.4642 52.7066 28.6
    endloop
  endfacet
  facet normal 0 0 -1
    outer loop
      vertex 19.0407 49.75 28.6
      vertex 18.1477 52.8893 28.6
      vertex 18.3 52.7876 28.6
    endloop
  endfacet
  facet normal 0 0 -1
    outer loop
      vertex 19.0407 49.75 28.6
      vertex 18.01 53.01 28.6
      vertex 18.1477 52.8893 28.6
    endloop
  endfacet
  facet normal 0 0 -1
    outer loop
      vertex 9.6241 46.37 28.6
      vertex 18.3754 48.4009 28.6
      vertex 17.8919 46.9764 28.6
    endloop
  endfacet
  facet normal 0 0 -1
    outer loop
      vertex 18.3754 48.4009 28.6
      vertex 17.8893 53.1477 28.6
      vertex 18.01 53.01 28.6
    endloop
  endfacet
  facet normal 0 0 -1
    outer loop
      vertex 9.33341 46.805 28.6
      vertex 18.3754 48.4009 28.6
      vertex 9.6241 46.37 28.6
    endloop
  endfacet
  facet normal 0 0 -1
    outer loop
      vertex 18.3754 48.4009 28.6
      vertex 17.7876 53.3 28.6
      vertex 17.8893 53.1477 28.6
    endloop
  endfacet
  facet normal 0 0 -1
    outer loop
      vertex 9.17128 53 28.6
      vertex 18.3754 48.4009 28.6
      vertex 9.33341 46.805 28.6
    endloop
  endfacet
  facet normal 0 0 -1
    outer loop
      vertex 9.57262 54.1823 28.6
      vertex 17.7066 53.4642 28.6
      vertex 17.7876 53.3 28.6
    endloop
  endfacet
  facet normal 0 0 -1
    outer loop
      vertex 9.57262 54.1823 28.6
      vertex 17.6477 53.6377 28.6
      vertex 17.7066 53.4642 28.6
    endloop
  endfacet
  facet normal 0 0 -1
    outer loop
      vertex 9.85552 45.9007 28.6
      vertex 17.8919 46.9764 28.6
      vertex 17.5984 45.5011 28.6
    endloop
  endfacet
  facet normal 0 0 -1
    outer loop
      vertex 50.5 57 28.6
      vertex 40.388 53.8173 28.6
      vertex 40.4 54 28.6
    endloop
  endfacet
  facet normal 0 0 -1
    outer loop
      vertex 50.5 57 28.6
      vertex 40.3523 53.6377 28.6
      vertex 40.388 53.8173 28.6
    endloop
  endfacet
  facet normal 0 -0 -1
    outer loop
      vertex 40.2934 53.4642 28.6
      vertex 50.5 57 28.6
      vertex 40.1081 46.9764 28.6
    endloop
  endfacet
  facet normal 0 0 -1
    outer loop
      vertex 50.5 57 28.6
      vertex 40.2934 53.4642 28.6
      vertex 40.3523 53.6377 28.6
    endloop
  endfacet
  facet normal 0 0 -1
    outer loop
      vertex 40.2934 53.4642 28.6
      vertex 40.1081 46.9764 28.6
      vertex 40.2124 53.3 28.6
    endloop
  endfacet
  facet normal 0 0 -1
    outer loop
      vertex 39.6246 48.4009 28.6
      vertex 40.2124 53.3 28.6
      vertex 40.1081 46.9764 28.6
    endloop
  endfacet
  facet normal 0 0 -1
    outer loop
      vertex 40.2124 53.3 28.6
      vertex 39.6246 48.4009 28.6
      vertex 40.1107 53.1477 28.6
    endloop
  endfacet
  facet normal 0 0 -1
    outer loop
      vertex 40.1107 53.1477 28.6
      vertex 39.6246 48.4009 28.6
      vertex 39.9899 53.01 28.6
    endloop
  endfacet
  facet normal 0 0 -1
    outer loop
      vertex 38.9593 49.75 28.6
      vertex 39.9899 53.01 28.6
      vertex 39.6246 48.4009 28.6
    endloop
  endfacet
  facet normal 0 0 -1
    outer loop
      vertex 39.9899 53.01 28.6
      vertex 38.9593 49.75 28.6
      vertex 39.8523 52.8893 28.6
    endloop
  endfacet
  facet normal 0 0 -1
    outer loop
      vertex 39.8523 52.8893 28.6
      vertex 38.9593 49.75 28.6
      vertex 39.7 52.7876 28.6
    endloop
  endfacet
  facet normal 0 0 -1
    outer loop
      vertex 39.7 52.7876 28.6
      vertex 38.9593 49.75 28.6
      vertex 39.5358 52.7066 28.6
    endloop
  endfacet
  facet normal 0 0 -1
    outer loop
      vertex 39.5358 52.7066 28.6
      vertex 38.9593 49.75 28.6
      vertex 39.3623 52.6477 28.6
    endloop
  endfacet
  facet normal 0 0 -1
    outer loop
      vertex 38.1236 51.0008 28.6
      vertex 39.3623 52.6477 28.6
      vertex 38.9593 49.75 28.6
    endloop
  endfacet
  facet normal 0 0 -1
    outer loop
      vertex 39.3623 52.6477 28.6
      vertex 38.1236 51.0008 28.6
      vertex 39.1827 52.612 28.6
    endloop
  endfacet
  facet normal 0 0 -1
    outer loop
      vertex 39.1827 52.612 28.6
      vertex 38.1236 51.0008 28.6
      vertex 39 52.6 28.6
    endloop
  endfacet
  facet normal -0 0 -1
    outer loop
      vertex 39 52.6 28.6
      vertex 38.1236 51.0008 28.6
      vertex 38.8173 52.612 28.6
    endloop
  endfacet
  facet normal 0 0 -1
    outer loop
      vertex 37.8586 51.3029 28.6
      vertex 38.8173 52.612 28.6
      vertex 38.1236 51.0008 28.6
    endloop
  endfacet
  facet normal -0 0 -1
    outer loop
      vertex 38.8173 52.612 28.6
      vertex 37.8586 51.3029 28.6
      vertex 38.6377 52.6477 28.6
    endloop
  endfacet
  facet normal -0 0 -1
    outer loop
      vertex 38.6377 52.6477 28.6
      vertex 37.8586 51.3029 28.6
      vertex 38.4642 52.7066 28.6
    endloop
  endfacet
  facet normal -0 0 -1
    outer loop
      vertex 38.4642 52.7066 28.6
      vertex 37.8586 51.3029 28.6
      vertex 38.3 52.7876 28.6
    endloop
  endfacet
  facet normal -0 0 -1
    outer loop
      vertex 38.3 52.7876 28.6
      vertex 37.8586 51.3029 28.6
      vertex 38.1477 52.8893 28.6
    endloop
  endfacet
  facet normal -0 0 -1
    outer loop
      vertex 38.1477 52.8893 28.6
      vertex 37.8586 51.3029 28.6
      vertex 38.01 53.01 28.6
    endloop
  endfacet
  facet normal 0 0 -1
    outer loop
      vertex 36.3029 52.8586 28.6
      vertex 38.01 53.01 28.6
      vertex 37.8586 51.3029 28.6
    endloop
  endfacet
  facet normal -0 0 -1
    outer loop
      vertex 38.01 53.01 28.6
      vertex 36.3029 52.8586 28.6
      vertex 37.8893 53.1477 28.6
    endloop
  endfacet
  facet normal -0 0 -1
    outer loop
      vertex 37.8893 53.1477 28.6
      vertex 36.3029 52.8586 28.6
      vertex 37.7876 53.3 28.6
    endloop
  endfacet
  facet normal -0 0 -1
    outer loop
      vertex 37.7876 53.3 28.6
      vertex 36.3029 52.8586 28.6
      vertex 37.7066 53.4642 28.6
    endloop
  endfacet
  facet normal -0 0 -1
    outer loop
      vertex 37.7066 53.4642 28.6
      vertex 36.3029 52.8586 28.6
      vertex 37.6477 53.6377 28.6
    endloop
  endfacet
  facet normal 0 0 -1
    outer loop
      vertex 36.0008 53.1236 28.6
      vertex 37.612 53.8173 28.6
      vertex 36.3029 52.8586 28.6
    endloop
  endfacet
  facet normal -0 0 -1
    outer loop
      vertex 37.6477 53.6377 28.6
      vertex 36.3029 52.8586 28.6
      vertex 37.612 53.8173 28.6
    endloop
  endfacet
  facet normal 0 0 -1
    outer loop
      vertex 32.1218 45.5661 28.6
      vertex 36.3029 52.8586 28.6
      vertex 37.8586 51.3029 28.6
    endloop
  endfacet
  facet normal 0 0 -1
    outer loop
      vertex 32.1218 45.5661 28.6
      vertex 30.5661 47.1218 28.6
      vertex 36.3029 52.8586 28.6
    endloop
  endfacet
  facet normal 0 0 -1
    outer loop
      vertex 30.5661 40.8782 28.6
      vertex 30.5661 47.1218 28.6
      vertex 32.1218 45.5661 28.6
    endloop
  endfacet
  facet normal 0 0 -1
    outer loop
      vertex 30.1 40.6852 28.6
      vertex 30.5661 40.8782 28.6
      vertex 30.3394 40.7664 28.6
    endloop
  endfacet
  facet normal -0 0 -1
    outer loop
      vertex 30.5661 40.8782 28.6
      vertex 30.1 40.6852 28.6
      vertex 30.5661 47.1218 28.6
    endloop
  endfacet
  facet normal 0 0 -1
    outer loop
      vertex 30.1 47.3148 28.6
      vertex 30.5661 47.1218 28.6
      vertex 30.1 40.6852 28.6
    endloop
  endfacet
  facet normal 0 0 -1
    outer loop
      vertex 30.5661 47.1218 28.6
      vertex 30.1 47.3148 28.6
      vertex 30.3394 47.2336 28.6
    endloop
  endfacet
  facet normal 0 0 -1
    outer loop
      vertex 32.3148 42.9 28.6
      vertex 40.4279 45.1 28.6
      vertex 40.4279 42.9 28.6
    endloop
  endfacet
  facet normal 0 0 -1
    outer loop
      vertex 32.3148 42.9 28.6
      vertex 32.3148 45.1 28.6
      vertex 40.4279 45.1 28.6
    endloop
  endfacet
  facet normal 0 0 -1
    outer loop
      vertex 32.1218 42.4339 28.6
      vertex 32.3148 42.9 28.6
      vertex 32.2336 42.6606 28.6
    endloop
  endfacet
  facet normal -0 0 -1
    outer loop
      vertex 32.3148 42.9 28.6
      vertex 32.1218 42.4339 28.6
      vertex 32.3148 45.1 28.6
    endloop
  endfacet
  facet normal 0 0 -1
    outer loop
      vertex 32.1218 45.5661 28.6
      vertex 32.3148 45.1 28.6
      vertex 32.1218 42.4339 28.6
    endloop
  endfacet
  facet normal 0 0 -1
    outer loop
      vertex 32.3148 45.1 28.6
      vertex 32.1218 45.5661 28.6
      vertex 32.2336 45.3394 28.6
    endloop
  endfacet
  facet normal 0 0 -1
    outer loop
      vertex 36.3029 35.1414 28.6
      vertex 32.1218 42.4339 28.6
      vertex 37.8586 36.6971 28.6
    endloop
  endfacet
  facet normal -0 0 -1
    outer loop
      vertex 32.1218 42.4339 28.6
      vertex 30.5661 40.8782 28.6
      vertex 32.1218 45.5661 28.6
    endloop
  endfacet
  facet normal 0 0 -1
    outer loop
      vertex 30.5661 40.8782 28.6
      vertex 32.1218 42.4339 28.6
      vertex 36.3029 35.1414 28.6
    endloop
  endfacet
  facet normal 0 0 -1
    outer loop
      vertex 98.3613 56.548 28.6
      vertex 98.5 57 28.6
      vertex 98.6373 56.8627 28.6
    endloop
  endfacet
  facet normal 0 0 -1
    outer loop
      vertex 98.1287 56.2 28.6
      vertex 98.5 57 28.6
      vertex 98.3613 56.548 28.6
    endloop
  endfacet
  facet normal 0 0 -1
    outer loop
      vertex 97.9436 55.8246 28.6
      vertex 98.5 57 28.6
      vertex 98.1287 56.2 28.6
    endloop
  endfacet
  facet normal 0 0 -1
    outer loop
      vertex 97.7274 54.1823 28.6
      vertex 50.5 57 28.6
      vertex 97.7 54.6 28.6
    endloop
  endfacet
  facet normal 0 0 -1
    outer loop
      vertex 97.7 54.6 28.6
      vertex 50.5 57 28.6
      vertex 97.7274 55.0177 28.6
    endloop
  endfacet
  facet normal 0 0 -1
    outer loop
      vertex 97.7274 55.0177 28.6
      vertex 50.5 57 28.6
      vertex 97.809 55.4282 28.6
    endloop
  endfacet
  facet normal 0 0 -1
    outer loop
      vertex 97.809 55.4282 28.6
      vertex 50.5 57 28.6
      vertex 97.9436 55.8246 28.6
    endloop
  endfacet
  facet normal 0 0 -1
    outer loop
      vertex 97.9436 55.8246 28.6
      vertex 50.5 57 28.6
      vertex 98.5 57 28.6
    endloop
  endfacet
  facet normal 0 0 -1
    outer loop
      vertex 104.073 54.1823 28.6
      vertex 104.9 57.7 28.6
      vertex 104.9 31 28.6
    endloop
  endfacet
  facet normal 0 -0 -1
    outer loop
      vertex 104.1 54.6 28.6
      vertex 104.9 57.7 28.6
      vertex 104.073 54.1823 28.6
    endloop
  endfacet
  facet normal 0 0 -1
    outer loop
      vertex 104.073 55.0177 28.6
      vertex 104.9 57.7 28.6
      vertex 104.1 54.6 28.6
    endloop
  endfacet
  facet normal 0 0 -1
    outer loop
      vertex 103.991 55.4282 28.6
      vertex 104.9 57.7 28.6
      vertex 104.073 55.0177 28.6
    endloop
  endfacet
  facet normal 0 0 -1
    outer loop
      vertex 103.856 55.8246 28.6
      vertex 104.9 57.7 28.6
      vertex 103.991 55.4282 28.6
    endloop
  endfacet
  facet normal 0 0 -1
    outer loop
      vertex 103.671 56.2 28.6
      vertex 104.9 57.7 28.6
      vertex 103.856 55.8246 28.6
    endloop
  endfacet
  facet normal 0 0 -1
    outer loop
      vertex 103.439 56.548 28.6
      vertex 104.9 57.7 28.6
      vertex 103.671 56.2 28.6
    endloop
  endfacet
  facet normal -0 0 -1
    outer loop
      vertex 104.9 57.7 28.6
      vertex 103.163 56.8627 28.6
      vertex 104.89 57.8566 28.6
    endloop
  endfacet
  facet normal -0 0 -1
    outer loop
      vertex 104.89 57.8566 28.6
      vertex 103.163 56.8627 28.6
      vertex 104.859 58.0106 28.6
    endloop
  endfacet
  facet normal -0 0 -1
    outer loop
      vertex 104.859 58.0106 28.6
      vertex 103.163 56.8627 28.6
      vertex 104.809 58.1592 28.6
    endloop
  endfacet
  facet normal 0 0 -1
    outer loop
      vertex 103.163 56.8627 28.6
      vertex 104.9 57.7 28.6
      vertex 103.439 56.548 28.6
    endloop
  endfacet
  facet normal 0 0 -1
    outer loop
      vertex 104.9 31 28.6
      vertex 103.991 53.7718 28.6
      vertex 104.073 54.1823 28.6
    endloop
  endfacet
  facet normal 0 0 -1
    outer loop
      vertex 104.9 31 28.6
      vertex 103.856 53.3754 28.6
      vertex 103.991 53.7718 28.6
    endloop
  endfacet
  facet normal 0 0 -1
    outer loop
      vertex 104.9 31 28.6
      vertex 103.671 53 28.6
      vertex 103.856 53.3754 28.6
    endloop
  endfacet
  facet normal 0 0 -1
    outer loop
      vertex 104.9 31 28.6
      vertex 103.439 52.652 28.6
      vertex 103.671 53 28.6
    endloop
  endfacet
  facet normal 0 0 -1
    outer loop
      vertex 104.9 31 28.6
      vertex 103.163 52.3373 28.6
      vertex 103.439 52.652 28.6
    endloop
  endfacet
  facet normal 0 0 -1
    outer loop
      vertex 104.9 31 28.6
      vertex 102.848 52.0613 28.6
      vertex 103.163 52.3373 28.6
    endloop
  endfacet
  facet normal 0 0 -1
    outer loop
      vertex 104.9 31 28.6
      vertex 102.5 51.8287 28.6
      vertex 102.848 52.0613 28.6
    endloop
  endfacet
  facet normal 0 0 -1
    outer loop
      vertex 104.9 31 28.6
      vertex 102.125 51.6436 28.6
      vertex 102.5 51.8287 28.6
    endloop
  endfacet
  facet normal 0 0 -1
    outer loop
      vertex 98.5 34 28.6
      vertex 102.125 51.6436 28.6
      vertex 104.9 31 28.6
    endloop
  endfacet
  facet normal 0 0 -1
    outer loop
      vertex 102.125 51.6436 28.6
      vertex 98.5 34 28.6
      vertex 101.728 51.509 28.6
    endloop
  endfacet
  facet normal 0 0 -1
    outer loop
      vertex 101.728 51.509 28.6
      vertex 98.5 34 28.6
      vertex 101.318 51.4274 28.6
    endloop
  endfacet
  facet normal 0 0 -1
    outer loop
      vertex 101.318 51.4274 28.6
      vertex 98.5 34 28.6
      vertex 100.9 51.4 28.6
    endloop
  endfacet
  facet normal -0 0 -1
    outer loop
      vertex 100.9 51.4 28.6
      vertex 98.5 34 28.6
      vertex 100.482 51.4274 28.6
    endloop
  endfacet
  facet normal -0 0 -1
    outer loop
      vertex 100.482 51.4274 28.6
      vertex 98.5 34 28.6
      vertex 100.072 51.509 28.6
    endloop
  endfacet
  facet normal -0 0 -1
    outer loop
      vertex 100.072 51.509 28.6
      vertex 98.5 34 28.6
      vertex 99.6754 51.6436 28.6
    endloop
  endfacet
  facet normal -0 0 -1
    outer loop
      vertex 99.6754 51.6436 28.6
      vertex 98.5 34 28.6
      vertex 99.3 51.8287 28.6
    endloop
  endfacet
  facet normal -0 0 -1
    outer loop
      vertex 99.3 51.8287 28.6
      vertex 98.5 34 28.6
      vertex 98.952 52.0613 28.6
    endloop
  endfacet
  facet normal 0 0 -1
    outer loop
      vertex 98.5 34 28.6
      vertex 104.9 31 28.6
      vertex 98.5 32.5 28.6
    endloop
  endfacet
  facet normal 0 0 -1
    outer loop
      vertex 104.9 31 28.6
      vertex 50.5 32.5 28.6
      vertex 98.5 32.5 28.6
    endloop
  endfacet
  facet normal 0 0 -1
    outer loop
      vertex 38.1236 36.9992 28.6
      vertex 50.5 34 28.6
      vertex 50.5 32.5 28.6
    endloop
  endfacet
  facet normal 0 0 -1
    outer loop
      vertex 50.5 34 28.6
      vertex 40.4279 45.1 28.6
      vertex 50.5 57 28.6
    endloop
  endfacet
  facet normal 0 0 -1
    outer loop
      vertex 50.5 34 28.6
      vertex 40.4279 42.9 28.6
      vertex 40.4279 45.1 28.6
    endloop
  endfacet
  facet normal 0 0 -1
    outer loop
      vertex 50.5 34 28.6
      vertex 40.4016 42.4989 28.6
      vertex 40.4279 42.9 28.6
    endloop
  endfacet
  facet normal 0 0 -1
    outer loop
      vertex 50.5 34 28.6
      vertex 40.1081 41.0236 28.6
      vertex 40.4016 42.4989 28.6
    endloop
  endfacet
  facet normal 0 0 -1
    outer loop
      vertex 50.5 34 28.6
      vertex 39.6246 39.5991 28.6
      vertex 40.1081 41.0236 28.6
    endloop
  endfacet
  facet normal 0 0 -1
    outer loop
      vertex 50.5 34 28.6
      vertex 38.9593 38.25 28.6
      vertex 39.6246 39.5991 28.6
    endloop
  endfacet
  facet normal 0 0 -1
    outer loop
      vertex 50.5 34 28.6
      vertex 38.1236 36.9992 28.6
      vertex 38.9593 38.25 28.6
    endloop
  endfacet
  facet normal 0 0 -1
    outer loop
      vertex 50.5 32.5 28.6
      vertex 37.8586 36.6971 28.6
      vertex 38.1236 36.9992 28.6
    endloop
  endfacet
  facet normal 0 0 -1
    outer loop
      vertex 50.5 32.5 28.6
      vertex 36.3029 35.1414 28.6
      vertex 37.8586 36.6971 28.6
    endloop
  endfacet
  facet normal 0 0 -1
    outer loop
      vertex 50.5 32.5 28.6
      vertex 36.0008 34.8764 28.6
      vertex 36.3029 35.1414 28.6
    endloop
  endfacet
  facet normal 0 0 -1
    outer loop
      vertex 50.5 32.5 28.6
      vertex 34.75 34.0407 28.6
      vertex 36.0008 34.8764 28.6
    endloop
  endfacet
  facet normal 0 0 -1
    outer loop
      vertex 50.5 32.5 28.6
      vertex 33.4009 33.3754 28.6
      vertex 34.75 34.0407 28.6
    endloop
  endfacet
  facet normal 0 0 -1
    outer loop
      vertex 50.5 32.5 28.6
      vertex 31.9764 32.8919 28.6
      vertex 33.4009 33.3754 28.6
    endloop
  endfacet
  facet normal 0 0 -1
    outer loop
      vertex 15 31 28.6
      vertex 50.5 32.5 28.6
      vertex 104.9 31 28.6
    endloop
  endfacet
  facet normal 0 0 -1
    outer loop
      vertex 50.5 32.5 28.6
      vertex 30.5011 32.5984 28.6
      vertex 31.9764 32.8919 28.6
    endloop
  endfacet
  facet normal -0 0 -1
    outer loop
      vertex 50.5 32.5 28.6
      vertex 15 31 28.6
      vertex 30.5011 32.5984 28.6
    endloop
  endfacet
  facet normal 0 0 -1
    outer loop
      vertex 27.9 40.6852 28.6
      vertex 30.1 40.6852 28.6
      vertex 30.1 32.5721 28.6
    endloop
  endfacet
  facet normal 0 0 -1
    outer loop
      vertex 30.1 40.6852 28.6
      vertex 27.9 40.6852 28.6
      vertex 30.1 47.3148 28.6
    endloop
  endfacet
  facet normal 0 0 -1
    outer loop
      vertex 27.9 40.6852 28.6
      vertex 30.1 32.5721 28.6
      vertex 27.9 32.5721 28.6
    endloop
  endfacet
  facet normal 0 0 -1
    outer loop
      vertex 30.5011 32.5984 28.6
      vertex 15 31 28.6
      vertex 30.1 32.5721 28.6
    endloop
  endfacet
  facet normal 0 0 -1
    outer loop
      vertex 20.388 34.1827 28.6
      vertex 21.9992 34.8764 28.6
      vertex 20.4 34 28.6
    endloop
  endfacet
  facet normal 0 0 -1
    outer loop
      vertex 20.3523 33.6377 28.6
      vertex 21.9992 34.8764 28.6
      vertex 23.25 34.0407 28.6
    endloop
  endfacet
  facet normal 0 0 -1
    outer loop
      vertex 19.9899 33.01 28.6
      vertex 23.25 34.0407 28.6
      vertex 24.5991 33.3754 28.6
    endloop
  endfacet
  facet normal 0 0 -1
    outer loop
      vertex 19.7 32.7876 28.6
      vertex 24.5991 33.3754 28.6
      vertex 26.0236 32.8919 28.6
    endloop
  endfacet
  facet normal 0 0 -1
    outer loop
      vertex 19.3623 32.6477 28.6
      vertex 26.0236 32.8919 28.6
      vertex 27.4989 32.5984 28.6
    endloop
  endfacet
  facet normal 0 0 -1
    outer loop
      vertex 21.9992 34.8764 28.6
      vertex 20.388 33.8173 28.6
      vertex 20.4 34 28.6
    endloop
  endfacet
  facet normal 0 0 -1
    outer loop
      vertex 21.9992 34.8764 28.6
      vertex 20.3523 33.6377 28.6
      vertex 20.388 33.8173 28.6
    endloop
  endfacet
  facet normal 0 0 -1
    outer loop
      vertex 23.25 34.0407 28.6
      vertex 20.2934 33.4642 28.6
      vertex 20.3523 33.6377 28.6
    endloop
  endfacet
  facet normal 0 0 -1
    outer loop
      vertex 23.25 34.0407 28.6
      vertex 20.2124 33.3 28.6
      vertex 20.2934 33.4642 28.6
    endloop
  endfacet
  facet normal 0 0 -1
    outer loop
      vertex 23.25 34.0407 28.6
      vertex 20.1107 33.1477 28.6
      vertex 20.2124 33.3 28.6
    endloop
  endfacet
  facet normal 0 0 -1
    outer loop
      vertex 23.25 34.0407 28.6
      vertex 19.9899 33.01 28.6
      vertex 20.1107 33.1477 28.6
    endloop
  endfacet
  facet normal 0 0 -1
    outer loop
      vertex 15 31 28.6
      vertex 27.4989 32.5984 28.6
      vertex 27.9 32.5721 28.6
    endloop
  endfacet
  facet normal 0 0 -1
    outer loop
      vertex 24.5991 33.3754 28.6
      vertex 19.8523 32.8893 28.6
      vertex 19.9899 33.01 28.6
    endloop
  endfacet
  facet normal 0 0 -1
    outer loop
      vertex 24.5991 33.3754 28.6
      vertex 19.7 32.7876 28.6
      vertex 19.8523 32.8893 28.6
    endloop
  endfacet
  facet normal 0 0 -1
    outer loop
      vertex 26.0236 32.8919 28.6
      vertex 19.5358 32.7066 28.6
      vertex 19.7 32.7876 28.6
    endloop
  endfacet
  facet normal -0 0 -1
    outer loop
      vertex 30.1 32.5721 28.6
      vertex 15 31 28.6
      vertex 27.9 32.5721 28.6
    endloop
  endfacet
  facet normal -0 0 -1
    outer loop
      vertex 27.4989 32.5984 28.6
      vertex 15 31 28.6
      vertex 19.3623 32.6477 28.6
    endloop
  endfacet
  facet normal 0 0 -1
    outer loop
      vertex 26.0236 32.8919 28.6
      vertex 19.3623 32.6477 28.6
      vertex 19.5358 32.7066 28.6
    endloop
  endfacet
  facet normal 0 0 -1
    outer loop
      vertex 19.3623 32.6477 28.6
      vertex 15 31 28.6
      vertex 19.1827 32.612 28.6
    endloop
  endfacet
  facet normal 0 0 -1
    outer loop
      vertex 17.8919 41.0236 28.6
      vertex 10.16 44.37 28.6
      vertex 17.5984 42.4989 28.6
    endloop
  endfacet
  facet normal 0 0 -1
    outer loop
      vertex 17.5984 42.4989 28.6
      vertex 10.16 44.37 28.6
      vertex 17.5721 42.9 28.6
    endloop
  endfacet
  facet normal -0 0 -1
    outer loop
      vertex 17.7066 34.5358 28.6
      vertex 15 31 28.6
      vertex 10.16 44.37 28.6
    endloop
  endfacet
  facet normal -0 0 -1
    outer loop
      vertex 17.612 33.8173 28.6
      vertex 15 31 28.6
      vertex 17.6 34 28.6
    endloop
  endfacet
  facet normal -0 0 -1
    outer loop
      vertex 17.6477 33.6377 28.6
      vertex 15 31 28.6
      vertex 17.612 33.8173 28.6
    endloop
  endfacet
  facet normal -0 0 -1
    outer loop
      vertex 17.7066 33.4642 28.6
      vertex 15 31 28.6
      vertex 17.6477 33.6377 28.6
    endloop
  endfacet
  facet normal -0 0 -1
    outer loop
      vertex 17.7876 33.3 28.6
      vertex 15 31 28.6
      vertex 17.7066 33.4642 28.6
    endloop
  endfacet
  facet normal -0 0 -1
    outer loop
      vertex 17.8893 33.1477 28.6
      vertex 15 31 28.6
      vertex 17.7876 33.3 28.6
    endloop
  endfacet
  facet normal -0 0 -1
    outer loop
      vertex 18.01 33.01 28.6
      vertex 15 31 28.6
      vertex 17.8893 33.1477 28.6
    endloop
  endfacet
  facet normal -0 0 -1
    outer loop
      vertex 18.1477 32.8893 28.6
      vertex 15 31 28.6
      vertex 18.01 33.01 28.6
    endloop
  endfacet
  facet normal -0 0 -1
    outer loop
      vertex 18.3 32.7876 28.6
      vertex 15 31 28.6
      vertex 18.1477 32.8893 28.6
    endloop
  endfacet
  facet normal -0 0 -1
    outer loop
      vertex 18.4642 32.7066 28.6
      vertex 15 31 28.6
      vertex 18.3 32.7876 28.6
    endloop
  endfacet
  facet normal -0 0 -1
    outer loop
      vertex 18.6377 32.6477 28.6
      vertex 15 31 28.6
      vertex 18.4642 32.7066 28.6
    endloop
  endfacet
  facet normal -0 0 -1
    outer loop
      vertex 18.8173 32.612 28.6
      vertex 15 31 28.6
      vertex 18.6377 32.6477 28.6
    endloop
  endfacet
  facet normal -0 0 -1
    outer loop
      vertex 19 32.6 28.6
      vertex 15 31 28.6
      vertex 18.8173 32.612 28.6
    endloop
  endfacet
  facet normal 0 0 -1
    outer loop
      vertex 19.1827 32.612 28.6
      vertex 15 31 28.6
      vertex 19 32.6 28.6
    endloop
  endfacet
  facet normal -0 0 -1
    outer loop
      vertex 104.809 58.1592 28.6
      vertex 103.163 56.8627 28.6
      vertex 104.739 58.3 28.6
    endloop
  endfacet
  facet normal -0 0 -1
    outer loop
      vertex 104.739 58.3 28.6
      vertex 103.163 56.8627 28.6
      vertex 104.652 58.4305 28.6
    endloop
  endfacet
  facet normal -0 0 -1
    outer loop
      vertex 104.652 58.4305 28.6
      vertex 103.163 56.8627 28.6
      vertex 104.549 58.5485 28.6
    endloop
  endfacet
  facet normal -0 0 -1
    outer loop
      vertex 104.549 58.5485 28.6
      vertex 103.163 56.8627 28.6
      vertex 104.431 58.652 28.6
    endloop
  endfacet
  facet normal -0 0 -1
    outer loop
      vertex 104.431 58.652 28.6
      vertex 103.163 56.8627 28.6
      vertex 104.3 58.7392 28.6
    endloop
  endfacet
  facet normal -0 0 -1
    outer loop
      vertex 104.3 58.7392 28.6
      vertex 103.163 56.8627 28.6
      vertex 104.159 58.8086 28.6
    endloop
  endfacet
  facet normal -0 0 -1
    outer loop
      vertex 104.159 58.8086 28.6
      vertex 103.163 56.8627 28.6
      vertex 104.011 58.8591 28.6
    endloop
  endfacet
  facet normal -0 0 -1
    outer loop
      vertex 104.011 58.8591 28.6
      vertex 103.163 56.8627 28.6
      vertex 103.857 58.8897 28.6
    endloop
  endfacet
  facet normal -0 0 -1
    outer loop
      vertex 103.857 58.8897 28.6
      vertex 103.163 56.8627 28.6
      vertex 103.7 58.9 28.6
    endloop
  endfacet
  facet normal 0 0 -1
    outer loop
      vertex 102.848 57.1387 28.6
      vertex 103.7 58.9 28.6
      vertex 103.163 56.8627 28.6
    endloop
  endfacet
  facet normal 0 0 -1
    outer loop
      vertex 102.5 57.3713 28.6
      vertex 103.7 58.9 28.6
      vertex 102.848 57.1387 28.6
    endloop
  endfacet
  facet normal 0 0 -1
    outer loop
      vertex 102.125 57.5564 28.6
      vertex 103.7 58.9 28.6
      vertex 102.5 57.3713 28.6
    endloop
  endfacet
  facet normal 0 0 -1
    outer loop
      vertex 101.728 57.691 28.6
      vertex 103.7 58.9 28.6
      vertex 102.125 57.5564 28.6
    endloop
  endfacet
  facet normal 0 0 -1
    outer loop
      vertex 101.318 57.7726 28.6
      vertex 103.7 58.9 28.6
      vertex 101.728 57.691 28.6
    endloop
  endfacet
  facet normal 0 0 -1
    outer loop
      vertex 100.9 57.8 28.6
      vertex 103.7 58.9 28.6
      vertex 101.318 57.7726 28.6
    endloop
  endfacet
  facet normal 0 0 -1
    outer loop
      vertex 98.5 58.5 28.6
      vertex 100.9 57.8 28.6
      vertex 100.482 57.7726 28.6
    endloop
  endfacet
  facet normal 0 0 -1
    outer loop
      vertex 98.5 58.5 28.6
      vertex 100.482 57.7726 28.6
      vertex 100.072 57.691 28.6
    endloop
  endfacet
  facet normal 0 0 -1
    outer loop
      vertex 98.5 57 28.6
      vertex 98.952 57.1387 28.6
      vertex 98.6373 56.8627 28.6
    endloop
  endfacet
  facet normal 0 0 -1
    outer loop
      vertex 98.5 58.5 28.6
      vertex 98.952 57.1387 28.6
      vertex 98.5 57 28.6
    endloop
  endfacet
  facet normal 0 0 -1
    outer loop
      vertex 98.952 57.1387 28.6
      vertex 98.5 58.5 28.6
      vertex 99.3 57.3713 28.6
    endloop
  endfacet
  facet normal 0 0 -1
    outer loop
      vertex 99.3 57.3713 28.6
      vertex 98.5 58.5 28.6
      vertex 99.6754 57.5564 28.6
    endloop
  endfacet
  facet normal 0 0 -1
    outer loop
      vertex 98.5 58.5 28.6
      vertex 100.072 57.691 28.6
      vertex 99.6754 57.5564 28.6
    endloop
  endfacet
  facet normal 0 0 -1
    outer loop
      vertex 100.9 57.8 28.6
      vertex 98.5 58.5 28.6
      vertex 103.7 58.9 28.6
    endloop
  endfacet
  facet normal 0 0 -1
    outer loop
      vertex 50.5 58.5 28.6
      vertex 103.7 58.9 28.6
      vertex 98.5 58.5 28.6
    endloop
  endfacet
  facet normal 0 0 -1
    outer loop
      vertex 40.4016 45.5011 28.6
      vertex 50.5 57 28.6
      vertex 40.4279 45.1 28.6
    endloop
  endfacet
  facet normal 0 0 -1
    outer loop
      vertex 40.1081 46.9764 28.6
      vertex 50.5 57 28.6
      vertex 40.4016 45.5011 28.6
    endloop
  endfacet
  facet normal 0 0 -1
    outer loop
      vertex 40.388 54.1827 28.6
      vertex 50.5 57 28.6
      vertex 40.4 54 28.6
    endloop
  endfacet
  facet normal 0 0 -1
    outer loop
      vertex 40.3523 54.3623 28.6
      vertex 50.5 57 28.6
      vertex 40.388 54.1827 28.6
    endloop
  endfacet
  facet normal 0 0 -1
    outer loop
      vertex 40.2934 54.5358 28.6
      vertex 50.5 57 28.6
      vertex 40.3523 54.3623 28.6
    endloop
  endfacet
  facet normal 0 0 -1
    outer loop
      vertex 40.2124 54.7 28.6
      vertex 50.5 57 28.6
      vertex 40.2934 54.5358 28.6
    endloop
  endfacet
  facet normal -0 0 -1
    outer loop
      vertex 50.5 57 28.6
      vertex 40.2124 54.7 28.6
      vertex 50.5 58.5 28.6
    endloop
  endfacet
  facet normal 0 0 -1
    outer loop
      vertex 40.1107 54.8523 28.6
      vertex 50.5 58.5 28.6
      vertex 40.2124 54.7 28.6
    endloop
  endfacet
  facet normal 0 0 -1
    outer loop
      vertex 39.9899 54.9899 28.6
      vertex 50.5 58.5 28.6
      vertex 40.1107 54.8523 28.6
    endloop
  endfacet
  facet normal 0 0 -1
    outer loop
      vertex 39.8523 55.1107 28.6
      vertex 50.5 58.5 28.6
      vertex 39.9899 54.9899 28.6
    endloop
  endfacet
  facet normal 0 0 -1
    outer loop
      vertex 39.7 55.2124 28.6
      vertex 50.5 58.5 28.6
      vertex 39.8523 55.1107 28.6
    endloop
  endfacet
  facet normal 0 0 -1
    outer loop
      vertex 39.5358 55.2934 28.6
      vertex 50.5 58.5 28.6
      vertex 39.7 55.2124 28.6
    endloop
  endfacet
  facet normal 0 0 -1
    outer loop
      vertex 39.3623 55.3523 28.6
      vertex 50.5 58.5 28.6
      vertex 39.5358 55.2934 28.6
    endloop
  endfacet
  facet normal 0 0 -1
    outer loop
      vertex 39.1827 55.388 28.6
      vertex 50.5 58.5 28.6
      vertex 39.3623 55.3523 28.6
    endloop
  endfacet
  facet normal 0 0 -1
    outer loop
      vertex 39 55.4 28.6
      vertex 50.5 58.5 28.6
      vertex 39.1827 55.388 28.6
    endloop
  endfacet
  facet normal 0 0 -1
    outer loop
      vertex 38.8173 55.388 28.6
      vertex 50.5 58.5 28.6
      vertex 39 55.4 28.6
    endloop
  endfacet
  facet normal 0 0 -1
    outer loop
      vertex 30.5011 55.4016 28.6
      vertex 38.8173 55.388 28.6
      vertex 38.6377 55.3523 28.6
    endloop
  endfacet
  facet normal -0 0 -1
    outer loop
      vertex 37.612 53.8173 28.6
      vertex 36.0008 53.1236 28.6
      vertex 37.6 54 28.6
    endloop
  endfacet
  facet normal -0 0 -1
    outer loop
      vertex 37.6 54 28.6
      vertex 36.0008 53.1236 28.6
      vertex 37.612 54.1827 28.6
    endloop
  endfacet
  facet normal -0 0 -1
    outer loop
      vertex 37.612 54.1827 28.6
      vertex 36.0008 53.1236 28.6
      vertex 37.6477 54.3623 28.6
    endloop
  endfacet
  facet normal 0 0 -1
    outer loop
      vertex 34.75 53.9593 28.6
      vertex 37.6477 54.3623 28.6
      vertex 36.0008 53.1236 28.6
    endloop
  endfacet
  facet normal -0 0 -1
    outer loop
      vertex 37.6477 54.3623 28.6
      vertex 34.75 53.9593 28.6
      vertex 37.7066 54.5358 28.6
    endloop
  endfacet
  facet normal -0 0 -1
    outer loop
      vertex 37.7066 54.5358 28.6
      vertex 34.75 53.9593 28.6
      vertex 37.7876 54.7 28.6
    endloop
  endfacet
  facet normal -0 0 -1
    outer loop
      vertex 37.7876 54.7 28.6
      vertex 34.75 53.9593 28.6
      vertex 37.8893 54.8523 28.6
    endloop
  endfacet
  facet normal -0 0 -1
    outer loop
      vertex 37.8893 54.8523 28.6
      vertex 34.75 53.9593 28.6
      vertex 38.01 54.9899 28.6
    endloop
  endfacet
  facet normal 0 0 -1
    outer loop
      vertex 33.4009 54.6246 28.6
      vertex 38.01 54.9899 28.6
      vertex 34.75 53.9593 28.6
    endloop
  endfacet
  facet normal -0 0 -1
    outer loop
      vertex 38.01 54.9899 28.6
      vertex 33.4009 54.6246 28.6
      vertex 38.1477 55.1107 28.6
    endloop
  endfacet
  facet normal -0 0 -1
    outer loop
      vertex 38.1477 55.1107 28.6
      vertex 33.4009 54.6246 28.6
      vertex 38.3 55.2124 28.6
    endloop
  endfacet
  facet normal 0 0 -1
    outer loop
      vertex 31.9764 55.1081 28.6
      vertex 38.3 55.2124 28.6
      vertex 33.4009 54.6246 28.6
    endloop
  endfacet
  facet normal -0 0 -1
    outer loop
      vertex 38.3 55.2124 28.6
      vertex 31.9764 55.1081 28.6
      vertex 38.4642 55.2934 28.6
    endloop
  endfacet
  facet normal -0 0 -1
    outer loop
      vertex 38.4642 55.2934 28.6
      vertex 31.9764 55.1081 28.6
      vertex 38.6377 55.3523 28.6
    endloop
  endfacet
  facet normal 0 0 -1
    outer loop
      vertex 30.5011 55.4016 28.6
      vertex 38.6377 55.3523 28.6
      vertex 31.9764 55.1081 28.6
    endloop
  endfacet
  facet normal 0 0 -1
    outer loop
      vertex 38.8173 55.388 28.6
      vertex 30.5011 55.4016 28.6
      vertex 50.5 58.5 28.6
    endloop
  endfacet
  facet normal 0 0 -1
    outer loop
      vertex 30.1 55.4279 28.6
      vertex 50.5 58.5 28.6
      vertex 30.5011 55.4016 28.6
    endloop
  endfacet
  facet normal 0 0 -1
    outer loop
      vertex 27.9 47.3148 28.6
      vertex 30.1 47.3148 28.6
      vertex 27.9 40.6852 28.6
    endloop
  endfacet
  facet normal 0 0 -1
    outer loop
      vertex 30.1 47.3148 28.6
      vertex 27.9 47.3148 28.6
      vertex 30.1 55.4279 28.6
    endloop
  endfacet
  facet normal 0 0 -1
    outer loop
      vertex 27.9 55.4279 28.6
      vertex 30.1 55.4279 28.6
      vertex 27.9 47.3148 28.6
    endloop
  endfacet
  facet normal 0 0 -1
    outer loop
      vertex 27.9 55.4279 28.6
      vertex 50.5 58.5 28.6
      vertex 30.1 55.4279 28.6
    endloop
  endfacet
  facet normal 0 0 -1
    outer loop
      vertex 3.6 58.9 28.6
      vertex 27.9 55.4279 28.6
      vertex 27.4989 55.4016 28.6
    endloop
  endfacet
  facet normal 0 0 -1
    outer loop
      vertex 20.4 54 28.6
      vertex 21.9992 53.1236 28.6
      vertex 21.6971 52.8586 28.6
    endloop
  endfacet
  facet normal 0 0 -1
    outer loop
      vertex 20.388 54.1827 28.6
      vertex 21.9992 53.1236 28.6
      vertex 20.4 54 28.6
    endloop
  endfacet
  facet normal 0 0 -1
    outer loop
      vertex 20.3523 54.3623 28.6
      vertex 21.9992 53.1236 28.6
      vertex 20.388 54.1827 28.6
    endloop
  endfacet
  facet normal 0 0 -1
    outer loop
      vertex 21.9992 53.1236 28.6
      vertex 20.3523 54.3623 28.6
      vertex 23.25 53.9593 28.6
    endloop
  endfacet
  facet normal 0 0 -1
    outer loop
      vertex 20.2934 54.5358 28.6
      vertex 23.25 53.9593 28.6
      vertex 20.3523 54.3623 28.6
    endloop
  endfacet
  facet normal 0 0 -1
    outer loop
      vertex 20.2124 54.7 28.6
      vertex 23.25 53.9593 28.6
      vertex 20.2934 54.5358 28.6
    endloop
  endfacet
  facet normal 0 0 -1
    outer loop
      vertex 20.1107 54.8523 28.6
      vertex 23.25 53.9593 28.6
      vertex 20.2124 54.7 28.6
    endloop
  endfacet
  facet normal 0 0 -1
    outer loop
      vertex 19.9899 54.9899 28.6
      vertex 23.25 53.9593 28.6
      vertex 20.1107 54.8523 28.6
    endloop
  endfacet
  facet normal 0 0 -1
    outer loop
      vertex 23.25 53.9593 28.6
      vertex 19.9899 54.9899 28.6
      vertex 24.5991 54.6246 28.6
    endloop
  endfacet
  facet normal 0 0 -1
    outer loop
      vertex 19.8523 55.1107 28.6
      vertex 24.5991 54.6246 28.6
      vertex 19.9899 54.9899 28.6
    endloop
  endfacet
  facet normal 0 0 -1
    outer loop
      vertex 19.7 55.2124 28.6
      vertex 24.5991 54.6246 28.6
      vertex 19.8523 55.1107 28.6
    endloop
  endfacet
  facet normal 0 0 -1
    outer loop
      vertex 24.5991 54.6246 28.6
      vertex 19.7 55.2124 28.6
      vertex 26.0236 55.1081 28.6
    endloop
  endfacet
  facet normal 0 0 -1
    outer loop
      vertex 19.5358 55.2934 28.6
      vertex 26.0236 55.1081 28.6
      vertex 19.7 55.2124 28.6
    endloop
  endfacet
  facet normal 0 0 -1
    outer loop
      vertex 19.3623 55.3523 28.6
      vertex 26.0236 55.1081 28.6
      vertex 19.5358 55.2934 28.6
    endloop
  endfacet
  facet normal 0 0 -1
    outer loop
      vertex 26.0236 55.1081 28.6
      vertex 19.3623 55.3523 28.6
      vertex 27.4989 55.4016 28.6
    endloop
  endfacet
  facet normal 0 0 -1
    outer loop
      vertex 19.1827 55.388 28.6
      vertex 27.4989 55.4016 28.6
      vertex 19.3623 55.3523 28.6
    endloop
  endfacet
  facet normal 0 0 -1
    outer loop
      vertex 7.22822 57.691 28.6
      vertex 27.4989 55.4016 28.6
      vertex 19.1827 55.388 28.6
    endloop
  endfacet
  facet normal 0 0 -1
    outer loop
      vertex 7.22822 57.691 28.6
      vertex 19.1827 55.388 28.6
      vertex 19 55.4 28.6
    endloop
  endfacet
  facet normal 0 0 -1
    outer loop
      vertex 7.62459 57.5564 28.6
      vertex 19 55.4 28.6
      vertex 18.8173 55.388 28.6
    endloop
  endfacet
  facet normal 0 0 -1
    outer loop
      vertex 10.1258 44.8921 28.6
      vertex 17.5984 45.5011 28.6
      vertex 17.5721 45.1 28.6
    endloop
  endfacet
  facet normal 0 0 -1
    outer loop
      vertex 17.5721 42.9 28.6
      vertex 10.16 44.37 28.6
      vertex 17.5721 45.1 28.6
    endloop
  endfacet
  facet normal 0 0 -1
    outer loop
      vertex 10.1258 44.8921 28.6
      vertex 17.5721 45.1 28.6
      vertex 10.16 44.37 28.6
    endloop
  endfacet
  facet normal 0 0 -1
    outer loop
      vertex 10.0237 17.9653 28.6
      vertex 15 18 28.6
      vertex 10.1258 17.4521 28.6
    endloop
  endfacet
  facet normal 0 0 -1
    outer loop
      vertex 17.5984 45.5011 28.6
      vertex 10.1258 44.8921 28.6
      vertex 10.0237 45.4053 28.6
    endloop
  endfacet
  facet normal -0 0 -1
    outer loop
      vertex 17.5984 45.5011 28.6
      vertex 10.0237 45.4053 28.6
      vertex 9.85552 45.9007 28.6
    endloop
  endfacet
  facet normal 0 0 -1
    outer loop
      vertex 17.8919 46.9764 28.6
      vertex 9.85552 45.9007 28.6
      vertex 9.6241 46.37 28.6
    endloop
  endfacet
  facet normal 0 0 -1
    outer loop
      vertex 9.57262 54.1823 28.6
      vertex 17.612 53.8173 28.6
      vertex 17.6477 53.6377 28.6
    endloop
  endfacet
  facet normal 0 0 -1
    outer loop
      vertex 9.57262 54.1823 28.6
      vertex 17.6 54 28.6
      vertex 17.612 53.8173 28.6
    endloop
  endfacet
  facet normal 0 0 -1
    outer loop
      vertex 17.6 54 28.6
      vertex 9.6 54.6 28.6
      vertex 17.612 54.1827 28.6
    endloop
  endfacet
  facet normal 0 0 -1
    outer loop
      vertex 17.612 54.1827 28.6
      vertex 9.6 54.6 28.6
      vertex 17.6477 54.3623 28.6
    endloop
  endfacet
  facet normal 0 0 -1
    outer loop
      vertex 9.57262 55.0177 28.6
      vertex 17.6477 54.3623 28.6
      vertex 9.6 54.6 28.6
    endloop
  endfacet
  facet normal 0 0 -1
    outer loop
      vertex 17.6477 54.3623 28.6
      vertex 9.57262 55.0177 28.6
      vertex 17.7066 54.5358 28.6
    endloop
  endfacet
  facet normal 0 0 -1
    outer loop
      vertex 9.49096 55.4282 28.6
      vertex 17.7066 54.5358 28.6
      vertex 9.57262 55.0177 28.6
    endloop
  endfacet
  facet normal 0 0 -1
    outer loop
      vertex 17.7066 54.5358 28.6
      vertex 9.49096 55.4282 28.6
      vertex 17.7876 54.7 28.6
    endloop
  endfacet
  facet normal 0 0 -1
    outer loop
      vertex 9.35641 55.8246 28.6
      vertex 17.7876 54.7 28.6
      vertex 9.49096 55.4282 28.6
    endloop
  endfacet
  facet normal 0 0 -1
    outer loop
      vertex 17.7876 54.7 28.6
      vertex 9.35641 55.8246 28.6
      vertex 17.8893 54.8523 28.6
    endloop
  endfacet
  facet normal 0 0 -1
    outer loop
      vertex 9.17128 56.2 28.6
      vertex 17.8893 54.8523 28.6
      vertex 9.35641 55.8246 28.6
    endloop
  endfacet
  facet normal 0 0 -1
    outer loop
      vertex 17.8893 54.8523 28.6
      vertex 9.17128 56.2 28.6
      vertex 18.01 54.9899 28.6
    endloop
  endfacet
  facet normal 0 0 -1
    outer loop
      vertex 18.01 54.9899 28.6
      vertex 9.17128 56.2 28.6
      vertex 18.1477 55.1107 28.6
    endloop
  endfacet
  facet normal 0 0 -1
    outer loop
      vertex 8.93873 56.548 28.6
      vertex 18.1477 55.1107 28.6
      vertex 9.17128 56.2 28.6
    endloop
  endfacet
  facet normal 0 0 -1
    outer loop
      vertex 18.1477 55.1107 28.6
      vertex 8.93873 56.548 28.6
      vertex 18.3 55.2124 28.6
    endloop
  endfacet
  facet normal 0 0 -1
    outer loop
      vertex 8.66274 56.8627 28.6
      vertex 18.3 55.2124 28.6
      vertex 8.93873 56.548 28.6
    endloop
  endfacet
  facet normal 0 0 -1
    outer loop
      vertex 18.3 55.2124 28.6
      vertex 8.66274 56.8627 28.6
      vertex 18.4642 55.2934 28.6
    endloop
  endfacet
  facet normal 0 0 -1
    outer loop
      vertex 8.34804 57.1387 28.6
      vertex 18.4642 55.2934 28.6
      vertex 8.66274 56.8627 28.6
    endloop
  endfacet
  facet normal 0 0 -1
    outer loop
      vertex 18.4642 55.2934 28.6
      vertex 8.34804 57.1387 28.6
      vertex 18.6377 55.3523 28.6
    endloop
  endfacet
  facet normal 0 0 -1
    outer loop
      vertex 8 57.3713 28.6
      vertex 18.6377 55.3523 28.6
      vertex 8.34804 57.1387 28.6
    endloop
  endfacet
  facet normal 0 0 -1
    outer loop
      vertex 18.6377 55.3523 28.6
      vertex 8 57.3713 28.6
      vertex 18.8173 55.388 28.6
    endloop
  endfacet
  facet normal 0 0 -1
    outer loop
      vertex 7.62459 57.5564 28.6
      vertex 18.8173 55.388 28.6
      vertex 8 57.3713 28.6
    endloop
  endfacet
  facet normal 0 0 -1
    outer loop
      vertex 19 55.4 28.6
      vertex 7.62459 57.5564 28.6
      vertex 7.22822 57.691 28.6
    endloop
  endfacet
  facet normal 0 0 -1
    outer loop
      vertex 27.4989 55.4016 28.6
      vertex 7.22822 57.691 28.6
      vertex 3.6 58.9 28.6
    endloop
  endfacet
  facet normal 0 0 -1
    outer loop
      vertex 3.6 58.9 28.6
      vertex 7.22822 57.691 28.6
      vertex 6.81768 57.7726 28.6
    endloop
  endfacet
  facet normal 0 0 -1
    outer loop
      vertex 3.6 58.9 28.6
      vertex 6.81768 57.7726 28.6
      vertex 6.4 57.8 28.6
    endloop
  endfacet
  facet normal 0 0 -1
    outer loop
      vertex 50.5 58.5 28.6
      vertex 3.6 58.9 28.6
      vertex 103.7 58.9 28.6
    endloop
  endfacet
  facet normal 0 0 -1
    outer loop
      vertex 27.9 55.4279 28.6
      vertex 3.6 58.9 28.6
      vertex 50.5 58.5 28.6
    endloop
  endfacet
  facet normal 0 0 -1
    outer loop
      vertex 5.98232 57.7726 28.6
      vertex 3.6 58.9 28.6
      vertex 6.4 57.8 28.6
    endloop
  endfacet
  facet normal 0 0 -1
    outer loop
      vertex 5.57178 57.691 28.6
      vertex 3.6 58.9 28.6
      vertex 5.98232 57.7726 28.6
    endloop
  endfacet
  facet normal 0 0 -1
    outer loop
      vertex 5.17541 57.5564 28.6
      vertex 3.6 58.9 28.6
      vertex 5.57178 57.691 28.6
    endloop
  endfacet
  facet normal 0 0 -1
    outer loop
      vertex 4.8 57.3713 28.6
      vertex 3.6 58.9 28.6
      vertex 5.17541 57.5564 28.6
    endloop
  endfacet
  facet normal 0 0 -1
    outer loop
      vertex 4.45196 57.1387 28.6
      vertex 3.6 58.9 28.6
      vertex 4.8 57.3713 28.6
    endloop
  endfacet
  facet normal 0 0 -1
    outer loop
      vertex 4.13726 56.8627 28.6
      vertex 3.6 58.9 28.6
      vertex 4.45196 57.1387 28.6
    endloop
  endfacet
  facet normal 0 0 -1
    outer loop
      vertex 2.99999 58.7392 28.6
      vertex 4.13726 56.8627 28.6
      vertex 3.86127 56.548 28.6
    endloop
  endfacet
  facet normal 0 0 -1
    outer loop
      vertex 2.99999 58.7392 28.6
      vertex 3.86127 56.548 28.6
      vertex 3.62872 56.2 28.6
    endloop
  endfacet
  facet normal 0 0 -1
    outer loop
      vertex 2.99999 58.7392 28.6
      vertex 3.62872 56.2 28.6
      vertex 3.44359 55.8246 28.6
    endloop
  endfacet
  facet normal 0 -0 -1
    outer loop
      vertex 3.2894 58.8591 28.6
      vertex 4.13726 56.8627 28.6
      vertex 3.14077 58.8086 28.6
    endloop
  endfacet
  facet normal 0 0 -1
    outer loop
      vertex 2.99999 58.7392 28.6
      vertex 3.44359 55.8246 28.6
      vertex 3.30904 55.4282 28.6
    endloop
  endfacet
  facet normal 0 0 -1
    outer loop
      vertex 4.13726 56.8627 28.6
      vertex 3.44337 58.8897 28.6
      vertex 3.6 58.9 28.6
    endloop
  endfacet
  facet normal 0 0 -1
    outer loop
      vertex 2.99999 58.7392 28.6
      vertex 3.30904 55.4282 28.6
      vertex 3.22738 55.0177 28.6
    endloop
  endfacet
  facet normal 0 0 -1
    outer loop
      vertex 2.4 57.7 28.6
      vertex 3.22738 55.0177 28.6
      vertex 3.2 54.6 28.6
    endloop
  endfacet
  facet normal 0 0 -1
    outer loop
      vertex 4.13726 56.8627 28.6
      vertex 3.2894 58.8591 28.6
      vertex 3.44337 58.8897 28.6
    endloop
  endfacet
  facet normal -0 0 -1
    outer loop
      vertex 98.952 52.0613 28.6
      vertex 98.5 34 28.6
      vertex 98.6373 52.3373 28.6
    endloop
  endfacet
  facet normal 0 0 -1
    outer loop
      vertex 98.5 34 28.6
      vertex 98.3613 52.652 28.6
      vertex 98.6373 52.3373 28.6
    endloop
  endfacet
  facet normal 0 0 -1
    outer loop
      vertex 98.5 34 28.6
      vertex 98.1287 53 28.6
      vertex 98.3613 52.652 28.6
    endloop
  endfacet
  facet normal 0 0 -1
    outer loop
      vertex 98.5 34 28.6
      vertex 97.9436 53.3754 28.6
      vertex 98.1287 53 28.6
    endloop
  endfacet
  facet normal 0 0 -1
    outer loop
      vertex 50.5 34 28.6
      vertex 97.9436 53.3754 28.6
      vertex 98.5 34 28.6
    endloop
  endfacet
  facet normal -0 0 -1
    outer loop
      vertex 97.9436 53.3754 28.6
      vertex 50.5 34 28.6
      vertex 97.809 53.7718 28.6
    endloop
  endfacet
  facet normal 0 0 -1
    outer loop
      vertex 50.5 57 28.6
      vertex 97.809 53.7718 28.6
      vertex 50.5 34 28.6
    endloop
  endfacet
  facet normal 0 0 -1
    outer loop
      vertex 97.809 53.7718 28.6
      vertex 50.5 57 28.6
      vertex 97.7274 54.1823 28.6
    endloop
  endfacet
  facet normal 0.0653012 0.997866 -0
    outer loop
      vertex 3.6 2.4 3
      vertex 3.44337 2.41025 28.6
      vertex 3.6 2.4 28.6
    endloop
  endfacet
  facet normal 0.0653012 0.997866 0
    outer loop
      vertex 3.44337 2.41025 28.6
      vertex 3.6 2.4 3
      vertex 3.44337 2.41025 3
    endloop
  endfacet
  facet normal -0.0654644 -0.997855 0
    outer loop
      vertex 103.7 58.9 3
      vertex 103.857 58.8897 28.6
      vertex 103.7 58.9 28.6
    endloop
  endfacet
  facet normal -0.0654644 -0.997855 -0
    outer loop
      vertex 103.857 58.8897 28.6
      vertex 103.7 58.9 3
      vertex 103.857 58.8897 3
    endloop
  endfacet
  facet normal 0 -1 0
    outer loop
      vertex 73 58.9 7.75
      vertex 81 58.9 14.25
      vertex 73 58.9 14.25
    endloop
  endfacet
  facet normal 0 -1 -0
    outer loop
      vertex 81 58.9 14.25
      vertex 73 58.9 7.75
      vertex 81 58.9 7.75
    endloop
  endfacet
  facet normal 0 -1 0
    outer loop
      vertex 52.57 58.9 7.75
      vertex 61 58.9 14.25
      vertex 52.57 58.9 14.25
    endloop
  endfacet
  facet normal 0 -1 -0
    outer loop
      vertex 61 58.9 14.25
      vertex 52.57 58.9 7.75
      vertex 61 58.9 7.75
    endloop
  endfacet
  facet normal 0 -1 0
    outer loop
      vertex 36.34 58.9 7.75
      vertex 43.57 58.9 14.25
      vertex 36.34 58.9 14.25
    endloop
  endfacet
  facet normal 0 -1 -0
    outer loop
      vertex 43.57 58.9 14.25
      vertex 36.34 58.9 7.75
      vertex 43.57 58.9 7.75
    endloop
  endfacet
  facet normal 0 -1 0
    outer loop
      vertex 3.6 58.9 28.6
      vertex 72 58.9 28
      vertex 103.7 58.9 28.6
    endloop
  endfacet
  facet normal 0 -1 0
    outer loop
      vertex 36.34 58.9 14.25
      vertex 72 58.9 28
      vertex 3.6 58.9 28.6
    endloop
  endfacet
  facet normal 0 -1 0
    outer loop
      vertex 72 58.9 28
      vertex 36.34 58.9 14.25
      vertex 43.57 58.9 14.25
    endloop
  endfacet
  facet normal 0 -1 0
    outer loop
      vertex 36.34 58.9 14.25
      vertex 3.6 58.9 28.6
      vertex 28.34 58.9 14.25
    endloop
  endfacet
  facet normal 0 -1 0
    outer loop
      vertex 3.6 58.9 3
      vertex 28.34 58.9 14.25
      vertex 3.6 58.9 28.6
    endloop
  endfacet
  facet normal 0 -1 0
    outer loop
      vertex 3.6 58.9 3
      vertex 36.34 58.9 7.75
      vertex 28.34 58.9 7.75
    endloop
  endfacet
  facet normal 0 -1 -0
    outer loop
      vertex 36.34 58.9 7.75
      vertex 3.6 58.9 3
      vertex 43.57 58.9 7.75
    endloop
  endfacet
  facet normal 0 -1 -0
    outer loop
      vertex 43.57 58.9 7.75
      vertex 3.6 58.9 3
      vertex 52.57 58.9 7.75
    endloop
  endfacet
  facet normal 0 -1 0
    outer loop
      vertex 103.7 58.9 3
      vertex 52.57 58.9 7.75
      vertex 3.6 58.9 3
    endloop
  endfacet
  facet normal 0 -1 0
    outer loop
      vertex 52.57 58.9 7.75
      vertex 103.7 58.9 3
      vertex 61 58.9 7.75
    endloop
  endfacet
  facet normal 0 -1 0
    outer loop
      vertex 73 58.9 7.75
      vertex 103.7 58.9 3
      vertex 81 58.9 7.75
    endloop
  endfacet
  facet normal 0 -1 0
    outer loop
      vertex 61 58.9 7.75
      vertex 103.7 58.9 3
      vertex 73 58.9 7.75
    endloop
  endfacet
  facet normal 0 -1 -0
    outer loop
      vertex 28.34 58.9 14.25
      vertex 3.6 58.9 3
      vertex 28.34 58.9 7.75
    endloop
  endfacet
  facet normal 0 -1 0
    outer loop
      vertex 86 58.9 28
      vertex 103.7 58.9 28.6
      vertex 72 58.9 28
    endloop
  endfacet
  facet normal 0 -1 0
    outer loop
      vertex 86 58.9 20
      vertex 103.7 58.9 28.6
      vertex 86 58.9 28
    endloop
  endfacet
  facet normal 0 -1 0
    outer loop
      vertex 52.57 58.9 14.25
      vertex 72 58.9 28
      vertex 43.57 58.9 14.25
    endloop
  endfacet
  facet normal 0 -1 0
    outer loop
      vertex 61 58.9 14.25
      vertex 72 58.9 28
      vertex 52.57 58.9 14.25
    endloop
  endfacet
  facet normal 0 -1 -0
    outer loop
      vertex 72 58.9 28
      vertex 61 58.9 14.25
      vertex 72 58.9 20
    endloop
  endfacet
  facet normal 0 -1 0
    outer loop
      vertex 73 58.9 14.25
      vertex 72 58.9 20
      vertex 61 58.9 14.25
    endloop
  endfacet
  facet normal 0 -1 0
    outer loop
      vertex 81 58.9 14.25
      vertex 72 58.9 20
      vertex 73 58.9 14.25
    endloop
  endfacet
  facet normal 0 -1 0
    outer loop
      vertex 72 58.9 20
      vertex 81 58.9 14.25
      vertex 86 58.9 20
    endloop
  endfacet
  facet normal 0 -1 0
    outer loop
      vertex 93 58.9 14.25
      vertex 86 58.9 20
      vertex 81 58.9 14.25
    endloop
  endfacet
  facet normal 0 -1 0
    outer loop
      vertex 86 58.9 20
      vertex 93 58.9 14.25
      vertex 103.7 58.9 28.6
    endloop
  endfacet
  facet normal 0 -1 0
    outer loop
      vertex 103.7 58.9 3
      vertex 93 58.9 14.25
      vertex 93 58.9 7.75
    endloop
  endfacet
  facet normal 0 -1 0
    outer loop
      vertex 93 58.9 14.25
      vertex 103.7 58.9 3
      vertex 103.7 58.9 28.6
    endloop
  endfacet
  facet normal 0 -1 0
    outer loop
      vertex 81 58.9 7.75
      vertex 103.7 58.9 3
      vertex 93 58.9 7.75
    endloop
  endfacet
  facet normal 0.997865 -0.0653136 0
    outer loop
      vertex 2.4 57.7 28.6
      vertex 2.41025 57.8566 3
      vertex 2.41025 57.8566 28.6
    endloop
  endfacet
  facet normal 0.997865 -0.0653136 0
    outer loop
      vertex 2.41025 57.8566 3
      vertex 2.4 57.7 28.6
      vertex 2.4 57.7 3
    endloop
  endfacet
  facet normal -0.997968 0.063715 0
    outer loop
      vertex 104.89 3.44337 3
      vertex 104.9 3.6 28.6
      vertex 104.9 3.6 3
    endloop
  endfacet
  facet normal -0.997968 0.063715 0
    outer loop
      vertex 104.9 3.6 28.6
      vertex 104.89 3.44337 3
      vertex 104.89 3.44337 28.6
    endloop
  endfacet
  facet normal -1 0 0
    outer loop
      vertex 104.9 57.7 3
      vertex 104.9 47 20
      vertex 104.9 57.7 28.6
    endloop
  endfacet
  facet normal -1 0 0
    outer loop
      vertex 104.9 57.7 3
      vertex 104.9 37 20
      vertex 104.9 47 20
    endloop
  endfacet
  facet normal -1 0 0
    outer loop
      vertex 104.9 31.5 26
      vertex 104.9 37 20
      vertex 104.9 31.5 20
    endloop
  endfacet
  facet normal -1 0 0
    outer loop
      vertex 104.9 57.7 3
      vertex 104.9 31.5 20
      vertex 104.9 37 20
    endloop
  endfacet
  facet normal -1 0 0
    outer loop
      vertex 104.9 3.6 3
      vertex 104.9 31.5 20
      vertex 104.9 57.7 3
    endloop
  endfacet
  facet normal -1 0 0
    outer loop
      vertex 104.9 28 20
      vertex 104.9 24.5 20
      vertex 104.9 28 24.9
    endloop
  endfacet
  facet normal -1 -0 0
    outer loop
      vertex 104.9 31.5 20
      vertex 104.9 3.6 3
      vertex 104.9 28 20
    endloop
  endfacet
  facet normal -1 -0 0
    outer loop
      vertex 104.9 28 20
      vertex 104.9 3.6 3
      vertex 104.9 24.5 20
    endloop
  endfacet
  facet normal -1 0 0
    outer loop
      vertex 104.9 21 20
      vertex 104.9 18 24.9
      vertex 104.9 21 24.9
    endloop
  endfacet
  facet normal -1 0 0
    outer loop
      vertex 104.9 17.5 26
      vertex 104.9 18 24.9
      vertex 104.9 17.5 20
    endloop
  endfacet
  facet normal -1 0 0
    outer loop
      vertex 104.9 21 20
      vertex 104.9 17.5 20
      vertex 104.9 18 24.9
    endloop
  endfacet
  facet normal -1 -0 0
    outer loop
      vertex 104.9 24.5 20
      vertex 104.9 3.6 3
      vertex 104.9 21 20
    endloop
  endfacet
  facet normal -1 -0 0
    outer loop
      vertex 104.9 21 20
      vertex 104.9 3.6 3
      vertex 104.9 17.5 20
    endloop
  endfacet
  facet normal -1 0 0
    outer loop
      vertex 104.9 3.6 28.6
      vertex 104.9 14 20
      vertex 104.9 3.6 3
    endloop
  endfacet
  facet normal -1 -0 0
    outer loop
      vertex 104.9 17.5 20
      vertex 104.9 3.6 3
      vertex 104.9 14 20
    endloop
  endfacet
  facet normal -1 0 0
    outer loop
      vertex 104.9 47 27
      vertex 104.9 57.7 28.6
      vertex 104.9 47 20
    endloop
  endfacet
  facet normal -1 0 0
    outer loop
      vertex 104.9 31 28.6
      vertex 104.9 47 27
      vertex 104.9 37 27
    endloop
  endfacet
  facet normal -1 0 0
    outer loop
      vertex 104.9 37 20
      vertex 104.9 31.5 26
      vertex 104.9 37 27
    endloop
  endfacet
  facet normal -1 0 0
    outer loop
      vertex 104.9 31 28.6
      vertex 104.9 31.5 26
      vertex 104.9 31 26
    endloop
  endfacet
  facet normal -1 0 0
    outer loop
      vertex 104.9 47 27
      vertex 104.9 31 28.6
      vertex 104.9 57.7 28.6
    endloop
  endfacet
  facet normal -1 0 0
    outer loop
      vertex 104.9 31.5 26
      vertex 104.9 31 28.6
      vertex 104.9 37 27
    endloop
  endfacet
  facet normal -1 -0 0
    outer loop
      vertex 104.9 28 24.9
      vertex 104.9 24.5 20
      vertex 104.9 24.5 24.9
    endloop
  endfacet
  facet normal -1 0 0
    outer loop
      vertex 104.9 18 24.9
      vertex 104.9 17.5 26
      vertex 104.9 18 28.6
    endloop
  endfacet
  facet normal -1 0 0
    outer loop
      vertex 104.9 14 26
      vertex 104.9 18 28.6
      vertex 104.9 17.5 26
    endloop
  endfacet
  facet normal -1 0 0
    outer loop
      vertex 104.9 14 26
      vertex 104.9 3.6 28.6
      vertex 104.9 18 28.6
    endloop
  endfacet
  facet normal -1 0 0
    outer loop
      vertex 104.9 14 20
      vertex 104.9 3.6 28.6
      vertex 104.9 14 26
    endloop
  endfacet
  facet normal 0 1 -0
    outer loop
      vertex 36.42 2.4 7.75
      vertex 32.88 2.4 14.25
      vertex 36.42 2.4 14.25
    endloop
  endfacet
  facet normal 0 1 0
    outer loop
      vertex 32.88 2.4 14.25
      vertex 36.42 2.4 7.75
      vertex 32.88 2.4 7.75
    endloop
  endfacet
  facet normal 0 1 -0
    outer loop
      vertex 52.79 2.4 7.75
      vertex 49.42 2.4 14.25
      vertex 52.79 2.4 14.25
    endloop
  endfacet
  facet normal 0 1 0
    outer loop
      vertex 49.42 2.4 14.25
      vertex 52.79 2.4 7.75
      vertex 49.42 2.4 7.75
    endloop
  endfacet
  facet normal 0 1 0
    outer loop
      vertex 52.79 2.4 14.25
      vertex 103.7 2.4 28.6
      vertex 68.79 2.4 14.25
    endloop
  endfacet
  facet normal 0 1 -0
    outer loop
      vertex 103.7 2.4 3
      vertex 68.79 2.4 14.25
      vertex 103.7 2.4 28.6
    endloop
  endfacet
  facet normal 0 1 0
    outer loop
      vertex 103.7 2.4 3
      vertex 52.79 2.4 7.75
      vertex 68.79 2.4 7.75
    endloop
  endfacet
  facet normal 0 1 0
    outer loop
      vertex 3.6 2.4 3
      vertex 52.79 2.4 7.75
      vertex 103.7 2.4 3
    endloop
  endfacet
  facet normal 0 1 0
    outer loop
      vertex 49.42 2.4 7.75
      vertex 3.6 2.4 3
      vertex 36.42 2.4 7.75
    endloop
  endfacet
  facet normal 0 1 0
    outer loop
      vertex 36.42 2.4 7.75
      vertex 3.6 2.4 3
      vertex 32.88 2.4 7.75
    endloop
  endfacet
  facet normal 0 1 0
    outer loop
      vertex 52.79 2.4 7.75
      vertex 3.6 2.4 3
      vertex 49.42 2.4 7.75
    endloop
  endfacet
  facet normal 0 1 0
    outer loop
      vertex 68.79 2.4 14.25
      vertex 103.7 2.4 3
      vertex 68.79 2.4 7.75
    endloop
  endfacet
  facet normal 0 1 0
    outer loop
      vertex 103.7 2.4 28.6
      vertex 52.79 2.4 14.25
      vertex 3.6 2.4 28.6
    endloop
  endfacet
  facet normal 0 1 -0
    outer loop
      vertex 49.42 2.4 14.25
      vertex 3.6 2.4 28.6
      vertex 52.79 2.4 14.25
    endloop
  endfacet
  facet normal 0 1 -0
    outer loop
      vertex 36.42 2.4 14.25
      vertex 3.6 2.4 28.6
      vertex 49.42 2.4 14.25
    endloop
  endfacet
  facet normal 0 1 -0
    outer loop
      vertex 32.88 2.4 14.25
      vertex 3.6 2.4 28.6
      vertex 36.42 2.4 14.25
    endloop
  endfacet
  facet normal 0 1 -0
    outer loop
      vertex 23.88 2.4 14.25
      vertex 3.6 2.4 28.6
      vertex 32.88 2.4 14.25
    endloop
  endfacet
  facet normal 0 1 0
    outer loop
      vertex 3.6 2.4 3
      vertex 23.88 2.4 14.25
      vertex 23.88 2.4 7.75
    endloop
  endfacet
  facet normal 0 1 0
    outer loop
      vertex 23.88 2.4 14.25
      vertex 3.6 2.4 3
      vertex 3.6 2.4 28.6
    endloop
  endfacet
  facet normal 0 1 0
    outer loop
      vertex 32.88 2.4 7.75
      vertex 3.6 2.4 3
      vertex 23.88 2.4 7.75
    endloop
  endfacet
  facet normal -0.659406 -0.751787 0
    outer loop
      vertex 104.431 58.652 3
      vertex 104.549 58.5485 28.6
      vertex 104.431 58.652 28.6
    endloop
  endfacet
  facet normal -0.659406 -0.751787 -0
    outer loop
      vertex 104.549 58.5485 28.6
      vertex 104.431 58.652 3
      vertex 104.549 58.5485 3
    endloop
  endfacet
  facet normal 0.831462 -0.555582 0
    outer loop
      vertex 2.56077 58.3 28.6
      vertex 2.64797 58.4305 3
      vertex 2.64797 58.4305 28.6
    endloop
  endfacet
  facet normal 0.831462 -0.555582 0
    outer loop
      vertex 2.64797 58.4305 3
      vertex 2.56077 58.3 28.6
      vertex 2.56077 58.3 3
    endloop
  endfacet
  facet normal -0.895442 -0.445177 0
    outer loop
      vertex 104.809 58.1592 3
      vertex 104.739 58.3 28.6
      vertex 104.739 58.3 3
    endloop
  endfacet
  facet normal -0.895442 -0.445177 0
    outer loop
      vertex 104.739 58.3 28.6
      vertex 104.809 58.1592 3
      vertex 104.809 58.1592 28.6
    endloop
  endfacet
  facet normal -0.980335 -0.19734 0
    outer loop
      vertex 104.89 57.8566 3
      vertex 104.859 58.0106 28.6
      vertex 104.859 58.0106 3
    endloop
  endfacet
  facet normal -0.980335 -0.19734 0
    outer loop
      vertex 104.859 58.0106 28.6
      vertex 104.89 57.8566 3
      vertex 104.89 57.8566 28.6
    endloop
  endfacet
  facet normal -0.83205 -0.5547 0
    outer loop
      vertex 104.739 58.3 3
      vertex 104.652 58.4305 28.6
      vertex 104.652 58.4305 3
    endloop
  endfacet
  facet normal -0.83205 -0.5547 0
    outer loop
      vertex 104.652 58.4305 28.6
      vertex 104.739 58.3 3
      vertex 104.739 58.3 28.6
    endloop
  endfacet
  facet normal -0.322934 -0.946421 0
    outer loop
      vertex 104.011 58.8591 3
      vertex 104.159 58.8086 28.6
      vertex 104.011 58.8591 28.6
    endloop
  endfacet
  facet normal -0.322934 -0.946421 -0
    outer loop
      vertex 104.159 58.8086 28.6
      vertex 104.011 58.8591 3
      vertex 104.159 58.8086 3
    endloop
  endfacet
  facet normal -0.194891 -0.980825 0
    outer loop
      vertex 103.857 58.8897 3
      vertex 104.011 58.8591 28.6
      vertex 103.857 58.8897 28.6
    endloop
  endfacet
  facet normal -0.194891 -0.980825 -0
    outer loop
      vertex 104.011 58.8591 28.6
      vertex 103.857 58.8897 3
      vertex 104.011 58.8591 3
    endloop
  endfacet
  facet normal -0.441605 -0.897209 0
    outer loop
      vertex 104.159 58.8086 3
      vertex 104.3 58.7392 28.6
      vertex 104.159 58.8086 28.6
    endloop
  endfacet
  facet normal -0.441605 -0.897209 -0
    outer loop
      vertex 104.3 58.7392 28.6
      vertex 104.159 58.8086 3
      vertex 104.3 58.7392 3
    endloop
  endfacet
  facet normal 0.194928 -0.980818 0
    outer loop
      vertex 3.2894 58.8591 3
      vertex 3.44337 58.8897 28.6
      vertex 3.2894 58.8591 28.6
    endloop
  endfacet
  facet normal 0.194928 -0.980818 0
    outer loop
      vertex 3.44337 58.8897 28.6
      vertex 3.2894 58.8591 3
      vertex 3.44337 58.8897 3
    endloop
  endfacet
  facet normal 0.0656183 -0.997845 0
    outer loop
      vertex 3.44337 58.8897 3
      vertex 3.6 58.9 28.6
      vertex 3.44337 58.8897 28.6
    endloop
  endfacet
  facet normal 0.0656183 -0.997845 0
    outer loop
      vertex 3.6 58.9 28.6
      vertex 3.44337 58.8897 3
      vertex 3.6 58.9 3
    endloop
  endfacet
  facet normal 0.321707 -0.946839 0
    outer loop
      vertex 3.14077 58.8086 3
      vertex 3.2894 58.8591 28.6
      vertex 3.14077 58.8086 28.6
    endloop
  endfacet
  facet normal 0.321707 -0.946839 0
    outer loop
      vertex 3.2894 58.8591 28.6
      vertex 3.14077 58.8086 3
      vertex 3.2894 58.8591 3
    endloop
  endfacet
  facet normal 0.659375 -0.751815 0
    outer loop
      vertex 2.75147 58.5485 3
      vertex 2.86948 58.652 28.6
      vertex 2.75147 58.5485 28.6
    endloop
  endfacet
  facet normal 0.659375 -0.751815 0
    outer loop
      vertex 2.86948 58.652 28.6
      vertex 2.75147 58.5485 3
      vertex 2.86948 58.652 3
    endloop
  endfacet
  facet normal 0.555553 -0.831481 0
    outer loop
      vertex 2.86948 58.652 3
      vertex 2.99999 58.7392 28.6
      vertex 2.86948 58.652 28.6
    endloop
  endfacet
  facet normal 0.555553 -0.831481 0
    outer loop
      vertex 2.99999 58.7392 28.6
      vertex 2.86948 58.652 3
      vertex 2.99999 58.7392 3
    endloop
  endfacet
  facet normal 0.751787 -0.659406 0
    outer loop
      vertex 2.64797 58.4305 28.6
      vertex 2.75147 58.5485 3
      vertex 2.75147 58.5485 28.6
    endloop
  endfacet
  facet normal 0.751787 -0.659406 0
    outer loop
      vertex 2.75147 58.5485 3
      vertex 2.64797 58.4305 28.6
      vertex 2.64797 58.4305 3
    endloop
  endfacet
  facet normal 0.946897 -0.321537 0
    outer loop
      vertex 2.44088 58.0106 28.6
      vertex 2.49134 58.1592 3
      vertex 2.49134 58.1592 28.6
    endloop
  endfacet
  facet normal 0.946897 -0.321537 0
    outer loop
      vertex 2.49134 58.1592 3
      vertex 2.44088 58.0106 28.6
      vertex 2.44088 58.0106 3
    endloop
  endfacet
  facet normal 0.980788 -0.195075 0
    outer loop
      vertex 2.41025 57.8566 28.6
      vertex 2.44088 58.0106 3
      vertex 2.44088 58.0106 28.6
    endloop
  endfacet
  facet normal 0.980788 -0.195075 0
    outer loop
      vertex 2.44088 58.0106 3
      vertex 2.41025 57.8566 28.6
      vertex 2.41025 57.8566 3
    endloop
  endfacet
  facet normal 0.896885 -0.442264 0
    outer loop
      vertex 2.49134 58.1592 28.6
      vertex 2.56077 58.3 3
      vertex 2.56077 58.3 28.6
    endloop
  endfacet
  facet normal 0.896885 -0.442264 0
    outer loop
      vertex 2.56077 58.3 3
      vertex 2.49134 58.1592 28.6
      vertex 2.49134 58.1592 3
    endloop
  endfacet
  facet normal -0.554113 0.832441 0
    outer loop
      vertex 104.431 2.64797 3
      vertex 104.3 2.56077 28.6
      vertex 104.431 2.64797 28.6
    endloop
  endfacet
  facet normal -0.554113 0.832441 0
    outer loop
      vertex 104.3 2.56077 28.6
      vertex 104.431 2.64797 3
      vertex 104.3 2.56077 3
    endloop
  endfacet
  facet normal -0.753395 0.657569 0
    outer loop
      vertex 104.549 2.75147 3
      vertex 104.652 2.86948 28.6
      vertex 104.652 2.86948 3
    endloop
  endfacet
  facet normal -0.753395 0.657569 0
    outer loop
      vertex 104.652 2.86948 28.6
      vertex 104.549 2.75147 3
      vertex 104.549 2.75147 28.6
    endloop
  endfacet
  facet normal -0.980328 0.197377 0
    outer loop
      vertex 104.859 3.2894 3
      vertex 104.89 3.44337 28.6
      vertex 104.89 3.44337 3
    endloop
  endfacet
  facet normal -0.980328 0.197377 0
    outer loop
      vertex 104.89 3.44337 28.6
      vertex 104.859 3.2894 3
      vertex 104.859 3.2894 28.6
    endloop
  endfacet
  facet normal -0.895417 0.445228 0
    outer loop
      vertex 104.739 2.99999 3
      vertex 104.809 3.14077 28.6
      vertex 104.809 3.14077 3
    endloop
  endfacet
  facet normal -0.895417 0.445228 0
    outer loop
      vertex 104.809 3.14077 28.6
      vertex 104.739 2.99999 3
      vertex 104.739 2.99999 28.6
    endloop
  endfacet
  facet normal -0.0651479 0.997876 0
    outer loop
      vertex 103.857 2.41025 3
      vertex 103.7 2.4 28.6
      vertex 103.857 2.41025 28.6
    endloop
  endfacet
  facet normal -0.0651479 0.997876 0
    outer loop
      vertex 103.7 2.4 28.6
      vertex 103.857 2.41025 3
      vertex 103.7 2.4 3
    endloop
  endfacet
  facet normal -0.322705 0.9465 0
    outer loop
      vertex 104.159 2.49134 3
      vertex 104.011 2.44088 28.6
      vertex 104.159 2.49134 28.6
    endloop
  endfacet
  facet normal -0.322705 0.9465 0
    outer loop
      vertex 104.011 2.44088 28.6
      vertex 104.159 2.49134 3
      vertex 104.011 2.44088 3
    endloop
  endfacet
  facet normal 0.195112 0.980781 -0
    outer loop
      vertex 3.44337 2.41025 3
      vertex 3.2894 2.44088 28.6
      vertex 3.44337 2.41025 28.6
    endloop
  endfacet
  facet normal 0.195112 0.980781 0
    outer loop
      vertex 3.2894 2.44088 28.6
      vertex 3.44337 2.41025 3
      vertex 3.2894 2.44088 3
    endloop
  endfacet
  facet normal 0.751815 0.659375 0
    outer loop
      vertex 2.75147 2.75147 28.6
      vertex 2.64797 2.86948 3
      vertex 2.64797 2.86948 28.6
    endloop
  endfacet
  facet normal 0.751815 0.659375 0
    outer loop
      vertex 2.64797 2.86948 3
      vertex 2.75147 2.75147 28.6
      vertex 2.75147 2.75147 3
    endloop
  endfacet
  facet normal 0.946917 0.321479 0
    outer loop
      vertex 2.49134 3.14077 28.6
      vertex 2.44088 3.2894 3
      vertex 2.44088 3.2894 28.6
    endloop
  endfacet
  facet normal 0.946917 0.321479 0
    outer loop
      vertex 2.44088 3.2894 3
      vertex 2.49134 3.14077 28.6
      vertex 2.49134 3.14077 3
    endloop
  endfacet
  facet normal -0.947787 -0.318905 0
    outer loop
      vertex 104.859 58.0106 3
      vertex 104.809 58.1592 28.6
      vertex 104.809 58.1592 3
    endloop
  endfacet
  facet normal -0.947787 -0.318905 0
    outer loop
      vertex 104.809 58.1592 28.6
      vertex 104.859 58.0106 3
      vertex 104.859 58.0106 28.6
    endloop
  endfacet
  facet normal -0.753367 -0.6576 0
    outer loop
      vertex 104.652 58.4305 3
      vertex 104.549 58.5485 28.6
      vertex 104.549 58.5485 3
    endloop
  endfacet
  facet normal -0.753367 -0.6576 0
    outer loop
      vertex 104.549 58.5485 28.6
      vertex 104.652 58.4305 3
      vertex 104.652 58.4305 28.6
    endloop
  endfacet
  facet normal -0.554113 -0.832441 0
    outer loop
      vertex 104.3 58.7392 3
      vertex 104.431 58.652 28.6
      vertex 104.3 58.7392 28.6
    endloop
  endfacet
  facet normal -0.554113 -0.832441 -0
    outer loop
      vertex 104.431 58.652 28.6
      vertex 104.3 58.7392 3
      vertex 104.431 58.652 3
    endloop
  endfacet
  facet normal -0.659406 0.751787 0
    outer loop
      vertex 104.549 2.75147 3
      vertex 104.431 2.64797 28.6
      vertex 104.549 2.75147 28.6
    endloop
  endfacet
  facet normal -0.659406 0.751787 0
    outer loop
      vertex 104.431 2.64797 28.6
      vertex 104.549 2.75147 3
      vertex 104.431 2.64797 3
    endloop
  endfacet
  facet normal -0.83207 0.554671 0
    outer loop
      vertex 104.652 2.86948 3
      vertex 104.739 2.99999 28.6
      vertex 104.739 2.99999 3
    endloop
  endfacet
  facet normal -0.83207 0.554671 0
    outer loop
      vertex 104.739 2.99999 28.6
      vertex 104.652 2.86948 3
      vertex 104.652 2.86948 28.6
    endloop
  endfacet
  facet normal -0.947806 0.318847 0
    outer loop
      vertex 104.809 3.14077 3
      vertex 104.859 3.2894 28.6
      vertex 104.859 3.2894 3
    endloop
  endfacet
  facet normal -0.947806 0.318847 0
    outer loop
      vertex 104.859 3.2894 28.6
      vertex 104.809 3.14077 3
      vertex 104.809 3.14077 28.6
    endloop
  endfacet
  facet normal -0.195075 0.980788 0
    outer loop
      vertex 104.011 2.44088 3
      vertex 103.857 2.41025 28.6
      vertex 104.011 2.44088 28.6
    endloop
  endfacet
  facet normal -0.195075 0.980788 0
    outer loop
      vertex 103.857 2.41025 28.6
      vertex 104.011 2.44088 3
      vertex 103.857 2.41025 3
    endloop
  endfacet
  facet normal 0.555553 0.831481 -0
    outer loop
      vertex 2.99999 2.56077 3
      vertex 2.86948 2.64797 28.6
      vertex 2.99999 2.56077 28.6
    endloop
  endfacet
  facet normal 0.555553 0.831481 0
    outer loop
      vertex 2.86948 2.64797 28.6
      vertex 2.99999 2.56077 3
      vertex 2.86948 2.64797 3
    endloop
  endfacet
  facet normal 0.321479 0.946917 -0
    outer loop
      vertex 3.2894 2.44088 3
      vertex 3.14077 2.49134 28.6
      vertex 3.2894 2.44088 28.6
    endloop
  endfacet
  facet normal 0.321479 0.946917 0
    outer loop
      vertex 3.14077 2.49134 28.6
      vertex 3.2894 2.44088 3
      vertex 3.14077 2.49134 3
    endloop
  endfacet
  facet normal 0.659375 0.751815 -0
    outer loop
      vertex 2.86948 2.64797 3
      vertex 2.75147 2.75147 28.6
      vertex 2.86948 2.64797 28.6
    endloop
  endfacet
  facet normal 0.659375 0.751815 0
    outer loop
      vertex 2.75147 2.75147 28.6
      vertex 2.86948 2.64797 3
      vertex 2.75147 2.75147 3
    endloop
  endfacet
  facet normal 0.89686 0.442314 0
    outer loop
      vertex 2.56077 2.99999 28.6
      vertex 2.49134 3.14077 3
      vertex 2.49134 3.14077 28.6
    endloop
  endfacet
  facet normal 0.89686 0.442314 0
    outer loop
      vertex 2.49134 3.14077 3
      vertex 2.56077 2.99999 28.6
      vertex 2.56077 2.99999 3
    endloop
  endfacet
  facet normal 0.442314 0.89686 -0
    outer loop
      vertex 3.14077 2.49134 3
      vertex 2.99999 2.56077 28.6
      vertex 3.14077 2.49134 28.6
    endloop
  endfacet
  facet normal 0.442314 0.89686 0
    outer loop
      vertex 2.99999 2.56077 28.6
      vertex 3.14077 2.49134 3
      vertex 2.99999 2.56077 3
    endloop
  endfacet
  facet normal 0.831481 0.555553 0
    outer loop
      vertex 2.64797 2.86948 28.6
      vertex 2.56077 2.99999 3
      vertex 2.56077 2.99999 28.6
    endloop
  endfacet
  facet normal 0.831481 0.555553 0
    outer loop
      vertex 2.56077 2.99999 3
      vertex 2.64797 2.86948 28.6
      vertex 2.64797 2.86948 3
    endloop
  endfacet
  facet normal 0.896874 0.442285 0
    outer loop
      vertex 9.35641 7.92459 28.6
      vertex 9.17128 8.3 9.1
      vertex 9.17128 8.3 28.6
    endloop
  endfacet
  facet normal 0.896874 0.442285 0
    outer loop
      vertex 9.17128 8.3 9.1
      vertex 9.35641 7.92459 28.6
      vertex 9.35641 7.92459 9.1
    endloop
  endfacet
  facet normal -0.980786 0.195087 0
    outer loop
      vertex 3.22738 7.11768 9.1
      vertex 3.30904 7.52822 28.6
      vertex 3.30904 7.52822 9.1
    endloop
  endfacet
  facet normal -0.980786 0.195087 0
    outer loop
      vertex 3.30904 7.52822 28.6
      vertex 3.22738 7.11768 9.1
      vertex 3.22738 7.11768 28.6
    endloop
  endfacet
  facet normal 0.831473 0.555565 0
    outer loop
      vertex 9.17128 8.3 28.6
      vertex 8.93873 8.64804 9.1
      vertex 8.93873 8.64804 28.6
    endloop
  endfacet
  facet normal 0.831473 0.555565 0
    outer loop
      vertex 8.93873 8.64804 9.1
      vertex 9.17128 8.3 28.6
      vertex 9.17128 8.3 9.1
    endloop
  endfacet
  facet normal 0.321441 0.94693 -0
    outer loop
      vertex 7.62459 9.65641 9.1
      vertex 7.22822 9.79096 28.6
      vertex 7.62459 9.65641 28.6
    endloop
  endfacet
  facet normal 0.321441 0.94693 0
    outer loop
      vertex 7.22822 9.79096 28.6
      vertex 7.62459 9.65641 9.1
      vertex 7.22822 9.79096 9.1
    endloop
  endfacet
  facet normal -0.442285 0.896874 0
    outer loop
      vertex 5.17541 9.65641 9.1
      vertex 4.8 9.47128 28.6
      vertex 5.17541 9.65641 28.6
    endloop
  endfacet
  facet normal -0.442285 0.896874 0
    outer loop
      vertex 4.8 9.47128 28.6
      vertex 5.17541 9.65641 9.1
      vertex 4.8 9.47128 9.1
    endloop
  endfacet
  facet normal -0.94693 0.321441 0
    outer loop
      vertex 3.30904 7.52822 9.1
      vertex 3.44359 7.92459 28.6
      vertex 3.44359 7.92459 9.1
    endloop
  endfacet
  facet normal -0.94693 0.321441 0
    outer loop
      vertex 3.44359 7.92459 28.6
      vertex 3.30904 7.52822 9.1
      vertex 3.30904 7.52822 28.6
    endloop
  endfacet
  facet normal 0.997858 -0.0654122 0
    outer loop
      vertex 9.57262 6.28232 28.6
      vertex 9.6 6.7 9.1
      vertex 9.6 6.7 28.6
    endloop
  endfacet
  facet normal 0.997858 -0.0654122 0
    outer loop
      vertex 9.6 6.7 9.1
      vertex 9.57262 6.28232 28.6
      vertex 9.57262 6.28232 9.1
    endloop
  endfacet
  facet normal 0.659353 0.751833 -0
    outer loop
      vertex 8.66274 8.96274 9.1
      vertex 8.34804 9.23873 28.6
      vertex 8.66274 8.96274 28.6
    endloop
  endfacet
  facet normal 0.659353 0.751833 0
    outer loop
      vertex 8.34804 9.23873 28.6
      vertex 8.66274 8.96274 9.1
      vertex 8.34804 9.23873 9.1
    endloop
  endfacet
  facet normal 0.555565 0.831473 -0
    outer loop
      vertex 8.34804 9.23873 9.1
      vertex 8 9.47128 28.6
      vertex 8.34804 9.23873 28.6
    endloop
  endfacet
  facet normal 0.555565 0.831473 0
    outer loop
      vertex 8 9.47128 28.6
      vertex 8.34804 9.23873 9.1
      vertex 8 9.47128 9.1
    endloop
  endfacet
  facet normal 0 0 -1
    outer loop
      vertex 8.5 6.7 9.1
      vertex 9.6 6.7 9.1
      vertex 9.57262 6.28232 9.1
    endloop
  endfacet
  facet normal 0 0 -1
    outer loop
      vertex 8.48203 6.42589 9.1
      vertex 9.57262 6.28232 9.1
      vertex 9.49096 5.87178 9.1
    endloop
  endfacet
  facet normal 0 0 -1
    outer loop
      vertex 9.6 6.7 9.1
      vertex 8.5 6.7 9.1
      vertex 9.57262 7.11768 9.1
    endloop
  endfacet
  facet normal 0 0 -1
    outer loop
      vertex 8.42844 6.15648 9.1
      vertex 9.49096 5.87178 9.1
      vertex 9.35641 5.47541 9.1
    endloop
  endfacet
  facet normal 0 0 -1
    outer loop
      vertex 8.48203 6.9741 9.1
      vertex 9.57262 7.11768 9.1
      vertex 8.5 6.7 9.1
    endloop
  endfacet
  facet normal 0 0 -1
    outer loop
      vertex 8.34015 5.89636 9.1
      vertex 9.35641 5.47541 9.1
      vertex 9.17128 5.1 9.1
    endloop
  endfacet
  facet normal -0 0 -1
    outer loop
      vertex 9.57262 7.11768 9.1
      vertex 8.48203 6.9741 9.1
      vertex 9.49096 7.52822 9.1
    endloop
  endfacet
  facet normal 0 0 -1
    outer loop
      vertex 8.21865 5.65 9.1
      vertex 9.17128 5.1 9.1
      vertex 8.93873 4.75196 9.1
    endloop
  endfacet
  facet normal 0 0 -1
    outer loop
      vertex 8.42844 7.24352 9.1
      vertex 9.49096 7.52822 9.1
      vertex 8.48203 6.9741 9.1
    endloop
  endfacet
  facet normal 0 0 -1
    outer loop
      vertex 8.06604 5.4216 9.1
      vertex 8.93873 4.75196 9.1
      vertex 8.66274 4.43726 9.1
    endloop
  endfacet
  facet normal -0 0 -1
    outer loop
      vertex 9.49096 7.52822 9.1
      vertex 8.42844 7.24352 9.1
      vertex 9.35641 7.92459 9.1
    endloop
  endfacet
  facet normal 0 0 -1
    outer loop
      vertex 8.34015 7.50363 9.1
      vertex 9.35641 7.92459 9.1
      vertex 8.42844 7.24352 9.1
    endloop
  endfacet
  facet normal 0 0 -1
    outer loop
      vertex 9.57262 6.28232 9.1
      vertex 8.48203 6.42589 9.1
      vertex 8.5 6.7 9.1
    endloop
  endfacet
  facet normal 0 0 -1
    outer loop
      vertex 9.49096 5.87178 9.1
      vertex 8.42844 6.15648 9.1
      vertex 8.48203 6.42589 9.1
    endloop
  endfacet
  facet normal 0 0 -1
    outer loop
      vertex 7.88492 5.21508 9.1
      vertex 8.66274 4.43726 9.1
      vertex 8.34804 4.16127 9.1
    endloop
  endfacet
  facet normal 0 0 -1
    outer loop
      vertex 9.35641 5.47541 9.1
      vertex 8.34015 5.89636 9.1
      vertex 8.42844 6.15648 9.1
    endloop
  endfacet
  facet normal 0 0 -1
    outer loop
      vertex 9.17128 5.1 9.1
      vertex 8.21865 5.65 9.1
      vertex 8.34015 5.89636 9.1
    endloop
  endfacet
  facet normal 0 0 -1
    outer loop
      vertex 8.93873 4.75196 9.1
      vertex 8.06604 5.4216 9.1
      vertex 8.21865 5.65 9.1
    endloop
  endfacet
  facet normal 0 0 -1
    outer loop
      vertex 7.6784 5.03396 9.1
      vertex 8.34804 4.16127 9.1
      vertex 8 3.92872 9.1
    endloop
  endfacet
  facet normal 0 0 -1
    outer loop
      vertex 8.66274 4.43726 9.1
      vertex 7.88492 5.21508 9.1
      vertex 8.06604 5.4216 9.1
    endloop
  endfacet
  facet normal 0 0 -1
    outer loop
      vertex 8.34804 4.16127 9.1
      vertex 7.6784 5.03396 9.1
      vertex 7.88492 5.21508 9.1
    endloop
  endfacet
  facet normal 0 0 -1
    outer loop
      vertex 7.45 4.88135 9.1
      vertex 8 3.92872 9.1
      vertex 7.62459 3.74358 9.1
    endloop
  endfacet
  facet normal 0 0 -1
    outer loop
      vertex 8 3.92872 9.1
      vertex 7.45 4.88135 9.1
      vertex 7.6784 5.03396 9.1
    endloop
  endfacet
  facet normal 0 0 -1
    outer loop
      vertex 7.20363 4.75985 9.1
      vertex 7.62459 3.74358 9.1
      vertex 7.22822 3.60904 9.1
    endloop
  endfacet
  facet normal 0 0 -1
    outer loop
      vertex 7.62459 3.74358 9.1
      vertex 7.20363 4.75985 9.1
      vertex 7.45 4.88135 9.1
    endloop
  endfacet
  facet normal 0 0 -1
    outer loop
      vertex 7.22822 3.60904 9.1
      vertex 6.94352 4.67156 9.1
      vertex 7.20363 4.75985 9.1
    endloop
  endfacet
  facet normal 0 0 -1
    outer loop
      vertex 6.81768 3.52738 9.1
      vertex 6.94352 4.67156 9.1
      vertex 7.22822 3.60904 9.1
    endloop
  endfacet
  facet normal 0 0 -1
    outer loop
      vertex 6.81768 3.52738 9.1
      vertex 6.6741 4.61797 9.1
      vertex 6.94352 4.67156 9.1
    endloop
  endfacet
  facet normal 0 0 -1
    outer loop
      vertex 6.4 3.5 9.1
      vertex 6.6741 4.61797 9.1
      vertex 6.81768 3.52738 9.1
    endloop
  endfacet
  facet normal 0 0 -1
    outer loop
      vertex 6.4 3.5 9.1
      vertex 6.4 4.6 9.1
      vertex 6.6741 4.61797 9.1
    endloop
  endfacet
  facet normal 0 0 -1
    outer loop
      vertex 6.4 3.5 9.1
      vertex 6.12589 4.61797 9.1
      vertex 6.4 4.6 9.1
    endloop
  endfacet
  facet normal 0 0 -1
    outer loop
      vertex 5.98232 3.52738 9.1
      vertex 6.12589 4.61797 9.1
      vertex 6.4 3.5 9.1
    endloop
  endfacet
  facet normal 0 0 -1
    outer loop
      vertex 5.98232 3.52738 9.1
      vertex 5.85648 4.67156 9.1
      vertex 6.12589 4.61797 9.1
    endloop
  endfacet
  facet normal 0 0 -1
    outer loop
      vertex 5.57178 3.60904 9.1
      vertex 5.85648 4.67156 9.1
      vertex 5.98232 3.52738 9.1
    endloop
  endfacet
  facet normal -0 0 -1
    outer loop
      vertex 5.85648 4.67156 9.1
      vertex 5.57178 3.60904 9.1
      vertex 5.59636 4.75985 9.1
    endloop
  endfacet
  facet normal 0 0 -1
    outer loop
      vertex 5.17541 3.74358 9.1
      vertex 5.59636 4.75985 9.1
      vertex 5.57178 3.60904 9.1
    endloop
  endfacet
  facet normal -0 0 -1
    outer loop
      vertex 5.59636 4.75985 9.1
      vertex 5.17541 3.74358 9.1
      vertex 5.35 4.88135 9.1
    endloop
  endfacet
  facet normal 0 0 -1
    outer loop
      vertex 4.8 3.92872 9.1
      vertex 5.35 4.88135 9.1
      vertex 5.17541 3.74358 9.1
    endloop
  endfacet
  facet normal -0 0 -1
    outer loop
      vertex 5.35 4.88135 9.1
      vertex 4.8 3.92872 9.1
      vertex 5.1216 5.03396 9.1
    endloop
  endfacet
  facet normal 0 0 -1
    outer loop
      vertex 4.45196 4.16127 9.1
      vertex 5.1216 5.03396 9.1
      vertex 4.8 3.92872 9.1
    endloop
  endfacet
  facet normal -0 0 -1
    outer loop
      vertex 5.1216 5.03396 9.1
      vertex 4.45196 4.16127 9.1
      vertex 4.91508 5.21508 9.1
    endloop
  endfacet
  facet normal 0 0 -1
    outer loop
      vertex 4.13726 4.43726 9.1
      vertex 4.91508 5.21508 9.1
      vertex 4.45196 4.16127 9.1
    endloop
  endfacet
  facet normal -0 0 -1
    outer loop
      vertex 4.91508 5.21508 9.1
      vertex 4.13726 4.43726 9.1
      vertex 4.73396 5.4216 9.1
    endloop
  endfacet
  facet normal 0 0 -1
    outer loop
      vertex 3.86127 4.75196 9.1
      vertex 4.73396 5.4216 9.1
      vertex 4.13726 4.43726 9.1
    endloop
  endfacet
  facet normal -0 0 -1
    outer loop
      vertex 4.73396 5.4216 9.1
      vertex 3.86127 4.75196 9.1
      vertex 4.58135 5.65 9.1
    endloop
  endfacet
  facet normal 0 0 -1
    outer loop
      vertex 3.62872 5.1 9.1
      vertex 4.58135 5.65 9.1
      vertex 3.86127 4.75196 9.1
    endloop
  endfacet
  facet normal -0 0 -1
    outer loop
      vertex 4.58135 5.65 9.1
      vertex 3.62872 5.1 9.1
      vertex 4.45985 5.89636 9.1
    endloop
  endfacet
  facet normal 0 0 -1
    outer loop
      vertex 3.44359 5.47541 9.1
      vertex 4.45985 5.89636 9.1
      vertex 3.62872 5.1 9.1
    endloop
  endfacet
  facet normal -0 0 -1
    outer loop
      vertex 9.35641 7.92459 9.1
      vertex 8.34015 7.50363 9.1
      vertex 9.17128 8.3 9.1
    endloop
  endfacet
  facet normal 0 0 -1
    outer loop
      vertex 8.21865 7.75 9.1
      vertex 9.17128 8.3 9.1
      vertex 8.34015 7.50363 9.1
    endloop
  endfacet
  facet normal -0 0 -1
    outer loop
      vertex 9.17128 8.3 9.1
      vertex 8.21865 7.75 9.1
      vertex 8.93873 8.64804 9.1
    endloop
  endfacet
  facet normal 0 0 -1
    outer loop
      vertex 8.06604 7.9784 9.1
      vertex 8.93873 8.64804 9.1
      vertex 8.21865 7.75 9.1
    endloop
  endfacet
  facet normal -0 0 -1
    outer loop
      vertex 8.93873 8.64804 9.1
      vertex 8.06604 7.9784 9.1
      vertex 8.66274 8.96274 9.1
    endloop
  endfacet
  facet normal 0 0 -1
    outer loop
      vertex 7.88492 8.18492 9.1
      vertex 8.66274 8.96274 9.1
      vertex 8.06604 7.9784 9.1
    endloop
  endfacet
  facet normal -0 0 -1
    outer loop
      vertex 8.66274 8.96274 9.1
      vertex 7.88492 8.18492 9.1
      vertex 8.34804 9.23873 9.1
    endloop
  endfacet
  facet normal 0 0 -1
    outer loop
      vertex 7.6784 8.36604 9.1
      vertex 8.34804 9.23873 9.1
      vertex 7.88492 8.18492 9.1
    endloop
  endfacet
  facet normal -0 0 -1
    outer loop
      vertex 8.34804 9.23873 9.1
      vertex 7.6784 8.36604 9.1
      vertex 8 9.47128 9.1
    endloop
  endfacet
  facet normal 0 0 -1
    outer loop
      vertex 7.45 8.51865 9.1
      vertex 8 9.47128 9.1
      vertex 7.6784 8.36604 9.1
    endloop
  endfacet
  facet normal -0 0 -1
    outer loop
      vertex 8 9.47128 9.1
      vertex 7.45 8.51865 9.1
      vertex 7.62459 9.65641 9.1
    endloop
  endfacet
  facet normal 0 0 -1
    outer loop
      vertex 7.20363 8.64015 9.1
      vertex 7.62459 9.65641 9.1
      vertex 7.45 8.51865 9.1
    endloop
  endfacet
  facet normal -0 0 -1
    outer loop
      vertex 7.62459 9.65641 9.1
      vertex 7.20363 8.64015 9.1
      vertex 7.22822 9.79096 9.1
    endloop
  endfacet
  facet normal 0 0 -1
    outer loop
      vertex 6.94352 8.72844 9.1
      vertex 7.22822 9.79096 9.1
      vertex 7.20363 8.64015 9.1
    endloop
  endfacet
  facet normal 0 0 -1
    outer loop
      vertex 6.94352 8.72844 9.1
      vertex 6.81768 9.87262 9.1
      vertex 7.22822 9.79096 9.1
    endloop
  endfacet
  facet normal 0 0 -1
    outer loop
      vertex 6.6741 8.78203 9.1
      vertex 6.81768 9.87262 9.1
      vertex 6.94352 8.72844 9.1
    endloop
  endfacet
  facet normal 0 0 -1
    outer loop
      vertex 6.4 8.8 9.1
      vertex 6.81768 9.87262 9.1
      vertex 6.6741 8.78203 9.1
    endloop
  endfacet
  facet normal 0 0 -1
    outer loop
      vertex 6.4 8.8 9.1
      vertex 6.4 9.9 9.1
      vertex 6.81768 9.87262 9.1
    endloop
  endfacet
  facet normal 0 0 -1
    outer loop
      vertex 6.12589 8.78203 9.1
      vertex 6.4 9.9 9.1
      vertex 6.4 8.8 9.1
    endloop
  endfacet
  facet normal 0 0 -1
    outer loop
      vertex 6.12589 8.78203 9.1
      vertex 5.98232 9.87262 9.1
      vertex 6.4 9.9 9.1
    endloop
  endfacet
  facet normal 0 0 -1
    outer loop
      vertex 5.85648 8.72844 9.1
      vertex 5.98232 9.87262 9.1
      vertex 6.12589 8.78203 9.1
    endloop
  endfacet
  facet normal 0 0 -1
    outer loop
      vertex 5.57178 9.79096 9.1
      vertex 5.85648 8.72844 9.1
      vertex 5.59636 8.64015 9.1
    endloop
  endfacet
  facet normal 0 0 -1
    outer loop
      vertex 5.85648 8.72844 9.1
      vertex 5.57178 9.79096 9.1
      vertex 5.98232 9.87262 9.1
    endloop
  endfacet
  facet normal 0 0 -1
    outer loop
      vertex 5.17541 9.65641 9.1
      vertex 5.59636 8.64015 9.1
      vertex 5.35 8.51865 9.1
    endloop
  endfacet
  facet normal 0 0 -1
    outer loop
      vertex 5.59636 8.64015 9.1
      vertex 5.17541 9.65641 9.1
      vertex 5.57178 9.79096 9.1
    endloop
  endfacet
  facet normal 0 0 -1
    outer loop
      vertex 4.8 9.47128 9.1
      vertex 5.35 8.51865 9.1
      vertex 5.1216 8.36604 9.1
    endloop
  endfacet
  facet normal 0 0 -1
    outer loop
      vertex 4.45196 9.23873 9.1
      vertex 5.1216 8.36604 9.1
      vertex 4.91508 8.18492 9.1
    endloop
  endfacet
  facet normal 0 0 -1
    outer loop
      vertex 5.35 8.51865 9.1
      vertex 4.8 9.47128 9.1
      vertex 5.17541 9.65641 9.1
    endloop
  endfacet
  facet normal 0 0 -1
    outer loop
      vertex 4.13726 8.96274 9.1
      vertex 4.91508 8.18492 9.1
      vertex 4.73396 7.9784 9.1
    endloop
  endfacet
  facet normal 0 0 -1
    outer loop
      vertex 3.86127 8.64804 9.1
      vertex 4.73396 7.9784 9.1
      vertex 4.58135 7.75 9.1
    endloop
  endfacet
  facet normal 0 0 -1
    outer loop
      vertex 3.62872 8.3 9.1
      vertex 4.58135 7.75 9.1
      vertex 4.45985 7.50363 9.1
    endloop
  endfacet
  facet normal 0 0 -1
    outer loop
      vertex 5.1216 8.36604 9.1
      vertex 4.45196 9.23873 9.1
      vertex 4.8 9.47128 9.1
    endloop
  endfacet
  facet normal 0 0 -1
    outer loop
      vertex 3.44359 7.92459 9.1
      vertex 4.45985 7.50363 9.1
      vertex 4.37156 7.24352 9.1
    endloop
  endfacet
  facet normal 0 0 -1
    outer loop
      vertex 3.30904 7.52822 9.1
      vertex 4.37156 7.24352 9.1
      vertex 4.31797 6.9741 9.1
    endloop
  endfacet
  facet normal 0 0 -1
    outer loop
      vertex 3.22738 7.11768 9.1
      vertex 4.31797 6.9741 9.1
      vertex 4.3 6.7 9.1
    endloop
  endfacet
  facet normal -0 0 -1
    outer loop
      vertex 4.45985 5.89636 9.1
      vertex 3.44359 5.47541 9.1
      vertex 4.37156 6.15648 9.1
    endloop
  endfacet
  facet normal 0 0 -1
    outer loop
      vertex 4.91508 8.18492 9.1
      vertex 4.13726 8.96274 9.1
      vertex 4.45196 9.23873 9.1
    endloop
  endfacet
  facet normal 0 0 -1
    outer loop
      vertex 3.30904 5.87178 9.1
      vertex 4.37156 6.15648 9.1
      vertex 3.44359 5.47541 9.1
    endloop
  endfacet
  facet normal 0 0 -1
    outer loop
      vertex 4.73396 7.9784 9.1
      vertex 3.86127 8.64804 9.1
      vertex 4.13726 8.96274 9.1
    endloop
  endfacet
  facet normal -0 0 -1
    outer loop
      vertex 4.37156 6.15648 9.1
      vertex 3.30904 5.87178 9.1
      vertex 4.31797 6.42589 9.1
    endloop
  endfacet
  facet normal 0 0 -1
    outer loop
      vertex 4.58135 7.75 9.1
      vertex 3.62872 8.3 9.1
      vertex 3.86127 8.64804 9.1
    endloop
  endfacet
  facet normal 0 0 -1
    outer loop
      vertex 3.22738 6.28232 9.1
      vertex 4.31797 6.42589 9.1
      vertex 3.30904 5.87178 9.1
    endloop
  endfacet
  facet normal 0 0 -1
    outer loop
      vertex 4.45985 7.50363 9.1
      vertex 3.44359 7.92459 9.1
      vertex 3.62872 8.3 9.1
    endloop
  endfacet
  facet normal -0 0 -1
    outer loop
      vertex 4.31797 6.42589 9.1
      vertex 3.22738 6.28232 9.1
      vertex 4.3 6.7 9.1
    endloop
  endfacet
  facet normal 0 0 -1
    outer loop
      vertex 4.37156 7.24352 9.1
      vertex 3.30904 7.52822 9.1
      vertex 3.44359 7.92459 9.1
    endloop
  endfacet
  facet normal 0 0 -1
    outer loop
      vertex 3.2 6.7 9.1
      vertex 4.3 6.7 9.1
      vertex 3.22738 6.28232 9.1
    endloop
  endfacet
  facet normal 0 0 -1
    outer loop
      vertex 4.31797 6.9741 9.1
      vertex 3.22738 7.11768 9.1
      vertex 3.30904 7.52822 9.1
    endloop
  endfacet
  facet normal 0 0 -1
    outer loop
      vertex 4.3 6.7 9.1
      vertex 3.2 6.7 9.1
      vertex 3.22738 7.11768 9.1
    endloop
  endfacet
  facet normal -0.831473 0.555565 0
    outer loop
      vertex 3.62872 8.3 9.1
      vertex 3.86127 8.64804 28.6
      vertex 3.86127 8.64804 9.1
    endloop
  endfacet
  facet normal -0.831473 0.555565 0
    outer loop
      vertex 3.86127 8.64804 28.6
      vertex 3.62872 8.3 9.1
      vertex 3.62872 8.3 28.6
    endloop
  endfacet
  facet normal -0.195087 0.980786 0
    outer loop
      vertex 5.98232 9.87262 9.1
      vertex 5.57178 9.79096 28.6
      vertex 5.98232 9.87262 28.6
    endloop
  endfacet
  facet normal -0.195087 0.980786 0
    outer loop
      vertex 5.57178 9.79096 28.6
      vertex 5.98232 9.87262 9.1
      vertex 5.57178 9.79096 9.1
    endloop
  endfacet
  facet normal -0.751833 0.659353 0
    outer loop
      vertex 3.86127 8.64804 9.1
      vertex 4.13726 8.96274 28.6
      vertex 4.13726 8.96274 9.1
    endloop
  endfacet
  facet normal -0.751833 0.659353 0
    outer loop
      vertex 4.13726 8.96274 28.6
      vertex 3.86127 8.64804 9.1
      vertex 3.86127 8.64804 28.6
    endloop
  endfacet
  facet normal 0.555565 -0.831473 0
    outer loop
      vertex 8 3.92872 9.1
      vertex 8.34804 4.16127 28.6
      vertex 8 3.92872 28.6
    endloop
  endfacet
  facet normal 0.555565 -0.831473 0
    outer loop
      vertex 8.34804 4.16127 28.6
      vertex 8 3.92872 9.1
      vertex 8.34804 4.16127 9.1
    endloop
  endfacet
  facet normal 0.94693 0.321441 0
    outer loop
      vertex 9.49096 7.52822 28.6
      vertex 9.35641 7.92459 9.1
      vertex 9.35641 7.92459 28.6
    endloop
  endfacet
  facet normal 0.94693 0.321441 0
    outer loop
      vertex 9.35641 7.92459 9.1
      vertex 9.49096 7.52822 28.6
      vertex 9.49096 7.52822 9.1
    endloop
  endfacet
  facet normal 0.751833 0.659353 0
    outer loop
      vertex 8.93873 8.64804 28.6
      vertex 8.66274 8.96274 9.1
      vertex 8.66274 8.96274 28.6
    endloop
  endfacet
  facet normal 0.751833 0.659353 0
    outer loop
      vertex 8.66274 8.96274 9.1
      vertex 8.93873 8.64804 28.6
      vertex 8.93873 8.64804 9.1
    endloop
  endfacet
  facet normal -0.0654122 0.997858 0
    outer loop
      vertex 6.4 9.9 9.1
      vertex 5.98232 9.87262 28.6
      vertex 6.4 9.9 28.6
    endloop
  endfacet
  facet normal -0.0654122 0.997858 0
    outer loop
      vertex 5.98232 9.87262 28.6
      vertex 6.4 9.9 9.1
      vertex 5.98232 9.87262 9.1
    endloop
  endfacet
  facet normal 0.195087 0.980786 -0
    outer loop
      vertex 7.22822 9.79096 9.1
      vertex 6.81768 9.87262 28.6
      vertex 7.22822 9.79096 28.6
    endloop
  endfacet
  facet normal 0.195087 0.980786 0
    outer loop
      vertex 6.81768 9.87262 28.6
      vertex 7.22822 9.79096 9.1
      vertex 6.81768 9.87262 9.1
    endloop
  endfacet
  facet normal 0.442285 0.896874 -0
    outer loop
      vertex 8 9.47128 9.1
      vertex 7.62459 9.65641 28.6
      vertex 8 9.47128 28.6
    endloop
  endfacet
  facet normal 0.442285 0.896874 0
    outer loop
      vertex 7.62459 9.65641 28.6
      vertex 8 9.47128 9.1
      vertex 7.62459 9.65641 9.1
    endloop
  endfacet
  facet normal -0.997858 -0.0654122 0
    outer loop
      vertex 3.22738 6.28232 9.1
      vertex 3.2 6.7 28.6
      vertex 3.2 6.7 9.1
    endloop
  endfacet
  facet normal -0.997858 -0.0654122 0
    outer loop
      vertex 3.2 6.7 28.6
      vertex 3.22738 6.28232 9.1
      vertex 3.22738 6.28232 28.6
    endloop
  endfacet
  facet normal -0.896874 0.442285 0
    outer loop
      vertex 3.44359 7.92459 9.1
      vertex 3.62872 8.3 28.6
      vertex 3.62872 8.3 9.1
    endloop
  endfacet
  facet normal -0.896874 0.442285 0
    outer loop
      vertex 3.62872 8.3 28.6
      vertex 3.44359 7.92459 9.1
      vertex 3.44359 7.92459 28.6
    endloop
  endfacet
  facet normal -0.321441 0.94693 0
    outer loop
      vertex 5.57178 9.79096 9.1
      vertex 5.17541 9.65641 28.6
      vertex 5.57178 9.79096 28.6
    endloop
  endfacet
  facet normal -0.321441 0.94693 0
    outer loop
      vertex 5.17541 9.65641 28.6
      vertex 5.57178 9.79096 9.1
      vertex 5.17541 9.65641 9.1
    endloop
  endfacet
  facet normal -0.659353 0.751833 0
    outer loop
      vertex 4.45196 9.23873 9.1
      vertex 4.13726 8.96274 28.6
      vertex 4.45196 9.23873 28.6
    endloop
  endfacet
  facet normal -0.659353 0.751833 0
    outer loop
      vertex 4.13726 8.96274 28.6
      vertex 4.45196 9.23873 9.1
      vertex 4.13726 8.96274 9.1
    endloop
  endfacet
  facet normal -0.555565 0.831473 0
    outer loop
      vertex 4.8 9.47128 9.1
      vertex 4.45196 9.23873 28.6
      vertex 4.8 9.47128 28.6
    endloop
  endfacet
  facet normal -0.555565 0.831473 0
    outer loop
      vertex 4.45196 9.23873 28.6
      vertex 4.8 9.47128 9.1
      vertex 4.45196 9.23873 9.1
    endloop
  endfacet
  facet normal 0.997858 0.0654122 0
    outer loop
      vertex 9.6 6.7 28.6
      vertex 9.57262 7.11768 9.1
      vertex 9.57262 7.11768 28.6
    endloop
  endfacet
  facet normal 0.997858 0.0654122 0
    outer loop
      vertex 9.57262 7.11768 9.1
      vertex 9.6 6.7 28.6
      vertex 9.6 6.7 9.1
    endloop
  endfacet
  facet normal 0.980786 -0.195087 0
    outer loop
      vertex 9.49096 5.87178 28.6
      vertex 9.57262 6.28232 9.1
      vertex 9.57262 6.28232 28.6
    endloop
  endfacet
  facet normal 0.980786 -0.195087 0
    outer loop
      vertex 9.57262 6.28232 9.1
      vertex 9.49096 5.87178 28.6
      vertex 9.49096 5.87178 9.1
    endloop
  endfacet
  facet normal 0.831473 -0.555565 0
    outer loop
      vertex 8.93873 4.75196 28.6
      vertex 9.17128 5.1 9.1
      vertex 9.17128 5.1 28.6
    endloop
  endfacet
  facet normal 0.831473 -0.555565 0
    outer loop
      vertex 9.17128 5.1 9.1
      vertex 8.93873 4.75196 28.6
      vertex 8.93873 4.75196 9.1
    endloop
  endfacet
  facet normal -0.831473 -0.555565 0
    outer loop
      vertex 3.86127 4.75196 9.1
      vertex 3.62872 5.1 28.6
      vertex 3.62872 5.1 9.1
    endloop
  endfacet
  facet normal -0.831473 -0.555565 0
    outer loop
      vertex 3.62872 5.1 28.6
      vertex 3.86127 4.75196 9.1
      vertex 3.86127 4.75196 28.6
    endloop
  endfacet
  facet normal 0.195087 -0.980786 0
    outer loop
      vertex 6.81768 3.52738 9.1
      vertex 7.22822 3.60904 28.6
      vertex 6.81768 3.52738 28.6
    endloop
  endfacet
  facet normal 0.195087 -0.980786 0
    outer loop
      vertex 7.22822 3.60904 28.6
      vertex 6.81768 3.52738 9.1
      vertex 7.22822 3.60904 9.1
    endloop
  endfacet
  facet normal 0.980786 0.195087 0
    outer loop
      vertex 9.57262 7.11768 28.6
      vertex 9.49096 7.52822 9.1
      vertex 9.49096 7.52822 28.6
    endloop
  endfacet
  facet normal 0.980786 0.195087 0
    outer loop
      vertex 9.49096 7.52822 9.1
      vertex 9.57262 7.11768 28.6
      vertex 9.57262 7.11768 9.1
    endloop
  endfacet
  facet normal 0.0654122 0.997858 -0
    outer loop
      vertex 6.81768 9.87262 9.1
      vertex 6.4 9.9 28.6
      vertex 6.81768 9.87262 28.6
    endloop
  endfacet
  facet normal 0.0654122 0.997858 0
    outer loop
      vertex 6.4 9.9 28.6
      vertex 6.81768 9.87262 9.1
      vertex 6.4 9.9 9.1
    endloop
  endfacet
  facet normal -0.997858 0.0654122 0
    outer loop
      vertex 3.2 6.7 9.1
      vertex 3.22738 7.11768 28.6
      vertex 3.22738 7.11768 9.1
    endloop
  endfacet
  facet normal -0.997858 0.0654122 0
    outer loop
      vertex 3.22738 7.11768 28.6
      vertex 3.2 6.7 9.1
      vertex 3.2 6.7 28.6
    endloop
  endfacet
  facet normal 0.896874 -0.442285 0
    outer loop
      vertex 9.17128 5.1 28.6
      vertex 9.35641 5.47541 9.1
      vertex 9.35641 5.47541 28.6
    endloop
  endfacet
  facet normal 0.896874 -0.442285 0
    outer loop
      vertex 9.35641 5.47541 9.1
      vertex 9.17128 5.1 28.6
      vertex 9.17128 5.1 9.1
    endloop
  endfacet
  facet normal 0.94693 -0.321441 0
    outer loop
      vertex 9.35641 5.47541 28.6
      vertex 9.49096 5.87178 9.1
      vertex 9.49096 5.87178 28.6
    endloop
  endfacet
  facet normal 0.94693 -0.321441 0
    outer loop
      vertex 9.49096 5.87178 9.1
      vertex 9.35641 5.47541 28.6
      vertex 9.35641 5.47541 9.1
    endloop
  endfacet
  facet normal 0.751833 -0.659353 0
    outer loop
      vertex 8.66274 4.43726 28.6
      vertex 8.93873 4.75196 9.1
      vertex 8.93873 4.75196 28.6
    endloop
  endfacet
  facet normal 0.751833 -0.659353 0
    outer loop
      vertex 8.93873 4.75196 9.1
      vertex 8.66274 4.43726 28.6
      vertex 8.66274 4.43726 9.1
    endloop
  endfacet
  facet normal 0.0654122 -0.997858 0
    outer loop
      vertex 6.4 3.5 9.1
      vertex 6.81768 3.52738 28.6
      vertex 6.4 3.5 28.6
    endloop
  endfacet
  facet normal 0.0654122 -0.997858 0
    outer loop
      vertex 6.81768 3.52738 28.6
      vertex 6.4 3.5 9.1
      vertex 6.81768 3.52738 9.1
    endloop
  endfacet
  facet normal -0.980786 -0.195087 0
    outer loop
      vertex 3.30904 5.87178 9.1
      vertex 3.22738 6.28232 28.6
      vertex 3.22738 6.28232 9.1
    endloop
  endfacet
  facet normal -0.980786 -0.195087 0
    outer loop
      vertex 3.22738 6.28232 28.6
      vertex 3.30904 5.87178 9.1
      vertex 3.30904 5.87178 28.6
    endloop
  endfacet
  facet normal -0.896874 -0.442285 0
    outer loop
      vertex 3.62872 5.1 9.1
      vertex 3.44359 5.47541 28.6
      vertex 3.44359 5.47541 9.1
    endloop
  endfacet
  facet normal -0.896874 -0.442285 0
    outer loop
      vertex 3.44359 5.47541 28.6
      vertex 3.62872 5.1 9.1
      vertex 3.62872 5.1 28.6
    endloop
  endfacet
  facet normal 0.442305 -0.896865 0
    outer loop
      vertex 7.62459 3.74358 9.1
      vertex 8 3.92872 28.6
      vertex 7.62459 3.74358 28.6
    endloop
  endfacet
  facet normal 0.442305 -0.896865 0
    outer loop
      vertex 8 3.92872 28.6
      vertex 7.62459 3.74358 9.1
      vertex 8 3.92872 9.1
    endloop
  endfacet
  facet normal 0.321419 -0.946937 0
    outer loop
      vertex 7.22822 3.60904 9.1
      vertex 7.62459 3.74358 28.6
      vertex 7.22822 3.60904 28.6
    endloop
  endfacet
  facet normal 0.321419 -0.946937 0
    outer loop
      vertex 7.62459 3.74358 28.6
      vertex 7.22822 3.60904 9.1
      vertex 7.62459 3.74358 9.1
    endloop
  endfacet
  facet normal 0.659353 -0.751833 0
    outer loop
      vertex 8.34804 4.16127 9.1
      vertex 8.66274 4.43726 28.6
      vertex 8.34804 4.16127 28.6
    endloop
  endfacet
  facet normal 0.659353 -0.751833 0
    outer loop
      vertex 8.66274 4.43726 28.6
      vertex 8.34804 4.16127 9.1
      vertex 8.66274 4.43726 9.1
    endloop
  endfacet
  facet normal -0.321419 -0.946937 0
    outer loop
      vertex 5.17541 3.74358 9.1
      vertex 5.57178 3.60904 28.6
      vertex 5.17541 3.74358 28.6
    endloop
  endfacet
  facet normal -0.321419 -0.946937 -0
    outer loop
      vertex 5.57178 3.60904 28.6
      vertex 5.17541 3.74358 9.1
      vertex 5.57178 3.60904 9.1
    endloop
  endfacet
  facet normal -0.195087 -0.980786 0
    outer loop
      vertex 5.57178 3.60904 9.1
      vertex 5.98232 3.52738 28.6
      vertex 5.57178 3.60904 28.6
    endloop
  endfacet
  facet normal -0.195087 -0.980786 -0
    outer loop
      vertex 5.98232 3.52738 28.6
      vertex 5.57178 3.60904 9.1
      vertex 5.98232 3.52738 9.1
    endloop
  endfacet
  facet normal -0.751833 -0.659353 0
    outer loop
      vertex 4.13726 4.43726 9.1
      vertex 3.86127 4.75196 28.6
      vertex 3.86127 4.75196 9.1
    endloop
  endfacet
  facet normal -0.751833 -0.659353 0
    outer loop
      vertex 3.86127 4.75196 28.6
      vertex 4.13726 4.43726 9.1
      vertex 4.13726 4.43726 28.6
    endloop
  endfacet
  facet normal -0.659353 -0.751833 0
    outer loop
      vertex 4.13726 4.43726 9.1
      vertex 4.45196 4.16127 28.6
      vertex 4.13726 4.43726 28.6
    endloop
  endfacet
  facet normal -0.659353 -0.751833 -0
    outer loop
      vertex 4.45196 4.16127 28.6
      vertex 4.13726 4.43726 9.1
      vertex 4.45196 4.16127 9.1
    endloop
  endfacet
  facet normal -0.94693 -0.321441 0
    outer loop
      vertex 3.44359 5.47541 9.1
      vertex 3.30904 5.87178 28.6
      vertex 3.30904 5.87178 9.1
    endloop
  endfacet
  facet normal -0.94693 -0.321441 0
    outer loop
      vertex 3.30904 5.87178 28.6
      vertex 3.44359 5.47541 9.1
      vertex 3.44359 5.47541 28.6
    endloop
  endfacet
  facet normal -0.555565 -0.831473 0
    outer loop
      vertex 4.45196 4.16127 9.1
      vertex 4.8 3.92872 28.6
      vertex 4.45196 4.16127 28.6
    endloop
  endfacet
  facet normal -0.555565 -0.831473 -0
    outer loop
      vertex 4.8 3.92872 28.6
      vertex 4.45196 4.16127 9.1
      vertex 4.8 3.92872 9.1
    endloop
  endfacet
  facet normal -0.442305 -0.896865 0
    outer loop
      vertex 4.8 3.92872 9.1
      vertex 5.17541 3.74358 28.6
      vertex 4.8 3.92872 28.6
    endloop
  endfacet
  facet normal -0.442305 -0.896865 -0
    outer loop
      vertex 5.17541 3.74358 28.6
      vertex 4.8 3.92872 9.1
      vertex 5.17541 3.74358 9.1
    endloop
  endfacet
  facet normal -0.0654122 -0.997858 0
    outer loop
      vertex 5.98232 3.52738 9.1
      vertex 6.4 3.5 28.6
      vertex 5.98232 3.52738 28.6
    endloop
  endfacet
  facet normal -0.0654122 -0.997858 -0
    outer loop
      vertex 6.4 3.5 28.6
      vertex 5.98232 3.52738 9.1
      vertex 6.4 3.5 9.1
    endloop
  endfacet
  facet normal 0.896998 0.442036 0
    outer loop
      vertex 103.856 7.92459 28.6
      vertex 103.671 8.3 9.1
      vertex 103.671 8.3 28.6
    endloop
  endfacet
  facet normal 0.896998 0.442036 0
    outer loop
      vertex 103.671 8.3 9.1
      vertex 103.856 7.92459 28.6
      vertex 103.856 7.92459 9.1
    endloop
  endfacet
  facet normal -0.980813 0.194949 0
    outer loop
      vertex 97.7274 7.11768 9.1
      vertex 97.809 7.52822 28.6
      vertex 97.809 7.52822 9.1
    endloop
  endfacet
  facet normal -0.980813 0.194949 0
    outer loop
      vertex 97.809 7.52822 28.6
      vertex 97.7274 7.11768 9.1
      vertex 97.7274 7.11768 28.6
    endloop
  endfacet
  facet normal 0.83208 0.554656 0
    outer loop
      vertex 103.671 8.3 28.6
      vertex 103.439 8.64804 9.1
      vertex 103.439 8.64804 28.6
    endloop
  endfacet
  facet normal 0.83208 0.554656 0
    outer loop
      vertex 103.439 8.64804 9.1
      vertex 103.671 8.3 28.6
      vertex 103.671 8.3 9.1
    endloop
  endfacet
  facet normal 0.195334 0.980737 -0
    outer loop
      vertex 101.728 9.79096 9.1
      vertex 101.318 9.87262 28.6
      vertex 101.728 9.79096 28.6
    endloop
  endfacet
  facet normal 0.195334 0.980737 0
    outer loop
      vertex 101.318 9.87262 28.6
      vertex 101.728 9.79096 9.1
      vertex 101.318 9.87262 9.1
    endloop
  endfacet
  facet normal 0.320983 0.947085 -0
    outer loop
      vertex 102.125 9.65641 9.1
      vertex 101.728 9.79096 28.6
      vertex 102.125 9.65641 28.6
    endloop
  endfacet
  facet normal 0.320983 0.947085 0
    outer loop
      vertex 101.728 9.79096 28.6
      vertex 102.125 9.65641 9.1
      vertex 101.728 9.79096 9.1
    endloop
  endfacet
  facet normal -0.442295 0.89687 0
    outer loop
      vertex 99.6754 9.65641 9.1
      vertex 99.3 9.47128 28.6
      vertex 99.6754 9.65641 28.6
    endloop
  endfacet
  facet normal -0.442295 0.89687 0
    outer loop
      vertex 99.3 9.47128 28.6
      vertex 99.6754 9.65641 9.1
      vertex 99.3 9.47128 9.1
    endloop
  endfacet
  facet normal -0.946893 0.321548 0
    outer loop
      vertex 97.809 7.52822 9.1
      vertex 97.9436 7.92459 28.6
      vertex 97.9436 7.92459 9.1
    endloop
  endfacet
  facet normal -0.946893 0.321548 0
    outer loop
      vertex 97.9436 7.92459 28.6
      vertex 97.809 7.52822 9.1
      vertex 97.809 7.52822 28.6
    endloop
  endfacet
  facet normal 0.442693 -0.896673 0
    outer loop
      vertex 102.125 3.74358 9.1
      vertex 102.5 3.92872 28.6
      vertex 102.125 3.74358 28.6
    endloop
  endfacet
  facet normal 0.442693 -0.896673 0
    outer loop
      vertex 102.5 3.92872 28.6
      vertex 102.125 3.74358 9.1
      vertex 102.5 3.92872 9.1
    endloop
  endfacet
  facet normal 0.658998 0.752145 -0
    outer loop
      vertex 103.163 8.96274 9.1
      vertex 102.848 9.23873 28.6
      vertex 103.163 8.96274 28.6
    endloop
  endfacet
  facet normal 0.658998 0.752145 0
    outer loop
      vertex 102.848 9.23873 28.6
      vertex 103.163 8.96274 9.1
      vertex 102.848 9.23873 9.1
    endloop
  endfacet
  facet normal 0.0653623 0.997862 -0
    outer loop
      vertex 101.318 9.87262 9.1
      vertex 100.9 9.9 28.6
      vertex 101.318 9.87262 28.6
    endloop
  endfacet
  facet normal 0.0653623 0.997862 0
    outer loop
      vertex 100.9 9.9 28.6
      vertex 101.318 9.87262 9.1
      vertex 100.9 9.9 9.1
    endloop
  endfacet
  facet normal 0.55561 0.831443 -0
    outer loop
      vertex 102.848 9.23873 9.1
      vertex 102.5 9.47128 28.6
      vertex 102.848 9.23873 28.6
    endloop
  endfacet
  facet normal 0.55561 0.831443 0
    outer loop
      vertex 102.5 9.47128 28.6
      vertex 102.848 9.23873 9.1
      vertex 102.5 9.47128 9.1
    endloop
  endfacet
  facet normal 0 0 -1
    outer loop
      vertex 103 6.7 9.1
      vertex 104.1 6.7 9.1
      vertex 104.073 6.28232 9.1
    endloop
  endfacet
  facet normal 0 0 -1
    outer loop
      vertex 102.982 6.42589 9.1
      vertex 104.073 6.28232 9.1
      vertex 103.991 5.87178 9.1
    endloop
  endfacet
  facet normal 0 0 -1
    outer loop
      vertex 104.1 6.7 9.1
      vertex 103 6.7 9.1
      vertex 104.073 7.11768 9.1
    endloop
  endfacet
  facet normal 0 0 -1
    outer loop
      vertex 102.928 6.15648 9.1
      vertex 103.991 5.87178 9.1
      vertex 103.856 5.47541 9.1
    endloop
  endfacet
  facet normal 0 0 -1
    outer loop
      vertex 102.982 6.9741 9.1
      vertex 104.073 7.11768 9.1
      vertex 103 6.7 9.1
    endloop
  endfacet
  facet normal 0 0 -1
    outer loop
      vertex 102.84 5.89636 9.1
      vertex 103.856 5.47541 9.1
      vertex 103.671 5.1 9.1
    endloop
  endfacet
  facet normal -0 0 -1
    outer loop
      vertex 104.073 7.11768 9.1
      vertex 102.982 6.9741 9.1
      vertex 103.991 7.52822 9.1
    endloop
  endfacet
  facet normal 0 0 -1
    outer loop
      vertex 102.719 5.65 9.1
      vertex 103.671 5.1 9.1
      vertex 103.439 4.75196 9.1
    endloop
  endfacet
  facet normal 0 0 -1
    outer loop
      vertex 102.928 7.24352 9.1
      vertex 103.991 7.52822 9.1
      vertex 102.982 6.9741 9.1
    endloop
  endfacet
  facet normal 0 0 -1
    outer loop
      vertex 102.566 5.4216 9.1
      vertex 103.439 4.75196 9.1
      vertex 103.163 4.43726 9.1
    endloop
  endfacet
  facet normal -0 0 -1
    outer loop
      vertex 103.991 7.52822 9.1
      vertex 102.928 7.24352 9.1
      vertex 103.856 7.92459 9.1
    endloop
  endfacet
  facet normal 0 0 -1
    outer loop
      vertex 102.84 7.50363 9.1
      vertex 103.856 7.92459 9.1
      vertex 102.928 7.24352 9.1
    endloop
  endfacet
  facet normal 0 0 -1
    outer loop
      vertex 104.073 6.28232 9.1
      vertex 102.982 6.42589 9.1
      vertex 103 6.7 9.1
    endloop
  endfacet
  facet normal 0 0 -1
    outer loop
      vertex 103.991 5.87178 9.1
      vertex 102.928 6.15648 9.1
      vertex 102.982 6.42589 9.1
    endloop
  endfacet
  facet normal 0 0 -1
    outer loop
      vertex 102.385 5.21508 9.1
      vertex 103.163 4.43726 9.1
      vertex 102.848 4.16127 9.1
    endloop
  endfacet
  facet normal 0 0 -1
    outer loop
      vertex 103.856 5.47541 9.1
      vertex 102.84 5.89636 9.1
      vertex 102.928 6.15648 9.1
    endloop
  endfacet
  facet normal 0 0 -1
    outer loop
      vertex 103.671 5.1 9.1
      vertex 102.719 5.65 9.1
      vertex 102.84 5.89636 9.1
    endloop
  endfacet
  facet normal 0 0 -1
    outer loop
      vertex 103.439 4.75196 9.1
      vertex 102.566 5.4216 9.1
      vertex 102.719 5.65 9.1
    endloop
  endfacet
  facet normal 0 0 -1
    outer loop
      vertex 102.178 5.03396 9.1
      vertex 102.848 4.16127 9.1
      vertex 102.5 3.92872 9.1
    endloop
  endfacet
  facet normal 0 0 -1
    outer loop
      vertex 103.163 4.43726 9.1
      vertex 102.385 5.21508 9.1
      vertex 102.566 5.4216 9.1
    endloop
  endfacet
  facet normal 0 0 -1
    outer loop
      vertex 102.848 4.16127 9.1
      vertex 102.178 5.03396 9.1
      vertex 102.385 5.21508 9.1
    endloop
  endfacet
  facet normal 0 0 -1
    outer loop
      vertex 101.95 4.88135 9.1
      vertex 102.5 3.92872 9.1
      vertex 102.125 3.74358 9.1
    endloop
  endfacet
  facet normal 0 0 -1
    outer loop
      vertex 102.5 3.92872 9.1
      vertex 101.95 4.88135 9.1
      vertex 102.178 5.03396 9.1
    endloop
  endfacet
  facet normal 0 0 -1
    outer loop
      vertex 101.704 4.75985 9.1
      vertex 102.125 3.74358 9.1
      vertex 101.728 3.60904 9.1
    endloop
  endfacet
  facet normal 0 0 -1
    outer loop
      vertex 102.125 3.74358 9.1
      vertex 101.704 4.75985 9.1
      vertex 101.95 4.88135 9.1
    endloop
  endfacet
  facet normal 0 0 -1
    outer loop
      vertex 101.728 3.60904 9.1
      vertex 101.444 4.67156 9.1
      vertex 101.704 4.75985 9.1
    endloop
  endfacet
  facet normal 0 0 -1
    outer loop
      vertex 101.318 3.52738 9.1
      vertex 101.444 4.67156 9.1
      vertex 101.728 3.60904 9.1
    endloop
  endfacet
  facet normal 0 0 -1
    outer loop
      vertex 101.318 3.52738 9.1
      vertex 101.174 4.61797 9.1
      vertex 101.444 4.67156 9.1
    endloop
  endfacet
  facet normal 0 0 -1
    outer loop
      vertex 100.9 3.5 9.1
      vertex 101.174 4.61797 9.1
      vertex 101.318 3.52738 9.1
    endloop
  endfacet
  facet normal 0 0 -1
    outer loop
      vertex 100.9 3.5 9.1
      vertex 100.9 4.6 9.1
      vertex 101.174 4.61797 9.1
    endloop
  endfacet
  facet normal 0 0 -1
    outer loop
      vertex 100.9 3.5 9.1
      vertex 100.626 4.61797 9.1
      vertex 100.9 4.6 9.1
    endloop
  endfacet
  facet normal 0 0 -1
    outer loop
      vertex 100.482 3.52738 9.1
      vertex 100.626 4.61797 9.1
      vertex 100.9 3.5 9.1
    endloop
  endfacet
  facet normal 0 0 -1
    outer loop
      vertex 100.482 3.52738 9.1
      vertex 100.356 4.67156 9.1
      vertex 100.626 4.61797 9.1
    endloop
  endfacet
  facet normal 0 0 -1
    outer loop
      vertex 100.072 3.60904 9.1
      vertex 100.356 4.67156 9.1
      vertex 100.482 3.52738 9.1
    endloop
  endfacet
  facet normal -0 0 -1
    outer loop
      vertex 100.356 4.67156 9.1
      vertex 100.072 3.60904 9.1
      vertex 100.096 4.75985 9.1
    endloop
  endfacet
  facet normal 0 0 -1
    outer loop
      vertex 99.6754 3.74358 9.1
      vertex 100.096 4.75985 9.1
      vertex 100.072 3.60904 9.1
    endloop
  endfacet
  facet normal -0 0 -1
    outer loop
      vertex 100.096 4.75985 9.1
      vertex 99.6754 3.74358 9.1
      vertex 99.85 4.88135 9.1
    endloop
  endfacet
  facet normal 0 0 -1
    outer loop
      vertex 99.3 3.92872 9.1
      vertex 99.85 4.88135 9.1
      vertex 99.6754 3.74358 9.1
    endloop
  endfacet
  facet normal -0 0 -1
    outer loop
      vertex 99.85 4.88135 9.1
      vertex 99.3 3.92872 9.1
      vertex 99.6216 5.03396 9.1
    endloop
  endfacet
  facet normal 0 0 -1
    outer loop
      vertex 98.952 4.16127 9.1
      vertex 99.6216 5.03396 9.1
      vertex 99.3 3.92872 9.1
    endloop
  endfacet
  facet normal -0 0 -1
    outer loop
      vertex 99.6216 5.03396 9.1
      vertex 98.952 4.16127 9.1
      vertex 99.4151 5.21508 9.1
    endloop
  endfacet
  facet normal 0 0 -1
    outer loop
      vertex 98.6373 4.43726 9.1
      vertex 99.4151 5.21508 9.1
      vertex 98.952 4.16127 9.1
    endloop
  endfacet
  facet normal -0 0 -1
    outer loop
      vertex 99.4151 5.21508 9.1
      vertex 98.6373 4.43726 9.1
      vertex 99.234 5.4216 9.1
    endloop
  endfacet
  facet normal 0 0 -1
    outer loop
      vertex 98.3613 4.75196 9.1
      vertex 99.234 5.4216 9.1
      vertex 98.6373 4.43726 9.1
    endloop
  endfacet
  facet normal -0 0 -1
    outer loop
      vertex 99.234 5.4216 9.1
      vertex 98.3613 4.75196 9.1
      vertex 99.0813 5.65 9.1
    endloop
  endfacet
  facet normal 0 0 -1
    outer loop
      vertex 98.1287 5.1 9.1
      vertex 99.0813 5.65 9.1
      vertex 98.3613 4.75196 9.1
    endloop
  endfacet
  facet normal -0 0 -1
    outer loop
      vertex 99.0813 5.65 9.1
      vertex 98.1287 5.1 9.1
      vertex 98.9599 5.89636 9.1
    endloop
  endfacet
  facet normal 0 0 -1
    outer loop
      vertex 97.9436 5.47541 9.1
      vertex 98.9599 5.89636 9.1
      vertex 98.1287 5.1 9.1
    endloop
  endfacet
  facet normal -0 0 -1
    outer loop
      vertex 103.856 7.92459 9.1
      vertex 102.84 7.50363 9.1
      vertex 103.671 8.3 9.1
    endloop
  endfacet
  facet normal 0 0 -1
    outer loop
      vertex 102.719 7.75 9.1
      vertex 103.671 8.3 9.1
      vertex 102.84 7.50363 9.1
    endloop
  endfacet
  facet normal -0 0 -1
    outer loop
      vertex 103.671 8.3 9.1
      vertex 102.719 7.75 9.1
      vertex 103.439 8.64804 9.1
    endloop
  endfacet
  facet normal 0 0 -1
    outer loop
      vertex 102.566 7.9784 9.1
      vertex 103.439 8.64804 9.1
      vertex 102.719 7.75 9.1
    endloop
  endfacet
  facet normal -0 0 -1
    outer loop
      vertex 103.439 8.64804 9.1
      vertex 102.566 7.9784 9.1
      vertex 103.163 8.96274 9.1
    endloop
  endfacet
  facet normal 0 0 -1
    outer loop
      vertex 102.385 8.18492 9.1
      vertex 103.163 8.96274 9.1
      vertex 102.566 7.9784 9.1
    endloop
  endfacet
  facet normal -0 0 -1
    outer loop
      vertex 103.163 8.96274 9.1
      vertex 102.385 8.18492 9.1
      vertex 102.848 9.23873 9.1
    endloop
  endfacet
  facet normal 0 0 -1
    outer loop
      vertex 102.178 8.36604 9.1
      vertex 102.848 9.23873 9.1
      vertex 102.385 8.18492 9.1
    endloop
  endfacet
  facet normal -0 0 -1
    outer loop
      vertex 102.848 9.23873 9.1
      vertex 102.178 8.36604 9.1
      vertex 102.5 9.47128 9.1
    endloop
  endfacet
  facet normal 0 0 -1
    outer loop
      vertex 101.95 8.51865 9.1
      vertex 102.5 9.47128 9.1
      vertex 102.178 8.36604 9.1
    endloop
  endfacet
  facet normal -0 0 -1
    outer loop
      vertex 102.5 9.47128 9.1
      vertex 101.95 8.51865 9.1
      vertex 102.125 9.65641 9.1
    endloop
  endfacet
  facet normal 0 0 -1
    outer loop
      vertex 101.704 8.64015 9.1
      vertex 102.125 9.65641 9.1
      vertex 101.95 8.51865 9.1
    endloop
  endfacet
  facet normal -0 0 -1
    outer loop
      vertex 102.125 9.65641 9.1
      vertex 101.704 8.64015 9.1
      vertex 101.728 9.79096 9.1
    endloop
  endfacet
  facet normal 0 0 -1
    outer loop
      vertex 101.444 8.72844 9.1
      vertex 101.728 9.79096 9.1
      vertex 101.704 8.64015 9.1
    endloop
  endfacet
  facet normal 0 0 -1
    outer loop
      vertex 101.444 8.72844 9.1
      vertex 101.318 9.87262 9.1
      vertex 101.728 9.79096 9.1
    endloop
  endfacet
  facet normal 0 0 -1
    outer loop
      vertex 101.174 8.78203 9.1
      vertex 101.318 9.87262 9.1
      vertex 101.444 8.72844 9.1
    endloop
  endfacet
  facet normal 0 0 -1
    outer loop
      vertex 100.9 8.8 9.1
      vertex 101.318 9.87262 9.1
      vertex 101.174 8.78203 9.1
    endloop
  endfacet
  facet normal 0 0 -1
    outer loop
      vertex 100.9 8.8 9.1
      vertex 100.9 9.9 9.1
      vertex 101.318 9.87262 9.1
    endloop
  endfacet
  facet normal 0 0 -1
    outer loop
      vertex 100.626 8.78203 9.1
      vertex 100.9 9.9 9.1
      vertex 100.9 8.8 9.1
    endloop
  endfacet
  facet normal 0 0 -1
    outer loop
      vertex 100.626 8.78203 9.1
      vertex 100.482 9.87262 9.1
      vertex 100.9 9.9 9.1
    endloop
  endfacet
  facet normal 0 0 -1
    outer loop
      vertex 100.356 8.72844 9.1
      vertex 100.482 9.87262 9.1
      vertex 100.626 8.78203 9.1
    endloop
  endfacet
  facet normal 0 0 -1
    outer loop
      vertex 100.072 9.79096 9.1
      vertex 100.356 8.72844 9.1
      vertex 100.096 8.64015 9.1
    endloop
  endfacet
  facet normal 0 0 -1
    outer loop
      vertex 100.356 8.72844 9.1
      vertex 100.072 9.79096 9.1
      vertex 100.482 9.87262 9.1
    endloop
  endfacet
  facet normal 0 0 -1
    outer loop
      vertex 99.6754 9.65641 9.1
      vertex 100.096 8.64015 9.1
      vertex 99.85 8.51865 9.1
    endloop
  endfacet
  facet normal 0 0 -1
    outer loop
      vertex 100.096 8.64015 9.1
      vertex 99.6754 9.65641 9.1
      vertex 100.072 9.79096 9.1
    endloop
  endfacet
  facet normal 0 0 -1
    outer loop
      vertex 99.3 9.47128 9.1
      vertex 99.85 8.51865 9.1
      vertex 99.6216 8.36604 9.1
    endloop
  endfacet
  facet normal 0 0 -1
    outer loop
      vertex 98.952 9.23873 9.1
      vertex 99.6216 8.36604 9.1
      vertex 99.4151 8.18492 9.1
    endloop
  endfacet
  facet normal 0 0 -1
    outer loop
      vertex 99.85 8.51865 9.1
      vertex 99.3 9.47128 9.1
      vertex 99.6754 9.65641 9.1
    endloop
  endfacet
  facet normal 0 0 -1
    outer loop
      vertex 98.6373 8.96274 9.1
      vertex 99.4151 8.18492 9.1
      vertex 99.234 7.9784 9.1
    endloop
  endfacet
  facet normal 0 0 -1
    outer loop
      vertex 98.3613 8.64804 9.1
      vertex 99.234 7.9784 9.1
      vertex 99.0813 7.75 9.1
    endloop
  endfacet
  facet normal 0 0 -1
    outer loop
      vertex 98.1287 8.3 9.1
      vertex 99.0813 7.75 9.1
      vertex 98.9599 7.50363 9.1
    endloop
  endfacet
  facet normal 0 0 -1
    outer loop
      vertex 99.6216 8.36604 9.1
      vertex 98.952 9.23873 9.1
      vertex 99.3 9.47128 9.1
    endloop
  endfacet
  facet normal 0 0 -1
    outer loop
      vertex 97.9436 7.92459 9.1
      vertex 98.9599 7.50363 9.1
      vertex 98.8716 7.24352 9.1
    endloop
  endfacet
  facet normal 0 0 -1
    outer loop
      vertex 97.809 7.52822 9.1
      vertex 98.8716 7.24352 9.1
      vertex 98.818 6.9741 9.1
    endloop
  endfacet
  facet normal 0 0 -1
    outer loop
      vertex 97.7274 7.11768 9.1
      vertex 98.818 6.9741 9.1
      vertex 98.8 6.7 9.1
    endloop
  endfacet
  facet normal -0 0 -1
    outer loop
      vertex 98.9599 5.89636 9.1
      vertex 97.9436 5.47541 9.1
      vertex 98.8716 6.15648 9.1
    endloop
  endfacet
  facet normal 0 0 -1
    outer loop
      vertex 99.4151 8.18492 9.1
      vertex 98.6373 8.96274 9.1
      vertex 98.952 9.23873 9.1
    endloop
  endfacet
  facet normal 0 0 -1
    outer loop
      vertex 97.809 5.87178 9.1
      vertex 98.8716 6.15648 9.1
      vertex 97.9436 5.47541 9.1
    endloop
  endfacet
  facet normal 0 0 -1
    outer loop
      vertex 99.234 7.9784 9.1
      vertex 98.3613 8.64804 9.1
      vertex 98.6373 8.96274 9.1
    endloop
  endfacet
  facet normal -0 0 -1
    outer loop
      vertex 98.8716 6.15648 9.1
      vertex 97.809 5.87178 9.1
      vertex 98.818 6.42589 9.1
    endloop
  endfacet
  facet normal 0 0 -1
    outer loop
      vertex 99.0813 7.75 9.1
      vertex 98.1287 8.3 9.1
      vertex 98.3613 8.64804 9.1
    endloop
  endfacet
  facet normal 0 0 -1
    outer loop
      vertex 97.7274 6.28232 9.1
      vertex 98.818 6.42589 9.1
      vertex 97.809 5.87178 9.1
    endloop
  endfacet
  facet normal 0 0 -1
    outer loop
      vertex 98.9599 7.50363 9.1
      vertex 97.9436 7.92459 9.1
      vertex 98.1287 8.3 9.1
    endloop
  endfacet
  facet normal -0 0 -1
    outer loop
      vertex 98.818 6.42589 9.1
      vertex 97.7274 6.28232 9.1
      vertex 98.8 6.7 9.1
    endloop
  endfacet
  facet normal 0 0 -1
    outer loop
      vertex 98.8716 7.24352 9.1
      vertex 97.809 7.52822 9.1
      vertex 97.9436 7.92459 9.1
    endloop
  endfacet
  facet normal 0 0 -1
    outer loop
      vertex 97.7 6.7 9.1
      vertex 98.8 6.7 9.1
      vertex 97.7274 6.28232 9.1
    endloop
  endfacet
  facet normal 0 0 -1
    outer loop
      vertex 98.818 6.9741 9.1
      vertex 97.7274 7.11768 9.1
      vertex 97.809 7.52822 9.1
    endloop
  endfacet
  facet normal 0 0 -1
    outer loop
      vertex 98.8 6.7 9.1
      vertex 97.7 6.7 9.1
      vertex 97.7274 7.11768 9.1
    endloop
  endfacet
  facet normal -0.997855 -0.0654598 0
    outer loop
      vertex 97.7274 6.28232 9.1
      vertex 97.7 6.7 28.6
      vertex 97.7 6.7 9.1
    endloop
  endfacet
  facet normal -0.997855 -0.0654598 0
    outer loop
      vertex 97.7 6.7 28.6
      vertex 97.7274 6.28232 9.1
      vertex 97.7274 6.28232 28.6
    endloop
  endfacet
  facet normal -0.831418 0.555648 0
    outer loop
      vertex 98.1287 8.3 9.1
      vertex 98.3613 8.64804 28.6
      vertex 98.3613 8.64804 9.1
    endloop
  endfacet
  facet normal -0.831418 0.555648 0
    outer loop
      vertex 98.3613 8.64804 28.6
      vertex 98.1287 8.3 9.1
      vertex 98.1287 8.3 28.6
    endloop
  endfacet
  facet normal -0.195334 0.980737 0
    outer loop
      vertex 100.482 9.87262 9.1
      vertex 100.072 9.79096 28.6
      vertex 100.482 9.87262 28.6
    endloop
  endfacet
  facet normal -0.195334 0.980737 0
    outer loop
      vertex 100.072 9.79096 28.6
      vertex 100.482 9.87262 9.1
      vertex 100.072 9.79096 9.1
    endloop
  endfacet
  facet normal -0.751821 0.659367 0
    outer loop
      vertex 98.3613 8.64804 9.1
      vertex 98.6373 8.96274 28.6
      vertex 98.6373 8.96274 9.1
    endloop
  endfacet
  facet normal -0.751821 0.659367 0
    outer loop
      vertex 98.6373 8.96274 28.6
      vertex 98.3613 8.64804 9.1
      vertex 98.3613 8.64804 28.6
    endloop
  endfacet
  facet normal 0.98063 -0.195868 0
    outer loop
      vertex 103.991 5.87178 28.6
      vertex 104.073 6.28232 9.1
      vertex 104.073 6.28232 28.6
    endloop
  endfacet
  facet normal 0.98063 -0.195868 0
    outer loop
      vertex 104.073 6.28232 9.1
      vertex 103.991 5.87178 28.6
      vertex 103.991 5.87178 9.1
    endloop
  endfacet
  facet normal 0.320962 -0.947092 0
    outer loop
      vertex 101.728 3.60904 9.1
      vertex 102.125 3.74358 28.6
      vertex 101.728 3.60904 28.6
    endloop
  endfacet
  facet normal 0.320962 -0.947092 0
    outer loop
      vertex 102.125 3.74358 28.6
      vertex 101.728 3.60904 9.1
      vertex 102.125 3.74358 9.1
    endloop
  endfacet
  facet normal 0.946602 0.322404 0
    outer loop
      vertex 103.991 7.52822 28.6
      vertex 103.856 7.92459 9.1
      vertex 103.856 7.92459 28.6
    endloop
  endfacet
  facet normal 0.946602 0.322404 0
    outer loop
      vertex 103.856 7.92459 9.1
      vertex 103.991 7.52822 28.6
      vertex 103.991 7.52822 9.1
    endloop
  endfacet
  facet normal 0.751821 0.659367 0
    outer loop
      vertex 103.439 8.64804 28.6
      vertex 103.163 8.96274 9.1
      vertex 103.163 8.96274 28.6
    endloop
  endfacet
  facet normal 0.751821 0.659367 0
    outer loop
      vertex 103.163 8.96274 9.1
      vertex 103.439 8.64804 28.6
      vertex 103.439 8.64804 9.1
    endloop
  endfacet
  facet normal -0.0653623 0.997862 0
    outer loop
      vertex 100.9 9.9 9.1
      vertex 100.482 9.87262 28.6
      vertex 100.9 9.9 28.6
    endloop
  endfacet
  facet normal -0.0653623 0.997862 0
    outer loop
      vertex 100.482 9.87262 28.6
      vertex 100.9 9.9 9.1
      vertex 100.482 9.87262 9.1
    endloop
  endfacet
  facet normal 0.442674 0.896683 -0
    outer loop
      vertex 102.5 9.47128 9.1
      vertex 102.125 9.65641 28.6
      vertex 102.5 9.47128 28.6
    endloop
  endfacet
  facet normal 0.442674 0.896683 0
    outer loop
      vertex 102.125 9.65641 28.6
      vertex 102.5 9.47128 9.1
      vertex 102.125 9.65641 9.1
    endloop
  endfacet
  facet normal -0.896903 0.442228 0
    outer loop
      vertex 97.9436 7.92459 9.1
      vertex 98.1287 8.3 28.6
      vertex 98.1287 8.3 9.1
    endloop
  endfacet
  facet normal -0.896903 0.442228 0
    outer loop
      vertex 98.1287 8.3 28.6
      vertex 97.9436 7.92459 9.1
      vertex 97.9436 7.92459 28.6
    endloop
  endfacet
  facet normal -0.321273 0.946986 0
    outer loop
      vertex 100.072 9.79096 9.1
      vertex 99.6754 9.65641 28.6
      vertex 100.072 9.79096 28.6
    endloop
  endfacet
  facet normal -0.321273 0.946986 0
    outer loop
      vertex 99.6754 9.65641 28.6
      vertex 100.072 9.79096 9.1
      vertex 99.6754 9.65641 9.1
    endloop
  endfacet
  facet normal -0.55561 0.831443 0
    outer loop
      vertex 99.3 9.47128 9.1
      vertex 98.952 9.23873 28.6
      vertex 99.3 9.47128 28.6
    endloop
  endfacet
  facet normal -0.55561 0.831443 0
    outer loop
      vertex 98.952 9.23873 28.6
      vertex 99.3 9.47128 9.1
      vertex 98.952 9.23873 9.1
    endloop
  endfacet
  facet normal -0.659353 0.751833 0
    outer loop
      vertex 98.952 9.23873 9.1
      vertex 98.6373 8.96274 28.6
      vertex 98.952 9.23873 28.6
    endloop
  endfacet
  facet normal -0.659353 0.751833 0
    outer loop
      vertex 98.6373 8.96274 28.6
      vertex 98.952 9.23873 9.1
      vertex 98.6373 8.96274 9.1
    endloop
  endfacet
  facet normal 0.997917 0.0645081 0
    outer loop
      vertex 104.1 6.7 28.6
      vertex 104.073 7.11768 9.1
      vertex 104.073 7.11768 28.6
    endloop
  endfacet
  facet normal 0.997917 0.0645081 0
    outer loop
      vertex 104.073 7.11768 9.1
      vertex 104.1 6.7 28.6
      vertex 104.1 6.7 9.1
    endloop
  endfacet
  facet normal 0.997917 -0.0645081 0
    outer loop
      vertex 104.073 6.28232 28.6
      vertex 104.1 6.7 9.1
      vertex 104.1 6.7 28.6
    endloop
  endfacet
  facet normal 0.997917 -0.0645081 0
    outer loop
      vertex 104.1 6.7 9.1
      vertex 104.073 6.28232 28.6
      vertex 104.073 6.28232 9.1
    endloop
  endfacet
  facet normal 0.195334 -0.980737 0
    outer loop
      vertex 101.318 3.52738 9.1
      vertex 101.728 3.60904 28.6
      vertex 101.318 3.52738 28.6
    endloop
  endfacet
  facet normal 0.195334 -0.980737 0
    outer loop
      vertex 101.728 3.60904 28.6
      vertex 101.318 3.52738 9.1
      vertex 101.728 3.60904 9.1
    endloop
  endfacet
  facet normal 0.98063 0.195868 0
    outer loop
      vertex 104.073 7.11768 28.6
      vertex 103.991 7.52822 9.1
      vertex 103.991 7.52822 28.6
    endloop
  endfacet
  facet normal 0.98063 0.195868 0
    outer loop
      vertex 103.991 7.52822 9.1
      vertex 104.073 7.11768 28.6
      vertex 104.073 7.11768 9.1
    endloop
  endfacet
  facet normal -0.997855 0.0654598 0
    outer loop
      vertex 97.7 6.7 9.1
      vertex 97.7274 7.11768 28.6
      vertex 97.7274 7.11768 9.1
    endloop
  endfacet
  facet normal -0.997855 0.0654598 0
    outer loop
      vertex 97.7274 7.11768 28.6
      vertex 97.7 6.7 9.1
      vertex 97.7 6.7 28.6
    endloop
  endfacet
  facet normal 0.55561 -0.831443 0
    outer loop
      vertex 102.5 3.92872 9.1
      vertex 102.848 4.16127 28.6
      vertex 102.5 3.92872 28.6
    endloop
  endfacet
  facet normal 0.55561 -0.831443 0
    outer loop
      vertex 102.848 4.16127 28.6
      vertex 102.5 3.92872 9.1
      vertex 102.848 4.16127 9.1
    endloop
  endfacet
  facet normal 0.751821 -0.659367 0
    outer loop
      vertex 103.163 4.43726 28.6
      vertex 103.439 4.75196 9.1
      vertex 103.439 4.75196 28.6
    endloop
  endfacet
  facet normal 0.751821 -0.659367 0
    outer loop
      vertex 103.439 4.75196 9.1
      vertex 103.163 4.43726 28.6
      vertex 103.163 4.43726 9.1
    endloop
  endfacet
  facet normal 0.83208 -0.554656 0
    outer loop
      vertex 103.439 4.75196 28.6
      vertex 103.671 5.1 9.1
      vertex 103.671 5.1 28.6
    endloop
  endfacet
  facet normal 0.83208 -0.554656 0
    outer loop
      vertex 103.671 5.1 9.1
      vertex 103.439 4.75196 28.6
      vertex 103.439 4.75196 9.1
    endloop
  endfacet
  facet normal -0.321252 -0.946994 0
    outer loop
      vertex 99.6754 3.74358 9.1
      vertex 100.072 3.60904 28.6
      vertex 99.6754 3.74358 28.6
    endloop
  endfacet
  facet normal -0.321252 -0.946994 -0
    outer loop
      vertex 100.072 3.60904 28.6
      vertex 99.6754 3.74358 9.1
      vertex 100.072 3.60904 9.1
    endloop
  endfacet
  facet normal 0.0653623 -0.997862 0
    outer loop
      vertex 100.9 3.5 9.1
      vertex 101.318 3.52738 28.6
      vertex 100.9 3.5 28.6
    endloop
  endfacet
  facet normal 0.0653623 -0.997862 0
    outer loop
      vertex 101.318 3.52738 28.6
      vertex 100.9 3.5 9.1
      vertex 101.318 3.52738 9.1
    endloop
  endfacet
  facet normal -0.980813 -0.194949 0
    outer loop
      vertex 97.809 5.87178 9.1
      vertex 97.7274 6.28232 28.6
      vertex 97.7274 6.28232 9.1
    endloop
  endfacet
  facet normal -0.980813 -0.194949 0
    outer loop
      vertex 97.7274 6.28232 28.6
      vertex 97.809 5.87178 9.1
      vertex 97.809 5.87178 28.6
    endloop
  endfacet
  facet normal -0.896903 -0.442228 0
    outer loop
      vertex 98.1287 5.1 9.1
      vertex 97.9436 5.47541 28.6
      vertex 97.9436 5.47541 9.1
    endloop
  endfacet
  facet normal -0.896903 -0.442228 0
    outer loop
      vertex 97.9436 5.47541 28.6
      vertex 98.1287 5.1 9.1
      vertex 98.1287 5.1 28.6
    endloop
  endfacet
  facet normal -0.659353 -0.751833 0
    outer loop
      vertex 98.6373 4.43726 9.1
      vertex 98.952 4.16127 28.6
      vertex 98.6373 4.43726 28.6
    endloop
  endfacet
  facet normal -0.659353 -0.751833 -0
    outer loop
      vertex 98.952 4.16127 28.6
      vertex 98.6373 4.43726 9.1
      vertex 98.952 4.16127 9.1
    endloop
  endfacet
  facet normal 0.946602 -0.322404 0
    outer loop
      vertex 103.856 5.47541 28.6
      vertex 103.991 5.87178 9.1
      vertex 103.991 5.87178 28.6
    endloop
  endfacet
  facet normal 0.946602 -0.322404 0
    outer loop
      vertex 103.991 5.87178 9.1
      vertex 103.856 5.47541 28.6
      vertex 103.856 5.47541 9.1
    endloop
  endfacet
  facet normal 0.896998 -0.442036 0
    outer loop
      vertex 103.671 5.1 28.6
      vertex 103.856 5.47541 9.1
      vertex 103.856 5.47541 28.6
    endloop
  endfacet
  facet normal 0.896998 -0.442036 0
    outer loop
      vertex 103.856 5.47541 9.1
      vertex 103.671 5.1 28.6
      vertex 103.671 5.1 9.1
    endloop
  endfacet
  facet normal 0.658998 -0.752145 0
    outer loop
      vertex 102.848 4.16127 9.1
      vertex 103.163 4.43726 28.6
      vertex 102.848 4.16127 28.6
    endloop
  endfacet
  facet normal 0.658998 -0.752145 0
    outer loop
      vertex 103.163 4.43726 28.6
      vertex 102.848 4.16127 9.1
      vertex 103.163 4.43726 9.1
    endloop
  endfacet
  facet normal -0.195334 -0.980737 0
    outer loop
      vertex 100.072 3.60904 9.1
      vertex 100.482 3.52738 28.6
      vertex 100.072 3.60904 28.6
    endloop
  endfacet
  facet normal -0.195334 -0.980737 -0
    outer loop
      vertex 100.482 3.52738 28.6
      vertex 100.072 3.60904 9.1
      vertex 100.482 3.52738 9.1
    endloop
  endfacet
  facet normal -0.946893 -0.321548 0
    outer loop
      vertex 97.9436 5.47541 9.1
      vertex 97.809 5.87178 28.6
      vertex 97.809 5.87178 9.1
    endloop
  endfacet
  facet normal -0.946893 -0.321548 0
    outer loop
      vertex 97.809 5.87178 28.6
      vertex 97.9436 5.47541 9.1
      vertex 97.9436 5.47541 28.6
    endloop
  endfacet
  facet normal -0.751821 -0.659367 0
    outer loop
      vertex 98.6373 4.43726 9.1
      vertex 98.3613 4.75196 28.6
      vertex 98.3613 4.75196 9.1
    endloop
  endfacet
  facet normal -0.751821 -0.659367 0
    outer loop
      vertex 98.3613 4.75196 28.6
      vertex 98.6373 4.43726 9.1
      vertex 98.6373 4.43726 28.6
    endloop
  endfacet
  facet normal -0.831418 -0.555648 0
    outer loop
      vertex 98.3613 4.75196 9.1
      vertex 98.1287 5.1 28.6
      vertex 98.1287 5.1 9.1
    endloop
  endfacet
  facet normal -0.831418 -0.555648 0
    outer loop
      vertex 98.1287 5.1 28.6
      vertex 98.3613 4.75196 9.1
      vertex 98.3613 4.75196 28.6
    endloop
  endfacet
  facet normal -0.55561 -0.831443 0
    outer loop
      vertex 98.952 4.16127 9.1
      vertex 99.3 3.92872 28.6
      vertex 98.952 4.16127 28.6
    endloop
  endfacet
  facet normal -0.55561 -0.831443 -0
    outer loop
      vertex 99.3 3.92872 28.6
      vertex 98.952 4.16127 9.1
      vertex 99.3 3.92872 9.1
    endloop
  endfacet
  facet normal -0.442314 -0.89686 0
    outer loop
      vertex 99.3 3.92872 9.1
      vertex 99.6754 3.74358 28.6
      vertex 99.3 3.92872 28.6
    endloop
  endfacet
  facet normal -0.442314 -0.89686 -0
    outer loop
      vertex 99.6754 3.74358 28.6
      vertex 99.3 3.92872 9.1
      vertex 99.6754 3.74358 9.1
    endloop
  endfacet
  facet normal -0.0653623 -0.997862 0
    outer loop
      vertex 100.482 3.52738 9.1
      vertex 100.9 3.5 28.6
      vertex 100.482 3.52738 28.6
    endloop
  endfacet
  facet normal -0.0653623 -0.997862 -0
    outer loop
      vertex 100.9 3.5 28.6
      vertex 100.482 3.52738 9.1
      vertex 100.9 3.5 9.1
    endloop
  endfacet
  facet normal 0.831443 0.55561 0
    outer loop
      vertex 9.17128 56.2 28.6
      vertex 8.93873 56.548 9.1
      vertex 8.93873 56.548 28.6
    endloop
  endfacet
  facet normal 0.831443 0.55561 0
    outer loop
      vertex 8.93873 56.548 9.1
      vertex 9.17128 56.2 28.6
      vertex 9.17128 56.2 9.1
    endloop
  endfacet
  facet normal 0.321548 0.946893 -0
    outer loop
      vertex 7.62459 57.5564 9.1
      vertex 7.22822 57.691 28.6
      vertex 7.62459 57.5564 28.6
    endloop
  endfacet
  facet normal 0.321548 0.946893 0
    outer loop
      vertex 7.22822 57.691 28.6
      vertex 7.62459 57.5564 9.1
      vertex 7.22822 57.691 9.1
    endloop
  endfacet
  facet normal -0.442228 0.896903 0
    outer loop
      vertex 5.17541 57.5564 9.1
      vertex 4.8 57.3713 28.6
      vertex 5.17541 57.5564 28.6
    endloop
  endfacet
  facet normal -0.442228 0.896903 0
    outer loop
      vertex 4.8 57.3713 28.6
      vertex 5.17541 57.5564 9.1
      vertex 4.8 57.3713 9.1
    endloop
  endfacet
  facet normal -0.89687 0.442295 0
    outer loop
      vertex 3.44359 55.8246 9.1
      vertex 3.62872 56.2 28.6
      vertex 3.62872 56.2 9.1
    endloop
  endfacet
  facet normal -0.89687 0.442295 0
    outer loop
      vertex 3.62872 56.2 28.6
      vertex 3.44359 55.8246 9.1
      vertex 3.44359 55.8246 28.6
    endloop
  endfacet
  facet normal 0.997859 -0.0654091 0
    outer loop
      vertex 9.57262 54.1823 28.6
      vertex 9.6 54.6 9.1
      vertex 9.6 54.6 28.6
    endloop
  endfacet
  facet normal 0.997859 -0.0654091 0
    outer loop
      vertex 9.6 54.6 9.1
      vertex 9.57262 54.1823 28.6
      vertex 9.57262 54.1823 9.1
    endloop
  endfacet
  facet normal 0.980782 0.195105 0
    outer loop
      vertex 9.57262 55.0177 28.6
      vertex 9.49096 55.4282 9.1
      vertex 9.49096 55.4282 28.6
    endloop
  endfacet
  facet normal 0.980782 0.195105 0
    outer loop
      vertex 9.49096 55.4282 9.1
      vertex 9.57262 55.0177 28.6
      vertex 9.57262 55.0177 9.1
    endloop
  endfacet
  facet normal 0.659367 0.751821 -0
    outer loop
      vertex 8.66274 56.8627 9.1
      vertex 8.34804 57.1387 28.6
      vertex 8.66274 56.8627 28.6
    endloop
  endfacet
  facet normal 0.659367 0.751821 0
    outer loop
      vertex 8.34804 57.1387 28.6
      vertex 8.66274 56.8627 9.1
      vertex 8.34804 57.1387 9.1
    endloop
  endfacet
  facet normal 0.555648 0.831418 -0
    outer loop
      vertex 8.34804 57.1387 9.1
      vertex 8 57.3713 28.6
      vertex 8.34804 57.1387 28.6
    endloop
  endfacet
  facet normal 0.555648 0.831418 0
    outer loop
      vertex 8 57.3713 28.6
      vertex 8.34804 57.1387 9.1
      vertex 8 57.3713 9.1
    endloop
  endfacet
  facet normal -0.997859 0.0654091 0
    outer loop
      vertex 3.2 54.6 9.1
      vertex 3.22738 55.0177 28.6
      vertex 3.22738 55.0177 9.1
    endloop
  endfacet
  facet normal -0.997859 0.0654091 0
    outer loop
      vertex 3.22738 55.0177 28.6
      vertex 3.2 54.6 9.1
      vertex 3.2 54.6 28.6
    endloop
  endfacet
  facet normal -0.751833 0.659353 0
    outer loop
      vertex 3.86127 56.548 9.1
      vertex 4.13726 56.8627 28.6
      vertex 4.13726 56.8627 9.1
    endloop
  endfacet
  facet normal -0.751833 0.659353 0
    outer loop
      vertex 4.13726 56.8627 28.6
      vertex 3.86127 56.548 9.1
      vertex 3.86127 56.548 28.6
    endloop
  endfacet
  facet normal -0.555648 0.831418 0
    outer loop
      vertex 4.8 57.3713 9.1
      vertex 4.45196 57.1387 28.6
      vertex 4.8 57.3713 28.6
    endloop
  endfacet
  facet normal -0.555648 0.831418 0
    outer loop
      vertex 4.45196 57.1387 28.6
      vertex 4.8 57.3713 9.1
      vertex 4.45196 57.1387 9.1
    endloop
  endfacet
  facet normal -0.194949 0.980813 0
    outer loop
      vertex 5.98232 57.7726 9.1
      vertex 5.57178 57.691 28.6
      vertex 5.98232 57.7726 28.6
    endloop
  endfacet
  facet normal -0.194949 0.980813 0
    outer loop
      vertex 5.57178 57.691 28.6
      vertex 5.98232 57.7726 9.1
      vertex 5.57178 57.691 9.1
    endloop
  endfacet
  facet normal -0.659367 0.751821 0
    outer loop
      vertex 4.45196 57.1387 9.1
      vertex 4.13726 56.8627 28.6
      vertex 4.45196 57.1387 28.6
    endloop
  endfacet
  facet normal -0.659367 0.751821 0
    outer loop
      vertex 4.13726 56.8627 28.6
      vertex 4.45196 57.1387 9.1
      vertex 4.13726 56.8627 9.1
    endloop
  endfacet
  facet normal 0.555648 -0.831418 0
    outer loop
      vertex 8 51.8287 9.1
      vertex 8.34804 52.0613 28.6
      vertex 8 51.8287 28.6
    endloop
  endfacet
  facet normal 0.555648 -0.831418 0
    outer loop
      vertex 8.34804 52.0613 28.6
      vertex 8 51.8287 9.1
      vertex 8.34804 52.0613 9.1
    endloop
  endfacet
  facet normal -0.659367 -0.751821 0
    outer loop
      vertex 4.13726 52.3373 9.1
      vertex 4.45196 52.0613 28.6
      vertex 4.13726 52.3373 28.6
    endloop
  endfacet
  facet normal -0.659367 -0.751821 -0
    outer loop
      vertex 4.45196 52.0613 28.6
      vertex 4.13726 52.3373 9.1
      vertex 4.45196 52.0613 9.1
    endloop
  endfacet
  facet normal -0.89687 -0.442295 0
    outer loop
      vertex 3.62872 53 9.1
      vertex 3.44359 53.3754 28.6
      vertex 3.44359 53.3754 9.1
    endloop
  endfacet
  facet normal -0.89687 -0.442295 0
    outer loop
      vertex 3.44359 53.3754 28.6
      vertex 3.62872 53 9.1
      vertex 3.62872 53 28.6
    endloop
  endfacet
  facet normal 0.751833 0.659353 0
    outer loop
      vertex 8.93873 56.548 28.6
      vertex 8.66274 56.8627 9.1
      vertex 8.66274 56.8627 28.6
    endloop
  endfacet
  facet normal 0.751833 0.659353 0
    outer loop
      vertex 8.66274 56.8627 9.1
      vertex 8.93873 56.548 28.6
      vertex 8.93873 56.548 9.1
    endloop
  endfacet
  facet normal -0.0654598 0.997855 0
    outer loop
      vertex 6.4 57.8 9.1
      vertex 5.98232 57.7726 28.6
      vertex 6.4 57.8 28.6
    endloop
  endfacet
  facet normal -0.0654598 0.997855 0
    outer loop
      vertex 5.98232 57.7726 28.6
      vertex 6.4 57.8 9.1
      vertex 5.98232 57.7726 9.1
    endloop
  endfacet
  facet normal 0.194949 0.980813 -0
    outer loop
      vertex 7.22822 57.691 9.1
      vertex 6.81768 57.7726 28.6
      vertex 7.22822 57.691 28.6
    endloop
  endfacet
  facet normal 0.194949 0.980813 0
    outer loop
      vertex 6.81768 57.7726 28.6
      vertex 7.22822 57.691 9.1
      vertex 6.81768 57.7726 9.1
    endloop
  endfacet
  facet normal 0.442228 0.896903 -0
    outer loop
      vertex 8 57.3713 9.1
      vertex 7.62459 57.5564 28.6
      vertex 8 57.3713 28.6
    endloop
  endfacet
  facet normal 0.442228 0.896903 0
    outer loop
      vertex 7.62459 57.5564 28.6
      vertex 8 57.3713 9.1
      vertex 7.62459 57.5564 9.1
    endloop
  endfacet
  facet normal -0.946937 0.321419 0
    outer loop
      vertex 3.30904 55.4282 9.1
      vertex 3.44359 55.8246 28.6
      vertex 3.44359 55.8246 9.1
    endloop
  endfacet
  facet normal -0.946937 0.321419 0
    outer loop
      vertex 3.44359 55.8246 28.6
      vertex 3.30904 55.4282 9.1
      vertex 3.30904 55.4282 28.6
    endloop
  endfacet
  facet normal -0.980782 0.195105 0
    outer loop
      vertex 3.22738 55.0177 9.1
      vertex 3.30904 55.4282 28.6
      vertex 3.30904 55.4282 9.1
    endloop
  endfacet
  facet normal -0.980782 0.195105 0
    outer loop
      vertex 3.30904 55.4282 28.6
      vertex 3.22738 55.0177 9.1
      vertex 3.22738 55.0177 28.6
    endloop
  endfacet
  facet normal -0.831443 0.55561 0
    outer loop
      vertex 3.62872 56.2 9.1
      vertex 3.86127 56.548 28.6
      vertex 3.86127 56.548 9.1
    endloop
  endfacet
  facet normal -0.831443 0.55561 0
    outer loop
      vertex 3.86127 56.548 28.6
      vertex 3.62872 56.2 9.1
      vertex 3.62872 56.2 28.6
    endloop
  endfacet
  facet normal -0.321548 0.946893 0
    outer loop
      vertex 5.57178 57.691 9.1
      vertex 5.17541 57.5564 28.6
      vertex 5.57178 57.691 28.6
    endloop
  endfacet
  facet normal -0.321548 0.946893 0
    outer loop
      vertex 5.17541 57.5564 28.6
      vertex 5.57178 57.691 9.1
      vertex 5.17541 57.5564 9.1
    endloop
  endfacet
  facet normal 0.997859 0.0654091 0
    outer loop
      vertex 9.6 54.6 28.6
      vertex 9.57262 55.0177 9.1
      vertex 9.57262 55.0177 28.6
    endloop
  endfacet
  facet normal 0.997859 0.0654091 0
    outer loop
      vertex 9.57262 55.0177 9.1
      vertex 9.6 54.6 28.6
      vertex 9.6 54.6 9.1
    endloop
  endfacet
  facet normal 0.980782 -0.195105 0
    outer loop
      vertex 9.49096 53.7718 28.6
      vertex 9.57262 54.1823 9.1
      vertex 9.57262 54.1823 28.6
    endloop
  endfacet
  facet normal 0.980782 -0.195105 0
    outer loop
      vertex 9.57262 54.1823 9.1
      vertex 9.49096 53.7718 28.6
      vertex 9.49096 53.7718 9.1
    endloop
  endfacet
  facet normal 0.0654598 -0.997855 0
    outer loop
      vertex 6.4 51.4 9.1
      vertex 6.81768 51.4274 28.6
      vertex 6.4 51.4 28.6
    endloop
  endfacet
  facet normal 0.0654598 -0.997855 0
    outer loop
      vertex 6.81768 51.4274 28.6
      vertex 6.4 51.4 9.1
      vertex 6.81768 51.4274 9.1
    endloop
  endfacet
  facet normal 0 0 -1
    outer loop
      vertex 8.5 54.6 9.1
      vertex 9.6 54.6 9.1
      vertex 9.57262 54.1823 9.1
    endloop
  endfacet
  facet normal 0 0 -1
    outer loop
      vertex 8.48203 54.3259 9.1
      vertex 9.57262 54.1823 9.1
      vertex 9.49096 53.7718 9.1
    endloop
  endfacet
  facet normal 0 0 -1
    outer loop
      vertex 9.6 54.6 9.1
      vertex 8.5 54.6 9.1
      vertex 9.57262 55.0177 9.1
    endloop
  endfacet
  facet normal 0 0 -1
    outer loop
      vertex 8.42844 54.0565 9.1
      vertex 9.49096 53.7718 9.1
      vertex 9.35641 53.3754 9.1
    endloop
  endfacet
  facet normal 0 0 -1
    outer loop
      vertex 8.48203 54.8741 9.1
      vertex 9.57262 55.0177 9.1
      vertex 8.5 54.6 9.1
    endloop
  endfacet
  facet normal 0 0 -1
    outer loop
      vertex 8.34015 53.7964 9.1
      vertex 9.35641 53.3754 9.1
      vertex 9.17128 53 9.1
    endloop
  endfacet
  facet normal -0 0 -1
    outer loop
      vertex 9.57262 55.0177 9.1
      vertex 8.48203 54.8741 9.1
      vertex 9.49096 55.4282 9.1
    endloop
  endfacet
  facet normal 0 0 -1
    outer loop
      vertex 8.21865 53.55 9.1
      vertex 9.17128 53 9.1
      vertex 8.93873 52.652 9.1
    endloop
  endfacet
  facet normal 0 0 -1
    outer loop
      vertex 8.42844 55.1435 9.1
      vertex 9.49096 55.4282 9.1
      vertex 8.48203 54.8741 9.1
    endloop
  endfacet
  facet normal 0 0 -1
    outer loop
      vertex 8.06604 53.3216 9.1
      vertex 8.93873 52.652 9.1
      vertex 8.66274 52.3373 9.1
    endloop
  endfacet
  facet normal -0 0 -1
    outer loop
      vertex 9.49096 55.4282 9.1
      vertex 8.42844 55.1435 9.1
      vertex 9.35641 55.8246 9.1
    endloop
  endfacet
  facet normal 0 0 -1
    outer loop
      vertex 8.34015 55.4036 9.1
      vertex 9.35641 55.8246 9.1
      vertex 8.42844 55.1435 9.1
    endloop
  endfacet
  facet normal 0 0 -1
    outer loop
      vertex 9.57262 54.1823 9.1
      vertex 8.48203 54.3259 9.1
      vertex 8.5 54.6 9.1
    endloop
  endfacet
  facet normal 0 0 -1
    outer loop
      vertex 9.49096 53.7718 9.1
      vertex 8.42844 54.0565 9.1
      vertex 8.48203 54.3259 9.1
    endloop
  endfacet
  facet normal 0 0 -1
    outer loop
      vertex 7.88492 53.1151 9.1
      vertex 8.66274 52.3373 9.1
      vertex 8.34804 52.0613 9.1
    endloop
  endfacet
  facet normal 0 0 -1
    outer loop
      vertex 9.35641 53.3754 9.1
      vertex 8.34015 53.7964 9.1
      vertex 8.42844 54.0565 9.1
    endloop
  endfacet
  facet normal 0 0 -1
    outer loop
      vertex 9.17128 53 9.1
      vertex 8.21865 53.55 9.1
      vertex 8.34015 53.7964 9.1
    endloop
  endfacet
  facet normal 0 0 -1
    outer loop
      vertex 8.93873 52.652 9.1
      vertex 8.06604 53.3216 9.1
      vertex 8.21865 53.55 9.1
    endloop
  endfacet
  facet normal 0 0 -1
    outer loop
      vertex 7.6784 52.934 9.1
      vertex 8.34804 52.0613 9.1
      vertex 8 51.8287 9.1
    endloop
  endfacet
  facet normal 0 0 -1
    outer loop
      vertex 8.66274 52.3373 9.1
      vertex 7.88492 53.1151 9.1
      vertex 8.06604 53.3216 9.1
    endloop
  endfacet
  facet normal 0 0 -1
    outer loop
      vertex 8.34804 52.0613 9.1
      vertex 7.6784 52.934 9.1
      vertex 7.88492 53.1151 9.1
    endloop
  endfacet
  facet normal 0 0 -1
    outer loop
      vertex 7.45 52.7813 9.1
      vertex 8 51.8287 9.1
      vertex 7.62459 51.6436 9.1
    endloop
  endfacet
  facet normal 0 0 -1
    outer loop
      vertex 8 51.8287 9.1
      vertex 7.45 52.7813 9.1
      vertex 7.6784 52.934 9.1
    endloop
  endfacet
  facet normal 0 0 -1
    outer loop
      vertex 7.20363 52.6599 9.1
      vertex 7.62459 51.6436 9.1
      vertex 7.22822 51.509 9.1
    endloop
  endfacet
  facet normal 0 0 -1
    outer loop
      vertex 7.62459 51.6436 9.1
      vertex 7.20363 52.6599 9.1
      vertex 7.45 52.7813 9.1
    endloop
  endfacet
  facet normal 0 0 -1
    outer loop
      vertex 7.22822 51.509 9.1
      vertex 6.94352 52.5716 9.1
      vertex 7.20363 52.6599 9.1
    endloop
  endfacet
  facet normal 0 0 -1
    outer loop
      vertex 6.81768 51.4274 9.1
      vertex 6.94352 52.5716 9.1
      vertex 7.22822 51.509 9.1
    endloop
  endfacet
  facet normal 0 0 -1
    outer loop
      vertex 6.81768 51.4274 9.1
      vertex 6.6741 52.518 9.1
      vertex 6.94352 52.5716 9.1
    endloop
  endfacet
  facet normal 0 0 -1
    outer loop
      vertex 6.4 51.4 9.1
      vertex 6.6741 52.518 9.1
      vertex 6.81768 51.4274 9.1
    endloop
  endfacet
  facet normal 0 0 -1
    outer loop
      vertex 6.4 51.4 9.1
      vertex 6.4 52.5 9.1
      vertex 6.6741 52.518 9.1
    endloop
  endfacet
  facet normal 0 0 -1
    outer loop
      vertex 6.4 51.4 9.1
      vertex 6.12589 52.518 9.1
      vertex 6.4 52.5 9.1
    endloop
  endfacet
  facet normal 0 0 -1
    outer loop
      vertex 5.98232 51.4274 9.1
      vertex 6.12589 52.518 9.1
      vertex 6.4 51.4 9.1
    endloop
  endfacet
  facet normal 0 0 -1
    outer loop
      vertex 5.98232 51.4274 9.1
      vertex 5.85648 52.5716 9.1
      vertex 6.12589 52.518 9.1
    endloop
  endfacet
  facet normal 0 0 -1
    outer loop
      vertex 5.57178 51.509 9.1
      vertex 5.85648 52.5716 9.1
      vertex 5.98232 51.4274 9.1
    endloop
  endfacet
  facet normal -0 0 -1
    outer loop
      vertex 5.85648 52.5716 9.1
      vertex 5.57178 51.509 9.1
      vertex 5.59636 52.6599 9.1
    endloop
  endfacet
  facet normal 0 0 -1
    outer loop
      vertex 5.17541 51.6436 9.1
      vertex 5.59636 52.6599 9.1
      vertex 5.57178 51.509 9.1
    endloop
  endfacet
  facet normal -0 0 -1
    outer loop
      vertex 5.59636 52.6599 9.1
      vertex 5.17541 51.6436 9.1
      vertex 5.35 52.7813 9.1
    endloop
  endfacet
  facet normal 0 0 -1
    outer loop
      vertex 4.8 51.8287 9.1
      vertex 5.35 52.7813 9.1
      vertex 5.17541 51.6436 9.1
    endloop
  endfacet
  facet normal -0 0 -1
    outer loop
      vertex 5.35 52.7813 9.1
      vertex 4.8 51.8287 9.1
      vertex 5.1216 52.934 9.1
    endloop
  endfacet
  facet normal 0 0 -1
    outer loop
      vertex 4.45196 52.0613 9.1
      vertex 5.1216 52.934 9.1
      vertex 4.8 51.8287 9.1
    endloop
  endfacet
  facet normal -0 0 -1
    outer loop
      vertex 5.1216 52.934 9.1
      vertex 4.45196 52.0613 9.1
      vertex 4.91508 53.1151 9.1
    endloop
  endfacet
  facet normal 0 0 -1
    outer loop
      vertex 4.13726 52.3373 9.1
      vertex 4.91508 53.1151 9.1
      vertex 4.45196 52.0613 9.1
    endloop
  endfacet
  facet normal -0 0 -1
    outer loop
      vertex 4.91508 53.1151 9.1
      vertex 4.13726 52.3373 9.1
      vertex 4.73396 53.3216 9.1
    endloop
  endfacet
  facet normal 0 0 -1
    outer loop
      vertex 3.86127 52.652 9.1
      vertex 4.73396 53.3216 9.1
      vertex 4.13726 52.3373 9.1
    endloop
  endfacet
  facet normal -0 0 -1
    outer loop
      vertex 4.73396 53.3216 9.1
      vertex 3.86127 52.652 9.1
      vertex 4.58135 53.55 9.1
    endloop
  endfacet
  facet normal 0 0 -1
    outer loop
      vertex 3.62872 53 9.1
      vertex 4.58135 53.55 9.1
      vertex 3.86127 52.652 9.1
    endloop
  endfacet
  facet normal -0 0 -1
    outer loop
      vertex 4.58135 53.55 9.1
      vertex 3.62872 53 9.1
      vertex 4.45985 53.7964 9.1
    endloop
  endfacet
  facet normal 0 0 -1
    outer loop
      vertex 3.44359 53.3754 9.1
      vertex 4.45985 53.7964 9.1
      vertex 3.62872 53 9.1
    endloop
  endfacet
  facet normal -0 0 -1
    outer loop
      vertex 9.35641 55.8246 9.1
      vertex 8.34015 55.4036 9.1
      vertex 9.17128 56.2 9.1
    endloop
  endfacet
  facet normal 0 0 -1
    outer loop
      vertex 8.21865 55.65 9.1
      vertex 9.17128 56.2 9.1
      vertex 8.34015 55.4036 9.1
    endloop
  endfacet
  facet normal -0 0 -1
    outer loop
      vertex 9.17128 56.2 9.1
      vertex 8.21865 55.65 9.1
      vertex 8.93873 56.548 9.1
    endloop
  endfacet
  facet normal 0 0 -1
    outer loop
      vertex 8.06604 55.8784 9.1
      vertex 8.93873 56.548 9.1
      vertex 8.21865 55.65 9.1
    endloop
  endfacet
  facet normal -0 0 -1
    outer loop
      vertex 8.93873 56.548 9.1
      vertex 8.06604 55.8784 9.1
      vertex 8.66274 56.8627 9.1
    endloop
  endfacet
  facet normal 0 0 -1
    outer loop
      vertex 7.88492 56.0849 9.1
      vertex 8.66274 56.8627 9.1
      vertex 8.06604 55.8784 9.1
    endloop
  endfacet
  facet normal -0 0 -1
    outer loop
      vertex 8.66274 56.8627 9.1
      vertex 7.88492 56.0849 9.1
      vertex 8.34804 57.1387 9.1
    endloop
  endfacet
  facet normal 0 0 -1
    outer loop
      vertex 7.6784 56.266 9.1
      vertex 8.34804 57.1387 9.1
      vertex 7.88492 56.0849 9.1
    endloop
  endfacet
  facet normal -0 0 -1
    outer loop
      vertex 8.34804 57.1387 9.1
      vertex 7.6784 56.266 9.1
      vertex 8 57.3713 9.1
    endloop
  endfacet
  facet normal 0 0 -1
    outer loop
      vertex 7.45 56.4187 9.1
      vertex 8 57.3713 9.1
      vertex 7.6784 56.266 9.1
    endloop
  endfacet
  facet normal -0 0 -1
    outer loop
      vertex 8 57.3713 9.1
      vertex 7.45 56.4187 9.1
      vertex 7.62459 57.5564 9.1
    endloop
  endfacet
  facet normal 0 0 -1
    outer loop
      vertex 7.20363 56.5401 9.1
      vertex 7.62459 57.5564 9.1
      vertex 7.45 56.4187 9.1
    endloop
  endfacet
  facet normal -0 0 -1
    outer loop
      vertex 7.62459 57.5564 9.1
      vertex 7.20363 56.5401 9.1
      vertex 7.22822 57.691 9.1
    endloop
  endfacet
  facet normal 0 0 -1
    outer loop
      vertex 6.94352 56.6284 9.1
      vertex 7.22822 57.691 9.1
      vertex 7.20363 56.5401 9.1
    endloop
  endfacet
  facet normal 0 0 -1
    outer loop
      vertex 6.94352 56.6284 9.1
      vertex 6.81768 57.7726 9.1
      vertex 7.22822 57.691 9.1
    endloop
  endfacet
  facet normal 0 0 -1
    outer loop
      vertex 6.6741 56.682 9.1
      vertex 6.81768 57.7726 9.1
      vertex 6.94352 56.6284 9.1
    endloop
  endfacet
  facet normal 0 0 -1
    outer loop
      vertex 6.4 56.7 9.1
      vertex 6.81768 57.7726 9.1
      vertex 6.6741 56.682 9.1
    endloop
  endfacet
  facet normal 0 0 -1
    outer loop
      vertex 6.4 56.7 9.1
      vertex 6.4 57.8 9.1
      vertex 6.81768 57.7726 9.1
    endloop
  endfacet
  facet normal 0 0 -1
    outer loop
      vertex 6.12589 56.682 9.1
      vertex 6.4 57.8 9.1
      vertex 6.4 56.7 9.1
    endloop
  endfacet
  facet normal 0 0 -1
    outer loop
      vertex 6.12589 56.682 9.1
      vertex 5.98232 57.7726 9.1
      vertex 6.4 57.8 9.1
    endloop
  endfacet
  facet normal 0 0 -1
    outer loop
      vertex 5.85648 56.6284 9.1
      vertex 5.98232 57.7726 9.1
      vertex 6.12589 56.682 9.1
    endloop
  endfacet
  facet normal 0 0 -1
    outer loop
      vertex 5.57178 57.691 9.1
      vertex 5.85648 56.6284 9.1
      vertex 5.59636 56.5401 9.1
    endloop
  endfacet
  facet normal 0 0 -1
    outer loop
      vertex 5.85648 56.6284 9.1
      vertex 5.57178 57.691 9.1
      vertex 5.98232 57.7726 9.1
    endloop
  endfacet
  facet normal 0 0 -1
    outer loop
      vertex 5.17541 57.5564 9.1
      vertex 5.59636 56.5401 9.1
      vertex 5.35 56.4187 9.1
    endloop
  endfacet
  facet normal 0 0 -1
    outer loop
      vertex 5.59636 56.5401 9.1
      vertex 5.17541 57.5564 9.1
      vertex 5.57178 57.691 9.1
    endloop
  endfacet
  facet normal 0 0 -1
    outer loop
      vertex 4.8 57.3713 9.1
      vertex 5.35 56.4187 9.1
      vertex 5.1216 56.266 9.1
    endloop
  endfacet
  facet normal 0 0 -1
    outer loop
      vertex 4.45196 57.1387 9.1
      vertex 5.1216 56.266 9.1
      vertex 4.91508 56.0849 9.1
    endloop
  endfacet
  facet normal 0 0 -1
    outer loop
      vertex 5.35 56.4187 9.1
      vertex 4.8 57.3713 9.1
      vertex 5.17541 57.5564 9.1
    endloop
  endfacet
  facet normal 0 0 -1
    outer loop
      vertex 4.13726 56.8627 9.1
      vertex 4.91508 56.0849 9.1
      vertex 4.73396 55.8784 9.1
    endloop
  endfacet
  facet normal 0 0 -1
    outer loop
      vertex 3.86127 56.548 9.1
      vertex 4.73396 55.8784 9.1
      vertex 4.58135 55.65 9.1
    endloop
  endfacet
  facet normal 0 0 -1
    outer loop
      vertex 3.62872 56.2 9.1
      vertex 4.58135 55.65 9.1
      vertex 4.45985 55.4036 9.1
    endloop
  endfacet
  facet normal 0 0 -1
    outer loop
      vertex 5.1216 56.266 9.1
      vertex 4.45196 57.1387 9.1
      vertex 4.8 57.3713 9.1
    endloop
  endfacet
  facet normal 0 0 -1
    outer loop
      vertex 3.44359 55.8246 9.1
      vertex 4.45985 55.4036 9.1
      vertex 4.37156 55.1435 9.1
    endloop
  endfacet
  facet normal 0 0 -1
    outer loop
      vertex 3.30904 55.4282 9.1
      vertex 4.37156 55.1435 9.1
      vertex 4.31797 54.8741 9.1
    endloop
  endfacet
  facet normal 0 0 -1
    outer loop
      vertex 3.22738 55.0177 9.1
      vertex 4.31797 54.8741 9.1
      vertex 4.3 54.6 9.1
    endloop
  endfacet
  facet normal -0 0 -1
    outer loop
      vertex 4.45985 53.7964 9.1
      vertex 3.44359 53.3754 9.1
      vertex 4.37156 54.0565 9.1
    endloop
  endfacet
  facet normal 0 0 -1
    outer loop
      vertex 4.91508 56.0849 9.1
      vertex 4.13726 56.8627 9.1
      vertex 4.45196 57.1387 9.1
    endloop
  endfacet
  facet normal 0 0 -1
    outer loop
      vertex 3.30904 53.7718 9.1
      vertex 4.37156 54.0565 9.1
      vertex 3.44359 53.3754 9.1
    endloop
  endfacet
  facet normal 0 0 -1
    outer loop
      vertex 4.73396 55.8784 9.1
      vertex 3.86127 56.548 9.1
      vertex 4.13726 56.8627 9.1
    endloop
  endfacet
  facet normal -0 0 -1
    outer loop
      vertex 4.37156 54.0565 9.1
      vertex 3.30904 53.7718 9.1
      vertex 4.31797 54.3259 9.1
    endloop
  endfacet
  facet normal 0 0 -1
    outer loop
      vertex 4.58135 55.65 9.1
      vertex 3.62872 56.2 9.1
      vertex 3.86127 56.548 9.1
    endloop
  endfacet
  facet normal 0 0 -1
    outer loop
      vertex 3.22738 54.1823 9.1
      vertex 4.31797 54.3259 9.1
      vertex 3.30904 53.7718 9.1
    endloop
  endfacet
  facet normal 0 0 -1
    outer loop
      vertex 4.45985 55.4036 9.1
      vertex 3.44359 55.8246 9.1
      vertex 3.62872 56.2 9.1
    endloop
  endfacet
  facet normal -0 0 -1
    outer loop
      vertex 4.31797 54.3259 9.1
      vertex 3.22738 54.1823 9.1
      vertex 4.3 54.6 9.1
    endloop
  endfacet
  facet normal 0 0 -1
    outer loop
      vertex 4.37156 55.1435 9.1
      vertex 3.30904 55.4282 9.1
      vertex 3.44359 55.8246 9.1
    endloop
  endfacet
  facet normal 0 0 -1
    outer loop
      vertex 3.2 54.6 9.1
      vertex 4.3 54.6 9.1
      vertex 3.22738 54.1823 9.1
    endloop
  endfacet
  facet normal 0 0 -1
    outer loop
      vertex 4.31797 54.8741 9.1
      vertex 3.22738 55.0177 9.1
      vertex 3.30904 55.4282 9.1
    endloop
  endfacet
  facet normal 0 0 -1
    outer loop
      vertex 4.3 54.6 9.1
      vertex 3.2 54.6 9.1
      vertex 3.22738 55.0177 9.1
    endloop
  endfacet
  facet normal -0.831443 -0.55561 0
    outer loop
      vertex 3.86127 52.652 9.1
      vertex 3.62872 53 28.6
      vertex 3.62872 53 9.1
    endloop
  endfacet
  facet normal -0.831443 -0.55561 0
    outer loop
      vertex 3.62872 53 28.6
      vertex 3.86127 52.652 9.1
      vertex 3.86127 52.652 28.6
    endloop
  endfacet
  facet normal 0.194949 -0.980813 0
    outer loop
      vertex 6.81768 51.4274 9.1
      vertex 7.22822 51.509 28.6
      vertex 6.81768 51.4274 28.6
    endloop
  endfacet
  facet normal 0.194949 -0.980813 0
    outer loop
      vertex 7.22822 51.509 28.6
      vertex 6.81768 51.4274 9.1
      vertex 7.22822 51.509 9.1
    endloop
  endfacet
  facet normal 0.89687 0.442295 0
    outer loop
      vertex 9.35641 55.8246 28.6
      vertex 9.17128 56.2 9.1
      vertex 9.17128 56.2 28.6
    endloop
  endfacet
  facet normal 0.89687 0.442295 0
    outer loop
      vertex 9.17128 56.2 9.1
      vertex 9.35641 55.8246 28.6
      vertex 9.35641 55.8246 9.1
    endloop
  endfacet
  facet normal 0.946937 0.321419 0
    outer loop
      vertex 9.49096 55.4282 28.6
      vertex 9.35641 55.8246 9.1
      vertex 9.35641 55.8246 28.6
    endloop
  endfacet
  facet normal 0.946937 0.321419 0
    outer loop
      vertex 9.35641 55.8246 9.1
      vertex 9.49096 55.4282 28.6
      vertex 9.49096 55.4282 9.1
    endloop
  endfacet
  facet normal 0.0654598 0.997855 -0
    outer loop
      vertex 6.81768 57.7726 9.1
      vertex 6.4 57.8 28.6
      vertex 6.81768 57.7726 28.6
    endloop
  endfacet
  facet normal 0.0654598 0.997855 0
    outer loop
      vertex 6.4 57.8 28.6
      vertex 6.81768 57.7726 9.1
      vertex 6.4 57.8 9.1
    endloop
  endfacet
  facet normal 0.751833 -0.659353 0
    outer loop
      vertex 8.66274 52.3373 28.6
      vertex 8.93873 52.652 9.1
      vertex 8.93873 52.652 28.6
    endloop
  endfacet
  facet normal 0.751833 -0.659353 0
    outer loop
      vertex 8.93873 52.652 9.1
      vertex 8.66274 52.3373 28.6
      vertex 8.66274 52.3373 9.1
    endloop
  endfacet
  facet normal 0.831443 -0.55561 0
    outer loop
      vertex 8.93873 52.652 28.6
      vertex 9.17128 53 9.1
      vertex 9.17128 53 28.6
    endloop
  endfacet
  facet normal 0.831443 -0.55561 0
    outer loop
      vertex 9.17128 53 9.1
      vertex 8.93873 52.652 28.6
      vertex 8.93873 52.652 9.1
    endloop
  endfacet
  facet normal 0.89687 -0.442295 0
    outer loop
      vertex 9.17128 53 28.6
      vertex 9.35641 53.3754 9.1
      vertex 9.35641 53.3754 28.6
    endloop
  endfacet
  facet normal 0.89687 -0.442295 0
    outer loop
      vertex 9.35641 53.3754 9.1
      vertex 9.17128 53 28.6
      vertex 9.17128 53 9.1
    endloop
  endfacet
  facet normal -0.321548 -0.946893 0
    outer loop
      vertex 5.17541 51.6436 9.1
      vertex 5.57178 51.509 28.6
      vertex 5.17541 51.6436 28.6
    endloop
  endfacet
  facet normal -0.321548 -0.946893 -0
    outer loop
      vertex 5.57178 51.509 28.6
      vertex 5.17541 51.6436 9.1
      vertex 5.57178 51.509 9.1
    endloop
  endfacet
  facet normal -0.194949 -0.980813 0
    outer loop
      vertex 5.57178 51.509 9.1
      vertex 5.98232 51.4274 28.6
      vertex 5.57178 51.509 28.6
    endloop
  endfacet
  facet normal -0.194949 -0.980813 -0
    outer loop
      vertex 5.98232 51.4274 28.6
      vertex 5.57178 51.509 9.1
      vertex 5.98232 51.4274 9.1
    endloop
  endfacet
  facet normal -0.946937 -0.321419 0
    outer loop
      vertex 3.44359 53.3754 9.1
      vertex 3.30904 53.7718 28.6
      vertex 3.30904 53.7718 9.1
    endloop
  endfacet
  facet normal -0.946937 -0.321419 0
    outer loop
      vertex 3.30904 53.7718 28.6
      vertex 3.44359 53.3754 9.1
      vertex 3.44359 53.3754 28.6
    endloop
  endfacet
  facet normal -0.980782 -0.195105 0
    outer loop
      vertex 3.30904 53.7718 9.1
      vertex 3.22738 54.1823 28.6
      vertex 3.22738 54.1823 9.1
    endloop
  endfacet
  facet normal -0.980782 -0.195105 0
    outer loop
      vertex 3.22738 54.1823 28.6
      vertex 3.30904 53.7718 9.1
      vertex 3.30904 53.7718 28.6
    endloop
  endfacet
  facet normal -0.997859 -0.0654091 0
    outer loop
      vertex 3.22738 54.1823 9.1
      vertex 3.2 54.6 28.6
      vertex 3.2 54.6 9.1
    endloop
  endfacet
  facet normal -0.997859 -0.0654091 0
    outer loop
      vertex 3.2 54.6 28.6
      vertex 3.22738 54.1823 9.1
      vertex 3.22738 54.1823 28.6
    endloop
  endfacet
  facet normal -0.751833 -0.659353 0
    outer loop
      vertex 4.13726 52.3373 9.1
      vertex 3.86127 52.652 28.6
      vertex 3.86127 52.652 9.1
    endloop
  endfacet
  facet normal -0.751833 -0.659353 0
    outer loop
      vertex 3.86127 52.652 28.6
      vertex 4.13726 52.3373 9.1
      vertex 4.13726 52.3373 28.6
    endloop
  endfacet
  facet normal 0.442228 -0.896903 0
    outer loop
      vertex 7.62459 51.6436 9.1
      vertex 8 51.8287 28.6
      vertex 7.62459 51.6436 28.6
    endloop
  endfacet
  facet normal 0.442228 -0.896903 0
    outer loop
      vertex 8 51.8287 28.6
      vertex 7.62459 51.6436 9.1
      vertex 8 51.8287 9.1
    endloop
  endfacet
  facet normal 0.321548 -0.946893 0
    outer loop
      vertex 7.22822 51.509 9.1
      vertex 7.62459 51.6436 28.6
      vertex 7.22822 51.509 28.6
    endloop
  endfacet
  facet normal 0.321548 -0.946893 0
    outer loop
      vertex 7.62459 51.6436 28.6
      vertex 7.22822 51.509 9.1
      vertex 7.62459 51.6436 9.1
    endloop
  endfacet
  facet normal 0.659367 -0.751821 0
    outer loop
      vertex 8.34804 52.0613 9.1
      vertex 8.66274 52.3373 28.6
      vertex 8.34804 52.0613 28.6
    endloop
  endfacet
  facet normal 0.659367 -0.751821 0
    outer loop
      vertex 8.66274 52.3373 28.6
      vertex 8.34804 52.0613 9.1
      vertex 8.66274 52.3373 9.1
    endloop
  endfacet
  facet normal 0.946937 -0.321419 0
    outer loop
      vertex 9.35641 53.3754 28.6
      vertex 9.49096 53.7718 9.1
      vertex 9.49096 53.7718 28.6
    endloop
  endfacet
  facet normal 0.946937 -0.321419 0
    outer loop
      vertex 9.49096 53.7718 9.1
      vertex 9.35641 53.3754 28.6
      vertex 9.35641 53.3754 9.1
    endloop
  endfacet
  facet normal -0.442228 -0.896903 0
    outer loop
      vertex 4.8 51.8287 9.1
      vertex 5.17541 51.6436 28.6
      vertex 4.8 51.8287 28.6
    endloop
  endfacet
  facet normal -0.442228 -0.896903 -0
    outer loop
      vertex 5.17541 51.6436 28.6
      vertex 4.8 51.8287 9.1
      vertex 5.17541 51.6436 9.1
    endloop
  endfacet
  facet normal -0.0654598 -0.997855 0
    outer loop
      vertex 5.98232 51.4274 9.1
      vertex 6.4 51.4 28.6
      vertex 5.98232 51.4274 28.6
    endloop
  endfacet
  facet normal -0.0654598 -0.997855 -0
    outer loop
      vertex 6.4 51.4 28.6
      vertex 5.98232 51.4274 9.1
      vertex 6.4 51.4 9.1
    endloop
  endfacet
  facet normal -0.555648 -0.831418 0
    outer loop
      vertex 4.45196 52.0613 9.1
      vertex 4.8 51.8287 28.6
      vertex 4.45196 52.0613 28.6
    endloop
  endfacet
  facet normal -0.555648 -0.831418 -0
    outer loop
      vertex 4.8 51.8287 28.6
      vertex 4.45196 52.0613 9.1
      vertex 4.8 51.8287 9.1
    endloop
  endfacet
  facet normal 0.83205 0.5547 0
    outer loop
      vertex 103.671 56.2 28.6
      vertex 103.439 56.548 9.1
      vertex 103.439 56.548 28.6
    endloop
  endfacet
  facet normal 0.83205 0.5547 0
    outer loop
      vertex 103.439 56.548 9.1
      vertex 103.671 56.2 28.6
      vertex 103.671 56.2 9.1
    endloop
  endfacet
  facet normal 0.32109 0.947049 -0
    outer loop
      vertex 102.125 57.5564 9.1
      vertex 101.728 57.691 28.6
      vertex 102.125 57.5564 28.6
    endloop
  endfacet
  facet normal 0.32109 0.947049 0
    outer loop
      vertex 101.728 57.691 28.6
      vertex 102.125 57.5564 9.1
      vertex 101.728 57.691 9.1
    endloop
  endfacet
  facet normal -0.442237 0.896898 0
    outer loop
      vertex 99.6754 57.5564 9.1
      vertex 99.3 57.3713 28.6
      vertex 99.6754 57.5564 28.6
    endloop
  endfacet
  facet normal -0.442237 0.896898 0
    outer loop
      vertex 99.3 57.3713 28.6
      vertex 99.6754 57.5564 9.1
      vertex 99.3 57.3713 9.1
    endloop
  endfacet
  facet normal -0.896898 0.442237 0
    outer loop
      vertex 97.9436 55.8246 9.1
      vertex 98.1287 56.2 28.6
      vertex 98.1287 56.2 9.1
    endloop
  endfacet
  facet normal -0.896898 0.442237 0
    outer loop
      vertex 98.1287 56.2 28.6
      vertex 97.9436 55.8246 9.1
      vertex 97.9436 55.8246 28.6
    endloop
  endfacet
  facet normal 0.997917 -0.0645051 0
    outer loop
      vertex 104.073 54.1823 28.6
      vertex 104.1 54.6 9.1
      vertex 104.1 54.6 28.6
    endloop
  endfacet
  facet normal 0.997917 -0.0645051 0
    outer loop
      vertex 104.1 54.6 9.1
      vertex 104.073 54.1823 28.6
      vertex 104.073 54.1823 9.1
    endloop
  endfacet
  facet normal 0.980627 0.195886 0
    outer loop
      vertex 104.073 55.0177 28.6
      vertex 103.991 55.4282 9.1
      vertex 103.991 55.4282 28.6
    endloop
  endfacet
  facet normal 0.980627 0.195886 0
    outer loop
      vertex 103.991 55.4282 9.1
      vertex 104.073 55.0177 28.6
      vertex 104.073 55.0177 9.1
    endloop
  endfacet
  facet normal 0.659012 0.752133 -0
    outer loop
      vertex 103.163 56.8627 9.1
      vertex 102.848 57.1387 28.6
      vertex 103.163 56.8627 28.6
    endloop
  endfacet
  facet normal 0.659012 0.752133 0
    outer loop
      vertex 102.848 57.1387 28.6
      vertex 103.163 56.8627 9.1
      vertex 102.848 57.1387 9.1
    endloop
  endfacet
  facet normal 0.0654099 0.997858 -0
    outer loop
      vertex 101.318 57.7726 9.1
      vertex 100.9 57.8 28.6
      vertex 101.318 57.7726 28.6
    endloop
  endfacet
  facet normal 0.0654099 0.997858 0
    outer loop
      vertex 100.9 57.8 28.6
      vertex 101.318 57.7726 9.1
      vertex 100.9 57.8 9.1
    endloop
  endfacet
  facet normal 0.555692 0.831388 -0
    outer loop
      vertex 102.848 57.1387 9.1
      vertex 102.5 57.3713 28.6
      vertex 102.848 57.1387 28.6
    endloop
  endfacet
  facet normal 0.555692 0.831388 0
    outer loop
      vertex 102.5 57.3713 28.6
      vertex 102.848 57.1387 9.1
      vertex 102.5 57.3713 9.1
    endloop
  endfacet
  facet normal -0.997855 0.0654566 0
    outer loop
      vertex 97.7 54.6 9.1
      vertex 97.7274 55.0177 28.6
      vertex 97.7274 55.0177 9.1
    endloop
  endfacet
  facet normal -0.997855 0.0654566 0
    outer loop
      vertex 97.7274 55.0177 28.6
      vertex 97.7 54.6 9.1
      vertex 97.7 54.6 28.6
    endloop
  endfacet
  facet normal -0.751821 0.659367 0
    outer loop
      vertex 98.3613 56.548 9.1
      vertex 98.6373 56.8627 28.6
      vertex 98.6373 56.8627 9.1
    endloop
  endfacet
  facet normal -0.751821 0.659367 0
    outer loop
      vertex 98.6373 56.8627 28.6
      vertex 98.3613 56.548 9.1
      vertex 98.3613 56.548 28.6
    endloop
  endfacet
  facet normal -0.555692 0.831388 0
    outer loop
      vertex 99.3 57.3713 9.1
      vertex 98.952 57.1387 28.6
      vertex 99.3 57.3713 28.6
    endloop
  endfacet
  facet normal -0.555692 0.831388 0
    outer loop
      vertex 98.952 57.1387 28.6
      vertex 99.3 57.3713 9.1
      vertex 98.952 57.1387 9.1
    endloop
  endfacet
  facet normal -0.195196 0.980764 0
    outer loop
      vertex 100.482 57.7726 9.1
      vertex 100.072 57.691 28.6
      vertex 100.482 57.7726 28.6
    endloop
  endfacet
  facet normal -0.195196 0.980764 0
    outer loop
      vertex 100.072 57.691 28.6
      vertex 100.482 57.7726 9.1
      vertex 100.072 57.691 9.1
    endloop
  endfacet
  facet normal -0.659367 0.751821 0
    outer loop
      vertex 98.952 57.1387 9.1
      vertex 98.6373 56.8627 28.6
      vertex 98.952 57.1387 28.6
    endloop
  endfacet
  facet normal -0.659367 0.751821 0
    outer loop
      vertex 98.6373 56.8627 28.6
      vertex 98.952 57.1387 9.1
      vertex 98.6373 56.8627 9.1
    endloop
  endfacet
  facet normal 0.555692 -0.831388 0
    outer loop
      vertex 102.5 51.8287 9.1
      vertex 102.848 52.0613 28.6
      vertex 102.5 51.8287 28.6
    endloop
  endfacet
  facet normal 0.555692 -0.831388 0
    outer loop
      vertex 102.848 52.0613 28.6
      vertex 102.5 51.8287 9.1
      vertex 102.848 52.0613 9.1
    endloop
  endfacet
  facet normal -0.659367 -0.751821 0
    outer loop
      vertex 98.6373 52.3373 9.1
      vertex 98.952 52.0613 28.6
      vertex 98.6373 52.3373 28.6
    endloop
  endfacet
  facet normal -0.659367 -0.751821 -0
    outer loop
      vertex 98.952 52.0613 28.6
      vertex 98.6373 52.3373 9.1
      vertex 98.952 52.0613 9.1
    endloop
  endfacet
  facet normal -0.896898 -0.442237 0
    outer loop
      vertex 98.1287 53 9.1
      vertex 97.9436 53.3754 28.6
      vertex 97.9436 53.3754 9.1
    endloop
  endfacet
  facet normal -0.896898 -0.442237 0
    outer loop
      vertex 97.9436 53.3754 28.6
      vertex 98.1287 53 9.1
      vertex 98.1287 53 28.6
    endloop
  endfacet
  facet normal 0.751821 0.659367 0
    outer loop
      vertex 103.439 56.548 28.6
      vertex 103.163 56.8627 9.1
      vertex 103.163 56.8627 28.6
    endloop
  endfacet
  facet normal 0.751821 0.659367 0
    outer loop
      vertex 103.163 56.8627 9.1
      vertex 103.439 56.548 28.6
      vertex 103.439 56.548 9.1
    endloop
  endfacet
  facet normal -0.0654099 0.997858 0
    outer loop
      vertex 100.9 57.8 9.1
      vertex 100.482 57.7726 28.6
      vertex 100.9 57.8 28.6
    endloop
  endfacet
  facet normal -0.0654099 0.997858 0
    outer loop
      vertex 100.482 57.7726 28.6
      vertex 100.9 57.8 9.1
      vertex 100.482 57.7726 9.1
    endloop
  endfacet
  facet normal 0.195196 0.980764 -0
    outer loop
      vertex 101.728 57.691 9.1
      vertex 101.318 57.7726 28.6
      vertex 101.728 57.691 28.6
    endloop
  endfacet
  facet normal 0.195196 0.980764 0
    outer loop
      vertex 101.318 57.7726 28.6
      vertex 101.728 57.691 9.1
      vertex 101.318 57.7726 9.1
    endloop
  endfacet
  facet normal 0.442617 0.896711 -0
    outer loop
      vertex 102.5 57.3713 9.1
      vertex 102.125 57.5564 28.6
      vertex 102.5 57.3713 28.6
    endloop
  endfacet
  facet normal 0.442617 0.896711 0
    outer loop
      vertex 102.125 57.5564 28.6
      vertex 102.5 57.3713 9.1
      vertex 102.125 57.5564 9.1
    endloop
  endfacet
  facet normal -0.946901 0.321526 0
    outer loop
      vertex 97.809 55.4282 9.1
      vertex 97.9436 55.8246 28.6
      vertex 97.9436 55.8246 9.1
    endloop
  endfacet
  facet normal -0.946901 0.321526 0
    outer loop
      vertex 97.9436 55.8246 28.6
      vertex 97.809 55.4282 9.1
      vertex 97.809 55.4282 28.6
    endloop
  endfacet
  facet normal -0.98081 0.194967 0
    outer loop
      vertex 97.7274 55.0177 9.1
      vertex 97.809 55.4282 28.6
      vertex 97.809 55.4282 9.1
    endloop
  endfacet
  facet normal -0.98081 0.194967 0
    outer loop
      vertex 97.809 55.4282 28.6
      vertex 97.7274 55.0177 9.1
      vertex 97.7274 55.0177 28.6
    endloop
  endfacet
  facet normal -0.831388 0.555692 0
    outer loop
      vertex 98.1287 56.2 9.1
      vertex 98.3613 56.548 28.6
      vertex 98.3613 56.548 9.1
    endloop
  endfacet
  facet normal -0.831388 0.555692 0
    outer loop
      vertex 98.3613 56.548 28.6
      vertex 98.1287 56.2 9.1
      vertex 98.1287 56.2 28.6
    endloop
  endfacet
  facet normal -0.32138 0.94695 0
    outer loop
      vertex 100.072 57.691 9.1
      vertex 99.6754 57.5564 28.6
      vertex 100.072 57.691 28.6
    endloop
  endfacet
  facet normal -0.32138 0.94695 0
    outer loop
      vertex 99.6754 57.5564 28.6
      vertex 100.072 57.691 9.1
      vertex 99.6754 57.5564 9.1
    endloop
  endfacet
  facet normal 0.997917 0.0645051 0
    outer loop
      vertex 104.1 54.6 28.6
      vertex 104.073 55.0177 9.1
      vertex 104.073 55.0177 28.6
    endloop
  endfacet
  facet normal 0.997917 0.0645051 0
    outer loop
      vertex 104.073 55.0177 9.1
      vertex 104.1 54.6 28.6
      vertex 104.1 54.6 9.1
    endloop
  endfacet
  facet normal 0.980627 -0.195886 0
    outer loop
      vertex 103.991 53.7718 28.6
      vertex 104.073 54.1823 9.1
      vertex 104.073 54.1823 28.6
    endloop
  endfacet
  facet normal 0.980627 -0.195886 0
    outer loop
      vertex 104.073 54.1823 9.1
      vertex 103.991 53.7718 28.6
      vertex 103.991 53.7718 9.1
    endloop
  endfacet
  facet normal -0.997855 -0.0654566 0
    outer loop
      vertex 97.7274 54.1823 9.1
      vertex 97.7 54.6 28.6
      vertex 97.7 54.6 9.1
    endloop
  endfacet
  facet normal -0.997855 -0.0654566 0
    outer loop
      vertex 97.7 54.6 28.6
      vertex 97.7274 54.1823 9.1
      vertex 97.7274 54.1823 28.6
    endloop
  endfacet
  facet normal -0.831388 -0.555692 0
    outer loop
      vertex 98.3613 52.652 9.1
      vertex 98.1287 53 28.6
      vertex 98.1287 53 9.1
    endloop
  endfacet
  facet normal -0.831388 -0.555692 0
    outer loop
      vertex 98.1287 53 28.6
      vertex 98.3613 52.652 9.1
      vertex 98.3613 52.652 28.6
    endloop
  endfacet
  facet normal 0.195196 -0.980764 0
    outer loop
      vertex 101.318 51.4274 9.1
      vertex 101.728 51.509 28.6
      vertex 101.318 51.4274 28.6
    endloop
  endfacet
  facet normal 0.195196 -0.980764 0
    outer loop
      vertex 101.728 51.509 28.6
      vertex 101.318 51.4274 9.1
      vertex 101.728 51.509 9.1
    endloop
  endfacet
  facet normal 0.896993 0.442045 0
    outer loop
      vertex 103.856 55.8246 28.6
      vertex 103.671 56.2 9.1
      vertex 103.671 56.2 28.6
    endloop
  endfacet
  facet normal 0.896993 0.442045 0
    outer loop
      vertex 103.671 56.2 9.1
      vertex 103.856 55.8246 28.6
      vertex 103.856 55.8246 9.1
    endloop
  endfacet
  facet normal 0.94661 0.322382 0
    outer loop
      vertex 103.991 55.4282 28.6
      vertex 103.856 55.8246 9.1
      vertex 103.856 55.8246 28.6
    endloop
  endfacet
  facet normal 0.94661 0.322382 0
    outer loop
      vertex 103.856 55.8246 9.1
      vertex 103.991 55.4282 28.6
      vertex 103.991 55.4282 9.1
    endloop
  endfacet
  facet normal 0.751821 -0.659367 0
    outer loop
      vertex 103.163 52.3373 28.6
      vertex 103.439 52.652 9.1
      vertex 103.439 52.652 28.6
    endloop
  endfacet
  facet normal 0.751821 -0.659367 0
    outer loop
      vertex 103.439 52.652 9.1
      vertex 103.163 52.3373 28.6
      vertex 103.163 52.3373 9.1
    endloop
  endfacet
  facet normal 0.83205 -0.5547 0
    outer loop
      vertex 103.439 52.652 28.6
      vertex 103.671 53 9.1
      vertex 103.671 53 28.6
    endloop
  endfacet
  facet normal 0.83205 -0.5547 0
    outer loop
      vertex 103.671 53 9.1
      vertex 103.439 52.652 28.6
      vertex 103.439 52.652 9.1
    endloop
  endfacet
  facet normal 0.896993 -0.442045 0
    outer loop
      vertex 103.671 53 28.6
      vertex 103.856 53.3754 9.1
      vertex 103.856 53.3754 28.6
    endloop
  endfacet
  facet normal 0.896993 -0.442045 0
    outer loop
      vertex 103.856 53.3754 9.1
      vertex 103.671 53 28.6
      vertex 103.671 53 9.1
    endloop
  endfacet
  facet normal -0.32138 -0.94695 0
    outer loop
      vertex 99.6754 51.6436 9.1
      vertex 100.072 51.509 28.6
      vertex 99.6754 51.6436 28.6
    endloop
  endfacet
  facet normal -0.32138 -0.94695 -0
    outer loop
      vertex 100.072 51.509 28.6
      vertex 99.6754 51.6436 9.1
      vertex 100.072 51.509 9.1
    endloop
  endfacet
  facet normal -0.195196 -0.980764 0
    outer loop
      vertex 100.072 51.509 9.1
      vertex 100.482 51.4274 28.6
      vertex 100.072 51.509 28.6
    endloop
  endfacet
  facet normal -0.195196 -0.980764 -0
    outer loop
      vertex 100.482 51.4274 28.6
      vertex 100.072 51.509 9.1
      vertex 100.482 51.4274 9.1
    endloop
  endfacet
  facet normal -0.0654099 -0.997858 0
    outer loop
      vertex 100.482 51.4274 9.1
      vertex 100.9 51.4 28.6
      vertex 100.482 51.4274 28.6
    endloop
  endfacet
  facet normal -0.0654099 -0.997858 -0
    outer loop
      vertex 100.9 51.4 28.6
      vertex 100.482 51.4274 9.1
      vertex 100.9 51.4 9.1
    endloop
  endfacet
  facet normal 0 0 -1
    outer loop
      vertex 103 54.6 9.1
      vertex 104.1 54.6 9.1
      vertex 104.073 54.1823 9.1
    endloop
  endfacet
  facet normal 0 0 -1
    outer loop
      vertex 102.982 54.3259 9.1
      vertex 104.073 54.1823 9.1
      vertex 103.991 53.7718 9.1
    endloop
  endfacet
  facet normal 0 0 -1
    outer loop
      vertex 104.1 54.6 9.1
      vertex 103 54.6 9.1
      vertex 104.073 55.0177 9.1
    endloop
  endfacet
  facet normal 0 0 -1
    outer loop
      vertex 102.928 54.0565 9.1
      vertex 103.991 53.7718 9.1
      vertex 103.856 53.3754 9.1
    endloop
  endfacet
  facet normal 0 0 -1
    outer loop
      vertex 102.982 54.8741 9.1
      vertex 104.073 55.0177 9.1
      vertex 103 54.6 9.1
    endloop
  endfacet
  facet normal 0 0 -1
    outer loop
      vertex 102.84 53.7964 9.1
      vertex 103.856 53.3754 9.1
      vertex 103.671 53 9.1
    endloop
  endfacet
  facet normal -0 0 -1
    outer loop
      vertex 104.073 55.0177 9.1
      vertex 102.982 54.8741 9.1
      vertex 103.991 55.4282 9.1
    endloop
  endfacet
  facet normal 0 0 -1
    outer loop
      vertex 102.719 53.55 9.1
      vertex 103.671 53 9.1
      vertex 103.439 52.652 9.1
    endloop
  endfacet
  facet normal 0 0 -1
    outer loop
      vertex 102.928 55.1435 9.1
      vertex 103.991 55.4282 9.1
      vertex 102.982 54.8741 9.1
    endloop
  endfacet
  facet normal 0 0 -1
    outer loop
      vertex 102.566 53.3216 9.1
      vertex 103.439 52.652 9.1
      vertex 103.163 52.3373 9.1
    endloop
  endfacet
  facet normal -0 0 -1
    outer loop
      vertex 103.991 55.4282 9.1
      vertex 102.928 55.1435 9.1
      vertex 103.856 55.8246 9.1
    endloop
  endfacet
  facet normal 0 0 -1
    outer loop
      vertex 102.84 55.4036 9.1
      vertex 103.856 55.8246 9.1
      vertex 102.928 55.1435 9.1
    endloop
  endfacet
  facet normal 0 0 -1
    outer loop
      vertex 104.073 54.1823 9.1
      vertex 102.982 54.3259 9.1
      vertex 103 54.6 9.1
    endloop
  endfacet
  facet normal 0 0 -1
    outer loop
      vertex 103.991 53.7718 9.1
      vertex 102.928 54.0565 9.1
      vertex 102.982 54.3259 9.1
    endloop
  endfacet
  facet normal 0 0 -1
    outer loop
      vertex 102.385 53.1151 9.1
      vertex 103.163 52.3373 9.1
      vertex 102.848 52.0613 9.1
    endloop
  endfacet
  facet normal 0 0 -1
    outer loop
      vertex 103.856 53.3754 9.1
      vertex 102.84 53.7964 9.1
      vertex 102.928 54.0565 9.1
    endloop
  endfacet
  facet normal 0 0 -1
    outer loop
      vertex 103.671 53 9.1
      vertex 102.719 53.55 9.1
      vertex 102.84 53.7964 9.1
    endloop
  endfacet
  facet normal 0 0 -1
    outer loop
      vertex 103.439 52.652 9.1
      vertex 102.566 53.3216 9.1
      vertex 102.719 53.55 9.1
    endloop
  endfacet
  facet normal 0 0 -1
    outer loop
      vertex 102.178 52.934 9.1
      vertex 102.848 52.0613 9.1
      vertex 102.5 51.8287 9.1
    endloop
  endfacet
  facet normal 0 0 -1
    outer loop
      vertex 103.163 52.3373 9.1
      vertex 102.385 53.1151 9.1
      vertex 102.566 53.3216 9.1
    endloop
  endfacet
  facet normal 0 0 -1
    outer loop
      vertex 102.848 52.0613 9.1
      vertex 102.178 52.934 9.1
      vertex 102.385 53.1151 9.1
    endloop
  endfacet
  facet normal 0 0 -1
    outer loop
      vertex 101.95 52.7813 9.1
      vertex 102.5 51.8287 9.1
      vertex 102.125 51.6436 9.1
    endloop
  endfacet
  facet normal 0 0 -1
    outer loop
      vertex 102.5 51.8287 9.1
      vertex 101.95 52.7813 9.1
      vertex 102.178 52.934 9.1
    endloop
  endfacet
  facet normal 0 0 -1
    outer loop
      vertex 101.704 52.6599 9.1
      vertex 102.125 51.6436 9.1
      vertex 101.728 51.509 9.1
    endloop
  endfacet
  facet normal 0 0 -1
    outer loop
      vertex 102.125 51.6436 9.1
      vertex 101.704 52.6599 9.1
      vertex 101.95 52.7813 9.1
    endloop
  endfacet
  facet normal 0 0 -1
    outer loop
      vertex 101.728 51.509 9.1
      vertex 101.444 52.5716 9.1
      vertex 101.704 52.6599 9.1
    endloop
  endfacet
  facet normal 0 0 -1
    outer loop
      vertex 101.318 51.4274 9.1
      vertex 101.444 52.5716 9.1
      vertex 101.728 51.509 9.1
    endloop
  endfacet
  facet normal 0 0 -1
    outer loop
      vertex 101.318 51.4274 9.1
      vertex 101.174 52.518 9.1
      vertex 101.444 52.5716 9.1
    endloop
  endfacet
  facet normal 0 0 -1
    outer loop
      vertex 100.9 51.4 9.1
      vertex 101.174 52.518 9.1
      vertex 101.318 51.4274 9.1
    endloop
  endfacet
  facet normal 0 0 -1
    outer loop
      vertex 100.9 51.4 9.1
      vertex 100.9 52.5 9.1
      vertex 101.174 52.518 9.1
    endloop
  endfacet
  facet normal 0 0 -1
    outer loop
      vertex 100.9 51.4 9.1
      vertex 100.626 52.518 9.1
      vertex 100.9 52.5 9.1
    endloop
  endfacet
  facet normal 0 0 -1
    outer loop
      vertex 100.482 51.4274 9.1
      vertex 100.626 52.518 9.1
      vertex 100.9 51.4 9.1
    endloop
  endfacet
  facet normal 0 0 -1
    outer loop
      vertex 100.482 51.4274 9.1
      vertex 100.356 52.5716 9.1
      vertex 100.626 52.518 9.1
    endloop
  endfacet
  facet normal 0 0 -1
    outer loop
      vertex 100.072 51.509 9.1
      vertex 100.356 52.5716 9.1
      vertex 100.482 51.4274 9.1
    endloop
  endfacet
  facet normal -0 0 -1
    outer loop
      vertex 100.356 52.5716 9.1
      vertex 100.072 51.509 9.1
      vertex 100.096 52.6599 9.1
    endloop
  endfacet
  facet normal 0 0 -1
    outer loop
      vertex 99.6754 51.6436 9.1
      vertex 100.096 52.6599 9.1
      vertex 100.072 51.509 9.1
    endloop
  endfacet
  facet normal -0 0 -1
    outer loop
      vertex 100.096 52.6599 9.1
      vertex 99.6754 51.6436 9.1
      vertex 99.85 52.7813 9.1
    endloop
  endfacet
  facet normal 0 0 -1
    outer loop
      vertex 99.3 51.8287 9.1
      vertex 99.85 52.7813 9.1
      vertex 99.6754 51.6436 9.1
    endloop
  endfacet
  facet normal -0 0 -1
    outer loop
      vertex 99.85 52.7813 9.1
      vertex 99.3 51.8287 9.1
      vertex 99.6216 52.934 9.1
    endloop
  endfacet
  facet normal 0 0 -1
    outer loop
      vertex 98.952 52.0613 9.1
      vertex 99.6216 52.934 9.1
      vertex 99.3 51.8287 9.1
    endloop
  endfacet
  facet normal -0 0 -1
    outer loop
      vertex 99.6216 52.934 9.1
      vertex 98.952 52.0613 9.1
      vertex 99.4151 53.1151 9.1
    endloop
  endfacet
  facet normal 0 0 -1
    outer loop
      vertex 98.6373 52.3373 9.1
      vertex 99.4151 53.1151 9.1
      vertex 98.952 52.0613 9.1
    endloop
  endfacet
  facet normal -0 0 -1
    outer loop
      vertex 99.4151 53.1151 9.1
      vertex 98.6373 52.3373 9.1
      vertex 99.234 53.3216 9.1
    endloop
  endfacet
  facet normal 0 0 -1
    outer loop
      vertex 98.3613 52.652 9.1
      vertex 99.234 53.3216 9.1
      vertex 98.6373 52.3373 9.1
    endloop
  endfacet
  facet normal -0 0 -1
    outer loop
      vertex 99.234 53.3216 9.1
      vertex 98.3613 52.652 9.1
      vertex 99.0813 53.55 9.1
    endloop
  endfacet
  facet normal 0 0 -1
    outer loop
      vertex 98.1287 53 9.1
      vertex 99.0813 53.55 9.1
      vertex 98.3613 52.652 9.1
    endloop
  endfacet
  facet normal -0 0 -1
    outer loop
      vertex 99.0813 53.55 9.1
      vertex 98.1287 53 9.1
      vertex 98.9599 53.7964 9.1
    endloop
  endfacet
  facet normal 0 0 -1
    outer loop
      vertex 97.9436 53.3754 9.1
      vertex 98.9599 53.7964 9.1
      vertex 98.1287 53 9.1
    endloop
  endfacet
  facet normal -0 0 -1
    outer loop
      vertex 103.856 55.8246 9.1
      vertex 102.84 55.4036 9.1
      vertex 103.671 56.2 9.1
    endloop
  endfacet
  facet normal 0 0 -1
    outer loop
      vertex 102.719 55.65 9.1
      vertex 103.671 56.2 9.1
      vertex 102.84 55.4036 9.1
    endloop
  endfacet
  facet normal -0 0 -1
    outer loop
      vertex 103.671 56.2 9.1
      vertex 102.719 55.65 9.1
      vertex 103.439 56.548 9.1
    endloop
  endfacet
  facet normal 0 0 -1
    outer loop
      vertex 102.566 55.8784 9.1
      vertex 103.439 56.548 9.1
      vertex 102.719 55.65 9.1
    endloop
  endfacet
  facet normal -0 0 -1
    outer loop
      vertex 103.439 56.548 9.1
      vertex 102.566 55.8784 9.1
      vertex 103.163 56.8627 9.1
    endloop
  endfacet
  facet normal 0 0 -1
    outer loop
      vertex 102.385 56.0849 9.1
      vertex 103.163 56.8627 9.1
      vertex 102.566 55.8784 9.1
    endloop
  endfacet
  facet normal -0 0 -1
    outer loop
      vertex 103.163 56.8627 9.1
      vertex 102.385 56.0849 9.1
      vertex 102.848 57.1387 9.1
    endloop
  endfacet
  facet normal 0 0 -1
    outer loop
      vertex 102.178 56.266 9.1
      vertex 102.848 57.1387 9.1
      vertex 102.385 56.0849 9.1
    endloop
  endfacet
  facet normal -0 0 -1
    outer loop
      vertex 102.848 57.1387 9.1
      vertex 102.178 56.266 9.1
      vertex 102.5 57.3713 9.1
    endloop
  endfacet
  facet normal 0 0 -1
    outer loop
      vertex 101.95 56.4187 9.1
      vertex 102.5 57.3713 9.1
      vertex 102.178 56.266 9.1
    endloop
  endfacet
  facet normal -0 0 -1
    outer loop
      vertex 102.5 57.3713 9.1
      vertex 101.95 56.4187 9.1
      vertex 102.125 57.5564 9.1
    endloop
  endfacet
  facet normal 0 0 -1
    outer loop
      vertex 101.704 56.5401 9.1
      vertex 102.125 57.5564 9.1
      vertex 101.95 56.4187 9.1
    endloop
  endfacet
  facet normal -0 0 -1
    outer loop
      vertex 102.125 57.5564 9.1
      vertex 101.704 56.5401 9.1
      vertex 101.728 57.691 9.1
    endloop
  endfacet
  facet normal 0 0 -1
    outer loop
      vertex 101.444 56.6284 9.1
      vertex 101.728 57.691 9.1
      vertex 101.704 56.5401 9.1
    endloop
  endfacet
  facet normal 0 0 -1
    outer loop
      vertex 101.444 56.6284 9.1
      vertex 101.318 57.7726 9.1
      vertex 101.728 57.691 9.1
    endloop
  endfacet
  facet normal 0 0 -1
    outer loop
      vertex 101.174 56.682 9.1
      vertex 101.318 57.7726 9.1
      vertex 101.444 56.6284 9.1
    endloop
  endfacet
  facet normal 0 0 -1
    outer loop
      vertex 100.9 56.7 9.1
      vertex 101.318 57.7726 9.1
      vertex 101.174 56.682 9.1
    endloop
  endfacet
  facet normal 0 0 -1
    outer loop
      vertex 100.9 56.7 9.1
      vertex 100.9 57.8 9.1
      vertex 101.318 57.7726 9.1
    endloop
  endfacet
  facet normal 0 0 -1
    outer loop
      vertex 100.626 56.682 9.1
      vertex 100.9 57.8 9.1
      vertex 100.9 56.7 9.1
    endloop
  endfacet
  facet normal 0 0 -1
    outer loop
      vertex 100.626 56.682 9.1
      vertex 100.482 57.7726 9.1
      vertex 100.9 57.8 9.1
    endloop
  endfacet
  facet normal 0 0 -1
    outer loop
      vertex 100.356 56.6284 9.1
      vertex 100.482 57.7726 9.1
      vertex 100.626 56.682 9.1
    endloop
  endfacet
  facet normal 0 0 -1
    outer loop
      vertex 100.072 57.691 9.1
      vertex 100.356 56.6284 9.1
      vertex 100.096 56.5401 9.1
    endloop
  endfacet
  facet normal 0 0 -1
    outer loop
      vertex 100.356 56.6284 9.1
      vertex 100.072 57.691 9.1
      vertex 100.482 57.7726 9.1
    endloop
  endfacet
  facet normal 0 0 -1
    outer loop
      vertex 99.6754 57.5564 9.1
      vertex 100.096 56.5401 9.1
      vertex 99.85 56.4187 9.1
    endloop
  endfacet
  facet normal 0 0 -1
    outer loop
      vertex 100.096 56.5401 9.1
      vertex 99.6754 57.5564 9.1
      vertex 100.072 57.691 9.1
    endloop
  endfacet
  facet normal 0 0 -1
    outer loop
      vertex 99.3 57.3713 9.1
      vertex 99.85 56.4187 9.1
      vertex 99.6216 56.266 9.1
    endloop
  endfacet
  facet normal 0 0 -1
    outer loop
      vertex 98.952 57.1387 9.1
      vertex 99.6216 56.266 9.1
      vertex 99.4151 56.0849 9.1
    endloop
  endfacet
  facet normal 0 0 -1
    outer loop
      vertex 99.85 56.4187 9.1
      vertex 99.3 57.3713 9.1
      vertex 99.6754 57.5564 9.1
    endloop
  endfacet
  facet normal 0 0 -1
    outer loop
      vertex 98.6373 56.8627 9.1
      vertex 99.4151 56.0849 9.1
      vertex 99.234 55.8784 9.1
    endloop
  endfacet
  facet normal 0 0 -1
    outer loop
      vertex 98.3613 56.548 9.1
      vertex 99.234 55.8784 9.1
      vertex 99.0813 55.65 9.1
    endloop
  endfacet
  facet normal 0 0 -1
    outer loop
      vertex 98.1287 56.2 9.1
      vertex 99.0813 55.65 9.1
      vertex 98.9599 55.4036 9.1
    endloop
  endfacet
  facet normal 0 0 -1
    outer loop
      vertex 99.6216 56.266 9.1
      vertex 98.952 57.1387 9.1
      vertex 99.3 57.3713 9.1
    endloop
  endfacet
  facet normal 0 0 -1
    outer loop
      vertex 97.9436 55.8246 9.1
      vertex 98.9599 55.4036 9.1
      vertex 98.8716 55.1435 9.1
    endloop
  endfacet
  facet normal 0 0 -1
    outer loop
      vertex 97.809 55.4282 9.1
      vertex 98.8716 55.1435 9.1
      vertex 98.818 54.8741 9.1
    endloop
  endfacet
  facet normal 0 0 -1
    outer loop
      vertex 97.7274 55.0177 9.1
      vertex 98.818 54.8741 9.1
      vertex 98.8 54.6 9.1
    endloop
  endfacet
  facet normal -0 0 -1
    outer loop
      vertex 98.9599 53.7964 9.1
      vertex 97.9436 53.3754 9.1
      vertex 98.8716 54.0565 9.1
    endloop
  endfacet
  facet normal 0 0 -1
    outer loop
      vertex 99.4151 56.0849 9.1
      vertex 98.6373 56.8627 9.1
      vertex 98.952 57.1387 9.1
    endloop
  endfacet
  facet normal 0 0 -1
    outer loop
      vertex 97.809 53.7718 9.1
      vertex 98.8716 54.0565 9.1
      vertex 97.9436 53.3754 9.1
    endloop
  endfacet
  facet normal 0 0 -1
    outer loop
      vertex 99.234 55.8784 9.1
      vertex 98.3613 56.548 9.1
      vertex 98.6373 56.8627 9.1
    endloop
  endfacet
  facet normal -0 0 -1
    outer loop
      vertex 98.8716 54.0565 9.1
      vertex 97.809 53.7718 9.1
      vertex 98.818 54.3259 9.1
    endloop
  endfacet
  facet normal 0 0 -1
    outer loop
      vertex 99.0813 55.65 9.1
      vertex 98.1287 56.2 9.1
      vertex 98.3613 56.548 9.1
    endloop
  endfacet
  facet normal 0 0 -1
    outer loop
      vertex 97.7274 54.1823 9.1
      vertex 98.818 54.3259 9.1
      vertex 97.809 53.7718 9.1
    endloop
  endfacet
  facet normal 0 0 -1
    outer loop
      vertex 98.9599 55.4036 9.1
      vertex 97.9436 55.8246 9.1
      vertex 98.1287 56.2 9.1
    endloop
  endfacet
  facet normal -0 0 -1
    outer loop
      vertex 98.818 54.3259 9.1
      vertex 97.7274 54.1823 9.1
      vertex 98.8 54.6 9.1
    endloop
  endfacet
  facet normal 0 0 -1
    outer loop
      vertex 98.8716 55.1435 9.1
      vertex 97.809 55.4282 9.1
      vertex 97.9436 55.8246 9.1
    endloop
  endfacet
  facet normal 0 0 -1
    outer loop
      vertex 97.7 54.6 9.1
      vertex 98.8 54.6 9.1
      vertex 97.7274 54.1823 9.1
    endloop
  endfacet
  facet normal 0 0 -1
    outer loop
      vertex 98.818 54.8741 9.1
      vertex 97.7274 55.0177 9.1
      vertex 97.809 55.4282 9.1
    endloop
  endfacet
  facet normal 0 0 -1
    outer loop
      vertex 98.8 54.6 9.1
      vertex 97.7 54.6 9.1
      vertex 97.7274 55.0177 9.1
    endloop
  endfacet
  facet normal -0.946901 -0.321526 0
    outer loop
      vertex 97.9436 53.3754 9.1
      vertex 97.809 53.7718 28.6
      vertex 97.809 53.7718 9.1
    endloop
  endfacet
  facet normal -0.946901 -0.321526 0
    outer loop
      vertex 97.809 53.7718 28.6
      vertex 97.9436 53.3754 9.1
      vertex 97.9436 53.3754 28.6
    endloop
  endfacet
  facet normal -0.98081 -0.194967 0
    outer loop
      vertex 97.809 53.7718 9.1
      vertex 97.7274 54.1823 28.6
      vertex 97.7274 54.1823 9.1
    endloop
  endfacet
  facet normal -0.98081 -0.194967 0
    outer loop
      vertex 97.7274 54.1823 28.6
      vertex 97.809 53.7718 9.1
      vertex 97.809 53.7718 28.6
    endloop
  endfacet
  facet normal -0.751821 -0.659367 0
    outer loop
      vertex 98.6373 52.3373 9.1
      vertex 98.3613 52.652 28.6
      vertex 98.3613 52.652 9.1
    endloop
  endfacet
  facet normal -0.751821 -0.659367 0
    outer loop
      vertex 98.3613 52.652 28.6
      vertex 98.6373 52.3373 9.1
      vertex 98.6373 52.3373 28.6
    endloop
  endfacet
  facet normal 0.442617 -0.896711 0
    outer loop
      vertex 102.125 51.6436 9.1
      vertex 102.5 51.8287 28.6
      vertex 102.125 51.6436 28.6
    endloop
  endfacet
  facet normal 0.442617 -0.896711 0
    outer loop
      vertex 102.5 51.8287 28.6
      vertex 102.125 51.6436 9.1
      vertex 102.5 51.8287 9.1
    endloop
  endfacet
  facet normal 0.32109 -0.947049 0
    outer loop
      vertex 101.728 51.509 9.1
      vertex 102.125 51.6436 28.6
      vertex 101.728 51.509 28.6
    endloop
  endfacet
  facet normal 0.32109 -0.947049 0
    outer loop
      vertex 102.125 51.6436 28.6
      vertex 101.728 51.509 9.1
      vertex 102.125 51.6436 9.1
    endloop
  endfacet
  facet normal 0.659012 -0.752133 0
    outer loop
      vertex 102.848 52.0613 9.1
      vertex 103.163 52.3373 28.6
      vertex 102.848 52.0613 28.6
    endloop
  endfacet
  facet normal 0.659012 -0.752133 0
    outer loop
      vertex 103.163 52.3373 28.6
      vertex 102.848 52.0613 9.1
      vertex 103.163 52.3373 9.1
    endloop
  endfacet
  facet normal 0.94661 -0.322382 0
    outer loop
      vertex 103.856 53.3754 28.6
      vertex 103.991 53.7718 9.1
      vertex 103.991 53.7718 28.6
    endloop
  endfacet
  facet normal 0.94661 -0.322382 0
    outer loop
      vertex 103.991 53.7718 9.1
      vertex 103.856 53.3754 28.6
      vertex 103.856 53.3754 9.1
    endloop
  endfacet
  facet normal 0.0654099 -0.997858 0
    outer loop
      vertex 100.9 51.4 9.1
      vertex 101.318 51.4274 28.6
      vertex 100.9 51.4 28.6
    endloop
  endfacet
  facet normal 0.0654099 -0.997858 0
    outer loop
      vertex 101.318 51.4274 28.6
      vertex 100.9 51.4 9.1
      vertex 101.318 51.4274 9.1
    endloop
  endfacet
  facet normal -0.442237 -0.896898 0
    outer loop
      vertex 99.3 51.8287 9.1
      vertex 99.6754 51.6436 28.6
      vertex 99.3 51.8287 28.6
    endloop
  endfacet
  facet normal -0.442237 -0.896898 -0
    outer loop
      vertex 99.6754 51.6436 28.6
      vertex 99.3 51.8287 9.1
      vertex 99.6754 51.6436 9.1
    endloop
  endfacet
  facet normal -0.555692 -0.831388 0
    outer loop
      vertex 98.952 52.0613 9.1
      vertex 99.3 51.8287 28.6
      vertex 98.952 52.0613 28.6
    endloop
  endfacet
  facet normal -0.555692 -0.831388 -0
    outer loop
      vertex 99.3 51.8287 28.6
      vertex 98.952 52.0613 9.1
      vertex 99.3 51.8287 9.1
    endloop
  endfacet
  facet normal 0 0 -1
    outer loop
      vertex 8.56 44.37 16
      vertex 10.16 44.37 16
      vertex 10.1258 43.8479 16
    endloop
  endfacet
  facet normal 0 0 -1
    outer loop
      vertex 8.53947 44.0567 16
      vertex 10.1258 43.8479 16
      vertex 10.0237 43.3347 16
    endloop
  endfacet
  facet normal 0 0 -1
    outer loop
      vertex 10.16 44.37 16
      vertex 8.56 44.37 16
      vertex 10.1258 44.8921 16
    endloop
  endfacet
  facet normal 0 0 -1
    outer loop
      vertex 8.47822 43.7488 16
      vertex 10.0237 43.3347 16
      vertex 9.85552 42.8393 16
    endloop
  endfacet
  facet normal 0 0 -1
    outer loop
      vertex 8.53947 44.6833 16
      vertex 10.1258 44.8921 16
      vertex 8.56 44.37 16
    endloop
  endfacet
  facet normal 0 0 -1
    outer loop
      vertex 8.37731 43.4516 16
      vertex 9.85552 42.8393 16
      vertex 9.6241 42.37 16
    endloop
  endfacet
  facet normal -0 0 -1
    outer loop
      vertex 10.1258 44.8921 16
      vertex 8.53947 44.6833 16
      vertex 10.0237 45.4053 16
    endloop
  endfacet
  facet normal 0 0 -1
    outer loop
      vertex 8.23846 43.17 16
      vertex 9.6241 42.37 16
      vertex 9.33341 41.935 16
    endloop
  endfacet
  facet normal 0 0 -1
    outer loop
      vertex 8.47822 44.9912 16
      vertex 10.0237 45.4053 16
      vertex 8.53947 44.6833 16
    endloop
  endfacet
  facet normal 0 0 -1
    outer loop
      vertex 8.06405 42.909 16
      vertex 9.33341 41.935 16
      vertex 8.98843 41.5416 16
    endloop
  endfacet
  facet normal -0 0 -1
    outer loop
      vertex 10.0237 45.4053 16
      vertex 8.47822 44.9912 16
      vertex 9.85552 45.9007 16
    endloop
  endfacet
  facet normal 0 0 -1
    outer loop
      vertex 7.85706 42.6729 16
      vertex 8.98843 41.5416 16
      vertex 8.59505 41.1966 16
    endloop
  endfacet
  facet normal 0 0 -1
    outer loop
      vertex 8.37731 45.2884 16
      vertex 9.85552 45.9007 16
      vertex 8.47822 44.9912 16
    endloop
  endfacet
  facet normal -0 0 -1
    outer loop
      vertex 9.85552 45.9007 16
      vertex 8.37731 45.2884 16
      vertex 9.6241 46.37 16
    endloop
  endfacet
  facet normal 0 0 -1
    outer loop
      vertex 10.1258 43.8479 16
      vertex 8.53947 44.0567 16
      vertex 8.56 44.37 16
    endloop
  endfacet
  facet normal 0 0 -1
    outer loop
      vertex 10.0237 43.3347 16
      vertex 8.47822 43.7488 16
      vertex 8.53947 44.0567 16
    endloop
  endfacet
  facet normal 0 0 -1
    outer loop
      vertex 9.85552 42.8393 16
      vertex 8.37731 43.4516 16
      vertex 8.47822 43.7488 16
    endloop
  endfacet
  facet normal 0 0 -1
    outer loop
      vertex 9.6241 42.37 16
      vertex 8.23846 43.17 16
      vertex 8.37731 43.4516 16
    endloop
  endfacet
  facet normal 0 0 -1
    outer loop
      vertex 7.62103 42.466 16
      vertex 8.59505 41.1966 16
      vertex 8.16 40.9059 16
    endloop
  endfacet
  facet normal 0 0 -1
    outer loop
      vertex 9.33341 41.935 16
      vertex 8.06405 42.909 16
      vertex 8.23846 43.17 16
    endloop
  endfacet
  facet normal 0 0 -1
    outer loop
      vertex 8.98843 41.5416 16
      vertex 7.85706 42.6729 16
      vertex 8.06405 42.909 16
    endloop
  endfacet
  facet normal 0 0 -1
    outer loop
      vertex 7.36 42.2915 16
      vertex 8.16 40.9059 16
      vertex 7.69073 40.6745 16
    endloop
  endfacet
  facet normal 0 0 -1
    outer loop
      vertex 8.59505 41.1966 16
      vertex 7.62103 42.466 16
      vertex 7.85706 42.6729 16
    endloop
  endfacet
  facet normal 0 0 -1
    outer loop
      vertex 8.16 40.9059 16
      vertex 7.36 42.2915 16
      vertex 7.62103 42.466 16
    endloop
  endfacet
  facet normal 0 0 -1
    outer loop
      vertex 7.07844 42.1527 16
      vertex 7.69073 40.6745 16
      vertex 7.19528 40.5063 16
    endloop
  endfacet
  facet normal 0 0 -1
    outer loop
      vertex 7.69073 40.6745 16
      vertex 7.07844 42.1527 16
      vertex 7.36 42.2915 16
    endloop
  endfacet
  facet normal 0 0 -1
    outer loop
      vertex 7.19528 40.5063 16
      vertex 6.78117 42.0518 16
      vertex 7.07844 42.1527 16
    endloop
  endfacet
  facet normal 0 0 -1
    outer loop
      vertex 6.6821 40.4042 16
      vertex 6.78117 42.0518 16
      vertex 7.19528 40.5063 16
    endloop
  endfacet
  facet normal 0 0 -1
    outer loop
      vertex 6.6821 40.4042 16
      vertex 6.47326 41.9905 16
      vertex 6.78117 42.0518 16
    endloop
  endfacet
  facet normal 0 0 -1
    outer loop
      vertex 6.16 40.37 16
      vertex 6.47326 41.9905 16
      vertex 6.6821 40.4042 16
    endloop
  endfacet
  facet normal 0 0 -1
    outer loop
      vertex 6.16 40.37 16
      vertex 6.16 41.97 16
      vertex 6.47326 41.9905 16
    endloop
  endfacet
  facet normal 0 0 -1
    outer loop
      vertex 6.16 40.37 16
      vertex 5.84674 41.9905 16
      vertex 6.16 41.97 16
    endloop
  endfacet
  facet normal 0 0 -1
    outer loop
      vertex 5.63789 40.4042 16
      vertex 5.84674 41.9905 16
      vertex 6.16 40.37 16
    endloop
  endfacet
  facet normal 0 0 -1
    outer loop
      vertex 5.63789 40.4042 16
      vertex 5.53883 42.0518 16
      vertex 5.84674 41.9905 16
    endloop
  endfacet
  facet normal 0 0 -1
    outer loop
      vertex 5.12472 40.5063 16
      vertex 5.53883 42.0518 16
      vertex 5.63789 40.4042 16
    endloop
  endfacet
  facet normal -0 0 -1
    outer loop
      vertex 5.53883 42.0518 16
      vertex 5.12472 40.5063 16
      vertex 5.24156 42.1527 16
    endloop
  endfacet
  facet normal 0 0 -1
    outer loop
      vertex 4.62927 40.6745 16
      vertex 5.24156 42.1527 16
      vertex 5.12472 40.5063 16
    endloop
  endfacet
  facet normal -0 0 -1
    outer loop
      vertex 5.24156 42.1527 16
      vertex 4.62927 40.6745 16
      vertex 4.96 42.2915 16
    endloop
  endfacet
  facet normal 0 0 -1
    outer loop
      vertex 4.16 40.9059 16
      vertex 4.96 42.2915 16
      vertex 4.62927 40.6745 16
    endloop
  endfacet
  facet normal -0 0 -1
    outer loop
      vertex 4.96 42.2915 16
      vertex 4.16 40.9059 16
      vertex 4.69897 42.466 16
    endloop
  endfacet
  facet normal 0 0 -1
    outer loop
      vertex 3.72495 41.1966 16
      vertex 4.69897 42.466 16
      vertex 4.16 40.9059 16
    endloop
  endfacet
  facet normal -0 0 -1
    outer loop
      vertex 4.69897 42.466 16
      vertex 3.72495 41.1966 16
      vertex 4.46294 42.6729 16
    endloop
  endfacet
  facet normal 0 0 -1
    outer loop
      vertex 3.33157 41.5416 16
      vertex 4.46294 42.6729 16
      vertex 3.72495 41.1966 16
    endloop
  endfacet
  facet normal -0 0 -1
    outer loop
      vertex 4.46294 42.6729 16
      vertex 3.33157 41.5416 16
      vertex 4.25595 42.909 16
    endloop
  endfacet
  facet normal 0 0 -1
    outer loop
      vertex 2.98659 41.935 16
      vertex 4.25595 42.909 16
      vertex 3.33157 41.5416 16
    endloop
  endfacet
  facet normal -0 0 -1
    outer loop
      vertex 4.25595 42.909 16
      vertex 2.98659 41.935 16
      vertex 4.08154 43.17 16
    endloop
  endfacet
  facet normal -0 0 -1
    outer loop
      vertex 4.08154 43.17 16
      vertex 2.6959 42.37 16
      vertex 3.94269 43.4516 16
    endloop
  endfacet
  facet normal 0 0 -1
    outer loop
      vertex 2.6959 42.37 16
      vertex 4.08154 43.17 16
      vertex 2.98659 41.935 16
    endloop
  endfacet
  facet normal 0 0 -1
    outer loop
      vertex 8.23846 45.57 16
      vertex 9.6241 46.37 16
      vertex 8.37731 45.2884 16
    endloop
  endfacet
  facet normal -0 0 -1
    outer loop
      vertex 9.6241 46.37 16
      vertex 8.23846 45.57 16
      vertex 9.33341 46.805 16
    endloop
  endfacet
  facet normal 0 0 -1
    outer loop
      vertex 8.06405 45.831 16
      vertex 9.33341 46.805 16
      vertex 8.23846 45.57 16
    endloop
  endfacet
  facet normal -0 0 -1
    outer loop
      vertex 9.33341 46.805 16
      vertex 8.06405 45.831 16
      vertex 8.98843 47.1984 16
    endloop
  endfacet
  facet normal 0 0 -1
    outer loop
      vertex 7.85706 46.0671 16
      vertex 8.98843 47.1984 16
      vertex 8.06405 45.831 16
    endloop
  endfacet
  facet normal -0 0 -1
    outer loop
      vertex 8.98843 47.1984 16
      vertex 7.85706 46.0671 16
      vertex 8.59505 47.5434 16
    endloop
  endfacet
  facet normal 0 0 -1
    outer loop
      vertex 7.62103 46.274 16
      vertex 8.59505 47.5434 16
      vertex 7.85706 46.0671 16
    endloop
  endfacet
  facet normal -0 0 -1
    outer loop
      vertex 8.59505 47.5434 16
      vertex 7.62103 46.274 16
      vertex 8.16 47.8341 16
    endloop
  endfacet
  facet normal 0 0 -1
    outer loop
      vertex 7.36 46.4485 16
      vertex 8.16 47.8341 16
      vertex 7.62103 46.274 16
    endloop
  endfacet
  facet normal -0 0 -1
    outer loop
      vertex 8.16 47.8341 16
      vertex 7.36 46.4485 16
      vertex 7.69073 48.0655 16
    endloop
  endfacet
  facet normal 0 0 -1
    outer loop
      vertex 7.07844 46.5873 16
      vertex 7.69073 48.0655 16
      vertex 7.36 46.4485 16
    endloop
  endfacet
  facet normal -0 0 -1
    outer loop
      vertex 7.69073 48.0655 16
      vertex 7.07844 46.5873 16
      vertex 7.19528 48.2337 16
    endloop
  endfacet
  facet normal 0 0 -1
    outer loop
      vertex 6.78117 46.6882 16
      vertex 7.19528 48.2337 16
      vertex 7.07844 46.5873 16
    endloop
  endfacet
  facet normal 0 0 -1
    outer loop
      vertex 6.78117 46.6882 16
      vertex 6.6821 48.3358 16
      vertex 7.19528 48.2337 16
    endloop
  endfacet
  facet normal 0 0 -1
    outer loop
      vertex 6.47326 46.7495 16
      vertex 6.6821 48.3358 16
      vertex 6.78117 46.6882 16
    endloop
  endfacet
  facet normal 0 0 -1
    outer loop
      vertex 6.16 46.77 16
      vertex 6.6821 48.3358 16
      vertex 6.47326 46.7495 16
    endloop
  endfacet
  facet normal 0 0 -1
    outer loop
      vertex 6.16 46.77 16
      vertex 6.16 48.37 16
      vertex 6.6821 48.3358 16
    endloop
  endfacet
  facet normal 0 0 -1
    outer loop
      vertex 5.84674 46.7495 16
      vertex 6.16 48.37 16
      vertex 6.16 46.77 16
    endloop
  endfacet
  facet normal 0 0 -1
    outer loop
      vertex 5.84674 46.7495 16
      vertex 5.63789 48.3358 16
      vertex 6.16 48.37 16
    endloop
  endfacet
  facet normal 0 0 -1
    outer loop
      vertex 5.53883 46.6882 16
      vertex 5.63789 48.3358 16
      vertex 5.84674 46.7495 16
    endloop
  endfacet
  facet normal 0 0 -1
    outer loop
      vertex 5.12472 48.2337 16
      vertex 5.53883 46.6882 16
      vertex 5.24156 46.5873 16
    endloop
  endfacet
  facet normal 0 0 -1
    outer loop
      vertex 5.53883 46.6882 16
      vertex 5.12472 48.2337 16
      vertex 5.63789 48.3358 16
    endloop
  endfacet
  facet normal 0 0 -1
    outer loop
      vertex 4.62927 48.0655 16
      vertex 5.24156 46.5873 16
      vertex 4.96 46.4485 16
    endloop
  endfacet
  facet normal 0 0 -1
    outer loop
      vertex 4.16 47.8341 16
      vertex 4.96 46.4485 16
      vertex 4.69897 46.274 16
    endloop
  endfacet
  facet normal 0 0 -1
    outer loop
      vertex 5.24156 46.5873 16
      vertex 4.62927 48.0655 16
      vertex 5.12472 48.2337 16
    endloop
  endfacet
  facet normal 0 0 -1
    outer loop
      vertex 3.72495 47.5434 16
      vertex 4.69897 46.274 16
      vertex 4.46294 46.0671 16
    endloop
  endfacet
  facet normal 0 0 -1
    outer loop
      vertex 3.33157 47.1984 16
      vertex 4.46294 46.0671 16
      vertex 4.25595 45.831 16
    endloop
  endfacet
  facet normal 0 0 -1
    outer loop
      vertex 4.96 46.4485 16
      vertex 4.16 47.8341 16
      vertex 4.62927 48.0655 16
    endloop
  endfacet
  facet normal 0 0 -1
    outer loop
      vertex 2.98659 46.805 16
      vertex 4.25595 45.831 16
      vertex 4.08154 45.57 16
    endloop
  endfacet
  facet normal 0 0 -1
    outer loop
      vertex 2.6959 46.37 16
      vertex 4.08154 45.57 16
      vertex 3.94269 45.2884 16
    endloop
  endfacet
  facet normal 0 0 -1
    outer loop
      vertex 2.4 45.7108 16
      vertex 3.94269 45.2884 16
      vertex 3.84178 44.9912 16
    endloop
  endfacet
  facet normal 0 0 -1
    outer loop
      vertex 2.4 45.7108 16
      vertex 3.84178 44.9912 16
      vertex 3.78053 44.6833 16
    endloop
  endfacet
  facet normal 0 0 -1
    outer loop
      vertex 4.69897 46.274 16
      vertex 3.72495 47.5434 16
      vertex 4.16 47.8341 16
    endloop
  endfacet
  facet normal 0 0 -1
    outer loop
      vertex 2.4 45.7108 16
      vertex 3.78053 44.6833 16
      vertex 3.76 44.37 16
    endloop
  endfacet
  facet normal 0 0 -1
    outer loop
      vertex 2.46448 42.8393 16
      vertex 3.94269 43.4516 16
      vertex 2.6959 42.37 16
    endloop
  endfacet
  facet normal 0 0 -1
    outer loop
      vertex 2.4 43.0292 16
      vertex 3.94269 43.4516 16
      vertex 2.46448 42.8393 16
    endloop
  endfacet
  facet normal 0 0 -1
    outer loop
      vertex 4.46294 46.0671 16
      vertex 3.33157 47.1984 16
      vertex 3.72495 47.5434 16
    endloop
  endfacet
  facet normal -0 0 -1
    outer loop
      vertex 3.94269 43.4516 16
      vertex 2.4 43.0292 16
      vertex 3.84178 43.7488 16
    endloop
  endfacet
  facet normal 0 0 -1
    outer loop
      vertex 4.25595 45.831 16
      vertex 2.98659 46.805 16
      vertex 3.33157 47.1984 16
    endloop
  endfacet
  facet normal -0 0 -1
    outer loop
      vertex 3.84178 43.7488 16
      vertex 2.4 43.0292 16
      vertex 3.78053 44.0567 16
    endloop
  endfacet
  facet normal 0 0 -1
    outer loop
      vertex 2.4 45.7108 16
      vertex 3.76 44.37 16
      vertex 2.4 43.0292 16
    endloop
  endfacet
  facet normal -0 0 -1
    outer loop
      vertex 3.78053 44.0567 16
      vertex 2.4 43.0292 16
      vertex 3.76 44.37 16
    endloop
  endfacet
  facet normal 0 0 -1
    outer loop
      vertex 3.94269 45.2884 16
      vertex 2.4 45.7108 16
      vertex 2.46448 45.9007 16
    endloop
  endfacet
  facet normal 0 0 -1
    outer loop
      vertex 4.08154 45.57 16
      vertex 2.6959 46.37 16
      vertex 2.98659 46.805 16
    endloop
  endfacet
  facet normal 0 0 -1
    outer loop
      vertex 3.94269 45.2884 16
      vertex 2.46448 45.9007 16
      vertex 2.6959 46.37 16
    endloop
  endfacet
  facet normal 0.980779 -0.195124 0
    outer loop
      vertex 10.0237 43.3347 28.6
      vertex 10.1258 43.8479 16
      vertex 10.1258 43.8479 28.6
    endloop
  endfacet
  facet normal 0.980779 -0.195124 0
    outer loop
      vertex 10.1258 43.8479 16
      vertex 10.0237 43.3347 28.6
      vertex 10.0237 43.3347 16
    endloop
  endfacet
  facet normal -0.195135 -0.980776 0
    outer loop
      vertex 5.12472 40.5063 16
      vertex 5.63789 40.4042 28.6
      vertex 5.12472 40.5063 28.6
    endloop
  endfacet
  facet normal -0.195135 -0.980776 -0
    outer loop
      vertex 5.63789 40.4042 28.6
      vertex 5.12472 40.5063 16
      vertex 5.63789 40.4042 16
    endloop
  endfacet
  facet normal 0.44226 0.896887 -0
    outer loop
      vertex 8.16 47.8341 16
      vertex 7.69073 48.0655 28.6
      vertex 8.16 47.8341 28.6
    endloop
  endfacet
  facet normal 0.44226 0.896887 0
    outer loop
      vertex 7.69073 48.0655 28.6
      vertex 8.16 47.8341 16
      vertex 7.69073 48.0655 16
    endloop
  endfacet
  facet normal -0.44226 0.896887 0
    outer loop
      vertex 4.62927 48.0655 16
      vertex 4.16 47.8341 28.6
      vertex 4.62927 48.0655 28.6
    endloop
  endfacet
  facet normal -0.44226 0.896887 0
    outer loop
      vertex 4.16 47.8341 28.6
      vertex 4.62927 48.0655 16
      vertex 4.16 47.8341 16
    endloop
  endfacet
  facet normal -0.946903 0.321518 0
    outer loop
      vertex 2.4 45.7108 16
      vertex 2.46448 45.9007 28.6
      vertex 2.46448 45.9007 16
    endloop
  endfacet
  facet normal -0.946903 0.321518 0
    outer loop
      vertex 2.46448 45.9007 28.6
      vertex 2.4 45.7108 16
      vertex 2.4 45.7108 28.6
    endloop
  endfacet
  facet normal -0.831441 -0.555613 0
    outer loop
      vertex 2.98659 41.935 16
      vertex 2.6959 42.37 28.6
      vertex 2.6959 42.37 16
    endloop
  endfacet
  facet normal -0.831441 -0.555613 0
    outer loop
      vertex 2.6959 42.37 28.6
      vertex 2.98659 41.935 16
      vertex 2.98659 41.935 28.6
    endloop
  endfacet
  facet normal 0.946922 0.321464 0
    outer loop
      vertex 10.0237 45.4053 28.6
      vertex 9.85552 45.9007 16
      vertex 9.85552 45.9007 28.6
    endloop
  endfacet
  facet normal 0.946922 0.321464 0
    outer loop
      vertex 9.85552 45.9007 16
      vertex 10.0237 45.4053 28.6
      vertex 10.0237 45.4053 16
    endloop
  endfacet
  facet normal 0.896883 0.442268 0
    outer loop
      vertex 9.85552 45.9007 28.6
      vertex 9.6241 46.37 16
      vertex 9.6241 46.37 28.6
    endloop
  endfacet
  facet normal 0.896883 0.442268 0
    outer loop
      vertex 9.6241 46.37 16
      vertex 9.85552 45.9007 28.6
      vertex 9.85552 45.9007 16
    endloop
  endfacet
  facet normal 0.831441 0.555613 0
    outer loop
      vertex 9.6241 46.37 28.6
      vertex 9.33341 46.805 16
      vertex 9.33341 46.805 28.6
    endloop
  endfacet
  facet normal 0.831441 0.555613 0
    outer loop
      vertex 9.33341 46.805 16
      vertex 9.6241 46.37 28.6
      vertex 9.6241 46.37 16
    endloop
  endfacet
  facet normal 0.751861 0.659321 0
    outer loop
      vertex 9.33341 46.805 28.6
      vertex 8.98843 47.1984 16
      vertex 8.98843 47.1984 28.6
    endloop
  endfacet
  facet normal 0.751861 0.659321 0
    outer loop
      vertex 8.98843 47.1984 16
      vertex 9.33341 46.805 28.6
      vertex 9.33341 46.805 16
    endloop
  endfacet
  facet normal 0.321469 0.94692 -0
    outer loop
      vertex 7.69073 48.0655 16
      vertex 7.19528 48.2337 28.6
      vertex 7.69073 48.0655 28.6
    endloop
  endfacet
  facet normal 0.321469 0.94692 0
    outer loop
      vertex 7.19528 48.2337 28.6
      vertex 7.69073 48.0655 16
      vertex 7.19528 48.2337 16
    endloop
  endfacet
  facet normal -0.0653634 0.997862 0
    outer loop
      vertex 6.16 48.37 16
      vertex 5.63789 48.3358 28.6
      vertex 6.16 48.37 28.6
    endloop
  endfacet
  facet normal -0.0653634 0.997862 0
    outer loop
      vertex 5.63789 48.3358 28.6
      vertex 6.16 48.37 16
      vertex 5.63789 48.3358 16
    endloop
  endfacet
  facet normal 0.0653646 0.997861 -0
    outer loop
      vertex 6.6821 48.3358 16
      vertex 6.16 48.37 28.6
      vertex 6.6821 48.3358 28.6
    endloop
  endfacet
  facet normal 0.0653646 0.997861 0
    outer loop
      vertex 6.16 48.37 28.6
      vertex 6.6821 48.3358 16
      vertex 6.16 48.37 16
    endloop
  endfacet
  facet normal -0.831441 0.555613 0
    outer loop
      vertex 2.6959 46.37 16
      vertex 2.98659 46.805 28.6
      vertex 2.98659 46.805 16
    endloop
  endfacet
  facet normal -0.831441 0.555613 0
    outer loop
      vertex 2.98659 46.805 28.6
      vertex 2.6959 46.37 16
      vertex 2.6959 46.37 28.6
    endloop
  endfacet
  facet normal -0.555582 0.831462 0
    outer loop
      vertex 4.16 47.8341 16
      vertex 3.72495 47.5434 28.6
      vertex 4.16 47.8341 28.6
    endloop
  endfacet
  facet normal -0.555582 0.831462 0
    outer loop
      vertex 3.72495 47.5434 28.6
      vertex 4.16 47.8341 16
      vertex 3.72495 47.5434 16
    endloop
  endfacet
  facet normal -0.659362 0.751826 0
    outer loop
      vertex 3.72495 47.5434 16
      vertex 3.33157 47.1984 28.6
      vertex 3.72495 47.5434 28.6
    endloop
  endfacet
  facet normal -0.659362 0.751826 0
    outer loop
      vertex 3.33157 47.1984 28.6
      vertex 3.72495 47.5434 16
      vertex 3.33157 47.1984 16
    endloop
  endfacet
  facet normal 0.997861 -0.0653646 0
    outer loop
      vertex 10.1258 43.8479 28.6
      vertex 10.16 44.37 16
      vertex 10.16 44.37 28.6
    endloop
  endfacet
  facet normal 0.997861 -0.0653646 0
    outer loop
      vertex 10.16 44.37 16
      vertex 10.1258 43.8479 28.6
      vertex 10.1258 43.8479 16
    endloop
  endfacet
  facet normal 0.44226 -0.896887 0
    outer loop
      vertex 7.69073 40.6745 16
      vertex 8.16 40.9059 28.6
      vertex 7.69073 40.6745 28.6
    endloop
  endfacet
  facet normal 0.44226 -0.896887 0
    outer loop
      vertex 8.16 40.9059 28.6
      vertex 7.69073 40.6745 16
      vertex 8.16 40.9059 16
    endloop
  endfacet
  facet normal 0.831441 -0.555613 0
    outer loop
      vertex 9.33341 41.935 28.6
      vertex 9.6241 42.37 16
      vertex 9.6241 42.37 28.6
    endloop
  endfacet
  facet normal 0.831441 -0.555613 0
    outer loop
      vertex 9.6241 42.37 16
      vertex 9.33341 41.935 28.6
      vertex 9.33341 41.935 16
    endloop
  endfacet
  facet normal 0.751861 -0.659321 0
    outer loop
      vertex 8.98843 41.5416 28.6
      vertex 9.33341 41.935 16
      vertex 9.33341 41.935 28.6
    endloop
  endfacet
  facet normal 0.751861 -0.659321 0
    outer loop
      vertex 9.33341 41.935 16
      vertex 8.98843 41.5416 28.6
      vertex 8.98843 41.5416 16
    endloop
  endfacet
  facet normal 0.555582 -0.831462 0
    outer loop
      vertex 8.16 40.9059 16
      vertex 8.59505 41.1966 28.6
      vertex 8.16 40.9059 28.6
    endloop
  endfacet
  facet normal 0.555582 -0.831462 0
    outer loop
      vertex 8.59505 41.1966 28.6
      vertex 8.16 40.9059 16
      vertex 8.59505 41.1966 16
    endloop
  endfacet
  facet normal -0.321469 -0.94692 0
    outer loop
      vertex 4.62927 40.6745 16
      vertex 5.12472 40.5063 28.6
      vertex 4.62927 40.6745 28.6
    endloop
  endfacet
  facet normal -0.321469 -0.94692 -0
    outer loop
      vertex 5.12472 40.5063 28.6
      vertex 4.62927 40.6745 16
      vertex 5.12472 40.5063 16
    endloop
  endfacet
  facet normal 0.659362 0.751826 -0
    outer loop
      vertex 8.98843 47.1984 16
      vertex 8.59505 47.5434 28.6
      vertex 8.98843 47.1984 28.6
    endloop
  endfacet
  facet normal 0.659362 0.751826 0
    outer loop
      vertex 8.59505 47.5434 28.6
      vertex 8.98843 47.1984 16
      vertex 8.59505 47.5434 16
    endloop
  endfacet
  facet normal -0.195135 0.980776 0
    outer loop
      vertex 5.63789 48.3358 16
      vertex 5.12472 48.2337 28.6
      vertex 5.63789 48.3358 28.6
    endloop
  endfacet
  facet normal -0.195135 0.980776 0
    outer loop
      vertex 5.12472 48.2337 28.6
      vertex 5.63789 48.3358 16
      vertex 5.12472 48.2337 16
    endloop
  endfacet
  facet normal -0.321469 0.94692 0
    outer loop
      vertex 5.12472 48.2337 16
      vertex 4.62927 48.0655 28.6
      vertex 5.12472 48.2337 28.6
    endloop
  endfacet
  facet normal -0.321469 0.94692 0
    outer loop
      vertex 4.62927 48.0655 28.6
      vertex 5.12472 48.2337 16
      vertex 4.62927 48.0655 16
    endloop
  endfacet
  facet normal -0.751861 0.659321 0
    outer loop
      vertex 2.98659 46.805 16
      vertex 3.33157 47.1984 28.6
      vertex 3.33157 47.1984 16
    endloop
  endfacet
  facet normal -0.751861 0.659321 0
    outer loop
      vertex 3.33157 47.1984 28.6
      vertex 2.98659 46.805 16
      vertex 2.98659 46.805 28.6
    endloop
  endfacet
  facet normal 0.997861 0.0653646 0
    outer loop
      vertex 10.16 44.37 28.6
      vertex 10.1258 44.8921 16
      vertex 10.1258 44.8921 28.6
    endloop
  endfacet
  facet normal 0.997861 0.0653646 0
    outer loop
      vertex 10.1258 44.8921 16
      vertex 10.16 44.37 28.6
      vertex 10.16 44.37 16
    endloop
  endfacet
  facet normal 0.195131 -0.980777 0
    outer loop
      vertex 6.6821 40.4042 16
      vertex 7.19528 40.5063 28.6
      vertex 6.6821 40.4042 28.6
    endloop
  endfacet
  facet normal 0.195131 -0.980777 0
    outer loop
      vertex 7.19528 40.5063 28.6
      vertex 6.6821 40.4042 16
      vertex 7.19528 40.5063 16
    endloop
  endfacet
  facet normal 0.321469 -0.94692 0
    outer loop
      vertex 7.19528 40.5063 16
      vertex 7.69073 40.6745 28.6
      vertex 7.19528 40.5063 28.6
    endloop
  endfacet
  facet normal 0.321469 -0.94692 0
    outer loop
      vertex 7.69073 40.6745 28.6
      vertex 7.19528 40.5063 16
      vertex 7.69073 40.6745 16
    endloop
  endfacet
  facet normal 0.659362 -0.751826 0
    outer loop
      vertex 8.59505 41.1966 16
      vertex 8.98843 41.5416 28.6
      vertex 8.59505 41.1966 28.6
    endloop
  endfacet
  facet normal 0.659362 -0.751826 0
    outer loop
      vertex 8.98843 41.5416 28.6
      vertex 8.59505 41.1966 16
      vertex 8.98843 41.5416 16
    endloop
  endfacet
  facet normal 0.946922 -0.321464 0
    outer loop
      vertex 9.85552 42.8393 28.6
      vertex 10.0237 43.3347 16
      vertex 10.0237 43.3347 28.6
    endloop
  endfacet
  facet normal 0.946922 -0.321464 0
    outer loop
      vertex 10.0237 43.3347 16
      vertex 9.85552 42.8393 28.6
      vertex 9.85552 42.8393 16
    endloop
  endfacet
  facet normal 0.896883 -0.442268 0
    outer loop
      vertex 9.6241 42.37 28.6
      vertex 9.85552 42.8393 16
      vertex 9.85552 42.8393 28.6
    endloop
  endfacet
  facet normal 0.896883 -0.442268 0
    outer loop
      vertex 9.85552 42.8393 16
      vertex 9.6241 42.37 28.6
      vertex 9.6241 42.37 16
    endloop
  endfacet
  facet normal -0.0653634 -0.997862 0
    outer loop
      vertex 5.63789 40.4042 16
      vertex 6.16 40.37 28.6
      vertex 5.63789 40.4042 28.6
    endloop
  endfacet
  facet normal -0.0653634 -0.997862 -0
    outer loop
      vertex 6.16 40.37 28.6
      vertex 5.63789 40.4042 16
      vertex 6.16 40.37 16
    endloop
  endfacet
  facet normal 0.0653646 -0.997861 0
    outer loop
      vertex 6.16 40.37 16
      vertex 6.6821 40.4042 28.6
      vertex 6.16 40.37 28.6
    endloop
  endfacet
  facet normal 0.0653646 -0.997861 0
    outer loop
      vertex 6.6821 40.4042 28.6
      vertex 6.16 40.37 16
      vertex 6.6821 40.4042 16
    endloop
  endfacet
  facet normal -0.555582 -0.831462 0
    outer loop
      vertex 3.72495 41.1966 16
      vertex 4.16 40.9059 28.6
      vertex 3.72495 41.1966 28.6
    endloop
  endfacet
  facet normal -0.555582 -0.831462 -0
    outer loop
      vertex 4.16 40.9059 28.6
      vertex 3.72495 41.1966 16
      vertex 4.16 40.9059 16
    endloop
  endfacet
  facet normal -0.946903 -0.321518 0
    outer loop
      vertex 2.46448 42.8393 16
      vertex 2.4 43.0292 28.6
      vertex 2.4 43.0292 16
    endloop
  endfacet
  facet normal -0.946903 -0.321518 0
    outer loop
      vertex 2.4 43.0292 28.6
      vertex 2.46448 42.8393 16
      vertex 2.46448 42.8393 28.6
    endloop
  endfacet
  facet normal -0.896883 -0.442268 0
    outer loop
      vertex 2.6959 42.37 16
      vertex 2.46448 42.8393 28.6
      vertex 2.46448 42.8393 16
    endloop
  endfacet
  facet normal -0.896883 -0.442268 0
    outer loop
      vertex 2.46448 42.8393 28.6
      vertex 2.6959 42.37 16
      vertex 2.6959 42.37 28.6
    endloop
  endfacet
  facet normal -0.751861 -0.659321 0
    outer loop
      vertex 3.33157 41.5416 16
      vertex 2.98659 41.935 28.6
      vertex 2.98659 41.935 16
    endloop
  endfacet
  facet normal -0.751861 -0.659321 0
    outer loop
      vertex 2.98659 41.935 28.6
      vertex 3.33157 41.5416 16
      vertex 3.33157 41.5416 28.6
    endloop
  endfacet
  facet normal -0.659362 -0.751826 0
    outer loop
      vertex 3.33157 41.5416 16
      vertex 3.72495 41.1966 28.6
      vertex 3.33157 41.5416 28.6
    endloop
  endfacet
  facet normal -0.659362 -0.751826 -0
    outer loop
      vertex 3.72495 41.1966 28.6
      vertex 3.33157 41.5416 16
      vertex 3.72495 41.1966 16
    endloop
  endfacet
  facet normal 0.980779 0.195124 0
    outer loop
      vertex 10.1258 44.8921 28.6
      vertex 10.0237 45.4053 16
      vertex 10.0237 45.4053 28.6
    endloop
  endfacet
  facet normal 0.980779 0.195124 0
    outer loop
      vertex 10.0237 45.4053 16
      vertex 10.1258 44.8921 28.6
      vertex 10.1258 44.8921 16
    endloop
  endfacet
  facet normal 0.555582 0.831462 -0
    outer loop
      vertex 8.59505 47.5434 16
      vertex 8.16 47.8341 28.6
      vertex 8.59505 47.5434 28.6
    endloop
  endfacet
  facet normal 0.555582 0.831462 0
    outer loop
      vertex 8.16 47.8341 28.6
      vertex 8.59505 47.5434 16
      vertex 8.16 47.8341 16
    endloop
  endfacet
  facet normal 0.195131 0.980777 -0
    outer loop
      vertex 7.19528 48.2337 16
      vertex 6.6821 48.3358 28.6
      vertex 7.19528 48.2337 28.6
    endloop
  endfacet
  facet normal 0.195131 0.980777 0
    outer loop
      vertex 6.6821 48.3358 28.6
      vertex 7.19528 48.2337 16
      vertex 6.6821 48.3358 16
    endloop
  endfacet
  facet normal -0.896883 0.442268 0
    outer loop
      vertex 2.46448 45.9007 16
      vertex 2.6959 46.37 28.6
      vertex 2.6959 46.37 16
    endloop
  endfacet
  facet normal -0.896883 0.442268 0
    outer loop
      vertex 2.6959 46.37 28.6
      vertex 2.46448 45.9007 16
      vertex 2.46448 45.9007 28.6
    endloop
  endfacet
  facet normal -0.44226 -0.896887 0
    outer loop
      vertex 4.16 40.9059 16
      vertex 4.62927 40.6745 28.6
      vertex 4.16 40.9059 28.6
    endloop
  endfacet
  facet normal -0.44226 -0.896887 -0
    outer loop
      vertex 4.62927 40.6745 28.6
      vertex 4.16 40.9059 16
      vertex 4.62927 40.6745 16
    endloop
  endfacet
  facet normal 0.946922 0.321464 0
    outer loop
      vertex 10.0237 17.9653 28.6
      vertex 9.85552 18.4607 16
      vertex 9.85552 18.4607 28.6
    endloop
  endfacet
  facet normal 0.946922 0.321464 0
    outer loop
      vertex 9.85552 18.4607 16
      vertex 10.0237 17.9653 28.6
      vertex 10.0237 17.9653 16
    endloop
  endfacet
  facet normal 0.997861 0.0653646 0
    outer loop
      vertex 10.16 16.93 28.6
      vertex 10.1258 17.4521 16
      vertex 10.1258 17.4521 28.6
    endloop
  endfacet
  facet normal 0.997861 0.0653646 0
    outer loop
      vertex 10.1258 17.4521 16
      vertex 10.16 16.93 28.6
      vertex 10.16 16.93 16
    endloop
  endfacet
  facet normal 0.0653646 0.997861 -0
    outer loop
      vertex 6.6821 20.8958 16
      vertex 6.16 20.93 28.6
      vertex 6.6821 20.8958 28.6
    endloop
  endfacet
  facet normal 0.0653646 0.997861 0
    outer loop
      vertex 6.16 20.93 28.6
      vertex 6.6821 20.8958 16
      vertex 6.16 20.93 16
    endloop
  endfacet
  facet normal 0.659362 0.751826 -0
    outer loop
      vertex 8.98843 19.7584 16
      vertex 8.59505 20.1034 28.6
      vertex 8.98843 19.7584 28.6
    endloop
  endfacet
  facet normal 0.659362 0.751826 0
    outer loop
      vertex 8.59505 20.1034 28.6
      vertex 8.98843 19.7584 16
      vertex 8.59505 20.1034 16
    endloop
  endfacet
  facet normal -0.659362 0.751826 0
    outer loop
      vertex 3.72495 20.1034 16
      vertex 3.33157 19.7584 28.6
      vertex 3.72495 20.1034 28.6
    endloop
  endfacet
  facet normal -0.659362 0.751826 0
    outer loop
      vertex 3.33157 19.7584 28.6
      vertex 3.72495 20.1034 16
      vertex 3.33157 19.7584 16
    endloop
  endfacet
  facet normal -0.321469 0.94692 0
    outer loop
      vertex 5.12472 20.7937 16
      vertex 4.62927 20.6255 28.6
      vertex 5.12472 20.7937 28.6
    endloop
  endfacet
  facet normal -0.321469 0.94692 0
    outer loop
      vertex 4.62927 20.6255 28.6
      vertex 5.12472 20.7937 16
      vertex 4.62927 20.6255 16
    endloop
  endfacet
  facet normal -0.831441 -0.555613 0
    outer loop
      vertex 2.98659 14.495 16
      vertex 2.6959 14.93 28.6
      vertex 2.6959 14.93 16
    endloop
  endfacet
  facet normal -0.831441 -0.555613 0
    outer loop
      vertex 2.6959 14.93 28.6
      vertex 2.98659 14.495 16
      vertex 2.98659 14.495 28.6
    endloop
  endfacet
  facet normal 0.896883 0.442268 0
    outer loop
      vertex 9.85552 18.4607 28.6
      vertex 9.6241 18.93 16
      vertex 9.6241 18.93 28.6
    endloop
  endfacet
  facet normal 0.896883 0.442268 0
    outer loop
      vertex 9.6241 18.93 16
      vertex 9.85552 18.4607 28.6
      vertex 9.85552 18.4607 16
    endloop
  endfacet
  facet normal 0.831441 0.555613 0
    outer loop
      vertex 9.6241 18.93 28.6
      vertex 9.33341 19.365 16
      vertex 9.33341 19.365 28.6
    endloop
  endfacet
  facet normal 0.831441 0.555613 0
    outer loop
      vertex 9.33341 19.365 16
      vertex 9.6241 18.93 28.6
      vertex 9.6241 18.93 16
    endloop
  endfacet
  facet normal 0.44226 0.896887 -0
    outer loop
      vertex 8.16 20.3941 16
      vertex 7.69073 20.6255 28.6
      vertex 8.16 20.3941 28.6
    endloop
  endfacet
  facet normal 0.44226 0.896887 0
    outer loop
      vertex 7.69073 20.6255 28.6
      vertex 8.16 20.3941 16
      vertex 7.69073 20.6255 16
    endloop
  endfacet
  facet normal 0.321469 0.94692 -0
    outer loop
      vertex 7.69073 20.6255 16
      vertex 7.19528 20.7937 28.6
      vertex 7.69073 20.6255 28.6
    endloop
  endfacet
  facet normal 0.321469 0.94692 0
    outer loop
      vertex 7.19528 20.7937 28.6
      vertex 7.69073 20.6255 16
      vertex 7.19528 20.7937 16
    endloop
  endfacet
  facet normal 0.555582 0.831462 -0
    outer loop
      vertex 8.59505 20.1034 16
      vertex 8.16 20.3941 28.6
      vertex 8.59505 20.1034 28.6
    endloop
  endfacet
  facet normal 0.555582 0.831462 0
    outer loop
      vertex 8.16 20.3941 28.6
      vertex 8.59505 20.1034 16
      vertex 8.16 20.3941 16
    endloop
  endfacet
  facet normal -0.831441 0.555613 0
    outer loop
      vertex 2.6959 18.93 16
      vertex 2.98659 19.365 28.6
      vertex 2.98659 19.365 16
    endloop
  endfacet
  facet normal -0.831441 0.555613 0
    outer loop
      vertex 2.98659 19.365 28.6
      vertex 2.6959 18.93 16
      vertex 2.6959 18.93 28.6
    endloop
  endfacet
  facet normal -0.751861 0.659321 0
    outer loop
      vertex 2.98659 19.365 16
      vertex 3.33157 19.7584 28.6
      vertex 3.33157 19.7584 16
    endloop
  endfacet
  facet normal -0.751861 0.659321 0
    outer loop
      vertex 3.33157 19.7584 28.6
      vertex 2.98659 19.365 16
      vertex 2.98659 19.365 28.6
    endloop
  endfacet
  facet normal -0.946903 0.321518 0
    outer loop
      vertex 2.4 18.2708 16
      vertex 2.46448 18.4607 28.6
      vertex 2.46448 18.4607 16
    endloop
  endfacet
  facet normal -0.946903 0.321518 0
    outer loop
      vertex 2.46448 18.4607 28.6
      vertex 2.4 18.2708 16
      vertex 2.4 18.2708 28.6
    endloop
  endfacet
  facet normal -0.555582 0.831462 0
    outer loop
      vertex 4.16 20.3941 16
      vertex 3.72495 20.1034 28.6
      vertex 4.16 20.3941 28.6
    endloop
  endfacet
  facet normal -0.555582 0.831462 0
    outer loop
      vertex 3.72495 20.1034 28.6
      vertex 4.16 20.3941 16
      vertex 3.72495 20.1034 16
    endloop
  endfacet
  facet normal -0.0653634 0.997862 0
    outer loop
      vertex 6.16 20.93 16
      vertex 5.63789 20.8958 28.6
      vertex 6.16 20.93 28.6
    endloop
  endfacet
  facet normal -0.0653634 0.997862 0
    outer loop
      vertex 5.63789 20.8958 28.6
      vertex 6.16 20.93 16
      vertex 5.63789 20.8958 16
    endloop
  endfacet
  facet normal 0.321469 -0.94692 0
    outer loop
      vertex 7.19528 13.0663 16
      vertex 7.69073 13.2345 28.6
      vertex 7.19528 13.0663 28.6
    endloop
  endfacet
  facet normal 0.321469 -0.94692 0
    outer loop
      vertex 7.69073 13.2345 28.6
      vertex 7.19528 13.0663 16
      vertex 7.69073 13.2345 16
    endloop
  endfacet
  facet normal 0.997861 -0.0653646 0
    outer loop
      vertex 10.1258 16.4079 28.6
      vertex 10.16 16.93 16
      vertex 10.16 16.93 28.6
    endloop
  endfacet
  facet normal 0.997861 -0.0653646 0
    outer loop
      vertex 10.16 16.93 16
      vertex 10.1258 16.4079 28.6
      vertex 10.1258 16.4079 16
    endloop
  endfacet
  facet normal -0.321469 -0.94692 0
    outer loop
      vertex 4.62927 13.2345 16
      vertex 5.12472 13.0663 28.6
      vertex 4.62927 13.2345 28.6
    endloop
  endfacet
  facet normal -0.321469 -0.94692 -0
    outer loop
      vertex 5.12472 13.0663 28.6
      vertex 4.62927 13.2345 16
      vertex 5.12472 13.0663 16
    endloop
  endfacet
  facet normal -0.896883 -0.442268 0
    outer loop
      vertex 2.6959 14.93 16
      vertex 2.46448 15.3993 28.6
      vertex 2.46448 15.3993 16
    endloop
  endfacet
  facet normal -0.896883 -0.442268 0
    outer loop
      vertex 2.46448 15.3993 28.6
      vertex 2.6959 14.93 16
      vertex 2.6959 14.93 28.6
    endloop
  endfacet
  facet normal 0 0 -1
    outer loop
      vertex 8.56 16.93 16
      vertex 10.16 16.93 16
      vertex 10.1258 16.4079 16
    endloop
  endfacet
  facet normal 0 0 -1
    outer loop
      vertex 8.53947 16.6167 16
      vertex 10.1258 16.4079 16
      vertex 10.0237 15.8947 16
    endloop
  endfacet
  facet normal 0 0 -1
    outer loop
      vertex 10.16 16.93 16
      vertex 8.56 16.93 16
      vertex 10.1258 17.4521 16
    endloop
  endfacet
  facet normal 0 0 -1
    outer loop
      vertex 8.47822 16.3088 16
      vertex 10.0237 15.8947 16
      vertex 9.85552 15.3993 16
    endloop
  endfacet
  facet normal 0 0 -1
    outer loop
      vertex 8.53947 17.2433 16
      vertex 10.1258 17.4521 16
      vertex 8.56 16.93 16
    endloop
  endfacet
  facet normal 0 0 -1
    outer loop
      vertex 8.37731 16.0116 16
      vertex 9.85552 15.3993 16
      vertex 9.6241 14.93 16
    endloop
  endfacet
  facet normal -0 0 -1
    outer loop
      vertex 10.1258 17.4521 16
      vertex 8.53947 17.2433 16
      vertex 10.0237 17.9653 16
    endloop
  endfacet
  facet normal 0 0 -1
    outer loop
      vertex 8.23846 15.73 16
      vertex 9.6241 14.93 16
      vertex 9.33341 14.495 16
    endloop
  endfacet
  facet normal 0 0 -1
    outer loop
      vertex 8.47822 17.5512 16
      vertex 10.0237 17.9653 16
      vertex 8.53947 17.2433 16
    endloop
  endfacet
  facet normal 0 0 -1
    outer loop
      vertex 8.06405 15.469 16
      vertex 9.33341 14.495 16
      vertex 8.98843 14.1016 16
    endloop
  endfacet
  facet normal -0 0 -1
    outer loop
      vertex 10.0237 17.9653 16
      vertex 8.47822 17.5512 16
      vertex 9.85552 18.4607 16
    endloop
  endfacet
  facet normal 0 0 -1
    outer loop
      vertex 7.85706 15.2329 16
      vertex 8.98843 14.1016 16
      vertex 8.59505 13.7566 16
    endloop
  endfacet
  facet normal 0 0 -1
    outer loop
      vertex 8.37731 17.8484 16
      vertex 9.85552 18.4607 16
      vertex 8.47822 17.5512 16
    endloop
  endfacet
  facet normal -0 0 -1
    outer loop
      vertex 9.85552 18.4607 16
      vertex 8.37731 17.8484 16
      vertex 9.6241 18.93 16
    endloop
  endfacet
  facet normal 0 0 -1
    outer loop
      vertex 10.1258 16.4079 16
      vertex 8.53947 16.6167 16
      vertex 8.56 16.93 16
    endloop
  endfacet
  facet normal 0 0 -1
    outer loop
      vertex 10.0237 15.8947 16
      vertex 8.47822 16.3088 16
      vertex 8.53947 16.6167 16
    endloop
  endfacet
  facet normal 0 0 -1
    outer loop
      vertex 9.85552 15.3993 16
      vertex 8.37731 16.0116 16
      vertex 8.47822 16.3088 16
    endloop
  endfacet
  facet normal 0 0 -1
    outer loop
      vertex 9.6241 14.93 16
      vertex 8.23846 15.73 16
      vertex 8.37731 16.0116 16
    endloop
  endfacet
  facet normal 0 0 -1
    outer loop
      vertex 7.62103 15.026 16
      vertex 8.59505 13.7566 16
      vertex 8.16 13.4659 16
    endloop
  endfacet
  facet normal 0 0 -1
    outer loop
      vertex 9.33341 14.495 16
      vertex 8.06405 15.469 16
      vertex 8.23846 15.73 16
    endloop
  endfacet
  facet normal 0 0 -1
    outer loop
      vertex 8.98843 14.1016 16
      vertex 7.85706 15.2329 16
      vertex 8.06405 15.469 16
    endloop
  endfacet
  facet normal 0 0 -1
    outer loop
      vertex 7.36 14.8515 16
      vertex 8.16 13.4659 16
      vertex 7.69073 13.2345 16
    endloop
  endfacet
  facet normal 0 0 -1
    outer loop
      vertex 8.59505 13.7566 16
      vertex 7.62103 15.026 16
      vertex 7.85706 15.2329 16
    endloop
  endfacet
  facet normal 0 0 -1
    outer loop
      vertex 8.16 13.4659 16
      vertex 7.36 14.8515 16
      vertex 7.62103 15.026 16
    endloop
  endfacet
  facet normal 0 0 -1
    outer loop
      vertex 7.07844 14.7127 16
      vertex 7.69073 13.2345 16
      vertex 7.19528 13.0663 16
    endloop
  endfacet
  facet normal 0 0 -1
    outer loop
      vertex 7.69073 13.2345 16
      vertex 7.07844 14.7127 16
      vertex 7.36 14.8515 16
    endloop
  endfacet
  facet normal 0 0 -1
    outer loop
      vertex 7.19528 13.0663 16
      vertex 6.78117 14.6118 16
      vertex 7.07844 14.7127 16
    endloop
  endfacet
  facet normal 0 0 -1
    outer loop
      vertex 6.6821 12.9642 16
      vertex 6.78117 14.6118 16
      vertex 7.19528 13.0663 16
    endloop
  endfacet
  facet normal 0 0 -1
    outer loop
      vertex 6.6821 12.9642 16
      vertex 6.47326 14.5505 16
      vertex 6.78117 14.6118 16
    endloop
  endfacet
  facet normal 0 0 -1
    outer loop
      vertex 6.16 12.93 16
      vertex 6.47326 14.5505 16
      vertex 6.6821 12.9642 16
    endloop
  endfacet
  facet normal 0 0 -1
    outer loop
      vertex 6.16 12.93 16
      vertex 6.16 14.53 16
      vertex 6.47326 14.5505 16
    endloop
  endfacet
  facet normal 0 0 -1
    outer loop
      vertex 6.16 12.93 16
      vertex 5.84674 14.5505 16
      vertex 6.16 14.53 16
    endloop
  endfacet
  facet normal 0 0 -1
    outer loop
      vertex 5.63789 12.9642 16
      vertex 5.84674 14.5505 16
      vertex 6.16 12.93 16
    endloop
  endfacet
  facet normal 0 0 -1
    outer loop
      vertex 5.63789 12.9642 16
      vertex 5.53883 14.6118 16
      vertex 5.84674 14.5505 16
    endloop
  endfacet
  facet normal 0 0 -1
    outer loop
      vertex 5.12472 13.0663 16
      vertex 5.53883 14.6118 16
      vertex 5.63789 12.9642 16
    endloop
  endfacet
  facet normal -0 0 -1
    outer loop
      vertex 5.53883 14.6118 16
      vertex 5.12472 13.0663 16
      vertex 5.24156 14.7127 16
    endloop
  endfacet
  facet normal 0 0 -1
    outer loop
      vertex 4.62927 13.2345 16
      vertex 5.24156 14.7127 16
      vertex 5.12472 13.0663 16
    endloop
  endfacet
  facet normal -0 0 -1
    outer loop
      vertex 5.24156 14.7127 16
      vertex 4.62927 13.2345 16
      vertex 4.96 14.8515 16
    endloop
  endfacet
  facet normal 0 0 -1
    outer loop
      vertex 4.16 13.4659 16
      vertex 4.96 14.8515 16
      vertex 4.62927 13.2345 16
    endloop
  endfacet
  facet normal -0 0 -1
    outer loop
      vertex 4.96 14.8515 16
      vertex 4.16 13.4659 16
      vertex 4.69897 15.026 16
    endloop
  endfacet
  facet normal 0 0 -1
    outer loop
      vertex 3.72495 13.7566 16
      vertex 4.69897 15.026 16
      vertex 4.16 13.4659 16
    endloop
  endfacet
  facet normal -0 0 -1
    outer loop
      vertex 4.69897 15.026 16
      vertex 3.72495 13.7566 16
      vertex 4.46294 15.2329 16
    endloop
  endfacet
  facet normal 0 0 -1
    outer loop
      vertex 3.33157 14.1016 16
      vertex 4.46294 15.2329 16
      vertex 3.72495 13.7566 16
    endloop
  endfacet
  facet normal -0 0 -1
    outer loop
      vertex 4.46294 15.2329 16
      vertex 3.33157 14.1016 16
      vertex 4.25595 15.469 16
    endloop
  endfacet
  facet normal 0 0 -1
    outer loop
      vertex 2.98659 14.495 16
      vertex 4.25595 15.469 16
      vertex 3.33157 14.1016 16
    endloop
  endfacet
  facet normal -0 0 -1
    outer loop
      vertex 4.25595 15.469 16
      vertex 2.98659 14.495 16
      vertex 4.08154 15.73 16
    endloop
  endfacet
  facet normal -0 0 -1
    outer loop
      vertex 4.08154 15.73 16
      vertex 2.6959 14.93 16
      vertex 3.94269 16.0116 16
    endloop
  endfacet
  facet normal 0 0 -1
    outer loop
      vertex 2.6959 14.93 16
      vertex 4.08154 15.73 16
      vertex 2.98659 14.495 16
    endloop
  endfacet
  facet normal 0 0 -1
    outer loop
      vertex 8.23846 18.13 16
      vertex 9.6241 18.93 16
      vertex 8.37731 17.8484 16
    endloop
  endfacet
  facet normal -0 0 -1
    outer loop
      vertex 9.6241 18.93 16
      vertex 8.23846 18.13 16
      vertex 9.33341 19.365 16
    endloop
  endfacet
  facet normal 0 0 -1
    outer loop
      vertex 8.06405 18.391 16
      vertex 9.33341 19.365 16
      vertex 8.23846 18.13 16
    endloop
  endfacet
  facet normal -0 0 -1
    outer loop
      vertex 9.33341 19.365 16
      vertex 8.06405 18.391 16
      vertex 8.98843 19.7584 16
    endloop
  endfacet
  facet normal 0 0 -1
    outer loop
      vertex 7.85706 18.6271 16
      vertex 8.98843 19.7584 16
      vertex 8.06405 18.391 16
    endloop
  endfacet
  facet normal -0 0 -1
    outer loop
      vertex 8.98843 19.7584 16
      vertex 7.85706 18.6271 16
      vertex 8.59505 20.1034 16
    endloop
  endfacet
  facet normal 0 0 -1
    outer loop
      vertex 7.62103 18.834 16
      vertex 8.59505 20.1034 16
      vertex 7.85706 18.6271 16
    endloop
  endfacet
  facet normal -0 0 -1
    outer loop
      vertex 8.59505 20.1034 16
      vertex 7.62103 18.834 16
      vertex 8.16 20.3941 16
    endloop
  endfacet
  facet normal 0 0 -1
    outer loop
      vertex 7.36 19.0085 16
      vertex 8.16 20.3941 16
      vertex 7.62103 18.834 16
    endloop
  endfacet
  facet normal -0 0 -1
    outer loop
      vertex 8.16 20.3941 16
      vertex 7.36 19.0085 16
      vertex 7.69073 20.6255 16
    endloop
  endfacet
  facet normal 0 0 -1
    outer loop
      vertex 7.07844 19.1473 16
      vertex 7.69073 20.6255 16
      vertex 7.36 19.0085 16
    endloop
  endfacet
  facet normal -0 0 -1
    outer loop
      vertex 7.69073 20.6255 16
      vertex 7.07844 19.1473 16
      vertex 7.19528 20.7937 16
    endloop
  endfacet
  facet normal 0 0 -1
    outer loop
      vertex 6.78117 19.2482 16
      vertex 7.19528 20.7937 16
      vertex 7.07844 19.1473 16
    endloop
  endfacet
  facet normal 0 0 -1
    outer loop
      vertex 6.78117 19.2482 16
      vertex 6.6821 20.8958 16
      vertex 7.19528 20.7937 16
    endloop
  endfacet
  facet normal 0 0 -1
    outer loop
      vertex 6.47326 19.3095 16
      vertex 6.6821 20.8958 16
      vertex 6.78117 19.2482 16
    endloop
  endfacet
  facet normal 0 0 -1
    outer loop
      vertex 6.16 19.33 16
      vertex 6.6821 20.8958 16
      vertex 6.47326 19.3095 16
    endloop
  endfacet
  facet normal 0 0 -1
    outer loop
      vertex 6.16 19.33 16
      vertex 6.16 20.93 16
      vertex 6.6821 20.8958 16
    endloop
  endfacet
  facet normal 0 0 -1
    outer loop
      vertex 5.84674 19.3095 16
      vertex 6.16 20.93 16
      vertex 6.16 19.33 16
    endloop
  endfacet
  facet normal 0 0 -1
    outer loop
      vertex 5.84674 19.3095 16
      vertex 5.63789 20.8958 16
      vertex 6.16 20.93 16
    endloop
  endfacet
  facet normal 0 0 -1
    outer loop
      vertex 5.53883 19.2482 16
      vertex 5.63789 20.8958 16
      vertex 5.84674 19.3095 16
    endloop
  endfacet
  facet normal 0 0 -1
    outer loop
      vertex 5.12472 20.7937 16
      vertex 5.53883 19.2482 16
      vertex 5.24156 19.1473 16
    endloop
  endfacet
  facet normal 0 0 -1
    outer loop
      vertex 5.53883 19.2482 16
      vertex 5.12472 20.7937 16
      vertex 5.63789 20.8958 16
    endloop
  endfacet
  facet normal 0 0 -1
    outer loop
      vertex 4.62927 20.6255 16
      vertex 5.24156 19.1473 16
      vertex 4.96 19.0085 16
    endloop
  endfacet
  facet normal 0 0 -1
    outer loop
      vertex 4.16 20.3941 16
      vertex 4.96 19.0085 16
      vertex 4.69897 18.834 16
    endloop
  endfacet
  facet normal 0 0 -1
    outer loop
      vertex 5.24156 19.1473 16
      vertex 4.62927 20.6255 16
      vertex 5.12472 20.7937 16
    endloop
  endfacet
  facet normal 0 0 -1
    outer loop
      vertex 3.72495 20.1034 16
      vertex 4.69897 18.834 16
      vertex 4.46294 18.6271 16
    endloop
  endfacet
  facet normal 0 0 -1
    outer loop
      vertex 3.33157 19.7584 16
      vertex 4.46294 18.6271 16
      vertex 4.25595 18.391 16
    endloop
  endfacet
  facet normal 0 0 -1
    outer loop
      vertex 4.96 19.0085 16
      vertex 4.16 20.3941 16
      vertex 4.62927 20.6255 16
    endloop
  endfacet
  facet normal 0 0 -1
    outer loop
      vertex 2.98659 19.365 16
      vertex 4.25595 18.391 16
      vertex 4.08154 18.13 16
    endloop
  endfacet
  facet normal 0 0 -1
    outer loop
      vertex 2.6959 18.93 16
      vertex 4.08154 18.13 16
      vertex 3.94269 17.8484 16
    endloop
  endfacet
  facet normal 0 0 -1
    outer loop
      vertex 2.4 18.2708 16
      vertex 3.94269 17.8484 16
      vertex 3.84178 17.5512 16
    endloop
  endfacet
  facet normal 0 0 -1
    outer loop
      vertex 2.4 18.2708 16
      vertex 3.84178 17.5512 16
      vertex 3.78053 17.2433 16
    endloop
  endfacet
  facet normal 0 0 -1
    outer loop
      vertex 4.69897 18.834 16
      vertex 3.72495 20.1034 16
      vertex 4.16 20.3941 16
    endloop
  endfacet
  facet normal 0 0 -1
    outer loop
      vertex 2.4 18.2708 16
      vertex 3.78053 17.2433 16
      vertex 3.76 16.93 16
    endloop
  endfacet
  facet normal 0 0 -1
    outer loop
      vertex 2.46448 15.3993 16
      vertex 3.94269 16.0116 16
      vertex 2.6959 14.93 16
    endloop
  endfacet
  facet normal 0 0 -1
    outer loop
      vertex 2.4 15.5892 16
      vertex 3.94269 16.0116 16
      vertex 2.46448 15.3993 16
    endloop
  endfacet
  facet normal 0 0 -1
    outer loop
      vertex 4.46294 18.6271 16
      vertex 3.33157 19.7584 16
      vertex 3.72495 20.1034 16
    endloop
  endfacet
  facet normal -0 0 -1
    outer loop
      vertex 3.94269 16.0116 16
      vertex 2.4 15.5892 16
      vertex 3.84178 16.3088 16
    endloop
  endfacet
  facet normal 0 0 -1
    outer loop
      vertex 4.25595 18.391 16
      vertex 2.98659 19.365 16
      vertex 3.33157 19.7584 16
    endloop
  endfacet
  facet normal -0 0 -1
    outer loop
      vertex 3.84178 16.3088 16
      vertex 2.4 15.5892 16
      vertex 3.78053 16.6167 16
    endloop
  endfacet
  facet normal 0 0 -1
    outer loop
      vertex 2.4 18.2708 16
      vertex 3.76 16.93 16
      vertex 2.4 15.5892 16
    endloop
  endfacet
  facet normal -0 0 -1
    outer loop
      vertex 3.78053 16.6167 16
      vertex 2.4 15.5892 16
      vertex 3.76 16.93 16
    endloop
  endfacet
  facet normal 0 0 -1
    outer loop
      vertex 3.94269 17.8484 16
      vertex 2.4 18.2708 16
      vertex 2.46448 18.4607 16
    endloop
  endfacet
  facet normal 0 0 -1
    outer loop
      vertex 4.08154 18.13 16
      vertex 2.6959 18.93 16
      vertex 2.98659 19.365 16
    endloop
  endfacet
  facet normal 0 0 -1
    outer loop
      vertex 3.94269 17.8484 16
      vertex 2.46448 18.4607 16
      vertex 2.6959 18.93 16
    endloop
  endfacet
  facet normal 0.980779 0.195124 0
    outer loop
      vertex 10.1258 17.4521 28.6
      vertex 10.0237 17.9653 16
      vertex 10.0237 17.9653 28.6
    endloop
  endfacet
  facet normal 0.980779 0.195124 0
    outer loop
      vertex 10.0237 17.9653 16
      vertex 10.1258 17.4521 28.6
      vertex 10.1258 17.4521 16
    endloop
  endfacet
  facet normal 0.751861 0.659321 0
    outer loop
      vertex 9.33341 19.365 28.6
      vertex 8.98843 19.7584 16
      vertex 8.98843 19.7584 28.6
    endloop
  endfacet
  facet normal 0.751861 0.659321 0
    outer loop
      vertex 8.98843 19.7584 16
      vertex 9.33341 19.365 28.6
      vertex 9.33341 19.365 16
    endloop
  endfacet
  facet normal 0.195131 0.980777 -0
    outer loop
      vertex 7.19528 20.7937 16
      vertex 6.6821 20.8958 28.6
      vertex 7.19528 20.7937 28.6
    endloop
  endfacet
  facet normal 0.195131 0.980777 0
    outer loop
      vertex 6.6821 20.8958 28.6
      vertex 7.19528 20.7937 16
      vertex 6.6821 20.8958 16
    endloop
  endfacet
  facet normal -0.896883 0.442268 0
    outer loop
      vertex 2.46448 18.4607 16
      vertex 2.6959 18.93 28.6
      vertex 2.6959 18.93 16
    endloop
  endfacet
  facet normal -0.896883 0.442268 0
    outer loop
      vertex 2.6959 18.93 28.6
      vertex 2.46448 18.4607 16
      vertex 2.46448 18.4607 28.6
    endloop
  endfacet
  facet normal -0.44226 0.896887 0
    outer loop
      vertex 4.62927 20.6255 16
      vertex 4.16 20.3941 28.6
      vertex 4.62927 20.6255 28.6
    endloop
  endfacet
  facet normal -0.44226 0.896887 0
    outer loop
      vertex 4.16 20.3941 28.6
      vertex 4.62927 20.6255 16
      vertex 4.16 20.3941 16
    endloop
  endfacet
  facet normal -0.195135 0.980776 0
    outer loop
      vertex 5.63789 20.8958 16
      vertex 5.12472 20.7937 28.6
      vertex 5.63789 20.8958 28.6
    endloop
  endfacet
  facet normal -0.195135 0.980776 0
    outer loop
      vertex 5.12472 20.7937 28.6
      vertex 5.63789 20.8958 16
      vertex 5.12472 20.7937 16
    endloop
  endfacet
  facet normal 0.0653646 -0.997861 0
    outer loop
      vertex 6.16 12.93 16
      vertex 6.6821 12.9642 28.6
      vertex 6.16 12.93 28.6
    endloop
  endfacet
  facet normal 0.0653646 -0.997861 0
    outer loop
      vertex 6.6821 12.9642 28.6
      vertex 6.16 12.93 16
      vertex 6.6821 12.9642 16
    endloop
  endfacet
  facet normal 0.195131 -0.980777 0
    outer loop
      vertex 6.6821 12.9642 16
      vertex 7.19528 13.0663 28.6
      vertex 6.6821 12.9642 28.6
    endloop
  endfacet
  facet normal 0.195131 -0.980777 0
    outer loop
      vertex 7.19528 13.0663 28.6
      vertex 6.6821 12.9642 16
      vertex 7.19528 13.0663 16
    endloop
  endfacet
  facet normal 0.555582 -0.831462 0
    outer loop
      vertex 8.16 13.4659 16
      vertex 8.59505 13.7566 28.6
      vertex 8.16 13.4659 28.6
    endloop
  endfacet
  facet normal 0.555582 -0.831462 0
    outer loop
      vertex 8.59505 13.7566 28.6
      vertex 8.16 13.4659 16
      vertex 8.59505 13.7566 16
    endloop
  endfacet
  facet normal 0.751861 -0.659321 0
    outer loop
      vertex 8.98843 14.1016 28.6
      vertex 9.33341 14.495 16
      vertex 9.33341 14.495 28.6
    endloop
  endfacet
  facet normal 0.751861 -0.659321 0
    outer loop
      vertex 9.33341 14.495 16
      vertex 8.98843 14.1016 28.6
      vertex 8.98843 14.1016 16
    endloop
  endfacet
  facet normal 0.659362 -0.751826 0
    outer loop
      vertex 8.59505 13.7566 16
      vertex 8.98843 14.1016 28.6
      vertex 8.59505 13.7566 28.6
    endloop
  endfacet
  facet normal 0.659362 -0.751826 0
    outer loop
      vertex 8.98843 14.1016 28.6
      vertex 8.59505 13.7566 16
      vertex 8.98843 14.1016 16
    endloop
  endfacet
  facet normal 0.831441 -0.555613 0
    outer loop
      vertex 9.33341 14.495 28.6
      vertex 9.6241 14.93 16
      vertex 9.6241 14.93 28.6
    endloop
  endfacet
  facet normal 0.831441 -0.555613 0
    outer loop
      vertex 9.6241 14.93 16
      vertex 9.33341 14.495 28.6
      vertex 9.33341 14.495 16
    endloop
  endfacet
  facet normal 0.980779 -0.195124 0
    outer loop
      vertex 10.0237 15.8947 28.6
      vertex 10.1258 16.4079 16
      vertex 10.1258 16.4079 28.6
    endloop
  endfacet
  facet normal 0.980779 -0.195124 0
    outer loop
      vertex 10.1258 16.4079 16
      vertex 10.0237 15.8947 28.6
      vertex 10.0237 15.8947 16
    endloop
  endfacet
  facet normal -0.555582 -0.831462 0
    outer loop
      vertex 3.72495 13.7566 16
      vertex 4.16 13.4659 28.6
      vertex 3.72495 13.7566 28.6
    endloop
  endfacet
  facet normal -0.555582 -0.831462 -0
    outer loop
      vertex 4.16 13.4659 28.6
      vertex 3.72495 13.7566 16
      vertex 4.16 13.4659 16
    endloop
  endfacet
  facet normal -0.659362 -0.751826 0
    outer loop
      vertex 3.33157 14.1016 16
      vertex 3.72495 13.7566 28.6
      vertex 3.33157 14.1016 28.6
    endloop
  endfacet
  facet normal -0.659362 -0.751826 -0
    outer loop
      vertex 3.72495 13.7566 28.6
      vertex 3.33157 14.1016 16
      vertex 3.72495 13.7566 16
    endloop
  endfacet
  facet normal -0.44226 -0.896887 0
    outer loop
      vertex 4.16 13.4659 16
      vertex 4.62927 13.2345 28.6
      vertex 4.16 13.4659 28.6
    endloop
  endfacet
  facet normal -0.44226 -0.896887 -0
    outer loop
      vertex 4.62927 13.2345 28.6
      vertex 4.16 13.4659 16
      vertex 4.62927 13.2345 16
    endloop
  endfacet
  facet normal -0.0653634 -0.997862 0
    outer loop
      vertex 5.63789 12.9642 16
      vertex 6.16 12.93 28.6
      vertex 5.63789 12.9642 28.6
    endloop
  endfacet
  facet normal -0.0653634 -0.997862 -0
    outer loop
      vertex 6.16 12.93 28.6
      vertex 5.63789 12.9642 16
      vertex 6.16 12.93 16
    endloop
  endfacet
  facet normal -0.751861 -0.659321 0
    outer loop
      vertex 3.33157 14.1016 16
      vertex 2.98659 14.495 28.6
      vertex 2.98659 14.495 16
    endloop
  endfacet
  facet normal -0.751861 -0.659321 0
    outer loop
      vertex 2.98659 14.495 28.6
      vertex 3.33157 14.1016 16
      vertex 3.33157 14.1016 28.6
    endloop
  endfacet
  facet normal -0.946903 -0.321518 0
    outer loop
      vertex 2.46448 15.3993 16
      vertex 2.4 15.5892 28.6
      vertex 2.4 15.5892 16
    endloop
  endfacet
  facet normal -0.946903 -0.321518 0
    outer loop
      vertex 2.4 15.5892 28.6
      vertex 2.46448 15.3993 16
      vertex 2.46448 15.3993 28.6
    endloop
  endfacet
  facet normal 0.44226 -0.896887 0
    outer loop
      vertex 7.69073 13.2345 16
      vertex 8.16 13.4659 28.6
      vertex 7.69073 13.2345 28.6
    endloop
  endfacet
  facet normal 0.44226 -0.896887 0
    outer loop
      vertex 8.16 13.4659 28.6
      vertex 7.69073 13.2345 16
      vertex 8.16 13.4659 16
    endloop
  endfacet
  facet normal 0.896883 -0.442268 0
    outer loop
      vertex 9.6241 14.93 28.6
      vertex 9.85552 15.3993 16
      vertex 9.85552 15.3993 28.6
    endloop
  endfacet
  facet normal 0.896883 -0.442268 0
    outer loop
      vertex 9.85552 15.3993 16
      vertex 9.6241 14.93 28.6
      vertex 9.6241 14.93 16
    endloop
  endfacet
  facet normal -0.195135 -0.980776 0
    outer loop
      vertex 5.12472 13.0663 16
      vertex 5.63789 12.9642 28.6
      vertex 5.12472 13.0663 28.6
    endloop
  endfacet
  facet normal -0.195135 -0.980776 -0
    outer loop
      vertex 5.63789 12.9642 28.6
      vertex 5.12472 13.0663 16
      vertex 5.63789 12.9642 16
    endloop
  endfacet
  facet normal 0.946922 -0.321464 0
    outer loop
      vertex 9.85552 15.3993 28.6
      vertex 10.0237 15.8947 16
      vertex 10.0237 15.8947 28.6
    endloop
  endfacet
  facet normal 0.946922 -0.321464 0
    outer loop
      vertex 10.0237 15.8947 16
      vertex 9.85552 15.3993 28.6
      vertex 9.85552 15.3993 16
    endloop
  endfacet
  facet normal -0 0.321444 0.946929
    outer loop
      vertex 101.405 -2.55083 33.9128
      vertex 105 -3.34356 34.1819
      vertex 105 -2.55083 33.9128
    endloop
  endfacet
  facet normal 0.000282278 0.322592 0.946538
    outer loop
      vertex 101.383 -2.58338 33.9239
      vertex 105 -3.34356 34.1819
      vertex 101.405 -2.55083 33.9128
    endloop
  endfacet
  facet normal -4.94585e-05 0.321177 0.947019
    outer loop
      vertex 101.259 -2.70724 33.9659
      vertex 105 -3.34356 34.1819
      vertex 101.383 -2.58338 33.9239
    endloop
  endfacet
  facet normal -3.32115e-05 0.321262 0.94699
    outer loop
      vertex 101.131 -2.78242 33.9914
      vertex 105 -3.34356 34.1819
      vertex 101.259 -2.70724 33.9659
    endloop
  endfacet
  facet normal 0.000139518 0.32233 0.946627
    outer loop
      vertex 101 -2.80762 34
      vertex 105 -3.34356 34.1819
      vertex 101.131 -2.78242 33.9914
    endloop
  endfacet
  facet normal 0 0.321444 0.946929
    outer loop
      vertex 7 -3.34356 34.1819
      vertex 100.595 -2.55083 33.9128
      vertex 7 -2.55083 33.9128
    endloop
  endfacet
  facet normal -1.23866e-05 0.322755 0.946482
    outer loop
      vertex 100.595 -2.55083 33.9128
      vertex 7 -3.34356 34.1819
      vertex 100.617 -2.58338 33.9239
    endloop
  endfacet
  facet normal 2.29433e-06 0.321134 0.947034
    outer loop
      vertex 100.617 -2.58338 33.9239
      vertex 7 -3.34356 34.1819
      vertex 100.741 -2.70724 33.9659
    endloop
  endfacet
  facet normal 1.68973e-06 0.321214 0.947007
    outer loop
      vertex 100.741 -2.70724 33.9659
      vertex 7 -3.34356 34.1819
      vertex 100.869 -2.78242 33.9914
    endloop
  endfacet
  facet normal -9.78004e-06 0.322934 0.946421
    outer loop
      vertex 100.869 -2.78242 33.9914
      vertex 7 -3.34356 34.1819
      vertex 101 -2.80762 34
    endloop
  endfacet
  facet normal 0 0.321397 0.946945
    outer loop
      vertex 101 -2.80762 34
      vertex 7 -3.34356 34.1819
      vertex 105 -3.34356 34.1819
    endloop
  endfacet
  facet normal 0 -0.195066 -0.98079
    outer loop
      vertex 7 -6.65644 21.8181
      vertex 105 -5.83537 21.6548
      vertex 105 -6.65644 21.8181
    endloop
  endfacet
  facet normal -0 -0.195066 -0.98079
    outer loop
      vertex 105 -5.83537 21.6548
      vertex 7 -6.65644 21.8181
      vertex 7 -5.83537 21.6548
    endloop
  endfacet
  facet normal 0 -0.946937 0.321419
    outer loop
      vertex 7 -11.1819 29.6564
      vertex 105 -10.9128 30.4492
      vertex 7 -10.9128 30.4492
    endloop
  endfacet
  facet normal 0 -0.946937 0.321419
    outer loop
      vertex 105 -10.9128 30.4492
      vertex 7 -11.1819 29.6564
      vertex 105 -11.1819 29.6564
    endloop
  endfacet
  facet normal -3.01389e-06 0.442223 0.896905
    outer loop
      vertex 105 -1.8 33.5426
      vertex 101.765 -2 33.6412
      vertex 105 -2.55083 33.9128
    endloop
  endfacet
  facet normal 0 0.442184 0.896924
    outer loop
      vertex 105 -1.8 33.5426
      vertex 100.235 -2 33.6412
      vertex 101.765 -2 33.6412
    endloop
  endfacet
  facet normal 0 0.442184 0.896924
    outer loop
      vertex 100.235 -2 33.6412
      vertex 105 -1.8 33.5426
      vertex 7 -1.8 33.5426
    endloop
  endfacet
  facet normal -4.55661e-06 0.442216 0.896909
    outer loop
      vertex 101.707 -2.13366 33.7071
      vertex 105 -2.55083 33.9128
      vertex 101.765 -2 33.6412
    endloop
  endfacet
  facet normal 3.91076e-05 0.442493 0.896772
    outer loop
      vertex 101.609 -2.30855 33.7934
      vertex 105 -2.55083 33.9128
      vertex 101.707 -2.13366 33.7071
    endloop
  endfacet
  facet normal -1.0997e-05 0.441929 0.89705
    outer loop
      vertex 101.5 -2.45592 33.866
      vertex 105 -2.55083 33.9128
      vertex 101.609 -2.30855 33.7934
    endloop
  endfacet
  facet normal 0 0.442255 0.896889
    outer loop
      vertex 105 -2.55083 33.9128
      vertex 101.5 -2.45592 33.866
      vertex 101.405 -2.55083 33.9128
    endloop
  endfacet
  facet normal 1.04574e-07 0.442223 0.896905
    outer loop
      vertex 7 -2.55083 33.9128
      vertex 100.235 -2 33.6412
      vertex 7 -1.8 33.5426
    endloop
  endfacet
  facet normal 1.6935e-07 0.442214 0.896909
    outer loop
      vertex 100.235 -2 33.6412
      vertex 7 -2.55083 33.9128
      vertex 100.293 -2.13366 33.7071
    endloop
  endfacet
  facet normal -1.47468e-06 0.44251 0.896764
    outer loop
      vertex 100.293 -2.13366 33.7071
      vertex 7 -2.55083 33.9128
      vertex 100.391 -2.30855 33.7934
    endloop
  endfacet
  facet normal 4.19596e-07 0.441922 0.897053
    outer loop
      vertex 100.391 -2.30855 33.7934
      vertex 7 -2.55083 33.9128
      vertex 100.5 -2.45592 33.866
    endloop
  endfacet
  facet normal 0 0.442255 0.896889
    outer loop
      vertex 100.5 -2.45592 33.866
      vertex 7 -2.55083 33.9128
      vertex 100.595 -2.55083 33.9128
    endloop
  endfacet
  facet normal 0 -0.321444 0.946929
    outer loop
      vertex 105 -6.65644 34.1819
      vertex 101.405 -7.44917 33.9128
      vertex 105 -7.44917 33.9128
    endloop
  endfacet
  facet normal 0.000282278 -0.322592 0.946538
    outer loop
      vertex 105 -6.65644 34.1819
      vertex 101.383 -7.41662 33.9239
      vertex 101.405 -7.44917 33.9128
    endloop
  endfacet
  facet normal -4.94585e-05 -0.321177 0.947019
    outer loop
      vertex 105 -6.65644 34.1819
      vertex 101.259 -7.29276 33.9659
      vertex 101.383 -7.41662 33.9239
    endloop
  endfacet
  facet normal -3.32115e-05 -0.321262 0.94699
    outer loop
      vertex 105 -6.65644 34.1819
      vertex 101.131 -7.21758 33.9914
      vertex 101.259 -7.29276 33.9659
    endloop
  endfacet
  facet normal 0.000128947 -0.322265 0.94665
    outer loop
      vertex 105 -6.65644 34.1819
      vertex 101 -7.19237 34
      vertex 101.131 -7.21758 33.9914
    endloop
  endfacet
  facet normal 0 -0.321402 0.946943
    outer loop
      vertex 7 -6.65644 34.1819
      vertex 101 -7.19237 34
      vertex 105 -6.65644 34.1819
    endloop
  endfacet
  facet normal -9.03772e-06 -0.322823 0.946459
    outer loop
      vertex 7 -6.65644 34.1819
      vertex 100.869 -7.21758 33.9914
      vertex 101 -7.19237 34
    endloop
  endfacet
  facet normal 1.68973e-06 -0.321214 0.947007
    outer loop
      vertex 7 -6.65644 34.1819
      vertex 100.741 -7.29276 33.9659
      vertex 100.869 -7.21758 33.9914
    endloop
  endfacet
  facet normal 2.29433e-06 -0.321134 0.947034
    outer loop
      vertex 7 -6.65644 34.1819
      vertex 100.617 -7.41662 33.9239
      vertex 100.741 -7.29276 33.9659
    endloop
  endfacet
  facet normal -1.23866e-05 -0.322755 0.946482
    outer loop
      vertex 7 -6.65644 34.1819
      vertex 100.595 -7.44917 33.9128
      vertex 100.617 -7.41662 33.9239
    endloop
  endfacet
  facet normal 0 -0.321444 0.946929
    outer loop
      vertex 100.595 -7.44917 33.9128
      vertex 7 -6.65644 34.1819
      vertex 7 -7.44917 33.9128
    endloop
  endfacet
  facet normal 0 -0.896898 0.442237
    outer loop
      vertex 7 -10.9128 30.4492
      vertex 105 -10.5426 31.2
      vertex 7 -10.5426 31.2
    endloop
  endfacet
  facet normal 0 -0.896898 0.442237
    outer loop
      vertex 105 -10.5426 31.2
      vertex 7 -10.9128 30.4492
      vertex 105 -10.9128 30.4492
    endloop
  endfacet
  facet normal 0 0.442223 -0.896905
    outer loop
      vertex 7 -2.55083 22.0872
      vertex 105 -1.8 22.4574
      vertex 105 -2.55083 22.0872
    endloop
  endfacet
  facet normal 0 0.442223 -0.896905
    outer loop
      vertex 105 -1.8 22.4574
      vertex 7 -2.55083 22.0872
      vertex 7 -1.8 22.4574
    endloop
  endfacet
  facet normal 0 0.195066 -0.98079
    outer loop
      vertex 7 -4.16463 21.6548
      vertex 105 -3.34356 21.8181
      vertex 105 -4.16463 21.6548
    endloop
  endfacet
  facet normal 0 0.195066 -0.98079
    outer loop
      vertex 105 -3.34356 21.8181
      vertex 7 -4.16463 21.6548
      vertex 7 -3.34356 21.8181
    endloop
  endfacet
  facet normal 0 0.555571 -0.831469
    outer loop
      vertex 7 -1.8 22.4574
      vertex 105 -1.10393 22.9225
      vertex 105 -1.8 22.4574
    endloop
  endfacet
  facet normal 0 0.555571 -0.831469
    outer loop
      vertex 105 -1.10393 22.9225
      vertex 7 -1.8 22.4574
      vertex 7 -1.10393 22.9225
    endloop
  endfacet
  facet normal -0 0.659358 0.751829
    outer loop
      vertex 7 -0.474516 32.5255
      vertex 105 -1.10393 33.0775
      vertex 105 -0.474516 32.5255
    endloop
  endfacet
  facet normal 0 0.659358 0.751829
    outer loop
      vertex 105 -1.10393 33.0775
      vertex 7 -0.474516 32.5255
      vertex 7 -1.10393 33.0775
    endloop
  endfacet
  facet normal 0 0.896873 0.442288
    outer loop
      vertex 105 0.641191 31
      vertex 7 0.542562 31.2
      vertex 105 0.542562 31.2
    endloop
  endfacet
  facet normal 0 0.896873 0.442288
    outer loop
      vertex 7 0.542562 31.2
      vertex 105 0.641191 31
      vertex 7 0.641191 31
    endloop
  endfacet
  facet normal 0 0.065459 -0.997855
    outer loop
      vertex 7 -5 21.6
      vertex 105 -4.16463 21.6548
      vertex 105 -5 21.6
    endloop
  endfacet
  facet normal 0 0.065459 -0.997855
    outer loop
      vertex 105 -4.16463 21.6548
      vertex 7 -5 21.6
      vertex 7 -4.16463 21.6548
    endloop
  endfacet
  facet normal 0 -0.321444 -0.946929
    outer loop
      vertex 7 -7.44917 22.0872
      vertex 105 -6.65644 21.8181
      vertex 105 -7.44917 22.0872
    endloop
  endfacet
  facet normal -0 -0.321444 -0.946929
    outer loop
      vertex 105 -6.65644 21.8181
      vertex 7 -7.44917 22.0872
      vertex 7 -6.65644 21.8181
    endloop
  endfacet
  facet normal 0 -0.946937 -0.321419
    outer loop
      vertex 7 -10.9128 25.5508
      vertex 105 -11.1819 26.3436
      vertex 7 -11.1819 26.3436
    endloop
  endfacet
  facet normal 0 -0.946937 -0.321419
    outer loop
      vertex 105 -11.1819 26.3436
      vertex 7 -10.9128 25.5508
      vertex 105 -10.9128 25.5508
    endloop
  endfacet
  facet normal 0 -0.896898 -0.442237
    outer loop
      vertex 7 -10.5426 24.8
      vertex 105 -10.9128 25.5508
      vertex 7 -10.9128 25.5508
    endloop
  endfacet
  facet normal 0 -0.896898 -0.442237
    outer loop
      vertex 105 -10.9128 25.5508
      vertex 7 -10.5426 24.8
      vertex 105 -10.5426 24.8
    endloop
  endfacet
  facet normal 0 -0.75181 0.65938
    outer loop
      vertex 7 -10.0775 31.8961
      vertex 100.121 -9.52548 32.5255
      vertex 7 -9.52548 32.5255
    endloop
  endfacet
  facet normal 2.97306e-06 -0.752028 0.659132
    outer loop
      vertex 100.121 -9.52548 32.5255
      vertex 7 -10.0775 31.8961
      vertex 100.134 -9.54783 32.5
    endloop
  endfacet
  facet normal 2.07728e-06 -0.751959 0.65921
    outer loop
      vertex 100.134 -9.54783 32.5
      vertex 7 -10.0775 31.8961
      vertex 100.207 -9.64321 32.3912
    endloop
  endfacet
  facet normal -9.52822e-07 -0.751676 0.659532
    outer loop
      vertex 100.207 -9.64321 32.3912
      vertex 7 -10.0775 31.8961
      vertex 100.293 -9.72946 32.2929
    endloop
  endfacet
  facet normal 2.03575e-06 -0.752025 0.659135
    outer loop
      vertex 100.293 -9.72946 32.2929
      vertex 7 -10.0775 31.8961
      vertex 100.391 -9.8051 32.2066
    endloop
  endfacet
  facet normal -1.31522e-06 -0.751525 0.659705
    outer loop
      vertex 100.391 -9.8051 32.2066
      vertex 7 -10.0775 31.8961
      vertex 100.5 -9.86883 32.134
    endloop
  endfacet
  facet normal 1.84196e-06 -0.75214 0.659003
    outer loop
      vertex 100.5 -9.86883 32.134
      vertex 7 -10.0775 31.8961
      vertex 100.617 -9.91956 32.0761
    endloop
  endfacet
  facet normal -9.34949e-07 -0.751424 0.659819
    outer loop
      vertex 100.617 -9.91956 32.0761
      vertex 7 -10.0775 31.8961
      vertex 100.741 -9.95644 32.0341
    endloop
  endfacet
  facet normal -4.40082e-07 -0.751591 0.659629
    outer loop
      vertex 100.741 -9.95644 32.0341
      vertex 7 -10.0775 31.8961
      vertex 100.869 -9.97882 32.0086
    endloop
  endfacet
  facet normal 4.49053e-06 -0.753628 0.657302
    outer loop
      vertex 100.869 -9.97882 32.0086
      vertex 7 -10.0775 31.8961
      vertex 101 -9.98632 32
    endloop
  endfacet
  facet normal -8.07121e-05 -0.752008 0.659154
    outer loop
      vertex 105 -10.0775 31.8961
      vertex 101.879 -9.52548 32.5255
      vertex 101.866 -9.54783 32.5
    endloop
  endfacet
  facet normal -5.49002e-05 -0.751942 0.65923
    outer loop
      vertex 105 -10.0775 31.8961
      vertex 101.866 -9.54783 32.5
      vertex 101.793 -9.64321 32.3912
    endloop
  endfacet
  facet normal 2.4511e-05 -0.751687 0.65952
    outer loop
      vertex 105 -10.0775 31.8961
      vertex 101.793 -9.64321 32.3912
      vertex 101.707 -9.72946 32.2929
    endloop
  endfacet
  facet normal -5.09754e-05 -0.751997 0.659166
    outer loop
      vertex 105 -10.0775 31.8961
      vertex 101.707 -9.72946 32.2929
      vertex 101.609 -9.8051 32.2066
    endloop
  endfacet
  facet normal 3.20043e-05 -0.751548 0.659679
    outer loop
      vertex 105 -10.0775 31.8961
      vertex 101.609 -9.8051 32.2066
      vertex 101.5 -9.86883 32.134
    endloop
  endfacet
  facet normal -4.34844e-05 -0.752098 0.659051
    outer loop
      vertex 105 -10.0775 31.8961
      vertex 101.5 -9.86883 32.134
      vertex 101.383 -9.91956 32.0761
    endloop
  endfacet
  facet normal 2.12195e-05 -0.751454 0.659786
    outer loop
      vertex 105 -10.0775 31.8961
      vertex 101.383 -9.91956 32.0761
      vertex 101.259 -9.95644 32.0341
    endloop
  endfacet
  facet normal 9.3736e-06 -0.751613 0.659604
    outer loop
      vertex 105 -10.0775 31.8961
      vertex 101.259 -9.95644 32.0341
      vertex 101.131 -9.97882 32.0086
    endloop
  endfacet
  facet normal 0 -0.75181 0.65938
    outer loop
      vertex 101.879 -9.52548 32.5255
      vertex 105 -10.0775 31.8961
      vertex 105 -9.52548 32.5255
    endloop
  endfacet
  facet normal -7.68282e-05 -0.753081 0.657927
    outer loop
      vertex 101 -9.98632 32
      vertex 105 -10.0775 31.8961
      vertex 101.131 -9.97882 32.0086
    endloop
  endfacet
  facet normal 0 -0.751617 0.6596
    outer loop
      vertex 105 -10.0775 31.8961
      vertex 101 -9.98632 32
      vertex 7 -10.0775 31.8961
    endloop
  endfacet
  facet normal 0 -0.442255 0.896889
    outer loop
      vertex 7 -7.44917 33.9128
      vertex 100.5 -7.54408 33.866
      vertex 100.595 -7.44917 33.9128
    endloop
  endfacet
  facet normal 4.19596e-07 -0.441922 0.897053
    outer loop
      vertex 7 -7.44917 33.9128
      vertex 100.391 -7.69145 33.7934
      vertex 100.5 -7.54408 33.866
    endloop
  endfacet
  facet normal -1.47468e-06 -0.44251 0.896764
    outer loop
      vertex 7 -7.44917 33.9128
      vertex 100.293 -7.86634 33.7071
      vertex 100.391 -7.69145 33.7934
    endloop
  endfacet
  facet normal 6.19913e-07 -0.442133 0.896949
    outer loop
      vertex 7 -7.44917 33.9128
      vertex 100.207 -8.06576 33.6088
      vertex 100.293 -7.86634 33.7071
    endloop
  endfacet
  facet normal -6.65009e-07 -0.442289 0.896872
    outer loop
      vertex 7 -7.44917 33.9128
      vertex 100.162 -8.2 33.5426
      vertex 100.207 -8.06576 33.6088
    endloop
  endfacet
  facet normal 0 -0.442223 0.896905
    outer loop
      vertex 100.162 -8.2 33.5426
      vertex 7 -7.44917 33.9128
      vertex 7 -8.2 33.5426
    endloop
  endfacet
  facet normal 0 -0.442223 0.896905
    outer loop
      vertex 105 -7.44917 33.9128
      vertex 101.838 -8.2 33.5426
      vertex 105 -8.2 33.5426
    endloop
  endfacet
  facet normal 1.81976e-05 -0.442285 0.896875
    outer loop
      vertex 105 -7.44917 33.9128
      vertex 101.793 -8.06576 33.6088
      vertex 101.838 -8.2 33.5426
    endloop
  endfacet
  facet normal -1.66848e-05 -0.442139 0.896947
    outer loop
      vertex 105 -7.44917 33.9128
      vertex 101.707 -7.86634 33.7071
      vertex 101.793 -8.06576 33.6088
    endloop
  endfacet
  facet normal 3.91076e-05 -0.442493 0.896772
    outer loop
      vertex 105 -7.44917 33.9128
      vertex 101.609 -7.69145 33.7934
      vertex 101.707 -7.86634 33.7071
    endloop
  endfacet
  facet normal -1.0997e-05 -0.441929 0.89705
    outer loop
      vertex 105 -7.44917 33.9128
      vertex 101.5 -7.54408 33.866
      vertex 101.609 -7.69145 33.7934
    endloop
  endfacet
  facet normal 0 -0.442255 0.896889
    outer loop
      vertex 101.5 -7.54408 33.866
      vertex 105 -7.44917 33.9128
      vertex 101.405 -7.44917 33.9128
    endloop
  endfacet
  facet normal 0 -0.195066 0.98079
    outer loop
      vertex 7 -5.83537 34.3452
      vertex 105 -6.65644 34.1819
      vertex 105 -5.83537 34.3452
    endloop
  endfacet
  facet normal 0 -0.195066 0.98079
    outer loop
      vertex 105 -6.65644 34.1819
      vertex 7 -5.83537 34.3452
      vertex 7 -6.65644 34.1819
    endloop
  endfacet
  facet normal 0 0.321444 -0.946929
    outer loop
      vertex 7 -3.34356 21.8181
      vertex 105 -2.55083 22.0872
      vertex 105 -3.34356 21.8181
    endloop
  endfacet
  facet normal 0 0.321444 -0.946929
    outer loop
      vertex 105 -2.55083 22.0872
      vertex 7 -3.34356 21.8181
      vertex 7 -2.55083 22.0872
    endloop
  endfacet
  facet normal 0 0.659522 -0.751685
    outer loop
      vertex 7 -1.10393 22.9225
      vertex 105 -1.0156 23
      vertex 105 -1.10393 22.9225
    endloop
  endfacet
  facet normal 0 0.659522 -0.751685
    outer loop
      vertex 105 -1.0156 23
      vertex 7 -1.10393 22.9225
      vertex 7 -1.0156 23
    endloop
  endfacet
  facet normal -0 0.065459 0.997855
    outer loop
      vertex 7 -4.16463 34.3452
      vertex 105 -5 34.4
      vertex 105 -4.16463 34.3452
    endloop
  endfacet
  facet normal 0 0.065459 0.997855
    outer loop
      vertex 105 -5 34.4
      vertex 7 -4.16463 34.3452
      vertex 7 -5 34.4
    endloop
  endfacet
  facet normal -0 0.555571 0.831469
    outer loop
      vertex 7 -1.10393 33.0775
      vertex 105 -1.8 33.5426
      vertex 105 -1.10393 33.0775
    endloop
  endfacet
  facet normal 0 0.555571 0.831469
    outer loop
      vertex 105 -1.8 33.5426
      vertex 7 -1.10393 33.0775
      vertex 7 -1.8 33.5426
    endloop
  endfacet
  facet normal 0 0.83148 0.555555
    outer loop
      vertex 105 0.542562 31.2
      vertex 7 0.0774612 31.8961
      vertex 105 0.0774612 31.8961
    endloop
  endfacet
  facet normal 0 0.83148 0.555555
    outer loop
      vertex 7 0.0774612 31.8961
      vertex 105 0.542562 31.2
      vertex 7 0.542562 31.2
    endloop
  endfacet
  facet normal 0 0.751835 0.659351
    outer loop
      vertex 105 0.0774612 31.8961
      vertex 7 -0.474516 32.5255
      vertex 105 -0.474516 32.5255
    endloop
  endfacet
  facet normal 0 0.751835 0.659351
    outer loop
      vertex 7 -0.474516 32.5255
      vertex 105 0.0774612 31.8961
      vertex 7 0.0774612 31.8961
    endloop
  endfacet
  facet normal 0 -0.065459 -0.997855
    outer loop
      vertex 7 -5.83537 21.6548
      vertex 105 -5 21.6
      vertex 105 -5.83537 21.6548
    endloop
  endfacet
  facet normal -0 -0.065459 -0.997855
    outer loop
      vertex 105 -5 21.6
      vertex 7 -5.83537 21.6548
      vertex 7 -5 21.6
    endloop
  endfacet
  facet normal 0 -0.997855 -0.0654566
    outer loop
      vertex 7 -11.3452 27.1646
      vertex 105 -11.4 28
      vertex 7 -11.4 28
    endloop
  endfacet
  facet normal 0 -0.997855 -0.0654566
    outer loop
      vertex 105 -11.4 28
      vertex 7 -11.3452 27.1646
      vertex 105 -11.3452 27.1646
    endloop
  endfacet
  facet normal -1 0 0
    outer loop
      vertex 7 -1.0156 23
      vertex 7 0 31
      vertex 7 0 23
    endloop
  endfacet
  facet normal -1 0 0
    outer loop
      vertex 7 -1.8 22.4574
      vertex 7 0 31
      vertex 7 -1.0156 23
    endloop
  endfacet
  facet normal -1 0 0
    outer loop
      vertex 7 -1.8 22.4574
      vertex 7 -1.0156 23
      vertex 7 -1.10393 22.9225
    endloop
  endfacet
  facet normal -1 0 0
    outer loop
      vertex 7 0 31
      vertex 7 -1.10393 33.0775
      vertex 7 -0.474516 32.5255
    endloop
  endfacet
  facet normal -1 0 0
    outer loop
      vertex 7 -2.55083 22.0872
      vertex 7 0 31
      vertex 7 -1.8 22.4574
    endloop
  endfacet
  facet normal -1 0 0
    outer loop
      vertex 7 0 31
      vertex 7 -1.8 33.5426
      vertex 7 -1.10393 33.0775
    endloop
  endfacet
  facet normal -1 0 0
    outer loop
      vertex 7 -3.34356 21.8181
      vertex 7 0 31
      vertex 7 -2.55083 22.0872
    endloop
  endfacet
  facet normal -1 0 0
    outer loop
      vertex 7 0 31
      vertex 7 -2.55083 33.9128
      vertex 7 -1.8 33.5426
    endloop
  endfacet
  facet normal -1 0 0
    outer loop
      vertex 7 -4.16463 21.6548
      vertex 7 0 31
      vertex 7 -3.34356 21.8181
    endloop
  endfacet
  facet normal -1 0 0
    outer loop
      vertex 7 0 31
      vertex 7 -3.34356 34.1819
      vertex 7 -2.55083 33.9128
    endloop
  endfacet
  facet normal -1 0 0
    outer loop
      vertex 7 -5 21.6
      vertex 7 0 31
      vertex 7 -4.16463 21.6548
    endloop
  endfacet
  facet normal -1 0 0
    outer loop
      vertex 7 0 31
      vertex 7 -4.16463 34.3452
      vertex 7 -3.34356 34.1819
    endloop
  endfacet
  facet normal -1 0 0
    outer loop
      vertex 7 -5.83537 21.6548
      vertex 7 0 31
      vertex 7 -5 21.6
    endloop
  endfacet
  facet normal -1 0 0
    outer loop
      vertex 7 0 31
      vertex 7 -5 34.4
      vertex 7 -4.16463 34.3452
    endloop
  endfacet
  facet normal -1 0 0
    outer loop
      vertex 7 -6.65644 21.8181
      vertex 7 0 31
      vertex 7 -5.83537 21.6548
    endloop
  endfacet
  facet normal -1 0 0
    outer loop
      vertex 7 0 31
      vertex 7 -5.83537 34.3452
      vertex 7 -5 34.4
    endloop
  endfacet
  facet normal -1 0 0
    outer loop
      vertex 7 -7.44917 22.0872
      vertex 7 0 31
      vertex 7 -6.65644 21.8181
    endloop
  endfacet
  facet normal -1 0 0
    outer loop
      vertex 7 0 31
      vertex 7 -6.65644 34.1819
      vertex 7 -5.83537 34.3452
    endloop
  endfacet
  facet normal -1 0 0
    outer loop
      vertex 7 -8.2 22.4574
      vertex 7 0 31
      vertex 7 -7.44917 22.0872
    endloop
  endfacet
  facet normal -1 0 0
    outer loop
      vertex 7 0 31
      vertex 7 -7.44917 33.9128
      vertex 7 -6.65644 34.1819
    endloop
  endfacet
  facet normal -1 0 0
    outer loop
      vertex 7 -8.89607 22.9225
      vertex 7 0 31
      vertex 7 -8.2 22.4574
    endloop
  endfacet
  facet normal -1 0 0
    outer loop
      vertex 7 0 31
      vertex 7 -8.2 33.5426
      vertex 7 -7.44917 33.9128
    endloop
  endfacet
  facet normal -1 0 0
    outer loop
      vertex 7 -9.52548 23.4745
      vertex 7 0 31
      vertex 7 -8.89607 22.9225
    endloop
  endfacet
  facet normal -1 0 0
    outer loop
      vertex 7 0 31
      vertex 7 -8.89607 33.0775
      vertex 7 -8.2 33.5426
    endloop
  endfacet
  facet normal -1 0 0
    outer loop
      vertex 7 -10.0775 24.1039
      vertex 7 0 31
      vertex 7 -9.52548 23.4745
    endloop
  endfacet
  facet normal -1 0 0
    outer loop
      vertex 7 0 31
      vertex 7 -9.52548 32.5255
      vertex 7 -8.89607 33.0775
    endloop
  endfacet
  facet normal -1 0 0
    outer loop
      vertex 7 -10.5426 24.8
      vertex 7 0 31
      vertex 7 -10.0775 24.1039
    endloop
  endfacet
  facet normal -1 0 0
    outer loop
      vertex 7 0 31
      vertex 7 -10.0775 31.8961
      vertex 7 -9.52548 32.5255
    endloop
  endfacet
  facet normal -1 0 0
    outer loop
      vertex 7 -10.9128 25.5508
      vertex 7 0 31
      vertex 7 -10.5426 24.8
    endloop
  endfacet
  facet normal -1 0 0
    outer loop
      vertex 7 0 31
      vertex 7 -10.5426 31.2
      vertex 7 -10.0775 31.8961
    endloop
  endfacet
  facet normal -1 0 0
    outer loop
      vertex 7 -11.1819 26.3436
      vertex 7 0 31
      vertex 7 -10.9128 25.5508
    endloop
  endfacet
  facet normal -1 -0 0
    outer loop
      vertex 7 0 31
      vertex 7 -10.9128 30.4492
      vertex 7 -10.5426 31.2
    endloop
  endfacet
  facet normal -1 0 0
    outer loop
      vertex 7 -11.3452 27.1646
      vertex 7 0 31
      vertex 7 -11.1819 26.3436
    endloop
  endfacet
  facet normal -1 0 0
    outer loop
      vertex 7 0 31
      vertex 7 -11.1819 29.6564
      vertex 7 -10.9128 30.4492
    endloop
  endfacet
  facet normal -1 0 0
    outer loop
      vertex 7 -11.3452 28.8354
      vertex 7 0 31
      vertex 7 -11.3452 27.1646
    endloop
  endfacet
  facet normal -1 0 0
    outer loop
      vertex 7 0 31
      vertex 7 -11.3452 28.8354
      vertex 7 -11.1819 29.6564
    endloop
  endfacet
  facet normal -1 0 -0
    outer loop
      vertex 7 -11.3452 28.8354
      vertex 7 -11.3452 27.1646
      vertex 7 -11.4 28
    endloop
  endfacet
  facet normal -1 0 0
    outer loop
      vertex 7 0 31
      vertex 7 0.542562 31.2
      vertex 7 0.641191 31
    endloop
  endfacet
  facet normal -1 -0 0
    outer loop
      vertex 7 0.542562 31.2
      vertex 7 0 31
      vertex 7 0.0774612 31.8961
    endloop
  endfacet
  facet normal -1 -0 0
    outer loop
      vertex 7 0.0774612 31.8961
      vertex 7 0 31
      vertex 7 -0.474516 32.5255
    endloop
  endfacet
  facet normal 0 -0.659361 -0.751827
    outer loop
      vertex 7 -9.52548 23.4745
      vertex 105 -8.89607 22.9225
      vertex 105 -9.52548 23.4745
    endloop
  endfacet
  facet normal -0 -0.659361 -0.751827
    outer loop
      vertex 105 -8.89607 22.9225
      vertex 7 -9.52548 23.4745
      vertex 7 -8.89607 22.9225
    endloop
  endfacet
  facet normal 0 -0.980787 -0.195082
    outer loop
      vertex 7 -11.1819 26.3436
      vertex 105 -11.3452 27.1646
      vertex 7 -11.3452 27.1646
    endloop
  endfacet
  facet normal 0 -0.980787 -0.195082
    outer loop
      vertex 105 -11.3452 27.1646
      vertex 7 -11.1819 26.3436
      vertex 105 -11.1819 26.3436
    endloop
  endfacet
  facet normal 0 -0.83148 -0.555554
    outer loop
      vertex 7 -10.0775 24.1039
      vertex 105 -10.5426 24.8
      vertex 7 -10.5426 24.8
    endloop
  endfacet
  facet normal 0 -0.83148 -0.555554
    outer loop
      vertex 105 -10.5426 24.8
      vertex 7 -10.0775 24.1039
      vertex 105 -10.0775 24.1039
    endloop
  endfacet
  facet normal 0 -0.997855 0.0654566
    outer loop
      vertex 7 -11.4 28
      vertex 105 -11.3452 28.8354
      vertex 7 -11.3452 28.8354
    endloop
  endfacet
  facet normal 0 -0.997855 0.0654566
    outer loop
      vertex 105 -11.3452 28.8354
      vertex 7 -11.4 28
      vertex 105 -11.4 28
    endloop
  endfacet
  facet normal 0 -0.83148 0.555554
    outer loop
      vertex 7 -10.5426 31.2
      vertex 105 -10.0775 31.8961
      vertex 7 -10.0775 31.8961
    endloop
  endfacet
  facet normal 0 -0.83148 0.555554
    outer loop
      vertex 105 -10.0775 31.8961
      vertex 7 -10.5426 31.2
      vertex 105 -10.5426 31.2
    endloop
  endfacet
  facet normal 0 -0.065459 0.997855
    outer loop
      vertex 7 -5 34.4
      vertex 105 -5.83537 34.3452
      vertex 105 -5 34.4
    endloop
  endfacet
  facet normal 0 -0.065459 0.997855
    outer loop
      vertex 105 -5.83537 34.3452
      vertex 7 -5 34.4
      vertex 7 -5.83537 34.3452
    endloop
  endfacet
  facet normal 0 -0.555904 0.831246
    outer loop
      vertex 7 -8.2 33.5426
      vertex 100.134 -8.2637 33.5
      vertex 100.162 -8.2 33.5426
    endloop
  endfacet
  facet normal 3.91349e-07 -0.555509 0.831511
    outer loop
      vertex 7 -8.2 33.5426
      vertex 100.076 -8.43928 33.3827
      vertex 100.134 -8.2637 33.5
    endloop
  endfacet
  facet normal -2.95164e-07 -0.555693 0.831387
    outer loop
      vertex 7 -8.2 33.5426
      vertex 100.034 -8.62465 33.2588
      vertex 100.076 -8.43928 33.3827
    endloop
  endfacet
  facet normal 4.57875e-07 -0.555579 0.831464
    outer loop
      vertex 7 -8.2 33.5426
      vertex 100.009 -8.81666 33.1305
      vertex 100.034 -8.62465 33.2588
    endloop
  endfacet
  facet normal 4.71487e-06 -0.555135 0.83176
    outer loop
      vertex 7 -8.2 33.5426
      vertex 100.005 -8.89607 33.0775
      vertex 100.009 -8.81666 33.1305
    endloop
  endfacet
  facet normal 0 -0.555571 0.831469
    outer loop
      vertex 100.005 -8.89607 33.0775
      vertex 7 -8.2 33.5426
      vertex 7 -8.89607 33.0775
    endloop
  endfacet
  facet normal -1.6626e-05 -0.555571 0.831469
    outer loop
      vertex 101.991 -8.81666 33.1305
      vertex 105 -8.89607 33.0775
      vertex 105 -8.2 33.5426
    endloop
  endfacet
  facet normal 0 -0.555135 0.83176
    outer loop
      vertex 105 -8.89607 33.0775
      vertex 101.991 -8.81666 33.1305
      vertex 101.995 -8.89607 33.0775
    endloop
  endfacet
  facet normal -1.37971e-05 -0.555581 0.831463
    outer loop
      vertex 105 -8.2 33.5426
      vertex 101.966 -8.62465 33.2588
      vertex 101.991 -8.81666 33.1305
    endloop
  endfacet
  facet normal 8.78173e-06 -0.555692 0.831388
    outer loop
      vertex 105 -8.2 33.5426
      vertex 101.924 -8.43928 33.3827
      vertex 101.966 -8.62465 33.2588
    endloop
  endfacet
  facet normal -1.15549e-05 -0.555511 0.831509
    outer loop
      vertex 105 -8.2 33.5426
      vertex 101.866 -8.2637 33.5
      vertex 101.924 -8.43928 33.3827
    endloop
  endfacet
  facet normal 0 -0.555904 0.831246
    outer loop
      vertex 101.866 -8.2637 33.5
      vertex 105 -8.2 33.5426
      vertex 101.838 -8.2 33.5426
    endloop
  endfacet
  facet normal -1.35546e-05 -0.659262 0.751913
    outer loop
      vertex 101.991 -9.13324 32.8695
      vertex 105 -8.89607 33.0775
      vertex 102 -8.9844 33
    endloop
  endfacet
  facet normal 0 -0.659522 0.751685
    outer loop
      vertex 102 -8.9844 33
      vertex 105 -8.89607 33.0775
      vertex 101.995 -8.89607 33.0775
    endloop
  endfacet
  facet normal 2.22305e-07 -0.659361 0.751827
    outer loop
      vertex 105 -8.89607 33.0775
      vertex 101.991 -9.13324 32.8695
      vertex 105 -9.52548 32.5255
    endloop
  endfacet
  facet normal -1.05591e-06 -0.659366 0.751822
    outer loop
      vertex 101.966 -9.27953 32.7412
      vertex 105 -9.52548 32.5255
      vertex 101.991 -9.13324 32.8695
    endloop
  endfacet
  facet normal -1.32534e-05 -0.659451 0.751747
    outer loop
      vertex 101.924 -9.42077 32.6173
      vertex 105 -9.52548 32.5255
      vertex 101.966 -9.27953 32.7412
    endloop
  endfacet
  facet normal 0 -0.659231 0.75194
    outer loop
      vertex 105 -9.52548 32.5255
      vertex 101.924 -9.42077 32.6173
      vertex 101.879 -9.52548 32.5255
    endloop
  endfacet
  facet normal 0 -0.659522 0.751685
    outer loop
      vertex 100.005 -8.89607 33.0775
      vertex 7 -8.89607 33.0775
      vertex 100 -8.9844 33
    endloop
  endfacet
  facet normal 2.71202e-07 -0.659361 0.751827
    outer loop
      vertex 7 -9.52548 32.5255
      vertex 100 -8.9844 33
      vertex 7 -8.89607 33.0775
    endloop
  endfacet
  facet normal -7.40673e-07 -0.659263 0.751913
    outer loop
      vertex 100 -8.9844 33
      vertex 7 -9.52548 32.5255
      vertex 100.009 -9.13324 32.8695
    endloop
  endfacet
  facet normal 3.48963e-08 -0.659366 0.751822
    outer loop
      vertex 100.009 -9.13324 32.8695
      vertex 7 -9.52548 32.5255
      vertex 100.034 -9.27953 32.7412
    endloop
  endfacet
  facet normal 4.42285e-07 -0.659454 0.751745
    outer loop
      vertex 100.034 -9.27953 32.7412
      vertex 7 -9.52548 32.5255
      vertex 100.076 -9.42077 32.6173
    endloop
  endfacet
  facet normal 0 -0.659231 0.75194
    outer loop
      vertex 100.076 -9.42077 32.6173
      vertex 7 -9.52548 32.5255
      vertex 100.121 -9.52548 32.5255
    endloop
  endfacet
  facet normal -0 0.195066 0.98079
    outer loop
      vertex 7 -3.34356 34.1819
      vertex 105 -4.16463 34.3452
      vertex 105 -3.34356 34.1819
    endloop
  endfacet
  facet normal 0 0.195066 0.98079
    outer loop
      vertex 105 -4.16463 34.3452
      vertex 7 -3.34356 34.1819
      vertex 7 -4.16463 34.3452
    endloop
  endfacet
  facet normal 0 -0.442223 -0.896905
    outer loop
      vertex 7 -8.2 22.4574
      vertex 105 -7.44917 22.0872
      vertex 105 -8.2 22.4574
    endloop
  endfacet
  facet normal -0 -0.442223 -0.896905
    outer loop
      vertex 105 -7.44917 22.0872
      vertex 7 -8.2 22.4574
      vertex 7 -7.44917 22.0872
    endloop
  endfacet
  facet normal 0 -0.75181 -0.65938
    outer loop
      vertex 7 -9.52548 23.4745
      vertex 105 -10.0775 24.1039
      vertex 7 -10.0775 24.1039
    endloop
  endfacet
  facet normal 0 -0.75181 -0.65938
    outer loop
      vertex 105 -10.0775 24.1039
      vertex 7 -9.52548 23.4745
      vertex 105 -9.52548 23.4745
    endloop
  endfacet
  facet normal 1 0 0
    outer loop
      vertex 105 -6 23.7223
      vertex 105 -6.1388 23.7499
      vertex 105 -6 22.6
    endloop
  endfacet
  facet normal 1 0 0
    outer loop
      vertex 105 0.087013 31
      vertex 105 -0.637642 28.5743
      vertex 105 -0.599999 28
    endloop
  endfacet
  facet normal 1 0 0
    outer loop
      vertex 105 0.087013 31
      vertex 105 -0.749926 29.1388
      vertex 105 -0.637642 28.5743
    endloop
  endfacet
  facet normal 1 0 0
    outer loop
      vertex 105 0.087013 31
      vertex 105 -0.93493 29.6838
      vertex 105 -0.749926 29.1388
    endloop
  endfacet
  facet normal 1 0 0
    outer loop
      vertex 105 -1.88873 31.1113
      vertex 105 -0.474516 32.5255
      vertex 105 -1.10393 33.0775
    endloop
  endfacet
  facet normal 1 0 0
    outer loop
      vertex 105 0.087013 31
      vertex 105 -1.18949 30.2
      vertex 105 -0.93493 29.6838
    endloop
  endfacet
  facet normal 1 0 0
    outer loop
      vertex 105 0.087013 31
      vertex 105 -1.50924 30.6786
      vertex 105 -1.18949 30.2
    endloop
  endfacet
  facet normal 1 0 0
    outer loop
      vertex 105 -2.32145 31.4908
      vertex 105 -1.10393 33.0775
      vertex 105 -1.8 33.5426
    endloop
  endfacet
  facet normal 1 0 0
    outer loop
      vertex 105 -0.474516 32.5255
      vertex 105 -1.88873 31.1113
      vertex 105 -1.50924 30.6786
    endloop
  endfacet
  facet normal 1 0 0
    outer loop
      vertex 105 -1.10393 33.0775
      vertex 105 -2.32145 31.4908
      vertex 105 -1.88873 31.1113
    endloop
  endfacet
  facet normal 1 0 0
    outer loop
      vertex 105 -2.8 31.8105
      vertex 105 -1.8 33.5426
      vertex 105 -2.55083 33.9128
    endloop
  endfacet
  facet normal 1 0 0
    outer loop
      vertex 105 -1.8 33.5426
      vertex 105 -2.8 31.8105
      vertex 105 -2.32145 31.4908
    endloop
  endfacet
  facet normal 1 0 0
    outer loop
      vertex 105 -2.55083 33.9128
      vertex 105 -3.31619 32.0651
      vertex 105 -2.8 31.8105
    endloop
  endfacet
  facet normal 1 0 0
    outer loop
      vertex 105 -4 33.4
      vertex 105 -2.55083 33.9128
      vertex 105 -3.34356 34.1819
    endloop
  endfacet
  facet normal 1 0 0
    outer loop
      vertex 105 -2.55083 33.9128
      vertex 105 -4 33.4
      vertex 105 -3.31619 32.0651
    endloop
  endfacet
  facet normal 1 0 0
    outer loop
      vertex 105 -3.31619 32.0651
      vertex 105 -4 33.4
      vertex 105 -3.8612 32.2501
    endloop
  endfacet
  facet normal 1 0 0
    outer loop
      vertex 105 -4.16463 34.3452
      vertex 105 -4 33.4
      vertex 105 -3.34356 34.1819
    endloop
  endfacet
  facet normal 1 0 0
    outer loop
      vertex 105 -5 34.4
      vertex 105 -4 33.4
      vertex 105 -4.16463 34.3452
    endloop
  endfacet
  facet normal 1 0 0
    outer loop
      vertex 105 -6 33.4
      vertex 105 -5 34.4
      vertex 105 -5.83537 34.3452
    endloop
  endfacet
  facet normal 1 0 0
    outer loop
      vertex 105 -5 34.4
      vertex 105 -6 33.4
      vertex 105 -4 33.4
    endloop
  endfacet
  facet normal 1 0 0
    outer loop
      vertex 105 -6 33.4
      vertex 105 -6.1388 32.2501
      vertex 105 -6 32.2777
    endloop
  endfacet
  facet normal 1 -0 0
    outer loop
      vertex 105 -6.65644 34.1819
      vertex 105 -6 33.4
      vertex 105 -5.83537 34.3452
    endloop
  endfacet
  facet normal 1 -0 0
    outer loop
      vertex 105 -7.44917 33.9128
      vertex 105 -6 33.4
      vertex 105 -6.65644 34.1819
    endloop
  endfacet
  facet normal 1 0 0
    outer loop
      vertex 105 -6 33.4
      vertex 105 -6.68381 32.0651
      vertex 105 -6.1388 32.2501
    endloop
  endfacet
  facet normal 1 0 0
    outer loop
      vertex 105 -6 33.4
      vertex 105 -7.44917 33.9128
      vertex 105 -6.68381 32.0651
    endloop
  endfacet
  facet normal 1 0 0
    outer loop
      vertex 105 -6.68381 32.0651
      vertex 105 -7.44917 33.9128
      vertex 105 -7.2 31.8105
    endloop
  endfacet
  facet normal 1 -0 0
    outer loop
      vertex 105 -8.2 33.5426
      vertex 105 -7.2 31.8105
      vertex 105 -7.44917 33.9128
    endloop
  endfacet
  facet normal 1 0 0
    outer loop
      vertex 105 -7.2 31.8105
      vertex 105 -8.2 33.5426
      vertex 105 -7.67855 31.4908
    endloop
  endfacet
  facet normal 1 -0 0
    outer loop
      vertex 105 -8.89607 33.0775
      vertex 105 -7.67855 31.4908
      vertex 105 -8.2 33.5426
    endloop
  endfacet
  facet normal 1 0 0
    outer loop
      vertex 105 -7.67855 31.4908
      vertex 105 -8.89607 33.0775
      vertex 105 -8.11127 31.1113
    endloop
  endfacet
  facet normal 1 -0 0
    outer loop
      vertex 105 -9.52548 32.5255
      vertex 105 -8.11127 31.1113
      vertex 105 -8.89607 33.0775
    endloop
  endfacet
  facet normal 1 0 0
    outer loop
      vertex 105 -8.11127 31.1113
      vertex 105 -9.52548 32.5255
      vertex 105 -8.49075 30.6786
    endloop
  endfacet
  facet normal 1 -0 0
    outer loop
      vertex 105 -10.0775 31.8961
      vertex 105 -8.49075 30.6786
      vertex 105 -9.52548 32.5255
    endloop
  endfacet
  facet normal 1 0 0
    outer loop
      vertex 105 -8.49075 30.6786
      vertex 105 -10.0775 31.8961
      vertex 105 -8.81051 30.2
    endloop
  endfacet
  facet normal 1 -0 0
    outer loop
      vertex 105 -10.5426 31.2
      vertex 105 -8.81051 30.2
      vertex 105 -10.0775 31.8961
    endloop
  endfacet
  facet normal 1 -0 0
    outer loop
      vertex 105 -10.9128 30.4492
      vertex 105 -9.06507 29.6838
      vertex 105 -10.5426 31.2
    endloop
  endfacet
  facet normal 1 0 0
    outer loop
      vertex 105 -8.81051 30.2
      vertex 105 -10.5426 31.2
      vertex 105 -9.06507 29.6838
    endloop
  endfacet
  facet normal 1 0 0
    outer loop
      vertex 105 0.542562 31.2
      vertex 105 0.087013 31
      vertex 105 0.641191 31
    endloop
  endfacet
  facet normal 1 0 0
    outer loop
      vertex 105 0.0774612 31.8961
      vertex 105 0.087013 31
      vertex 105 0.542562 31.2
    endloop
  endfacet
  facet normal 1 0 0
    outer loop
      vertex 105 -1.50924 30.6786
      vertex 105 0.0774612 31.8961
      vertex 105 -0.474516 32.5255
    endloop
  endfacet
  facet normal 1 0 0
    outer loop
      vertex 105 0.0774612 31.8961
      vertex 105 -1.50924 30.6786
      vertex 105 0.087013 31
    endloop
  endfacet
  facet normal 1 0 0
    outer loop
      vertex 105 0.087013 31
      vertex 105 -0.599999 28
      vertex 105 0.087013 23
    endloop
  endfacet
  facet normal 1 -0 0
    outer loop
      vertex 105 -0.637642 27.4257
      vertex 105 0.087013 23
      vertex 105 -0.599999 28
    endloop
  endfacet
  facet normal 1 -0 0
    outer loop
      vertex 105 -0.749926 26.8612
      vertex 105 0.087013 23
      vertex 105 -0.637642 27.4257
    endloop
  endfacet
  facet normal 1 -0 0
    outer loop
      vertex 105 -0.93493 26.3162
      vertex 105 0.087013 23
      vertex 105 -0.749926 26.8612
    endloop
  endfacet
  facet normal 1 -0 0
    outer loop
      vertex 105 -1.18949 25.8
      vertex 105 0.087013 23
      vertex 105 -0.93493 26.3162
    endloop
  endfacet
  facet normal 1 -0 0
    outer loop
      vertex 105 -1.50924 25.3214
      vertex 105 0.087013 23
      vertex 105 -1.18949 25.8
    endloop
  endfacet
  facet normal 1 0 0
    outer loop
      vertex 105 0.087013 23
      vertex 105 -1.50924 25.3214
      vertex 105 -1.0156 23
    endloop
  endfacet
  facet normal 1 -0 0
    outer loop
      vertex 105 -1.88873 24.8887
      vertex 105 -1.0156 23
      vertex 105 -1.50924 25.3214
    endloop
  endfacet
  facet normal 1 -0 0
    outer loop
      vertex 105 -2.32145 24.5092
      vertex 105 -1.0156 23
      vertex 105 -1.88873 24.8887
    endloop
  endfacet
  facet normal 1 0 0
    outer loop
      vertex 105 -1.0156 23
      vertex 105 -2.32145 24.5092
      vertex 105 -1.10393 22.9225
    endloop
  endfacet
  facet normal 1 0 0
    outer loop
      vertex 105 -1.10393 22.9225
      vertex 105 -2.32145 24.5092
      vertex 105 -1.8 22.4574
    endloop
  endfacet
  facet normal 1 -0 0
    outer loop
      vertex 105 -2.8 24.1895
      vertex 105 -1.8 22.4574
      vertex 105 -2.32145 24.5092
    endloop
  endfacet
  facet normal 1 0 0
    outer loop
      vertex 105 -1.8 22.4574
      vertex 105 -2.8 24.1895
      vertex 105 -2.55083 22.0872
    endloop
  endfacet
  facet normal 1 -0 0
    outer loop
      vertex 105 -3.31619 23.9349
      vertex 105 -2.55083 22.0872
      vertex 105 -2.8 24.1895
    endloop
  endfacet
  facet normal 1 -0 0
    outer loop
      vertex 105 -4 22.6
      vertex 105 -2.55083 22.0872
      vertex 105 -3.31619 23.9349
    endloop
  endfacet
  facet normal 1 0 0
    outer loop
      vertex 105 -4 22.6
      vertex 105 -3.31619 23.9349
      vertex 105 -3.8612 23.7499
    endloop
  endfacet
  facet normal 1 0 0
    outer loop
      vertex 105 -4 22.6
      vertex 105 -3.8612 23.7499
      vertex 105 -4 23.7223
    endloop
  endfacet
  facet normal 1 0 0
    outer loop
      vertex 105 -2.55083 22.0872
      vertex 105 -4 22.6
      vertex 105 -3.34356 21.8181
    endloop
  endfacet
  facet normal 1 0 0
    outer loop
      vertex 105 -4 22.6
      vertex 105 -4.16463 21.6548
      vertex 105 -3.34356 21.8181
    endloop
  endfacet
  facet normal 1 0 0
    outer loop
      vertex 105 -4 22.6
      vertex 105 -5 21.6
      vertex 105 -4.16463 21.6548
    endloop
  endfacet
  facet normal 1 -0 0
    outer loop
      vertex 105 -6 22.6
      vertex 105 -5 21.6
      vertex 105 -4 22.6
    endloop
  endfacet
  facet normal 1 0 0
    outer loop
      vertex 105 -5 21.6
      vertex 105 -6 22.6
      vertex 105 -5.83537 21.6548
    endloop
  endfacet
  facet normal 1 0 0
    outer loop
      vertex 105 -6 22.6
      vertex 105 -6.65644 21.8181
      vertex 105 -5.83537 21.6548
    endloop
  endfacet
  facet normal 1 0 0
    outer loop
      vertex 105 -6.68381 23.9349
      vertex 105 -6 22.6
      vertex 105 -6.1388 23.7499
    endloop
  endfacet
  facet normal 1 0 0
    outer loop
      vertex 105 -7.44917 22.0872
      vertex 105 -6 22.6
      vertex 105 -6.68381 23.9349
    endloop
  endfacet
  facet normal 1 0 0
    outer loop
      vertex 105 -7.44917 22.0872
      vertex 105 -6.68381 23.9349
      vertex 105 -7.2 24.1895
    endloop
  endfacet
  facet normal 1 0 0
    outer loop
      vertex 105 -6 22.6
      vertex 105 -7.44917 22.0872
      vertex 105 -6.65644 21.8181
    endloop
  endfacet
  facet normal 1 0 0
    outer loop
      vertex 105 -8.2 22.4574
      vertex 105 -7.2 24.1895
      vertex 105 -7.67855 24.5092
    endloop
  endfacet
  facet normal 1 0 0
    outer loop
      vertex 105 -8.89607 22.9225
      vertex 105 -7.67855 24.5092
      vertex 105 -8.11127 24.8887
    endloop
  endfacet
  facet normal 1 0 0
    outer loop
      vertex 105 -7.2 24.1895
      vertex 105 -8.2 22.4574
      vertex 105 -7.44917 22.0872
    endloop
  endfacet
  facet normal 1 0 0
    outer loop
      vertex 105 -9.52548 23.4745
      vertex 105 -8.11127 24.8887
      vertex 105 -8.49075 25.3214
    endloop
  endfacet
  facet normal 1 0 0
    outer loop
      vertex 105 -10.0775 24.1039
      vertex 105 -8.49075 25.3214
      vertex 105 -8.81051 25.8
    endloop
  endfacet
  facet normal 1 0 0
    outer loop
      vertex 105 -7.67855 24.5092
      vertex 105 -8.89607 22.9225
      vertex 105 -8.2 22.4574
    endloop
  endfacet
  facet normal 1 0 0
    outer loop
      vertex 105 -10.5426 24.8
      vertex 105 -8.81051 25.8
      vertex 105 -9.06507 26.3162
    endloop
  endfacet
  facet normal 1 0 0
    outer loop
      vertex 105 -10.9128 25.5508
      vertex 105 -9.06507 26.3162
      vertex 105 -9.25007 26.8612
    endloop
  endfacet
  facet normal 1 0 0
    outer loop
      vertex 105 -11.1819 26.3436
      vertex 105 -9.25007 26.8612
      vertex 105 -9.36236 27.4257
    endloop
  endfacet
  facet normal 1 0 0
    outer loop
      vertex 105 -8.11127 24.8887
      vertex 105 -9.52548 23.4745
      vertex 105 -8.89607 22.9225
    endloop
  endfacet
  facet normal 1 0 0
    outer loop
      vertex 105 -11.3452 27.1646
      vertex 105 -9.36236 27.4257
      vertex 105 -9.4 28
    endloop
  endfacet
  facet normal 1 0 0
    outer loop
      vertex 105 -9.06507 29.6838
      vertex 105 -10.9128 30.4492
      vertex 105 -9.25007 29.1388
    endloop
  endfacet
  facet normal 1 -0 0
    outer loop
      vertex 105 -11.1819 29.6564
      vertex 105 -9.25007 29.1388
      vertex 105 -10.9128 30.4492
    endloop
  endfacet
  facet normal 1 0 0
    outer loop
      vertex 105 -8.49075 25.3214
      vertex 105 -10.0775 24.1039
      vertex 105 -9.52548 23.4745
    endloop
  endfacet
  facet normal 1 0 0
    outer loop
      vertex 105 -9.25007 29.1388
      vertex 105 -11.1819 29.6564
      vertex 105 -9.36236 28.5743
    endloop
  endfacet
  facet normal 1 0 0
    outer loop
      vertex 105 -8.81051 25.8
      vertex 105 -10.5426 24.8
      vertex 105 -10.0775 24.1039
    endloop
  endfacet
  facet normal 1 -0 0
    outer loop
      vertex 105 -11.3452 28.8354
      vertex 105 -9.36236 28.5743
      vertex 105 -11.1819 29.6564
    endloop
  endfacet
  facet normal 1 0 0
    outer loop
      vertex 105 -9.06507 26.3162
      vertex 105 -10.9128 25.5508
      vertex 105 -10.5426 24.8
    endloop
  endfacet
  facet normal 1 0 0
    outer loop
      vertex 105 -9.36236 28.5743
      vertex 105 -11.3452 28.8354
      vertex 105 -9.4 28
    endloop
  endfacet
  facet normal 1 0 0
    outer loop
      vertex 105 -9.25007 26.8612
      vertex 105 -11.1819 26.3436
      vertex 105 -10.9128 25.5508
    endloop
  endfacet
  facet normal 1 0 0
    outer loop
      vertex 105 -11.4 28
      vertex 105 -9.4 28
      vertex 105 -11.3452 28.8354
    endloop
  endfacet
  facet normal 1 0 0
    outer loop
      vertex 105 -9.36236 27.4257
      vertex 105 -11.3452 27.1646
      vertex 105 -11.1819 26.3436
    endloop
  endfacet
  facet normal 1 0 0
    outer loop
      vertex 105 -9.4 28
      vertex 105 -11.4 28
      vertex 105 -11.3452 27.1646
    endloop
  endfacet
  facet normal 1 0 0
    outer loop
      vertex 105 -3.8612 32.2501
      vertex 105 -4 33.4
      vertex 105 -4 32.2777
    endloop
  endfacet
  facet normal 0 -0.980787 0.195082
    outer loop
      vertex 7 -11.3452 28.8354
      vertex 105 -11.1819 29.6564
      vertex 7 -11.1819 29.6564
    endloop
  endfacet
  facet normal 0 -0.980787 0.195082
    outer loop
      vertex 105 -11.1819 29.6564
      vertex 7 -11.3452 28.8354
      vertex 105 -11.3452 28.8354
    endloop
  endfacet
  facet normal 0 -0.555571 -0.831469
    outer loop
      vertex 7 -8.89607 22.9225
      vertex 105 -8.2 22.4574
      vertex 105 -8.89607 22.9225
    endloop
  endfacet
  facet normal -0 -0.555571 -0.831469
    outer loop
      vertex 105 -8.2 22.4574
      vertex 7 -8.89607 22.9225
      vertex 7 -8.2 22.4574
    endloop
  endfacet
  facet normal 0 0 -1
    outer loop
      vertex 105 -1.0156 23
      vertex 104.692 0.0256653 23
      vertex 105 0.087013 23
    endloop
  endfacet
  facet normal 0 0 -1
    outer loop
      vertex 105 -1.0156 23
      vertex 104.3 0 23
      vertex 104.692 0.0256653 23
    endloop
  endfacet
  facet normal 0 0 -1
    outer loop
      vertex 7 -1.0156 23
      vertex 104.3 0 23
      vertex 105 -1.0156 23
    endloop
  endfacet
  facet normal -0 0 -1
    outer loop
      vertex 104.3 0 23
      vertex 7 -1.0156 23
      vertex 7 0 23
    endloop
  endfacet
  facet normal 1 -0 0
    outer loop
      vertex 100.8 -4.42568 23.6376
      vertex 100.8 -4 22.6
      vertex 100.8 -4 23.7223
    endloop
  endfacet
  facet normal 1 -0 0
    outer loop
      vertex 100.8 -5 23.6
      vertex 100.8 -4 22.6
      vertex 100.8 -4.42568 23.6376
    endloop
  endfacet
  facet normal 1 0 0
    outer loop
      vertex 100.8 -6 22.6
      vertex 100.8 -5 23.6
      vertex 100.8 -5.57432 23.6376
    endloop
  endfacet
  facet normal 1 0 0
    outer loop
      vertex 100.8 -6 22.6
      vertex 100.8 -5.57432 23.6376
      vertex 100.8 -6 23.7223
    endloop
  endfacet
  facet normal 1 0 0
    outer loop
      vertex 100.8 -5 23.6
      vertex 100.8 -6 22.6
      vertex 100.8 -4 22.6
    endloop
  endfacet
  facet normal -0 0 1
    outer loop
      vertex 100.8 -4 22.6
      vertex 105 -6 22.6
      vertex 105 -4 22.6
    endloop
  endfacet
  facet normal 0 0 1
    outer loop
      vertex 105 -6 22.6
      vertex 100.8 -4 22.6
      vertex 100.8 -6 22.6
    endloop
  endfacet
  facet normal 0 1 -0
    outer loop
      vertex 105 -6 22.6
      vertex 100.8 -6 23.7223
      vertex 105 -6 23.7223
    endloop
  endfacet
  facet normal 0 1 0
    outer loop
      vertex 100.8 -6 23.7223
      vertex 105 -6 22.6
      vertex 100.8 -6 22.6
    endloop
  endfacet
  facet normal 0 -1 0
    outer loop
      vertex 100.8 -4 23.7223
      vertex 101.8 -4 22.7563
      vertex 101.8 -4 23.7223
    endloop
  endfacet
  facet normal 0 -1 -0
    outer loop
      vertex 101.8 -4 22.7563
      vertex 100.8 -4 22.6
      vertex 103.4 -4 22.7563
    endloop
  endfacet
  facet normal 0 -1 0
    outer loop
      vertex 100.8 -4 22.6
      vertex 101.8 -4 22.7563
      vertex 100.8 -4 23.7223
    endloop
  endfacet
  facet normal 0 -1 0
    outer loop
      vertex 103.4 -4 22.7563
      vertex 105 -4 23.7223
      vertex 103.4 -4 23.7223
    endloop
  endfacet
  facet normal 0 -1 0
    outer loop
      vertex 103.4 -4 22.7563
      vertex 105 -4 22.6
      vertex 105 -4 23.7223
    endloop
  endfacet
  facet normal 0 -1 0
    outer loop
      vertex 105 -4 22.6
      vertex 103.4 -4 22.7563
      vertex 100.8 -4 22.6
    endloop
  endfacet
  facet normal 0 1 -0
    outer loop
      vertex 103.4 -6 33.2437
      vertex 101.915 -6 33.4
      vertex 105 -6 33.4
    endloop
  endfacet
  facet normal 0 1 0
    outer loop
      vertex 101.915 -6 33.4
      vertex 103.4 -6 33.2437
      vertex 101.924 -6 33.3827
    endloop
  endfacet
  facet normal 0 1 0
    outer loop
      vertex 101.924 -6 33.3827
      vertex 103.4 -6 33.2437
      vertex 101.966 -6 33.2588
    endloop
  endfacet
  facet normal 0 1 -0
    outer loop
      vertex 105 -6 32.2777
      vertex 103.4 -6 33.2437
      vertex 105 -6 33.4
    endloop
  endfacet
  facet normal 0 1 0
    outer loop
      vertex 103.4 -6 33.2437
      vertex 105 -6 32.2777
      vertex 103.4 -6 32.2777
    endloop
  endfacet
  facet normal 0 1 0
    outer loop
      vertex 101.966 -6 33.2588
      vertex 103.4 -6 33.2437
      vertex 101.969 -6 33.2437
    endloop
  endfacet
  facet normal 0 1 -0
    outer loop
      vertex 101.8 -6 32.2777
      vertex 101.793 -6 32.3912
      vertex 101.8 -6 32.4012
    endloop
  endfacet
  facet normal 0 1 0
    outer loop
      vertex 101.8 -6 32.2777
      vertex 101.707 -6 32.2929
      vertex 101.793 -6 32.3912
    endloop
  endfacet
  facet normal 0 1 0
    outer loop
      vertex 101.707 -6 32.2929
      vertex 101.8 -6 32.2777
      vertex 101.69 -6 32.2777
    endloop
  endfacet
  facet normal 0 0 -1
    outer loop
      vertex 101.915 -6 33.4
      vertex 105 -4 33.4
      vertex 105 -6 33.4
    endloop
  endfacet
  facet normal -0 0 -1
    outer loop
      vertex 105 -4 33.4
      vertex 101.915 -6 33.4
      vertex 101.915 -4 33.4
    endloop
  endfacet
  facet normal 0 -1 0
    outer loop
      vertex 101.924 -4 33.3827
      vertex 105 -4 33.4
      vertex 101.915 -4 33.4
    endloop
  endfacet
  facet normal 0 -1 0
    outer loop
      vertex 101.966 -4 33.2588
      vertex 105 -4 33.4
      vertex 101.924 -4 33.3827
    endloop
  endfacet
  facet normal 0 -1 0
    outer loop
      vertex 101.991 -4 33.1305
      vertex 105 -4 33.4
      vertex 101.966 -4 33.2588
    endloop
  endfacet
  facet normal 0 -1 0
    outer loop
      vertex 102 -4 33
      vertex 105 -4 33.4
      vertex 101.991 -4 33.1305
    endloop
  endfacet
  facet normal 0 -1 0
    outer loop
      vertex 101.991 -4 32.8695
      vertex 105 -4 33.4
      vertex 102 -4 33
    endloop
  endfacet
  facet normal 0 -1 0
    outer loop
      vertex 105 -4 32.2777
      vertex 101.991 -4 32.8695
      vertex 101.966 -4 32.7412
    endloop
  endfacet
  facet normal 0 -1 0
    outer loop
      vertex 105 -4 32.2777
      vertex 101.966 -4 32.7412
      vertex 101.924 -4 32.6173
    endloop
  endfacet
  facet normal 0 -1 0
    outer loop
      vertex 105 -4 32.2777
      vertex 101.924 -4 32.6173
      vertex 101.866 -4 32.5
    endloop
  endfacet
  facet normal 0 -1 0
    outer loop
      vertex 105 -4 32.2777
      vertex 101.866 -4 32.5
      vertex 101.793 -4 32.3912
    endloop
  endfacet
  facet normal 0 -1 0
    outer loop
      vertex 105 -4 32.2777
      vertex 101.793 -4 32.3912
      vertex 101.707 -4 32.2929
    endloop
  endfacet
  facet normal 0 -1 0
    outer loop
      vertex 105 -4 32.2777
      vertex 101.707 -4 32.2929
      vertex 101.69 -4 32.2777
    endloop
  endfacet
  facet normal 0 -1 0
    outer loop
      vertex 101.991 -4 32.8695
      vertex 105 -4 32.2777
      vertex 105 -4 33.4
    endloop
  endfacet
  facet normal 0 0.0870167 -0.996207
    outer loop
      vertex 101.8 -0.625086 28.3828
      vertex 103.4 0 28.4374
      vertex 103.4 -0.625086 28.3828
    endloop
  endfacet
  facet normal 0 0.0870167 -0.996207
    outer loop
      vertex 103.4 0 28.4374
      vertex 101.8 -0.625086 28.3828
      vertex 101.8 0 28.4374
    endloop
  endfacet
  facet normal -1 0 0
    outer loop
      vertex 103.4 0 28.4374
      vertex 103.4 -0.637642 27.4257
      vertex 103.4 -0.599999 28
    endloop
  endfacet
  facet normal -1 0 0
    outer loop
      vertex 103.4 -0.219065 25.5989
      vertex 103.4 -0.749926 26.8612
      vertex 103.4 -0.637642 27.4257
    endloop
  endfacet
  facet normal -1 0 0
    outer loop
      vertex 103.4 -0.219065 25.5989
      vertex 103.4 -0.93493 26.3162
      vertex 103.4 -0.749926 26.8612
    endloop
  endfacet
  facet normal -1 0 0
    outer loop
      vertex 103.4 -1.50924 25.3214
      vertex 103.4 -0.595336 24.9633
      vertex 103.4 -1.05557 24.3856
    endloop
  endfacet
  facet normal -1 0 0
    outer loop
      vertex 103.4 -0.219065 25.5989
      vertex 103.4 -1.18949 25.8
      vertex 103.4 -0.93493 26.3162
    endloop
  endfacet
  facet normal -1 0 0
    outer loop
      vertex 103.4 -0.595336 24.9633
      vertex 103.4 -1.50924 25.3214
      vertex 103.4 -1.18949 25.8
    endloop
  endfacet
  facet normal -1 0 0
    outer loop
      vertex 103.4 -1.88873 24.8887
      vertex 103.4 -1.05557 24.3856
      vertex 103.4 -1.59098 23.8768
    endloop
  endfacet
  facet normal -1 0 0
    outer loop
      vertex 103.4 -1.05557 24.3856
      vertex 103.4 -1.88873 24.8887
      vertex 103.4 -1.50924 25.3214
    endloop
  endfacet
  facet normal -1 0 0
    outer loop
      vertex 103.4 -2.32145 24.5092
      vertex 103.4 -1.59098 23.8768
      vertex 103.4 -2.19137 23.4465
    endloop
  endfacet
  facet normal -1 0 0
    outer loop
      vertex 103.4 -1.59098 23.8768
      vertex 103.4 -2.32145 24.5092
      vertex 103.4 -1.88873 24.8887
    endloop
  endfacet
  facet normal -1 0 0
    outer loop
      vertex 103.4 -2.19137 23.4465
      vertex 103.4 -2.8 24.1895
      vertex 103.4 -2.32145 24.5092
    endloop
  endfacet
  facet normal -1 0 0
    outer loop
      vertex 103.4 -2.8453 23.1031
      vertex 103.4 -2.8 24.1895
      vertex 103.4 -2.19137 23.4465
    endloop
  endfacet
  facet normal -1 0 0
    outer loop
      vertex 103.4 -2.8453 23.1031
      vertex 103.4 -3.31619 23.9349
      vertex 103.4 -2.8 24.1895
    endloop
  endfacet
  facet normal -1 0 0
    outer loop
      vertex 103.4 -3.54031 22.853
      vertex 103.4 -3.31619 23.9349
      vertex 103.4 -2.8453 23.1031
    endloop
  endfacet
  facet normal -1 0 0
    outer loop
      vertex 103.4 -3.54031 22.853
      vertex 103.4 -3.8612 23.7499
      vertex 103.4 -3.31619 23.9349
    endloop
  endfacet
  facet normal -1 0 0
    outer loop
      vertex 103.4 -4 23.7223
      vertex 103.4 -3.54031 22.853
      vertex 103.4 -4 22.7563
    endloop
  endfacet
  facet normal -1 0 0
    outer loop
      vertex 103.4 -3.54031 22.853
      vertex 103.4 -4 23.7223
      vertex 103.4 -3.8612 23.7499
    endloop
  endfacet
  facet normal -1 0 0
    outer loop
      vertex 103.4 -0.637642 27.4257
      vertex 103.4 0 26.1224
      vertex 103.4 -0.219065 25.5989
    endloop
  endfacet
  facet normal -1 0 0
    outer loop
      vertex 103.4 -1.18949 25.8
      vertex 103.4 -0.219065 25.5989
      vertex 103.4 -0.595336 24.9633
    endloop
  endfacet
  facet normal -1 0 0
    outer loop
      vertex 103.4 -0.637642 27.4257
      vertex 103.4 0 28.4374
      vertex 103.4 0 26.1224
    endloop
  endfacet
  facet normal -1 0 0
    outer loop
      vertex 103.4 0 28.4374
      vertex 103.4 -0.599999 28
      vertex 103.4 -0.625086 28.3828
    endloop
  endfacet
  facet normal 1 -0 0
    outer loop
      vertex 101.8 -0.637642 27.4257
      vertex 101.8 0 26.1224
      vertex 101.8 0 28.4374
    endloop
  endfacet
  facet normal 1 -0 0
    outer loop
      vertex 101.8 -0.749926 26.8612
      vertex 101.8 0 26.1224
      vertex 101.8 -0.637642 27.4257
    endloop
  endfacet
  facet normal 1 0 0
    outer loop
      vertex 101.8 -0.637642 27.4257
      vertex 101.8 0 28.4374
      vertex 101.8 -0.599999 28
    endloop
  endfacet
  facet normal 1 0 -0
    outer loop
      vertex 101.8 -0.599999 28
      vertex 101.8 0 28.4374
      vertex 101.8 -0.625086 28.3828
    endloop
  endfacet
  facet normal 1 -0 0
    outer loop
      vertex 101.8 -0.93493 26.3162
      vertex 101.8 0 26.1224
      vertex 101.8 -0.749926 26.8612
    endloop
  endfacet
  facet normal 1 0 0
    outer loop
      vertex 101.8 0 26.1224
      vertex 101.8 -0.93493 26.3162
      vertex 101.8 -0.219065 25.5989
    endloop
  endfacet
  facet normal 1 -0 0
    outer loop
      vertex 101.8 -1.18949 25.8
      vertex 101.8 -0.219065 25.5989
      vertex 101.8 -0.93493 26.3162
    endloop
  endfacet
  facet normal 1 0 0
    outer loop
      vertex 101.8 -0.219065 25.5989
      vertex 101.8 -1.18949 25.8
      vertex 101.8 -0.595336 24.9633
    endloop
  endfacet
  facet normal 1 -0 0
    outer loop
      vertex 101.8 -1.50924 25.3214
      vertex 101.8 -0.595336 24.9633
      vertex 101.8 -1.18949 25.8
    endloop
  endfacet
  facet normal 1 0 0
    outer loop
      vertex 101.8 -0.595336 24.9633
      vertex 101.8 -1.50924 25.3214
      vertex 101.8 -1.05557 24.3856
    endloop
  endfacet
  facet normal 1 -0 0
    outer loop
      vertex 101.8 -1.88873 24.8887
      vertex 101.8 -1.05557 24.3856
      vertex 101.8 -1.50924 25.3214
    endloop
  endfacet
  facet normal 1 0 0
    outer loop
      vertex 101.8 -1.05557 24.3856
      vertex 101.8 -1.88873 24.8887
      vertex 101.8 -1.59098 23.8768
    endloop
  endfacet
  facet normal 1 -0 0
    outer loop
      vertex 101.8 -2.32145 24.5092
      vertex 101.8 -1.59098 23.8768
      vertex 101.8 -1.88873 24.8887
    endloop
  endfacet
  facet normal 1 0 0
    outer loop
      vertex 101.8 -1.59098 23.8768
      vertex 101.8 -2.32145 24.5092
      vertex 101.8 -2.19137 23.4465
    endloop
  endfacet
  facet normal 1 -0 0
    outer loop
      vertex 101.8 -2.8 24.1895
      vertex 101.8 -2.19137 23.4465
      vertex 101.8 -2.32145 24.5092
    endloop
  endfacet
  facet normal 1 0 0
    outer loop
      vertex 101.8 -2.8 24.1895
      vertex 101.8 -2.8453 23.1031
      vertex 101.8 -2.19137 23.4465
    endloop
  endfacet
  facet normal 1 -0 0
    outer loop
      vertex 101.8 -3.31619 23.9349
      vertex 101.8 -2.8453 23.1031
      vertex 101.8 -2.8 24.1895
    endloop
  endfacet
  facet normal 1 0 0
    outer loop
      vertex 101.8 -3.31619 23.9349
      vertex 101.8 -3.54031 22.853
      vertex 101.8 -2.8453 23.1031
    endloop
  endfacet
  facet normal 1 -0 0
    outer loop
      vertex 101.8 -3.8612 23.7499
      vertex 101.8 -3.54031 22.853
      vertex 101.8 -3.31619 23.9349
    endloop
  endfacet
  facet normal 1 -0 0
    outer loop
      vertex 101.8 -4 23.7223
      vertex 101.8 -3.54031 22.853
      vertex 101.8 -3.8612 23.7499
    endloop
  endfacet
  facet normal 1 0 0
    outer loop
      vertex 101.8 -3.54031 22.853
      vertex 101.8 -4 23.7223
      vertex 101.8 -4 22.7563
    endloop
  endfacet
  facet normal 0 -0.205854 0.978583
    outer loop
      vertex 101.8 -3.54031 22.853
      vertex 103.4 -4 22.7563
      vertex 103.4 -3.54031 22.853
    endloop
  endfacet
  facet normal 0 -0.205854 0.978583
    outer loop
      vertex 103.4 -4 22.7563
      vertex 101.8 -3.54031 22.853
      vertex 101.8 -4 22.7563
    endloop
  endfacet
  facet normal 0 -0.338595 0.940932
    outer loop
      vertex 101.8 -2.8453 23.1031
      vertex 103.4 -3.54031 22.853
      vertex 103.4 -2.8453 23.1031
    endloop
  endfacet
  facet normal 0 -0.338595 0.940932
    outer loop
      vertex 103.4 -3.54031 22.853
      vertex 101.8 -2.8453 23.1031
      vertex 101.8 -3.54031 22.853
    endloop
  endfacet
  facet normal 0 -0.464926 0.88535
    outer loop
      vertex 101.8 -2.19137 23.4465
      vertex 103.4 -2.8453 23.1031
      vertex 103.4 -2.19137 23.4465
    endloop
  endfacet
  facet normal 0 -0.464926 0.88535
    outer loop
      vertex 103.4 -2.8453 23.1031
      vertex 101.8 -2.19137 23.4465
      vertex 101.8 -2.8453 23.1031
    endloop
  endfacet
  facet normal 0 -0.582537 0.812804
    outer loop
      vertex 101.8 -1.59098 23.8768
      vertex 103.4 -2.19137 23.4465
      vertex 103.4 -1.59098 23.8768
    endloop
  endfacet
  facet normal 0 -0.582537 0.812804
    outer loop
      vertex 103.4 -2.19137 23.4465
      vertex 101.8 -1.59098 23.8768
      vertex 101.8 -2.19137 23.4465
    endloop
  endfacet
  facet normal 0 -0.688864 0.724891
    outer loop
      vertex 101.8 -1.05557 24.3856
      vertex 103.4 -1.59098 23.8768
      vertex 103.4 -1.05557 24.3856
    endloop
  endfacet
  facet normal 0 -0.688864 0.724891
    outer loop
      vertex 103.4 -1.59098 23.8768
      vertex 101.8 -1.05557 24.3856
      vertex 101.8 -1.59098 23.8768
    endloop
  endfacet
  facet normal 0 -0.782139 0.623104
    outer loop
      vertex 101.8 -1.05557 24.3856
      vertex 103.4 -0.595336 24.9633
      vertex 101.8 -0.595336 24.9633
    endloop
  endfacet
  facet normal 0 -0.782139 0.623104
    outer loop
      vertex 103.4 -0.595336 24.9633
      vertex 101.8 -1.05557 24.3856
      vertex 103.4 -1.05557 24.3856
    endloop
  endfacet
  facet normal 0 -0.860518 0.509421
    outer loop
      vertex 101.8 -0.595336 24.9633
      vertex 103.4 -0.219065 25.5989
      vertex 101.8 -0.219065 25.5989
    endloop
  endfacet
  facet normal 0 -0.860518 0.509421
    outer loop
      vertex 103.4 -0.219065 25.5989
      vertex 101.8 -0.595336 24.9633
      vertex 103.4 -0.595336 24.9633
    endloop
  endfacet
  facet normal 0 -0.922488 0.386026
    outer loop
      vertex 101.8 -0.219065 25.5989
      vertex 103.4 0 26.1224
      vertex 101.8 0 26.1224
    endloop
  endfacet
  facet normal 0 -0.922488 0.386026
    outer loop
      vertex 103.4 0 26.1224
      vertex 101.8 -0.219065 25.5989
      vertex 103.4 -0.219065 25.5989
    endloop
  endfacet
  facet normal 0 -0.0871303 0.996197
    outer loop
      vertex 101.8 -9.37491 27.6172
      vertex 103.4 -10.3296 27.5337
      vertex 103.4 -9.37491 27.6172
    endloop
  endfacet
  facet normal 0 -0.0871303 0.996197
    outer loop
      vertex 103.4 -10.3296 27.5337
      vertex 101.8 -9.37491 27.6172
      vertex 101.8 -10.3296 27.5337
    endloop
  endfacet
  facet normal 0 0.205854 -0.978583
    outer loop
      vertex 101.988 -6.45969 33.147
      vertex 103.4 -6 33.2437
      vertex 103.4 -6.45969 33.147
    endloop
  endfacet
  facet normal 0 0.205854 -0.978583
    outer loop
      vertex 103.4 -6 33.2437
      vertex 101.988 -6.45969 33.147
      vertex 101.969 -6 33.2437
    endloop
  endfacet
  facet normal -1.29148e-05 0.3386 -0.940931
    outer loop
      vertex 103.4 -7.15469 32.8969
      vertex 102 -6.86824 33
      vertex 103.4 -6.45969 33.147
    endloop
  endfacet
  facet normal 0 0.338655 -0.94091
    outer loop
      vertex 102 -6.86824 33
      vertex 103.4 -7.15469 32.8969
      vertex 101.993 -7.15469 32.8969
    endloop
  endfacet
  facet normal 7.47817e-06 0.338538 -0.940953
    outer loop
      vertex 101.991 -6.50552 33.1305
      vertex 103.4 -6.45969 33.147
      vertex 102 -6.86824 33
    endloop
  endfacet
  facet normal 0 0.338741 -0.94088
    outer loop
      vertex 103.4 -6.45969 33.147
      vertex 101.991 -6.50552 33.1305
      vertex 101.988 -6.45969 33.147
    endloop
  endfacet
  facet normal -1.08585e-05 0.464926 -0.88535
    outer loop
      vertex 101.966 -7.45122 32.7412
      vertex 103.4 -7.15469 32.8969
      vertex 103.4 -7.80862 32.5535
    endloop
  endfacet
  facet normal 0 0.464349 -0.885652
    outer loop
      vertex 103.4 -7.15469 32.8969
      vertex 101.991 -7.20695 32.8695
      vertex 101.993 -7.15469 32.8969
    endloop
  endfacet
  facet normal -3.08814e-05 0.465002 -0.88531
    outer loop
      vertex 103.4 -7.15469 32.8969
      vertex 101.966 -7.45122 32.7412
      vertex 101.991 -7.20695 32.8695
    endloop
  endfacet
  facet normal 3.21184e-05 0.465061 -0.885279
    outer loop
      vertex 103.4 -7.80862 32.5535
      vertex 101.924 -7.68707 32.6173
      vertex 101.966 -7.45122 32.7412
    endloop
  endfacet
  facet normal 0 0.464755 -0.885439
    outer loop
      vertex 101.924 -7.68707 32.6173
      vertex 103.4 -7.80862 32.5535
      vertex 101.892 -7.80862 32.5535
    endloop
  endfacet
  facet normal 0 0.582531 -0.812809
    outer loop
      vertex 103.4 -8.40902 32.1232
      vertex 101.892 -7.80862 32.5535
      vertex 103.4 -7.80862 32.5535
    endloop
  endfacet
  facet normal 5.14403e-05 0.582616 -0.812747
    outer loop
      vertex 103.4 -8.40902 32.1232
      vertex 101.866 -7.88325 32.5
      vertex 101.892 -7.80862 32.5535
    endloop
  endfacet
  facet normal 0 0.582517 -0.812818
    outer loop
      vertex 101.8 -8.40902 32.1232
      vertex 101.866 -7.88325 32.5
      vertex 103.4 -8.40902 32.1232
    endloop
  endfacet
  facet normal -0.000345311 0.582546 -0.812798
    outer loop
      vertex 101.866 -7.88325 32.5
      vertex 101.8 -8.40902 32.1232
      vertex 101.8 -8.02114 32.4012
    endloop
  endfacet
  facet normal 0 0.688864 -0.724891
    outer loop
      vertex 101.8 -8.94443 31.6144
      vertex 103.4 -8.40902 32.1232
      vertex 103.4 -8.94443 31.6144
    endloop
  endfacet
  facet normal 0 0.688864 -0.724891
    outer loop
      vertex 103.4 -8.40902 32.1232
      vertex 101.8 -8.94443 31.6144
      vertex 101.8 -8.40902 32.1232
    endloop
  endfacet
  facet normal 0 0.782142 -0.6231
    outer loop
      vertex 103.4 -9.40466 31.0367
      vertex 101.8 -8.94443 31.6144
      vertex 103.4 -8.94443 31.6144
    endloop
  endfacet
  facet normal 0 0.782142 -0.6231
    outer loop
      vertex 101.8 -8.94443 31.6144
      vertex 103.4 -9.40466 31.0367
      vertex 101.8 -9.40466 31.0367
    endloop
  endfacet
  facet normal 0 0.860518 -0.50942
    outer loop
      vertex 103.4 -9.78093 30.4011
      vertex 101.8 -9.40466 31.0367
      vertex 103.4 -9.40466 31.0367
    endloop
  endfacet
  facet normal 0 0.860518 -0.50942
    outer loop
      vertex 101.8 -9.40466 31.0367
      vertex 103.4 -9.78093 30.4011
      vertex 101.8 -9.78093 30.4011
    endloop
  endfacet
  facet normal 0 0.922473 -0.386061
    outer loop
      vertex 103.4 -10.0661 29.7197
      vertex 101.8 -9.78093 30.4011
      vertex 103.4 -9.78093 30.4011
    endloop
  endfacet
  facet normal 0 0.922473 -0.386061
    outer loop
      vertex 101.8 -9.78093 30.4011
      vertex 103.4 -10.0661 29.7197
      vertex 101.8 -10.0661 29.7197
    endloop
  endfacet
  facet normal 0 0.966857 -0.255319
    outer loop
      vertex 103.4 -10.2547 29.0055
      vertex 101.8 -10.0661 29.7197
      vertex 103.4 -10.0661 29.7197
    endloop
  endfacet
  facet normal 0 0.966857 -0.255319
    outer loop
      vertex 101.8 -10.0661 29.7197
      vertex 103.4 -10.2547 29.0055
      vertex 101.8 -10.2547 29.0055
    endloop
  endfacet
  facet normal 0 0.992812 -0.119684
    outer loop
      vertex 103.4 -10.3431 28.2722
      vertex 101.8 -10.2547 29.0055
      vertex 103.4 -10.2547 29.0055
    endloop
  endfacet
  facet normal 0 0.992812 -0.119684
    outer loop
      vertex 101.8 -10.2547 29.0055
      vertex 103.4 -10.3431 28.2722
      vertex 101.8 -10.3431 28.2722
    endloop
  endfacet
  facet normal 1 0 0
    outer loop
      vertex 101.8 -6 32.4012
      vertex 101.8 -6.1388 32.2501
      vertex 101.8 -6 32.2777
    endloop
  endfacet
  facet normal 1 0 0
    outer loop
      vertex 101.8 -6 32.4012
      vertex 101.8 -6.68381 32.0651
      vertex 101.8 -6.1388 32.2501
    endloop
  endfacet
  facet normal 1 -0 0
    outer loop
      vertex 101.8 -8.02114 32.4012
      vertex 101.8 -6.68381 32.0651
      vertex 101.8 -6 32.4012
    endloop
  endfacet
  facet normal 1 0 0
    outer loop
      vertex 101.8 -8.02114 32.4012
      vertex 101.8 -7.2 31.8105
      vertex 101.8 -6.68381 32.0651
    endloop
  endfacet
  facet normal 1 0 0
    outer loop
      vertex 101.8 -8.02114 32.4012
      vertex 101.8 -7.67855 31.4908
      vertex 101.8 -7.2 31.8105
    endloop
  endfacet
  facet normal 1 -0 0
    outer loop
      vertex 101.8 -8.40902 32.1232
      vertex 101.8 -7.67855 31.4908
      vertex 101.8 -8.02114 32.4012
    endloop
  endfacet
  facet normal 1 0 0
    outer loop
      vertex 101.8 -7.67855 31.4908
      vertex 101.8 -8.40902 32.1232
      vertex 101.8 -8.11127 31.1113
    endloop
  endfacet
  facet normal 1 -0 0
    outer loop
      vertex 101.8 -8.94443 31.6144
      vertex 101.8 -8.11127 31.1113
      vertex 101.8 -8.40902 32.1232
    endloop
  endfacet
  facet normal 1 0 0
    outer loop
      vertex 101.8 -8.11127 31.1113
      vertex 101.8 -8.94443 31.6144
      vertex 101.8 -8.49075 30.6786
    endloop
  endfacet
  facet normal 1 -0 0
    outer loop
      vertex 101.8 -9.40466 31.0367
      vertex 101.8 -8.49075 30.6786
      vertex 101.8 -8.94443 31.6144
    endloop
  endfacet
  facet normal 1 0 0
    outer loop
      vertex 101.8 -8.49075 30.6786
      vertex 101.8 -9.40466 31.0367
      vertex 101.8 -8.81051 30.2
    endloop
  endfacet
  facet normal 1 -0 0
    outer loop
      vertex 101.8 -9.78093 30.4011
      vertex 101.8 -8.81051 30.2
      vertex 101.8 -9.40466 31.0367
    endloop
  endfacet
  facet normal 1 0 0
    outer loop
      vertex 101.8 -8.81051 30.2
      vertex 101.8 -9.78093 30.4011
      vertex 101.8 -9.06507 29.6838
    endloop
  endfacet
  facet normal 1 0 0
    outer loop
      vertex 101.8 -9.06507 29.6838
      vertex 101.8 -10.0661 29.7197
      vertex 101.8 -9.25007 29.1388
    endloop
  endfacet
  facet normal 1 -0 0
    outer loop
      vertex 101.8 -10.0661 29.7197
      vertex 101.8 -9.06507 29.6838
      vertex 101.8 -9.78093 30.4011
    endloop
  endfacet
  facet normal 1 0 0
    outer loop
      vertex 101.8 -10.2547 29.0055
      vertex 101.8 -9.25007 29.1388
      vertex 101.8 -10.0661 29.7197
    endloop
  endfacet
  facet normal 1 0 0
    outer loop
      vertex 101.8 -9.25007 29.1388
      vertex 101.8 -10.2547 29.0055
      vertex 101.8 -9.36236 28.5743
    endloop
  endfacet
  facet normal 1 0 0
    outer loop
      vertex 101.8 -10.3431 28.2722
      vertex 101.8 -9.36236 28.5743
      vertex 101.8 -10.2547 29.0055
    endloop
  endfacet
  facet normal 1 0 0
    outer loop
      vertex 101.8 -9.36236 28.5743
      vertex 101.8 -10.3431 28.2722
      vertex 101.8 -9.4 28
    endloop
  endfacet
  facet normal 1 0 -0
    outer loop
      vertex 101.8 -10.3296 27.5337
      vertex 101.8 -9.4 28
      vertex 101.8 -10.3431 28.2722
    endloop
  endfacet
  facet normal 1 0 0
    outer loop
      vertex 101.8 -9.4 28
      vertex 101.8 -10.3296 27.5337
      vertex 101.8 -9.37491 27.6172
    endloop
  endfacet
  facet normal -1 0 0
    outer loop
      vertex 103.4 -8.81051 30.2
      vertex 103.4 -9.78093 30.4011
      vertex 103.4 -9.40466 31.0367
    endloop
  endfacet
  facet normal -1 0 0
    outer loop
      vertex 103.4 -10.3296 27.5337
      vertex 103.4 -9.4 28
      vertex 103.4 -9.37491 27.6172
    endloop
  endfacet
  facet normal -1 0 0
    outer loop
      vertex 103.4 -9.36236 28.5743
      vertex 103.4 -10.0661 29.7197
      vertex 103.4 -9.78093 30.4011
    endloop
  endfacet
  facet normal -1 0 0
    outer loop
      vertex 103.4 -9.36236 28.5743
      vertex 103.4 -10.2547 29.0055
      vertex 103.4 -10.0661 29.7197
    endloop
  endfacet
  facet normal -1 -0 0
    outer loop
      vertex 103.4 -9.4 28
      vertex 103.4 -10.3296 27.5337
      vertex 103.4 -10.3431 28.2722
    endloop
  endfacet
  facet normal -1 -0 0
    outer loop
      vertex 103.4 -9.36236 28.5743
      vertex 103.4 -10.3431 28.2722
      vertex 103.4 -10.2547 29.0055
    endloop
  endfacet
  facet normal -1 0 0
    outer loop
      vertex 103.4 -6.45969 33.147
      vertex 103.4 -6 32.2777
      vertex 103.4 -6.1388 32.2501
    endloop
  endfacet
  facet normal -1 0 0
    outer loop
      vertex 103.4 -6 32.2777
      vertex 103.4 -6.45969 33.147
      vertex 103.4 -6 33.2437
    endloop
  endfacet
  facet normal -1 0 0
    outer loop
      vertex 103.4 -6.68381 32.0651
      vertex 103.4 -6.45969 33.147
      vertex 103.4 -6.1388 32.2501
    endloop
  endfacet
  facet normal -1 0 0
    outer loop
      vertex 103.4 -6.68381 32.0651
      vertex 103.4 -7.15469 32.8969
      vertex 103.4 -6.45969 33.147
    endloop
  endfacet
  facet normal -1 0 0
    outer loop
      vertex 103.4 -7.2 31.8105
      vertex 103.4 -7.15469 32.8969
      vertex 103.4 -6.68381 32.0651
    endloop
  endfacet
  facet normal -1 0 0
    outer loop
      vertex 103.4 -7.80862 32.5535
      vertex 103.4 -7.2 31.8105
      vertex 103.4 -7.67855 31.4908
    endloop
  endfacet
  facet normal -1 0 0
    outer loop
      vertex 103.4 -7.2 31.8105
      vertex 103.4 -7.80862 32.5535
      vertex 103.4 -7.15469 32.8969
    endloop
  endfacet
  facet normal -1 0 0
    outer loop
      vertex 103.4 -8.40902 32.1232
      vertex 103.4 -7.67855 31.4908
      vertex 103.4 -8.11127 31.1113
    endloop
  endfacet
  facet normal -1 0 0
    outer loop
      vertex 103.4 -7.67855 31.4908
      vertex 103.4 -8.40902 32.1232
      vertex 103.4 -7.80862 32.5535
    endloop
  endfacet
  facet normal -1 0 0
    outer loop
      vertex 103.4 -8.94443 31.6144
      vertex 103.4 -8.11127 31.1113
      vertex 103.4 -8.49075 30.6786
    endloop
  endfacet
  facet normal -1 0 0
    outer loop
      vertex 103.4 -9.40466 31.0367
      vertex 103.4 -8.49075 30.6786
      vertex 103.4 -8.81051 30.2
    endloop
  endfacet
  facet normal -1 0 0
    outer loop
      vertex 103.4 -8.11127 31.1113
      vertex 103.4 -8.94443 31.6144
      vertex 103.4 -8.40902 32.1232
    endloop
  endfacet
  facet normal -1 0 0
    outer loop
      vertex 103.4 -9.78093 30.4011
      vertex 103.4 -8.81051 30.2
      vertex 103.4 -9.06507 29.6838
    endloop
  endfacet
  facet normal -1 0 0
    outer loop
      vertex 103.4 -9.78093 30.4011
      vertex 103.4 -9.06507 29.6838
      vertex 103.4 -9.25007 29.1388
    endloop
  endfacet
  facet normal -1 0 0
    outer loop
      vertex 103.4 -9.78093 30.4011
      vertex 103.4 -9.25007 29.1388
      vertex 103.4 -9.36236 28.5743
    endloop
  endfacet
  facet normal -1 0 0
    outer loop
      vertex 103.4 -8.49075 30.6786
      vertex 103.4 -9.40466 31.0367
      vertex 103.4 -8.94443 31.6144
    endloop
  endfacet
  facet normal -1 0 0
    outer loop
      vertex 103.4 -10.3431 28.2722
      vertex 103.4 -9.36236 28.5743
      vertex 103.4 -9.4 28
    endloop
  endfacet
  facet normal 0 0.999833 0.0182772
    outer loop
      vertex 103.4 -10.3296 27.5337
      vertex 101.8 -10.3431 28.2722
      vertex 103.4 -10.3431 28.2722
    endloop
  endfacet
  facet normal 0 0.999833 0.0182772
    outer loop
      vertex 101.8 -10.3431 28.2722
      vertex 103.4 -10.3296 27.5337
      vertex 101.8 -10.3296 27.5337
    endloop
  endfacet
  facet normal 0 -0.555502 0.831515
    outer loop
      vertex 9.4 -2.32145 24.5092
      vertex 101.8 -2.8 24.1895
      vertex 101.8 -2.32145 24.5092
    endloop
  endfacet
  facet normal 0 -0.555502 0.831515
    outer loop
      vertex 101.8 -2.8 24.1895
      vertex 9.4 -2.32145 24.5092
      vertex 9.4 -2.8 24.1895
    endloop
  endfacet
  facet normal 0 -0.555502 0.831515
    outer loop
      vertex 103.4 -2.32145 24.5092
      vertex 105 -2.8 24.1895
      vertex 105 -2.32145 24.5092
    endloop
  endfacet
  facet normal 0 -0.555502 0.831515
    outer loop
      vertex 105 -2.8 24.1895
      vertex 103.4 -2.32145 24.5092
      vertex 103.4 -2.8 24.1895
    endloop
  endfacet
  facet normal 0 -0.980786 0.195087
    outer loop
      vertex 9.4 -0.749926 26.8612
      vertex 101.8 -0.637642 27.4257
      vertex 9.4 -0.637642 27.4257
    endloop
  endfacet
  facet normal 0 -0.980786 0.195087
    outer loop
      vertex 101.8 -0.637642 27.4257
      vertex 9.4 -0.749926 26.8612
      vertex 101.8 -0.749926 26.8612
    endloop
  endfacet
  facet normal 0 -0.980786 0.195087
    outer loop
      vertex 103.4 -0.749926 26.8612
      vertex 105 -0.637642 27.4257
      vertex 103.4 -0.637642 27.4257
    endloop
  endfacet
  facet normal 0 -0.980786 0.195087
    outer loop
      vertex 105 -0.637642 27.4257
      vertex 103.4 -0.749926 26.8612
      vertex 105 -0.749926 26.8612
    endloop
  endfacet
  facet normal 0 -0.896874 -0.442286
    outer loop
      vertex 9.4 -0.93493 29.6838
      vertex 105 -1.18949 30.2
      vertex 9.4 -1.18949 30.2
    endloop
  endfacet
  facet normal 0 -0.896874 -0.442286
    outer loop
      vertex 105 -1.18949 30.2
      vertex 9.4 -0.93493 29.6838
      vertex 105 -0.93493 29.6838
    endloop
  endfacet
  facet normal 0 -0.32143 -0.946933
    outer loop
      vertex 9.4 -3.31619 32.0651
      vertex 100.342 -3.8612 32.2501
      vertex 9.4 -3.8612 32.2501
    endloop
  endfacet
  facet normal -3.16908e-06 -0.321904 -0.946772
    outer loop
      vertex 100.342 -3.8612 32.2501
      vertex 9.4 -3.31619 32.0651
      vertex 100.391 -3.73326 32.2066
    endloop
  endfacet
  facet normal 6.32391e-07 -0.321161 -0.947025
    outer loop
      vertex 100.391 -3.73326 32.2066
      vertex 9.4 -3.31619 32.0651
      vertex 100.5 -3.51918 32.134
    endloop
  endfacet
  facet normal -6.38991e-07 -0.321672 -0.946851
    outer loop
      vertex 100.5 -3.51918 32.134
      vertex 9.4 -3.31619 32.0651
      vertex 100.617 -3.34875 32.0761
    endloop
  endfacet
  facet normal 0 -0.320066 -0.947395
    outer loop
      vertex 100.617 -3.34875 32.0761
      vertex 9.4 -3.31619 32.0651
      vertex 100.65 -3.31619 32.0651
    endloop
  endfacet
  facet normal 0 -0.32143 -0.946933
    outer loop
      vertex 101.658 -3.8612 32.2501
      vertex 105 -3.31619 32.0651
      vertex 105 -3.8612 32.2501
    endloop
  endfacet
  facet normal 8.13541e-05 -0.321877 -0.946781
    outer loop
      vertex 101.609 -3.73326 32.2066
      vertex 105 -3.31619 32.0651
      vertex 101.658 -3.8612 32.2501
    endloop
  endfacet
  facet normal -1.60062e-05 -0.321168 -0.947022
    outer loop
      vertex 101.5 -3.51918 32.134
      vertex 105 -3.31619 32.0651
      vertex 101.609 -3.73326 32.2066
    endloop
  endfacet
  facet normal 1.60197e-05 -0.321663 -0.946854
    outer loop
      vertex 101.383 -3.34875 32.0761
      vertex 105 -3.31619 32.0651
      vertex 101.5 -3.51918 32.134
    endloop
  endfacet
  facet normal -0 -0.320066 -0.947395
    outer loop
      vertex 105 -3.31619 32.0651
      vertex 101.383 -3.34875 32.0761
      vertex 101.35 -3.31619 32.0651
    endloop
  endfacet
  facet normal 0 -0.195029 0.980797
    outer loop
      vertex 101.8 -3.8612 23.7499
      vertex 100.8 -4 23.7223
      vertex 101.8 -4 23.7223
    endloop
  endfacet
  facet normal 0 -0.195029 0.980797
    outer loop
      vertex 9.4 -3.8612 23.7499
      vertex 100.8 -4 23.7223
      vertex 101.8 -3.8612 23.7499
    endloop
  endfacet
  facet normal -1.9138e-07 -0.19515 0.980773
    outer loop
      vertex 9.4 -3.8612 23.7499
      vertex 100.8 -4.42568 23.6376
      vertex 100.8 -4 23.7223
    endloop
  endfacet
  facet normal 0 -0.19512 0.980779
    outer loop
      vertex 100.8 -4.42568 23.6376
      vertex 9.4 -3.8612 23.7499
      vertex 9.4 -4.42568 23.6376
    endloop
  endfacet
  facet normal 0 -0.195029 0.980797
    outer loop
      vertex 103.4 -3.8612 23.7499
      vertex 105 -4 23.7223
      vertex 105 -3.8612 23.7499
    endloop
  endfacet
  facet normal 0 -0.195029 0.980797
    outer loop
      vertex 105 -4 23.7223
      vertex 103.4 -3.8612 23.7499
      vertex 103.4 -4 23.7223
    endloop
  endfacet
  facet normal 0 -0.997859 0.0654055
    outer loop
      vertex 9.4 -0.637642 27.4257
      vertex 101.8 -0.599999 28
      vertex 9.4 -0.599999 28
    endloop
  endfacet
  facet normal 0 -0.997859 0.0654055
    outer loop
      vertex 101.8 -0.599999 28
      vertex 9.4 -0.637642 27.4257
      vertex 101.8 -0.637642 27.4257
    endloop
  endfacet
  facet normal 0 -0.997859 0.0654055
    outer loop
      vertex 103.4 -0.637642 27.4257
      vertex 105 -0.599999 28
      vertex 103.4 -0.599999 28
    endloop
  endfacet
  facet normal 0 -0.997859 0.0654055
    outer loop
      vertex 105 -0.599999 28
      vertex 103.4 -0.637642 27.4257
      vertex 105 -0.637642 27.4257
    endloop
  endfacet
  facet normal 0 -0.831502 0.555522
    outer loop
      vertex 9.4 -1.50924 25.3214
      vertex 101.8 -1.18949 25.8
      vertex 9.4 -1.18949 25.8
    endloop
  endfacet
  facet normal 0 -0.831502 0.555522
    outer loop
      vertex 101.8 -1.18949 25.8
      vertex 9.4 -1.50924 25.3214
      vertex 101.8 -1.50924 25.3214
    endloop
  endfacet
  facet normal 0 -0.831502 0.555522
    outer loop
      vertex 103.4 -1.50924 25.3214
      vertex 105 -1.18949 25.8
      vertex 103.4 -1.18949 25.8
    endloop
  endfacet
  facet normal 0 -0.831502 0.555522
    outer loop
      vertex 105 -1.18949 25.8
      vertex 103.4 -1.50924 25.3214
      vertex 105 -1.50924 25.3214
    endloop
  endfacet
  facet normal 0 -0.0653289 -0.997864
    outer loop
      vertex 9.4 -4.42568 32.3624
      vertex 100.201 -5 32.4
      vertex 9.4 -5 32.4
    endloop
  endfacet
  facet normal -2.30326e-06 -0.0656915 -0.99784
    outer loop
      vertex 100.201 -5 32.4
      vertex 9.4 -4.42568 32.3624
      vertex 100.207 -4.86633 32.3912
    endloop
  endfacet
  facet normal 0 -0.0652188 -0.997871
    outer loop
      vertex 100.207 -4.86633 32.3912
      vertex 9.4 -4.42568 32.3624
      vertex 100.232 -4.42568 32.3624
    endloop
  endfacet
  facet normal 0 -0.555502 -0.831515
    outer loop
      vertex 9.4 -2.8 31.8105
      vertex 105 -2.32145 31.4908
      vertex 105 -2.8 31.8105
    endloop
  endfacet
  facet normal -0 -0.555502 -0.831515
    outer loop
      vertex 105 -2.32145 31.4908
      vertex 9.4 -2.8 31.8105
      vertex 9.4 -2.32145 31.4908
    endloop
  endfacet
  facet normal 0 -0.831502 -0.555522
    outer loop
      vertex 9.4 -1.18949 30.2
      vertex 105 -1.50924 30.6786
      vertex 9.4 -1.50924 30.6786
    endloop
  endfacet
  facet normal 0 -0.831502 -0.555522
    outer loop
      vertex 105 -1.50924 30.6786
      vertex 9.4 -1.18949 30.2
      vertex 105 -1.18949 30.2
    endloop
  endfacet
  facet normal 0 -0.980786 -0.195087
    outer loop
      vertex 9.4 -0.637642 28.5743
      vertex 105 -0.749926 29.1388
      vertex 9.4 -0.749926 29.1388
    endloop
  endfacet
  facet normal 0 -0.980786 -0.195087
    outer loop
      vertex 105 -0.749926 29.1388
      vertex 9.4 -0.637642 28.5743
      vertex 105 -0.637642 28.5743
    endloop
  endfacet
  facet normal 0 0.831494 0.555534
    outer loop
      vertex 105 -8.49075 25.3214
      vertex 9.4 -8.81051 25.8
      vertex 105 -8.81051 25.8
    endloop
  endfacet
  facet normal 0 0.831494 0.555534
    outer loop
      vertex 9.4 -8.81051 25.8
      vertex 105 -8.49075 25.3214
      vertex 9.4 -8.49075 25.3214
    endloop
  endfacet
  facet normal 0 0.751829 -0.659358
    outer loop
      vertex 101.8 -8.49075 30.6786
      vertex 9.4 -8.11127 31.1113
      vertex 101.8 -8.11127 31.1113
    endloop
  endfacet
  facet normal 0 0.751829 -0.659358
    outer loop
      vertex 9.4 -8.11127 31.1113
      vertex 101.8 -8.49075 30.6786
      vertex 9.4 -8.49075 30.6786
    endloop
  endfacet
  facet normal 0 0.751829 -0.659358
    outer loop
      vertex 105 -8.49075 30.6786
      vertex 103.4 -8.11127 31.1113
      vertex 105 -8.11127 31.1113
    endloop
  endfacet
  facet normal 0 0.751829 -0.659358
    outer loop
      vertex 103.4 -8.11127 31.1113
      vertex 105 -8.49075 30.6786
      vertex 103.4 -8.49075 30.6786
    endloop
  endfacet
  facet normal 0 0.320066 -0.947395
    outer loop
      vertex 9.4 -6.68381 32.0651
      vertex 100.617 -6.65125 32.0761
      vertex 100.65 -6.68381 32.0651
    endloop
  endfacet
  facet normal -6.38991e-07 0.321672 -0.946851
    outer loop
      vertex 9.4 -6.68381 32.0651
      vertex 100.5 -6.48082 32.134
      vertex 100.617 -6.65125 32.0761
    endloop
  endfacet
  facet normal 6.32391e-07 0.321161 -0.947025
    outer loop
      vertex 9.4 -6.68381 32.0651
      vertex 100.391 -6.26674 32.2066
      vertex 100.5 -6.48082 32.134
    endloop
  endfacet
  facet normal -3.16908e-06 0.321904 -0.946772
    outer loop
      vertex 9.4 -6.68381 32.0651
      vertex 100.342 -6.1388 32.2501
      vertex 100.391 -6.26674 32.2066
    endloop
  endfacet
  facet normal 0 0.32143 -0.946933
    outer loop
      vertex 100.342 -6.1388 32.2501
      vertex 9.4 -6.68381 32.0651
      vertex 9.4 -6.1388 32.2501
    endloop
  endfacet
  facet normal 0 0.32143 -0.946933
    outer loop
      vertex 103.4 -6.68381 32.0651
      vertex 105 -6.1388 32.2501
      vertex 105 -6.68381 32.0651
    endloop
  endfacet
  facet normal 0 0.32143 -0.946933
    outer loop
      vertex 105 -6.1388 32.2501
      vertex 103.4 -6.68381 32.0651
      vertex 103.4 -6.1388 32.2501
    endloop
  endfacet
  facet normal 0.000355088 0.32143 -0.946933
    outer loop
      vertex 101.609 -6.26674 32.2066
      vertex 101.8 -6.1388 32.2501
      vertex 101.8 -6.68381 32.0651
    endloop
  endfacet
  facet normal 0 0.321905 -0.946772
    outer loop
      vertex 101.8 -6.1388 32.2501
      vertex 101.609 -6.26674 32.2066
      vertex 101.658 -6.1388 32.2501
    endloop
  endfacet
  facet normal -0.000142988 0.321226 -0.947003
    outer loop
      vertex 101.8 -6.68381 32.0651
      vertex 101.5 -6.48082 32.134
      vertex 101.609 -6.26674 32.2066
    endloop
  endfacet
  facet normal 0.000132702 0.321591 -0.946879
    outer loop
      vertex 101.8 -6.68381 32.0651
      vertex 101.383 -6.65125 32.0761
      vertex 101.5 -6.48082 32.134
    endloop
  endfacet
  facet normal 0 0.320066 -0.947395
    outer loop
      vertex 101.383 -6.65125 32.0761
      vertex 101.8 -6.68381 32.0651
      vertex 101.35 -6.68381 32.0651
    endloop
  endfacet
  facet normal 0 -0.32143 0.946933
    outer loop
      vertex 9.4 -3.31619 23.9349
      vertex 101.8 -3.8612 23.7499
      vertex 101.8 -3.31619 23.9349
    endloop
  endfacet
  facet normal 0 -0.32143 0.946933
    outer loop
      vertex 101.8 -3.8612 23.7499
      vertex 9.4 -3.31619 23.9349
      vertex 9.4 -3.8612 23.7499
    endloop
  endfacet
  facet normal 0 -0.32143 0.946933
    outer loop
      vertex 103.4 -3.31619 23.9349
      vertex 105 -3.8612 23.7499
      vertex 105 -3.31619 23.9349
    endloop
  endfacet
  facet normal 0 -0.32143 0.946933
    outer loop
      vertex 105 -3.8612 23.7499
      vertex 103.4 -3.31619 23.9349
      vertex 103.4 -3.8612 23.7499
    endloop
  endfacet
  facet normal 0 -0.65936 0.751827
    outer loop
      vertex 9.4 -1.88873 24.8887
      vertex 101.8 -2.32145 24.5092
      vertex 101.8 -1.88873 24.8887
    endloop
  endfacet
  facet normal 0 -0.65936 0.751827
    outer loop
      vertex 101.8 -2.32145 24.5092
      vertex 9.4 -1.88873 24.8887
      vertex 9.4 -2.32145 24.5092
    endloop
  endfacet
  facet normal 0 -0.65936 0.751827
    outer loop
      vertex 103.4 -1.88873 24.8887
      vertex 105 -2.32145 24.5092
      vertex 105 -1.88873 24.8887
    endloop
  endfacet
  facet normal 0 -0.65936 0.751827
    outer loop
      vertex 105 -2.32145 24.5092
      vertex 103.4 -1.88873 24.8887
      vertex 103.4 -2.32145 24.5092
    endloop
  endfacet
  facet normal 0 -0.751821 0.659368
    outer loop
      vertex 9.4 -1.88873 24.8887
      vertex 101.8 -1.50924 25.3214
      vertex 9.4 -1.50924 25.3214
    endloop
  endfacet
  facet normal 0 -0.751821 0.659368
    outer loop
      vertex 101.8 -1.50924 25.3214
      vertex 9.4 -1.88873 24.8887
      vertex 101.8 -1.88873 24.8887
    endloop
  endfacet
  facet normal 0 -0.751821 0.659368
    outer loop
      vertex 103.4 -1.88873 24.8887
      vertex 105 -1.50924 25.3214
      vertex 103.4 -1.50924 25.3214
    endloop
  endfacet
  facet normal 0 -0.751821 0.659368
    outer loop
      vertex 105 -1.50924 25.3214
      vertex 103.4 -1.88873 24.8887
      vertex 105 -1.88873 24.8887
    endloop
  endfacet
  facet normal 0 -0.997857 -0.0654261
    outer loop
      vertex 9.4 -0.637642 28.5743
      vertex 101.8 -0.625086 28.3828
      vertex 105 -0.637642 28.5743
    endloop
  endfacet
  facet normal 4.28043e-08 -0.997859 -0.0654055
    outer loop
      vertex 9.4 -0.599999 28
      vertex 101.8 -0.625086 28.3828
      vertex 9.4 -0.637642 28.5743
    endloop
  endfacet
  facet normal 0 -0.997859 -0.0653952
    outer loop
      vertex 101.8 -0.625086 28.3828
      vertex 9.4 -0.599999 28
      vertex 101.8 -0.599999 28
    endloop
  endfacet
  facet normal -0 -0.997857 -0.0654261
    outer loop
      vertex 103.4 -0.625086 28.3828
      vertex 105 -0.637642 28.5743
      vertex 101.8 -0.625086 28.3828
    endloop
  endfacet
  facet normal -0 -0.997859 -0.0653952
    outer loop
      vertex 105 -0.599999 28
      vertex 103.4 -0.625086 28.3828
      vertex 103.4 -0.599999 28
    endloop
  endfacet
  facet normal -2.47195e-06 -0.997859 -0.0654055
    outer loop
      vertex 103.4 -0.625086 28.3828
      vertex 105 -0.599999 28
      vertex 105 -0.637642 28.5743
    endloop
  endfacet
  facet normal 0 -0.896874 0.442286
    outer loop
      vertex 9.4 -1.18949 25.8
      vertex 101.8 -0.93493 26.3162
      vertex 9.4 -0.93493 26.3162
    endloop
  endfacet
  facet normal 0 -0.896874 0.442286
    outer loop
      vertex 101.8 -0.93493 26.3162
      vertex 9.4 -1.18949 25.8
      vertex 101.8 -1.18949 25.8
    endloop
  endfacet
  facet normal 0 -0.896874 0.442286
    outer loop
      vertex 103.4 -1.18949 25.8
      vertex 105 -0.93493 26.3162
      vertex 103.4 -0.93493 26.3162
    endloop
  endfacet
  facet normal 0 -0.896874 0.442286
    outer loop
      vertex 105 -0.93493 26.3162
      vertex 103.4 -1.18949 25.8
      vertex 105 -1.18949 25.8
    endloop
  endfacet
  facet normal 0 -0.19512 -0.980779
    outer loop
      vertex 9.4 -3.8612 32.2501
      vertex 100.232 -4.42568 32.3624
      vertex 9.4 -4.42568 32.3624
    endloop
  endfacet
  facet normal -4.30978e-07 -0.195187 -0.980766
    outer loop
      vertex 100.232 -4.42568 32.3624
      vertex 9.4 -3.8612 32.2501
      vertex 100.293 -4.07646 32.2929
    endloop
  endfacet
  facet normal 0 -0.195012 -0.980801
    outer loop
      vertex 100.293 -4.07646 32.2929
      vertex 9.4 -3.8612 32.2501
      vertex 100.342 -3.8612 32.2501
    endloop
  endfacet
  facet normal 0 -0.195029 -0.980797
    outer loop
      vertex 101.69 -4 32.2777
      vertex 105 -3.8612 32.2501
      vertex 105 -4 32.2777
    endloop
  endfacet
  facet normal -0 -0.195029 -0.980797
    outer loop
      vertex 105 -3.8612 32.2501
      vertex 101.69 -4 32.2777
      vertex 101.658 -3.8612 32.2501
    endloop
  endfacet
  facet normal 0 -0.442349 -0.896843
    outer loop
      vertex 101.35 -3.31619 32.0651
      vertex 105 -2.8 31.8105
      vertex 105 -3.31619 32.0651
    endloop
  endfacet
  facet normal 9.08601e-07 -0.442354 -0.89684
    outer loop
      vertex 101.259 -3.25334 32.0341
      vertex 105 -2.8 31.8105
      vertex 101.35 -3.31619 32.0651
    endloop
  endfacet
  facet normal -3.96755e-05 -0.442085 -0.896973
    outer loop
      vertex 101.131 -3.20159 32.0086
      vertex 105 -2.8 31.8105
      vertex 101.259 -3.25334 32.0341
    endloop
  endfacet
  facet normal 0.00012456 -0.443357 -0.896345
    outer loop
      vertex 101 -3.18424 32
      vertex 105 -2.8 31.8105
      vertex 101.131 -3.20159 32.0086
    endloop
  endfacet
  facet normal 0 -0.442349 -0.896843
    outer loop
      vertex 9.4 -2.8 31.8105
      vertex 100.65 -3.31619 32.0651
      vertex 9.4 -3.31619 32.0651
    endloop
  endfacet
  facet normal -4.34302e-08 -0.442355 -0.89684
    outer loop
      vertex 100.65 -3.31619 32.0651
      vertex 9.4 -2.8 31.8105
      vertex 100.741 -3.25334 32.0341
    endloop
  endfacet
  facet normal 2.0865e-06 -0.44201 -0.89701
    outer loop
      vertex 100.741 -3.25334 32.0341
      vertex 9.4 -2.8 31.8105
      vertex 100.869 -3.20159 32.0086
    endloop
  endfacet
  facet normal -9.0928e-06 -0.444057 -0.895998
    outer loop
      vertex 100.869 -3.20159 32.0086
      vertex 9.4 -2.8 31.8105
      vertex 101 -3.18424 32
    endloop
  endfacet
  facet normal 0 -0.442315 -0.89686
    outer loop
      vertex 101 -3.18424 32
      vertex 9.4 -2.8 31.8105
      vertex 105 -2.8 31.8105
    endloop
  endfacet
  facet normal 0 -0.946929 -0.321442
    outer loop
      vertex 9.4 -0.749926 29.1388
      vertex 105 -0.93493 29.6838
      vertex 9.4 -0.93493 29.6838
    endloop
  endfacet
  facet normal 0 -0.946929 -0.321442
    outer loop
      vertex 105 -0.93493 29.6838
      vertex 9.4 -0.749926 29.1388
      vertex 105 -0.749926 29.1388
    endloop
  endfacet
  facet normal 0 -0.751821 -0.659368
    outer loop
      vertex 9.4 -1.50924 30.6786
      vertex 105 -1.88873 31.1113
      vertex 9.4 -1.88873 31.1113
    endloop
  endfacet
  facet normal 0 -0.751821 -0.659368
    outer loop
      vertex 105 -1.88873 31.1113
      vertex 9.4 -1.50924 30.6786
      vertex 105 -1.50924 30.6786
    endloop
  endfacet
  facet normal 0 -0.65936 -0.751827
    outer loop
      vertex 9.4 -2.32145 31.4908
      vertex 105 -1.88873 31.1113
      vertex 105 -2.32145 31.4908
    endloop
  endfacet
  facet normal -0 -0.65936 -0.751827
    outer loop
      vertex 105 -1.88873 31.1113
      vertex 9.4 -2.32145 31.4908
      vertex 9.4 -1.88873 31.1113
    endloop
  endfacet
  facet normal 0 -0.0653289 0.997864
    outer loop
      vertex 9.4 -4.42568 23.6376
      vertex 100.8 -5 23.6
      vertex 100.8 -4.42568 23.6376
    endloop
  endfacet
  facet normal 0 -0.0653289 0.997864
    outer loop
      vertex 100.8 -5 23.6
      vertex 9.4 -4.42568 23.6376
      vertex 9.4 -5 23.6
    endloop
  endfacet
  facet normal -0 0.0653289 0.997864
    outer loop
      vertex 9.4 -5 23.6
      vertex 100.8 -5.57432 23.6376
      vertex 100.8 -5 23.6
    endloop
  endfacet
  facet normal 0 0.0653289 0.997864
    outer loop
      vertex 100.8 -5.57432 23.6376
      vertex 9.4 -5 23.6
      vertex 9.4 -5.57432 23.6376
    endloop
  endfacet
  facet normal 0 0.19515 0.980773
    outer loop
      vertex 100.8 -5.57432 23.6376
      vertex 9.4 -5.57432 23.6376
      vertex 100.8 -6 23.7223
    endloop
  endfacet
  facet normal -0 0.195029 0.980797
    outer loop
      vertex 100.8 -6 23.7223
      vertex 105 -6.1388 23.7499
      vertex 105 -6 23.7223
    endloop
  endfacet
  facet normal -1.44322e-07 0.19512 0.980779
    outer loop
      vertex 9.4 -6.1388 23.7499
      vertex 100.8 -6 23.7223
      vertex 9.4 -5.57432 23.6376
    endloop
  endfacet
  facet normal 0 0.195029 0.980797
    outer loop
      vertex 100.8 -6 23.7223
      vertex 9.4 -6.1388 23.7499
      vertex 105 -6.1388 23.7499
    endloop
  endfacet
  facet normal 0 0.0652188 -0.997871
    outer loop
      vertex 9.4 -5.57432 32.3624
      vertex 100.207 -5.13367 32.3912
      vertex 100.232 -5.57432 32.3624
    endloop
  endfacet
  facet normal -2.30326e-06 0.0656915 -0.99784
    outer loop
      vertex 9.4 -5.57432 32.3624
      vertex 100.201 -5 32.4
      vertex 100.207 -5.13367 32.3912
    endloop
  endfacet
  facet normal 0 0.0653289 -0.997864
    outer loop
      vertex 100.201 -5 32.4
      vertex 9.4 -5.57432 32.3624
      vertex 9.4 -5 32.4
    endloop
  endfacet
  facet normal 0 0.980784 0.195097
    outer loop
      vertex 105 -9.25007 26.8612
      vertex 9.4 -9.36236 27.4257
      vertex 105 -9.36236 27.4257
    endloop
  endfacet
  facet normal 0 0.980784 0.195097
    outer loop
      vertex 9.4 -9.36236 27.4257
      vertex 105 -9.25007 26.8612
      vertex 9.4 -9.25007 26.8612
    endloop
  endfacet
  facet normal 0 -0.442349 0.896843
    outer loop
      vertex 9.4 -2.8 24.1895
      vertex 101.8 -3.31619 23.9349
      vertex 101.8 -2.8 24.1895
    endloop
  endfacet
  facet normal 0 -0.442349 0.896843
    outer loop
      vertex 101.8 -3.31619 23.9349
      vertex 9.4 -2.8 24.1895
      vertex 9.4 -3.31619 23.9349
    endloop
  endfacet
  facet normal 0 -0.442349 0.896843
    outer loop
      vertex 103.4 -2.8 24.1895
      vertex 105 -3.31619 23.9349
      vertex 105 -2.8 24.1895
    endloop
  endfacet
  facet normal 0 -0.442349 0.896843
    outer loop
      vertex 105 -3.31619 23.9349
      vertex 103.4 -2.8 24.1895
      vertex 103.4 -3.31619 23.9349
    endloop
  endfacet
  facet normal 0 -0.946929 0.321442
    outer loop
      vertex 9.4 -0.93493 26.3162
      vertex 101.8 -0.749926 26.8612
      vertex 9.4 -0.749926 26.8612
    endloop
  endfacet
  facet normal 0 -0.946929 0.321442
    outer loop
      vertex 101.8 -0.749926 26.8612
      vertex 9.4 -0.93493 26.3162
      vertex 101.8 -0.93493 26.3162
    endloop
  endfacet
  facet normal 0 -0.946929 0.321442
    outer loop
      vertex 103.4 -0.93493 26.3162
      vertex 105 -0.749926 26.8612
      vertex 103.4 -0.749926 26.8612
    endloop
  endfacet
  facet normal 0 -0.946929 0.321442
    outer loop
      vertex 105 -0.749926 26.8612
      vertex 103.4 -0.93493 26.3162
      vertex 105 -0.93493 26.3162
    endloop
  endfacet
  facet normal -0 0.555502 0.831515
    outer loop
      vertex 9.4 -7.2 24.1895
      vertex 105 -7.67855 24.5092
      vertex 105 -7.2 24.1895
    endloop
  endfacet
  facet normal 0 0.555502 0.831515
    outer loop
      vertex 105 -7.67855 24.5092
      vertex 9.4 -7.2 24.1895
      vertex 9.4 -7.67855 24.5092
    endloop
  endfacet
  facet normal -0 0.442349 0.896843
    outer loop
      vertex 9.4 -6.68381 23.9349
      vertex 105 -7.2 24.1895
      vertex 105 -6.68381 23.9349
    endloop
  endfacet
  facet normal 0 0.442349 0.896843
    outer loop
      vertex 105 -7.2 24.1895
      vertex 9.4 -6.68381 23.9349
      vertex 9.4 -7.2 24.1895
    endloop
  endfacet
  facet normal 0 0.980784 -0.195097
    outer loop
      vertex 101.8 -9.36236 28.5743
      vertex 9.4 -9.25007 29.1388
      vertex 101.8 -9.25007 29.1388
    endloop
  endfacet
  facet normal 0 0.980784 -0.195097
    outer loop
      vertex 9.4 -9.25007 29.1388
      vertex 101.8 -9.36236 28.5743
      vertex 9.4 -9.36236 28.5743
    endloop
  endfacet
  facet normal 0 0.980784 -0.195097
    outer loop
      vertex 105 -9.36236 28.5743
      vertex 103.4 -9.25007 29.1388
      vertex 105 -9.25007 29.1388
    endloop
  endfacet
  facet normal 0 0.980784 -0.195097
    outer loop
      vertex 103.4 -9.25007 29.1388
      vertex 105 -9.36236 28.5743
      vertex 103.4 -9.36236 28.5743
    endloop
  endfacet
  facet normal 1 0 0
    outer loop
      vertex 9.4 -0.637642 28.5743
      vertex 9.4 -0.637642 27.4257
      vertex 9.4 -0.599999 28
    endloop
  endfacet
  facet normal 1 0 0
    outer loop
      vertex 9.4 -0.749926 29.1388
      vertex 9.4 -0.637642 27.4257
      vertex 9.4 -0.637642 28.5743
    endloop
  endfacet
  facet normal 1 0 0
    outer loop
      vertex 9.4 -0.749926 29.1388
      vertex 9.4 -0.749926 26.8612
      vertex 9.4 -0.637642 27.4257
    endloop
  endfacet
  facet normal 1 0 0
    outer loop
      vertex 9.4 -0.93493 29.6838
      vertex 9.4 -0.749926 26.8612
      vertex 9.4 -0.749926 29.1388
    endloop
  endfacet
  facet normal 1 0 0
    outer loop
      vertex 9.4 -0.93493 29.6838
      vertex 9.4 -0.93493 26.3162
      vertex 9.4 -0.749926 26.8612
    endloop
  endfacet
  facet normal 1 0 0
    outer loop
      vertex 9.4 -1.18949 30.2
      vertex 9.4 -0.93493 26.3162
      vertex 9.4 -0.93493 29.6838
    endloop
  endfacet
  facet normal 1 0 0
    outer loop
      vertex 9.4 -1.18949 30.2
      vertex 9.4 -1.18949 25.8
      vertex 9.4 -0.93493 26.3162
    endloop
  endfacet
  facet normal 1 0 0
    outer loop
      vertex 9.4 -1.50924 30.6786
      vertex 9.4 -1.18949 25.8
      vertex 9.4 -1.18949 30.2
    endloop
  endfacet
  facet normal 1 0 0
    outer loop
      vertex 9.4 -1.50924 30.6786
      vertex 9.4 -1.50924 25.3214
      vertex 9.4 -1.18949 25.8
    endloop
  endfacet
  facet normal 1 0 0
    outer loop
      vertex 9.4 -1.88873 31.1113
      vertex 9.4 -1.50924 25.3214
      vertex 9.4 -1.50924 30.6786
    endloop
  endfacet
  facet normal 1 0 0
    outer loop
      vertex 9.4 -1.88873 31.1113
      vertex 9.4 -1.88873 24.8887
      vertex 9.4 -1.50924 25.3214
    endloop
  endfacet
  facet normal 1 0 0
    outer loop
      vertex 9.4 -2.32145 31.4908
      vertex 9.4 -1.88873 24.8887
      vertex 9.4 -1.88873 31.1113
    endloop
  endfacet
  facet normal 1 0 0
    outer loop
      vertex 9.4 -2.32145 31.4908
      vertex 9.4 -2.32145 24.5092
      vertex 9.4 -1.88873 24.8887
    endloop
  endfacet
  facet normal 1 0 0
    outer loop
      vertex 9.4 -2.8 31.8105
      vertex 9.4 -2.32145 24.5092
      vertex 9.4 -2.32145 31.4908
    endloop
  endfacet
  facet normal 1 0 0
    outer loop
      vertex 9.4 -2.8 31.8105
      vertex 9.4 -2.8 24.1895
      vertex 9.4 -2.32145 24.5092
    endloop
  endfacet
  facet normal 1 0 0
    outer loop
      vertex 9.4 -3.31619 32.0651
      vertex 9.4 -2.8 24.1895
      vertex 9.4 -2.8 31.8105
    endloop
  endfacet
  facet normal 1 0 0
    outer loop
      vertex 9.4 -3.31619 32.0651
      vertex 9.4 -3.31619 23.9349
      vertex 9.4 -2.8 24.1895
    endloop
  endfacet
  facet normal 1 0 0
    outer loop
      vertex 9.4 -3.8612 32.2501
      vertex 9.4 -3.31619 23.9349
      vertex 9.4 -3.31619 32.0651
    endloop
  endfacet
  facet normal 1 0 0
    outer loop
      vertex 9.4 -3.8612 32.2501
      vertex 9.4 -3.8612 23.7499
      vertex 9.4 -3.31619 23.9349
    endloop
  endfacet
  facet normal 1 0 0
    outer loop
      vertex 9.4 -4.42568 32.3624
      vertex 9.4 -3.8612 23.7499
      vertex 9.4 -3.8612 32.2501
    endloop
  endfacet
  facet normal 1 0 0
    outer loop
      vertex 9.4 -4.42568 32.3624
      vertex 9.4 -4.42568 23.6376
      vertex 9.4 -3.8612 23.7499
    endloop
  endfacet
  facet normal 1 0 0
    outer loop
      vertex 9.4 -5 32.4
      vertex 9.4 -4.42568 23.6376
      vertex 9.4 -4.42568 32.3624
    endloop
  endfacet
  facet normal 1 0 0
    outer loop
      vertex 9.4 -5 32.4
      vertex 9.4 -5 23.6
      vertex 9.4 -4.42568 23.6376
    endloop
  endfacet
  facet normal 1 -0 0
    outer loop
      vertex 9.4 -5.57432 32.3624
      vertex 9.4 -5 23.6
      vertex 9.4 -5 32.4
    endloop
  endfacet
  facet normal 1 0 0
    outer loop
      vertex 9.4 -5.57432 32.3624
      vertex 9.4 -5.57432 23.6376
      vertex 9.4 -5 23.6
    endloop
  endfacet
  facet normal 1 -0 0
    outer loop
      vertex 9.4 -6.1388 32.2501
      vertex 9.4 -5.57432 23.6376
      vertex 9.4 -5.57432 32.3624
    endloop
  endfacet
  facet normal 1 0 0
    outer loop
      vertex 9.4 -6.1388 32.2501
      vertex 9.4 -6.1388 23.7499
      vertex 9.4 -5.57432 23.6376
    endloop
  endfacet
  facet normal 1 -0 0
    outer loop
      vertex 9.4 -6.68381 32.0651
      vertex 9.4 -6.1388 23.7499
      vertex 9.4 -6.1388 32.2501
    endloop
  endfacet
  facet normal 1 0 0
    outer loop
      vertex 9.4 -6.68381 32.0651
      vertex 9.4 -6.68381 23.9349
      vertex 9.4 -6.1388 23.7499
    endloop
  endfacet
  facet normal 1 -0 0
    outer loop
      vertex 9.4 -7.2 31.8105
      vertex 9.4 -6.68381 23.9349
      vertex 9.4 -6.68381 32.0651
    endloop
  endfacet
  facet normal 1 0 0
    outer loop
      vertex 9.4 -7.2 31.8105
      vertex 9.4 -7.2 24.1895
      vertex 9.4 -6.68381 23.9349
    endloop
  endfacet
  facet normal 1 -0 0
    outer loop
      vertex 9.4 -7.67855 31.4908
      vertex 9.4 -7.2 24.1895
      vertex 9.4 -7.2 31.8105
    endloop
  endfacet
  facet normal 1 0 0
    outer loop
      vertex 9.4 -7.67855 31.4908
      vertex 9.4 -7.67855 24.5092
      vertex 9.4 -7.2 24.1895
    endloop
  endfacet
  facet normal 1 -0 0
    outer loop
      vertex 9.4 -8.11127 31.1113
      vertex 9.4 -7.67855 24.5092
      vertex 9.4 -7.67855 31.4908
    endloop
  endfacet
  facet normal 1 0 0
    outer loop
      vertex 9.4 -8.11127 31.1113
      vertex 9.4 -8.11127 24.8887
      vertex 9.4 -7.67855 24.5092
    endloop
  endfacet
  facet normal 1 -0 0
    outer loop
      vertex 9.4 -8.49075 30.6786
      vertex 9.4 -8.11127 24.8887
      vertex 9.4 -8.11127 31.1113
    endloop
  endfacet
  facet normal 1 0 0
    outer loop
      vertex 9.4 -8.49075 30.6786
      vertex 9.4 -8.49075 25.3214
      vertex 9.4 -8.11127 24.8887
    endloop
  endfacet
  facet normal 1 -0 0
    outer loop
      vertex 9.4 -8.81051 30.2
      vertex 9.4 -8.49075 25.3214
      vertex 9.4 -8.49075 30.6786
    endloop
  endfacet
  facet normal 1 0 0
    outer loop
      vertex 9.4 -8.81051 30.2
      vertex 9.4 -8.81051 25.8
      vertex 9.4 -8.49075 25.3214
    endloop
  endfacet
  facet normal 1 -0 0
    outer loop
      vertex 9.4 -9.06507 29.6838
      vertex 9.4 -8.81051 25.8
      vertex 9.4 -8.81051 30.2
    endloop
  endfacet
  facet normal 1 0 0
    outer loop
      vertex 9.4 -9.06507 29.6838
      vertex 9.4 -9.06507 26.3162
      vertex 9.4 -8.81051 25.8
    endloop
  endfacet
  facet normal 1 -0 0
    outer loop
      vertex 9.4 -9.25007 29.1388
      vertex 9.4 -9.06507 26.3162
      vertex 9.4 -9.06507 29.6838
    endloop
  endfacet
  facet normal 1 0 0
    outer loop
      vertex 9.4 -9.25007 29.1388
      vertex 9.4 -9.25007 26.8612
      vertex 9.4 -9.06507 26.3162
    endloop
  endfacet
  facet normal 1 -0 0
    outer loop
      vertex 9.4 -9.36236 28.5743
      vertex 9.4 -9.25007 26.8612
      vertex 9.4 -9.25007 29.1388
    endloop
  endfacet
  facet normal 1 0 0
    outer loop
      vertex 9.4 -9.36236 28.5743
      vertex 9.4 -9.36236 27.4257
      vertex 9.4 -9.25007 26.8612
    endloop
  endfacet
  facet normal 1 0 -0
    outer loop
      vertex 9.4 -9.36236 27.4257
      vertex 9.4 -9.36236 28.5743
      vertex 9.4 -9.4 28
    endloop
  endfacet
  facet normal 0 0.555502 -0.831515
    outer loop
      vertex 9.4 -7.67855 31.4908
      vertex 101.8 -7.2 31.8105
      vertex 101.8 -7.67855 31.4908
    endloop
  endfacet
  facet normal 0 0.555502 -0.831515
    outer loop
      vertex 101.8 -7.2 31.8105
      vertex 9.4 -7.67855 31.4908
      vertex 9.4 -7.2 31.8105
    endloop
  endfacet
  facet normal 0 0.555502 -0.831515
    outer loop
      vertex 103.4 -7.67855 31.4908
      vertex 105 -7.2 31.8105
      vertex 105 -7.67855 31.4908
    endloop
  endfacet
  facet normal 0 0.555502 -0.831515
    outer loop
      vertex 105 -7.2 31.8105
      vertex 103.4 -7.67855 31.4908
      vertex 103.4 -7.2 31.8105
    endloop
  endfacet
  facet normal 0 0.442349 -0.896843
    outer loop
      vertex 101.8 -7.2 31.8105
      vertex 101.35 -6.68381 32.0651
      vertex 101.8 -6.68381 32.0651
    endloop
  endfacet
  facet normal 3.33683e-06 0.442351 -0.896842
    outer loop
      vertex 101.8 -7.2 31.8105
      vertex 101.259 -6.74666 32.0341
      vertex 101.35 -6.68381 32.0651
    endloop
  endfacet
  facet normal -0.000116043 0.442237 -0.896898
    outer loop
      vertex 101.8 -7.2 31.8105
      vertex 101.131 -6.79841 32.0086
      vertex 101.259 -6.74666 32.0341
    endloop
  endfacet
  facet normal 0.000260021 0.442741 -0.89665
    outer loop
      vertex 101.8 -7.2 31.8105
      vertex 101 -6.81575 32
      vertex 101.131 -6.79841 32.0086
    endloop
  endfacet
  facet normal -0.000458159 0.441538 -0.897242
    outer loop
      vertex 101.8 -7.2 31.8105
      vertex 100.869 -6.79841 32.0086
      vertex 101 -6.81575 32
    endloop
  endfacet
  facet normal 0.0030859 0.448135 -0.893961
    outer loop
      vertex 101.8 -7.2 31.8105
      vertex 100.741 -6.74666 32.0341
      vertex 100.869 -6.79841 32.0086
    endloop
  endfacet
  facet normal 0 0.442348 -0.896843
    outer loop
      vertex 9.4 -7.2 31.8105
      vertex 100.741 -6.74666 32.0341
      vertex 101.8 -7.2 31.8105
    endloop
  endfacet
  facet normal -4.34302e-08 0.442355 -0.89684
    outer loop
      vertex 9.4 -7.2 31.8105
      vertex 100.65 -6.68381 32.0651
      vertex 100.741 -6.74666 32.0341
    endloop
  endfacet
  facet normal 0 0.442349 -0.896843
    outer loop
      vertex 100.65 -6.68381 32.0651
      vertex 9.4 -7.2 31.8105
      vertex 9.4 -6.68381 32.0651
    endloop
  endfacet
  facet normal 0 0.442349 -0.896843
    outer loop
      vertex 103.4 -7.2 31.8105
      vertex 105 -6.68381 32.0651
      vertex 105 -7.2 31.8105
    endloop
  endfacet
  facet normal 0 0.442349 -0.896843
    outer loop
      vertex 105 -6.68381 32.0651
      vertex 103.4 -7.2 31.8105
      vertex 103.4 -6.68381 32.0651
    endloop
  endfacet
  facet normal 0 0.65936 -0.751827
    outer loop
      vertex 9.4 -8.11127 31.1113
      vertex 101.8 -7.67855 31.4908
      vertex 101.8 -8.11127 31.1113
    endloop
  endfacet
  facet normal 0 0.65936 -0.751827
    outer loop
      vertex 101.8 -7.67855 31.4908
      vertex 9.4 -8.11127 31.1113
      vertex 9.4 -7.67855 31.4908
    endloop
  endfacet
  facet normal 0 0.65936 -0.751827
    outer loop
      vertex 103.4 -8.11127 31.1113
      vertex 105 -7.67855 31.4908
      vertex 105 -8.11127 31.1113
    endloop
  endfacet
  facet normal 0 0.65936 -0.751827
    outer loop
      vertex 105 -7.67855 31.4908
      vertex 103.4 -8.11127 31.1113
      vertex 103.4 -7.67855 31.4908
    endloop
  endfacet
  facet normal 0 0.896874 0.442286
    outer loop
      vertex 105 -8.81051 25.8
      vertex 9.4 -9.06507 26.3162
      vertex 105 -9.06507 26.3162
    endloop
  endfacet
  facet normal 0 0.896874 0.442286
    outer loop
      vertex 9.4 -9.06507 26.3162
      vertex 105 -8.81051 25.8
      vertex 9.4 -8.81051 25.8
    endloop
  endfacet
  facet normal 0 0.946931 0.321435
    outer loop
      vertex 105 -9.06507 26.3162
      vertex 9.4 -9.25007 26.8612
      vertex 105 -9.25007 26.8612
    endloop
  endfacet
  facet normal 0 0.946931 0.321435
    outer loop
      vertex 9.4 -9.25007 26.8612
      vertex 105 -9.06507 26.3162
      vertex 9.4 -9.06507 26.3162
    endloop
  endfacet
  facet normal 0 0.751829 0.659358
    outer loop
      vertex 105 -8.11127 24.8887
      vertex 9.4 -8.49075 25.3214
      vertex 105 -8.49075 25.3214
    endloop
  endfacet
  facet normal 0 0.751829 0.659358
    outer loop
      vertex 9.4 -8.49075 25.3214
      vertex 105 -8.11127 24.8887
      vertex 9.4 -8.11127 24.8887
    endloop
  endfacet
  facet normal -0 0.32143 0.946933
    outer loop
      vertex 9.4 -6.1388 23.7499
      vertex 105 -6.68381 23.9349
      vertex 105 -6.1388 23.7499
    endloop
  endfacet
  facet normal 0 0.32143 0.946933
    outer loop
      vertex 105 -6.68381 23.9349
      vertex 9.4 -6.1388 23.7499
      vertex 9.4 -6.68381 23.9349
    endloop
  endfacet
  facet normal 0 0.946931 -0.321435
    outer loop
      vertex 101.8 -9.25007 29.1388
      vertex 9.4 -9.06507 29.6838
      vertex 101.8 -9.06507 29.6838
    endloop
  endfacet
  facet normal 0 0.946931 -0.321435
    outer loop
      vertex 9.4 -9.06507 29.6838
      vertex 101.8 -9.25007 29.1388
      vertex 9.4 -9.25007 29.1388
    endloop
  endfacet
  facet normal 0 0.946931 -0.321435
    outer loop
      vertex 105 -9.25007 29.1388
      vertex 103.4 -9.06507 29.6838
      vertex 105 -9.06507 29.6838
    endloop
  endfacet
  facet normal 0 0.946931 -0.321435
    outer loop
      vertex 103.4 -9.06507 29.6838
      vertex 105 -9.25007 29.1388
      vertex 103.4 -9.25007 29.1388
    endloop
  endfacet
  facet normal 0 0.831494 -0.555534
    outer loop
      vertex 101.8 -8.81051 30.2
      vertex 9.4 -8.49075 30.6786
      vertex 101.8 -8.49075 30.6786
    endloop
  endfacet
  facet normal 0 0.831494 -0.555534
    outer loop
      vertex 9.4 -8.49075 30.6786
      vertex 101.8 -8.81051 30.2
      vertex 9.4 -8.81051 30.2
    endloop
  endfacet
  facet normal 0 0.831494 -0.555534
    outer loop
      vertex 105 -8.81051 30.2
      vertex 103.4 -8.49075 30.6786
      vertex 105 -8.49075 30.6786
    endloop
  endfacet
  facet normal 0 0.831494 -0.555534
    outer loop
      vertex 103.4 -8.49075 30.6786
      vertex 105 -8.81051 30.2
      vertex 103.4 -8.81051 30.2
    endloop
  endfacet
  facet normal 0 0.997859 0.065403
    outer loop
      vertex 105 -9.4 28
      vertex 103.4 -9.37491 27.6172
      vertex 103.4 -9.4 28
    endloop
  endfacet
  facet normal 0 0.997859 0.065395
    outer loop
      vertex 103.4 -9.37491 27.6172
      vertex 105 -9.36236 27.4257
      vertex 101.8 -9.37491 27.6172
    endloop
  endfacet
  facet normal 6.46141e-07 0.997859 0.0654003
    outer loop
      vertex 105 -9.36236 27.4257
      vertex 103.4 -9.37491 27.6172
      vertex 105 -9.4 28
    endloop
  endfacet
  facet normal 0 0.997859 0.065403
    outer loop
      vertex 101.8 -9.37491 27.6172
      vertex 9.4 -9.4 28
      vertex 101.8 -9.4 28
    endloop
  endfacet
  facet normal -0 0.997859 0.065395
    outer loop
      vertex 9.4 -9.36236 27.4257
      vertex 101.8 -9.37491 27.6172
      vertex 105 -9.36236 27.4257
    endloop
  endfacet
  facet normal -1.11886e-08 0.997859 0.0654003
    outer loop
      vertex 101.8 -9.37491 27.6172
      vertex 9.4 -9.36236 27.4257
      vertex 9.4 -9.4 28
    endloop
  endfacet
  facet normal 0 0.997859 -0.0654003
    outer loop
      vertex 101.8 -9.4 28
      vertex 9.4 -9.36236 28.5743
      vertex 101.8 -9.36236 28.5743
    endloop
  endfacet
  facet normal 0 0.997859 -0.0654003
    outer loop
      vertex 9.4 -9.36236 28.5743
      vertex 101.8 -9.4 28
      vertex 9.4 -9.4 28
    endloop
  endfacet
  facet normal 0 0.997859 -0.0654003
    outer loop
      vertex 105 -9.4 28
      vertex 103.4 -9.36236 28.5743
      vertex 105 -9.36236 28.5743
    endloop
  endfacet
  facet normal 0 0.997859 -0.0654003
    outer loop
      vertex 103.4 -9.36236 28.5743
      vertex 105 -9.4 28
      vertex 103.4 -9.4 28
    endloop
  endfacet
  facet normal 0 0.195012 -0.980801
    outer loop
      vertex 9.4 -6.1388 32.2501
      vertex 100.293 -5.92354 32.2929
      vertex 100.342 -6.1388 32.2501
    endloop
  endfacet
  facet normal -4.30978e-07 0.195187 -0.980766
    outer loop
      vertex 9.4 -6.1388 32.2501
      vertex 100.232 -5.57432 32.3624
      vertex 100.293 -5.92354 32.2929
    endloop
  endfacet
  facet normal 0 0.19512 -0.980779
    outer loop
      vertex 100.232 -5.57432 32.3624
      vertex 9.4 -6.1388 32.2501
      vertex 9.4 -5.57432 32.3624
    endloop
  endfacet
  facet normal 0 0.195029 -0.980797
    outer loop
      vertex 103.4 -6.1388 32.2501
      vertex 105 -6 32.2777
      vertex 105 -6.1388 32.2501
    endloop
  endfacet
  facet normal 0 0.195029 -0.980797
    outer loop
      vertex 105 -6 32.2777
      vertex 103.4 -6.1388 32.2501
      vertex 103.4 -6 32.2777
    endloop
  endfacet
  facet normal 0 0.195029 -0.980797
    outer loop
      vertex 101.8 -6.1388 32.2501
      vertex 101.69 -6 32.2777
      vertex 101.8 -6 32.2777
    endloop
  endfacet
  facet normal 0 0.195029 -0.980797
    outer loop
      vertex 101.69 -6 32.2777
      vertex 101.8 -6.1388 32.2501
      vertex 101.658 -6.1388 32.2501
    endloop
  endfacet
  facet normal -0 0.65936 0.751827
    outer loop
      vertex 9.4 -7.67855 24.5092
      vertex 105 -8.11127 24.8887
      vertex 105 -7.67855 24.5092
    endloop
  endfacet
  facet normal 0 0.65936 0.751827
    outer loop
      vertex 105 -8.11127 24.8887
      vertex 9.4 -7.67855 24.5092
      vertex 9.4 -8.11127 24.8887
    endloop
  endfacet
  facet normal 0 0.896874 -0.442286
    outer loop
      vertex 101.8 -9.06507 29.6838
      vertex 9.4 -8.81051 30.2
      vertex 101.8 -8.81051 30.2
    endloop
  endfacet
  facet normal 0 0.896874 -0.442286
    outer loop
      vertex 9.4 -8.81051 30.2
      vertex 101.8 -9.06507 29.6838
      vertex 9.4 -9.06507 29.6838
    endloop
  endfacet
  facet normal 0 0.896874 -0.442286
    outer loop
      vertex 105 -9.06507 29.6838
      vertex 103.4 -8.81051 30.2
      vertex 105 -8.81051 30.2
    endloop
  endfacet
  facet normal 0 0.896874 -0.442286
    outer loop
      vertex 103.4 -8.81051 30.2
      vertex 105 -9.06507 29.6838
      vertex 103.4 -9.06507 29.6838
    endloop
  endfacet
  facet normal -0.99763 0 -0.0688021
    outer loop
      vertex 102 -4 33
      vertex 101.991 -2 33.1305
      vertex 102 -2 33
    endloop
  endfacet
  facet normal -0.99763 -0 -0.0688021
    outer loop
      vertex 101.991 -2 33.1305
      vertex 102 -4 33
      vertex 101.991 -4 33.1305
    endloop
  endfacet
  facet normal -0.99763 0 -0.0688021
    outer loop
      vertex 102 -6.86824 33
      vertex 101.991 -8.81666 33.1305
      vertex 101.991 -6.50552 33.1305
    endloop
  endfacet
  facet normal -0.99763 0 -0.0688021
    outer loop
      vertex 102 -8.9844 33
      vertex 101.991 -8.81666 33.1305
      vertex 102 -6.86824 33
    endloop
  endfacet
  facet normal -0.999094 -0.0305267 -0.0296651
    outer loop
      vertex 101.991 -8.81666 33.1305
      vertex 102 -8.9844 33
      vertex 101.995 -8.89607 33.0775
    endloop
  endfacet
  facet normal -0.98154 0 -0.191259
    outer loop
      vertex 101.991 -4 33.1305
      vertex 101.966 -2 33.2588
      vertex 101.991 -2 33.1305
    endloop
  endfacet
  facet normal -0.98154 -0 -0.191259
    outer loop
      vertex 101.966 -2 33.2588
      vertex 101.991 -4 33.1305
      vertex 101.966 -4 33.2588
    endloop
  endfacet
  facet normal -0.98083 0.00045217 -0.194867
    outer loop
      vertex 101.988 -6.45969 33.147
      vertex 101.966 -6 33.2588
      vertex 101.969 -6 33.2437
    endloop
  endfacet
  facet normal -0.981184 0 -0.193077
    outer loop
      vertex 101.988 -6.45969 33.147
      vertex 101.966 -8.62465 33.2588
      vertex 101.966 -6 33.2588
    endloop
  endfacet
  facet normal -0.983543 0.000664595 -0.180672
    outer loop
      vertex 101.991 -6.50552 33.1305
      vertex 101.966 -8.62465 33.2588
      vertex 101.988 -6.45969 33.147
    endloop
  endfacet
  facet normal -0.98154 0 -0.191259
    outer loop
      vertex 101.966 -8.62465 33.2588
      vertex 101.991 -6.50552 33.1305
      vertex 101.991 -8.81666 33.1305
    endloop
  endfacet
  facet normal 0.0655078 0 -0.997852
    outer loop
      vertex 100.869 -7.21758 33.9914
      vertex 101 -2.80762 34
      vertex 101 -7.19237 34
    endloop
  endfacet
  facet normal 0.0655078 0 -0.997852
    outer loop
      vertex 101 -2.80762 34
      vertex 100.869 -7.21758 33.9914
      vertex 100.869 -2.78242 33.9914
    endloop
  endfacet
  facet normal -0.660887 0 -0.750486
    outer loop
      vertex 101.609 -7.69145 33.7934
      vertex 101.707 -2.13366 33.7071
      vertex 101.707 -7.86634 33.7071
    endloop
  endfacet
  facet normal -0.660887 0 -0.750486
    outer loop
      vertex 101.707 -2.13366 33.7071
      vertex 101.609 -7.69145 33.7934
      vertex 101.609 -2.30855 33.7934
    endloop
  endfacet
  facet normal 0.7566 0.00594017 -0.653851
    outer loop
      vertex 100.293 -2.13366 33.7071
      vertex 100.207 -2 33.6088
      vertex 100.235 -2 33.6412
    endloop
  endfacet
  facet normal 0.752624 0 -0.65845
    outer loop
      vertex 100.293 -7.86634 33.7071
      vertex 100.207 -2 33.6088
      vertex 100.293 -2.13366 33.7071
    endloop
  endfacet
  facet normal 0.752624 0 -0.65845
    outer loop
      vertex 100.207 -2 33.6088
      vertex 100.293 -7.86634 33.7071
      vertex 100.207 -8.06576 33.6088
    endloop
  endfacet
  facet normal 0.423666 0.022453 -0.90554
    outer loop
      vertex 100.5 -7.54408 33.866
      vertex 100.617 -7.41662 33.9239
      vertex 100.595 -7.44917 33.9128
    endloop
  endfacet
  facet normal 0.443533 0 -0.896258
    outer loop
      vertex 100.617 -7.41662 33.9239
      vertex 100.5 -7.54408 33.866
      vertex 100.617 -2.58338 33.9239
    endloop
  endfacet
  facet normal 0.443533 0 -0.896258
    outer loop
      vertex 100.5 -2.45592 33.866
      vertex 100.617 -2.58338 33.9239
      vertex 100.5 -7.54408 33.866
    endloop
  endfacet
  facet normal 0.423666 -0.022453 -0.90554
    outer loop
      vertex 100.617 -2.58338 33.9239
      vertex 100.5 -2.45592 33.866
      vertex 100.595 -2.55083 33.9128
    endloop
  endfacet
  facet normal -0.195379 0 0.980728
    outer loop
      vertex 101.131 -3.20159 32.0086
      vertex 101.259 -2 32.0341
      vertex 101.131 -2 32.0086
    endloop
  endfacet
  facet normal -0.195379 0 0.980728
    outer loop
      vertex 101.259 -2 32.0341
      vertex 101.131 -3.20159 32.0086
      vertex 101.259 -3.25334 32.0341
    endloop
  endfacet
  facet normal -0.195379 0 0.980728
    outer loop
      vertex 101.131 -6.79841 32.0086
      vertex 101.259 -9.95644 32.0341
      vertex 101.259 -6.74666 32.0341
    endloop
  endfacet
  facet normal -0.195379 0 0.980728
    outer loop
      vertex 101.259 -9.95644 32.0341
      vertex 101.131 -6.79841 32.0086
      vertex 101.131 -9.97882 32.0086
    endloop
  endfacet
  facet normal -0.830403 0 0.557164
    outer loop
      vertex 101.793 -4 32.3912
      vertex 101.866 -2 32.5
      vertex 101.793 -2 32.3912
    endloop
  endfacet
  facet normal -0.830403 0 0.557164
    outer loop
      vertex 101.866 -2 32.5
      vertex 101.793 -4 32.3912
      vertex 101.866 -4 32.5
    endloop
  endfacet
  facet normal -0.819232 0 0.573462
    outer loop
      vertex 101.793 -6 32.3912
      vertex 101.8 -8.02114 32.4012
      vertex 101.8 -6 32.4012
    endloop
  endfacet
  facet normal -0.830463 0.000149507 0.557073
    outer loop
      vertex 101.8 -8.02114 32.4012
      vertex 101.793 -9.64321 32.3912
      vertex 101.866 -9.54783 32.5
    endloop
  endfacet
  facet normal -0.819232 0 0.573462
    outer loop
      vertex 101.793 -9.64321 32.3912
      vertex 101.8 -8.02114 32.4012
      vertex 101.793 -6 32.3912
    endloop
  endfacet
  facet normal -0.831532 0 0.555477
    outer loop
      vertex 101.866 -7.88325 32.5
      vertex 101.8 -8.02114 32.4012
      vertex 101.866 -9.54783 32.5
    endloop
  endfacet
  facet normal -0.887132 -0.00118475 -0.461514
    outer loop
      vertex 101.924 -6 33.3827
      vertex 101.866 -8.2637 33.5
      vertex 101.915 -6 33.4
    endloop
  endfacet
  facet normal -0.896405 0 -0.443235
    outer loop
      vertex 101.866 -8.2637 33.5
      vertex 101.924 -6 33.3827
      vertex 101.924 -8.43928 33.3827
    endloop
  endfacet
  facet normal -0.887133 0 -0.461514
    outer loop
      vertex 101.915 -4 33.4
      vertex 101.924 -2 33.3827
      vertex 101.924 -4 33.3827
    endloop
  endfacet
  facet normal -0.896405 0.000199838 -0.443235
    outer loop
      vertex 101.924 -2 33.3827
      vertex 101.915 -4 33.4
      vertex 101.866 -2 33.5
    endloop
  endfacet
  facet normal -0.89799 0 -0.440015
    outer loop
      vertex 101.915 -6 33.4
      vertex 101.866 -2 33.5
      vertex 101.915 -4 33.4
    endloop
  endfacet
  facet normal -0.89799 -0 -0.440015
    outer loop
      vertex 101.866 -2 33.5
      vertex 101.915 -6 33.4
      vertex 101.866 -8.2637 33.5
    endloop
  endfacet
  facet normal -0.320807 0 -0.947145
    outer loop
      vertex 101.259 -7.29276 33.9659
      vertex 101.383 -2.58338 33.9239
      vertex 101.383 -7.41662 33.9239
    endloop
  endfacet
  facet normal -0.320807 0 -0.947145
    outer loop
      vertex 101.383 -2.58338 33.9239
      vertex 101.259 -7.29276 33.9659
      vertex 101.259 -2.70724 33.9659
    endloop
  endfacet
  facet normal 0.830403 0 -0.557164
    outer loop
      vertex 100.207 -8.06576 33.6088
      vertex 100.134 -2 33.5
      vertex 100.207 -2 33.6088
    endloop
  endfacet
  facet normal 0.859139 -0.0362722 -0.510455
    outer loop
      vertex 100.134 -8.2637 33.5
      vertex 100.207 -8.06576 33.6088
      vertex 100.162 -8.2 33.5426
    endloop
  endfacet
  facet normal 0.830403 0 -0.557164
    outer loop
      vertex 100.207 -8.06576 33.6088
      vertex 100.134 -8.2637 33.5
      vertex 100.134 -2 33.5
    endloop
  endfacet
  facet normal 0.660887 0 -0.750486
    outer loop
      vertex 100.293 -7.86634 33.7071
      vertex 100.391 -2.30855 33.7934
      vertex 100.391 -7.69145 33.7934
    endloop
  endfacet
  facet normal 0.660887 0 -0.750486
    outer loop
      vertex 100.391 -2.30855 33.7934
      vertex 100.293 -7.86634 33.7071
      vertex 100.293 -2.13366 33.7071
    endloop
  endfacet
  facet normal 0.195379 0 -0.980728
    outer loop
      vertex 100.741 -7.29276 33.9659
      vertex 100.869 -2.78242 33.9914
      vertex 100.869 -7.21758 33.9914
    endloop
  endfacet
  facet normal 0.195379 0 -0.980728
    outer loop
      vertex 100.869 -2.78242 33.9914
      vertex 100.741 -7.29276 33.9659
      vertex 100.741 -2.70724 33.9659
    endloop
  endfacet
  facet normal 0.660887 0 0.750486
    outer loop
      vertex 100.293 -2 32.2929
      vertex 100.391 -3.73326 32.2066
      vertex 100.391 -2 32.2066
    endloop
  endfacet
  facet normal 0.663505 0.00026329 0.748171
    outer loop
      vertex 100.391 -3.73326 32.2066
      vertex 100.293 -2 32.2929
      vertex 100.342 -3.8612 32.2501
    endloop
  endfacet
  facet normal 0.657851 0 0.753148
    outer loop
      vertex 100.342 -3.8612 32.2501
      vertex 100.293 -2 32.2929
      vertex 100.293 -4.07646 32.2929
    endloop
  endfacet
  facet normal 0.663684 -0.000140808 0.748013
    outer loop
      vertex 100.293 -9.72946 32.2929
      vertex 100.391 -6.26674 32.2066
      vertex 100.342 -6.1388 32.2501
    endloop
  endfacet
  facet normal 0.657851 -0 0.753148
    outer loop
      vertex 100.293 -9.72946 32.2929
      vertex 100.342 -6.1388 32.2501
      vertex 100.293 -5.92354 32.2929
    endloop
  endfacet
  facet normal 0.660887 0 0.750486
    outer loop
      vertex 100.391 -6.26674 32.2066
      vertex 100.293 -9.72946 32.2929
      vertex 100.391 -9.8051 32.2066
    endloop
  endfacet
  facet normal 0.98154 -0 0.191259
    outer loop
      vertex 100.009 -9.13324 32.8695
      vertex 100.034 -2 32.7412
      vertex 100.009 -2 32.8695
    endloop
  endfacet
  facet normal 0.98154 0 0.191259
    outer loop
      vertex 100.034 -2 32.7412
      vertex 100.009 -9.13324 32.8695
      vertex 100.034 -9.27953 32.7412
    endloop
  endfacet
  facet normal -0.947066 0 -0.321039
    outer loop
      vertex 101.966 -4 33.2588
      vertex 101.924 -2 33.3827
      vertex 101.966 -2 33.2588
    endloop
  endfacet
  facet normal -0.947066 -0 -0.321039
    outer loop
      vertex 101.924 -2 33.3827
      vertex 101.966 -4 33.2588
      vertex 101.924 -4 33.3827
    endloop
  endfacet
  facet normal -0.947066 0 -0.321039
    outer loop
      vertex 101.966 -6 33.2588
      vertex 101.924 -8.43928 33.3827
      vertex 101.924 -6 33.3827
    endloop
  endfacet
  facet normal -0.947066 0 -0.321039
    outer loop
      vertex 101.924 -8.43928 33.3827
      vertex 101.966 -6 33.2588
      vertex 101.966 -8.62465 33.2588
    endloop
  endfacet
  facet normal -0.0655078 0 -0.997852
    outer loop
      vertex 101 -7.19237 34
      vertex 101.131 -2.78242 33.9914
      vertex 101.131 -7.21758 33.9914
    endloop
  endfacet
  facet normal -0.0655078 0 -0.997852
    outer loop
      vertex 101.131 -2.78242 33.9914
      vertex 101 -7.19237 34
      vertex 101 -2.80762 34
    endloop
  endfacet
  facet normal -0.554348 0 -0.832285
    outer loop
      vertex 101.5 -7.54408 33.866
      vertex 101.609 -2.30855 33.7934
      vertex 101.609 -7.69145 33.7934
    endloop
  endfacet
  facet normal -0.554348 0 -0.832285
    outer loop
      vertex 101.609 -2.30855 33.7934
      vertex 101.5 -7.54408 33.866
      vertex 101.5 -2.45592 33.866
    endloop
  endfacet
  facet normal 0.98154 0 -0.191259
    outer loop
      vertex 100.034 -8.62465 33.2588
      vertex 100.009 -2 33.1305
      vertex 100.034 -2 33.2588
    endloop
  endfacet
  facet normal 0.98154 0 -0.191259
    outer loop
      vertex 100.009 -2 33.1305
      vertex 100.034 -8.62465 33.2588
      vertex 100.009 -8.81666 33.1305
    endloop
  endfacet
  facet normal 0 -1 0
    outer loop
      vertex 100.134 -2 33.5
      vertex 100.235 -2 33.6412
      vertex 100.207 -2 33.6088
    endloop
  endfacet
  facet normal 0 -1 0
    outer loop
      vertex 100.076 -2 33.3827
      vertex 100.235 -2 33.6412
      vertex 100.134 -2 33.5
    endloop
  endfacet
  facet normal 0 -1 -0
    outer loop
      vertex 100.235 -2 33.6412
      vertex 100.076 -2 33.3827
      vertex 101.765 -2 33.6412
    endloop
  endfacet
  facet normal 0 -1 0
    outer loop
      vertex 101.765 -2 33.6412
      vertex 101.866 -2 33.5
      vertex 101.793 -2 33.6088
    endloop
  endfacet
  facet normal 0 -1 0
    outer loop
      vertex 101.924 -2 33.3827
      vertex 101.765 -2 33.6412
      vertex 100.076 -2 33.3827
    endloop
  endfacet
  facet normal 0 -1 0
    outer loop
      vertex 101.765 -2 33.6412
      vertex 101.924 -2 33.3827
      vertex 101.866 -2 33.5
    endloop
  endfacet
  facet normal 0 -1 0
    outer loop
      vertex 100.034 -2 33.2588
      vertex 101.924 -2 33.3827
      vertex 100.076 -2 33.3827
    endloop
  endfacet
  facet normal 0 -1 0
    outer loop
      vertex 100.034 -2 33.2588
      vertex 101.966 -2 33.2588
      vertex 101.924 -2 33.3827
    endloop
  endfacet
  facet normal 0 -1 0
    outer loop
      vertex 100.009 -2 33.1305
      vertex 101.966 -2 33.2588
      vertex 100.034 -2 33.2588
    endloop
  endfacet
  facet normal 0 -1 0
    outer loop
      vertex 100.009 -2 33.1305
      vertex 101.991 -2 33.1305
      vertex 101.966 -2 33.2588
    endloop
  endfacet
  facet normal 0 -1 0
    outer loop
      vertex 100 -2 33
      vertex 101.991 -2 33.1305
      vertex 100.009 -2 33.1305
    endloop
  endfacet
  facet normal 0 -1 0
    outer loop
      vertex 100 -2 33
      vertex 102 -2 33
      vertex 101.991 -2 33.1305
    endloop
  endfacet
  facet normal 0 -1 0
    outer loop
      vertex 100.009 -2 32.8695
      vertex 102 -2 33
      vertex 100 -2 33
    endloop
  endfacet
  facet normal 0 -1 0
    outer loop
      vertex 100.009 -2 32.8695
      vertex 101.991 -2 32.8695
      vertex 102 -2 33
    endloop
  endfacet
  facet normal 0 -1 0
    outer loop
      vertex 100.034 -2 32.7412
      vertex 101.991 -2 32.8695
      vertex 100.009 -2 32.8695
    endloop
  endfacet
  facet normal 0 -1 0
    outer loop
      vertex 100.034 -2 32.7412
      vertex 101.966 -2 32.7412
      vertex 101.991 -2 32.8695
    endloop
  endfacet
  facet normal 0 -1 0
    outer loop
      vertex 100.076 -2 32.6173
      vertex 101.966 -2 32.7412
      vertex 100.034 -2 32.7412
    endloop
  endfacet
  facet normal 0 -1 0
    outer loop
      vertex 100.076 -2 32.6173
      vertex 101.924 -2 32.6173
      vertex 101.966 -2 32.7412
    endloop
  endfacet
  facet normal 0 -1 0
    outer loop
      vertex 100.134 -2 32.5
      vertex 101.924 -2 32.6173
      vertex 100.076 -2 32.6173
    endloop
  endfacet
  facet normal 0 -1 0
    outer loop
      vertex 100.134 -2 32.5
      vertex 101.866 -2 32.5
      vertex 101.924 -2 32.6173
    endloop
  endfacet
  facet normal 0 -1 0
    outer loop
      vertex 100.207 -2 32.3912
      vertex 101.866 -2 32.5
      vertex 100.134 -2 32.5
    endloop
  endfacet
  facet normal 0 -1 0
    outer loop
      vertex 100.207 -2 32.3912
      vertex 101.793 -2 32.3912
      vertex 101.866 -2 32.5
    endloop
  endfacet
  facet normal 0 -1 0
    outer loop
      vertex 100.293 -2 32.2929
      vertex 101.793 -2 32.3912
      vertex 100.207 -2 32.3912
    endloop
  endfacet
  facet normal 0 -1 0
    outer loop
      vertex 100.293 -2 32.2929
      vertex 101.707 -2 32.2929
      vertex 101.793 -2 32.3912
    endloop
  endfacet
  facet normal 0 -1 0
    outer loop
      vertex 100.391 -2 32.2066
      vertex 101.707 -2 32.2929
      vertex 100.293 -2 32.2929
    endloop
  endfacet
  facet normal 0 -1 0
    outer loop
      vertex 100.391 -2 32.2066
      vertex 101.609 -2 32.2066
      vertex 101.707 -2 32.2929
    endloop
  endfacet
  facet normal 0 -1 0
    outer loop
      vertex 100.5 -2 32.134
      vertex 101.609 -2 32.2066
      vertex 100.391 -2 32.2066
    endloop
  endfacet
  facet normal 0 -1 0
    outer loop
      vertex 100.5 -2 32.134
      vertex 101.5 -2 32.134
      vertex 101.609 -2 32.2066
    endloop
  endfacet
  facet normal 0 -1 0
    outer loop
      vertex 100.617 -2 32.0761
      vertex 101.5 -2 32.134
      vertex 100.5 -2 32.134
    endloop
  endfacet
  facet normal 0 -1 0
    outer loop
      vertex 100.617 -2 32.0761
      vertex 101.383 -2 32.0761
      vertex 101.5 -2 32.134
    endloop
  endfacet
  facet normal 0 -1 0
    outer loop
      vertex 100.741 -2 32.0341
      vertex 101.383 -2 32.0761
      vertex 100.617 -2 32.0761
    endloop
  endfacet
  facet normal 0 -1 0
    outer loop
      vertex 100.741 -2 32.0341
      vertex 101.259 -2 32.0341
      vertex 101.383 -2 32.0761
    endloop
  endfacet
  facet normal 0 -1 0
    outer loop
      vertex 100.869 -2 32.0086
      vertex 101.259 -2 32.0341
      vertex 100.741 -2 32.0341
    endloop
  endfacet
  facet normal 0 -1 0
    outer loop
      vertex 100.869 -2 32.0086
      vertex 101.131 -2 32.0086
      vertex 101.259 -2 32.0341
    endloop
  endfacet
  facet normal -0 -1 0
    outer loop
      vertex 101.131 -2 32.0086
      vertex 100.869 -2 32.0086
      vertex 101 -2 32
    endloop
  endfacet
  facet normal 0.947066 0 -0.321039
    outer loop
      vertex 100.076 -8.43928 33.3827
      vertex 100.034 -2 33.2588
      vertex 100.076 -2 33.3827
    endloop
  endfacet
  facet normal 0.947066 0 -0.321039
    outer loop
      vertex 100.034 -2 33.2588
      vertex 100.076 -8.43928 33.3827
      vertex 100.034 -8.62465 33.2588
    endloop
  endfacet
  facet normal 0.896405 0 -0.443235
    outer loop
      vertex 100.134 -8.2637 33.5
      vertex 100.076 -2 33.3827
      vertex 100.134 -2 33.5
    endloop
  endfacet
  facet normal 0.896405 0 -0.443235
    outer loop
      vertex 100.076 -2 33.3827
      vertex 100.134 -8.2637 33.5
      vertex 100.076 -8.43928 33.3827
    endloop
  endfacet
  facet normal -0.316228 0 0.948683
    outer loop
      vertex 101.383 -2 32.0761
      vertex 101.35 -3.31619 32.0651
      vertex 101.383 -3.34875 32.0761
    endloop
  endfacet
  facet normal -0.320807 0 0.947145
    outer loop
      vertex 101.259 -3.25334 32.0341
      vertex 101.383 -2 32.0761
      vertex 101.259 -2 32.0341
    endloop
  endfacet
  facet normal -0.322356 0.000170916 0.946618
    outer loop
      vertex 101.383 -2 32.0761
      vertex 101.259 -3.25334 32.0341
      vertex 101.35 -3.31619 32.0651
    endloop
  endfacet
  facet normal -0.316228 0 0.948683
    outer loop
      vertex 101.35 -6.68381 32.0651
      vertex 101.383 -9.91956 32.0761
      vertex 101.383 -6.65125 32.0761
    endloop
  endfacet
  facet normal -0.322419 -7.02301e-05 0.946597
    outer loop
      vertex 101.259 -6.74666 32.0341
      vertex 101.383 -9.91956 32.0761
      vertex 101.35 -6.68381 32.0651
    endloop
  endfacet
  facet normal -0.320807 0 0.947145
    outer loop
      vertex 101.383 -9.91956 32.0761
      vertex 101.259 -6.74666 32.0341
      vertex 101.259 -9.95644 32.0341
    endloop
  endfacet
  facet normal -0.752624 0 0.65845
    outer loop
      vertex 101.707 -4 32.2929
      vertex 101.793 -2 32.3912
      vertex 101.707 -2 32.2929
    endloop
  endfacet
  facet normal -0.752624 0 0.65845
    outer loop
      vertex 101.793 -2 32.3912
      vertex 101.707 -4 32.2929
      vertex 101.793 -4 32.3912
    endloop
  endfacet
  facet normal -0.752624 0 0.65845
    outer loop
      vertex 101.707 -6 32.2929
      vertex 101.793 -9.64321 32.3912
      vertex 101.793 -6 32.3912
    endloop
  endfacet
  facet normal -0.752624 0 0.65845
    outer loop
      vertex 101.793 -9.64321 32.3912
      vertex 101.707 -6 32.2929
      vertex 101.707 -9.72946 32.2929
    endloop
  endfacet
  facet normal 0.195379 0 0.980728
    outer loop
      vertex 100.741 -2 32.0341
      vertex 100.869 -3.20159 32.0086
      vertex 100.869 -2 32.0086
    endloop
  endfacet
  facet normal 0.195379 0 0.980728
    outer loop
      vertex 100.869 -3.20159 32.0086
      vertex 100.741 -2 32.0341
      vertex 100.741 -3.25334 32.0341
    endloop
  endfacet
  facet normal 0.195379 -0 0.980728
    outer loop
      vertex 100.741 -9.95644 32.0341
      vertex 100.869 -6.79841 32.0086
      vertex 100.741 -6.74666 32.0341
    endloop
  endfacet
  facet normal 0.195379 0 0.980728
    outer loop
      vertex 100.869 -6.79841 32.0086
      vertex 100.741 -9.95644 32.0341
      vertex 100.869 -9.97882 32.0086
    endloop
  endfacet
  facet normal 0.554348 0 0.832285
    outer loop
      vertex 100.391 -2 32.2066
      vertex 100.5 -3.51918 32.134
      vertex 100.5 -2 32.134
    endloop
  endfacet
  facet normal 0.554348 0 0.832285
    outer loop
      vertex 100.5 -3.51918 32.134
      vertex 100.391 -2 32.2066
      vertex 100.391 -3.73326 32.2066
    endloop
  endfacet
  facet normal 0.554348 -0 0.832285
    outer loop
      vertex 100.391 -9.8051 32.2066
      vertex 100.5 -6.48082 32.134
      vertex 100.391 -6.26674 32.2066
    endloop
  endfacet
  facet normal 0.554348 0 0.832285
    outer loop
      vertex 100.5 -6.48082 32.134
      vertex 100.391 -9.8051 32.2066
      vertex 100.5 -9.86883 32.134
    endloop
  endfacet
  facet normal 0.830403 0 0.557164
    outer loop
      vertex 100.134 -2 32.5
      vertex 100.207 -4.86633 32.3912
      vertex 100.207 -2 32.3912
    endloop
  endfacet
  facet normal 0.827755 -0.000216477 0.56109
    outer loop
      vertex 100.134 -2 32.5
      vertex 100.201 -5 32.4
      vertex 100.207 -4.86633 32.3912
    endloop
  endfacet
  facet normal 0.83077 -0 0.556616
    outer loop
      vertex 100.134 -9.54783 32.5
      vertex 100.201 -5 32.4
      vertex 100.134 -2 32.5
    endloop
  endfacet
  facet normal 0.827365 0.000161171 0.561664
    outer loop
      vertex 100.134 -9.54783 32.5
      vertex 100.207 -5.13367 32.3912
      vertex 100.201 -5 32.4
    endloop
  endfacet
  facet normal 0.830403 0 0.557164
    outer loop
      vertex 100.207 -5.13367 32.3912
      vertex 100.134 -9.54783 32.5
      vertex 100.207 -9.64321 32.3912
    endloop
  endfacet
  facet normal -0.830403 0 -0.557164
    outer loop
      vertex 101.866 -2 33.5
      vertex 101.793 -8.06576 33.6088
      vertex 101.793 -2 33.6088
    endloop
  endfacet
  facet normal -0.830403 0 -0.557164
    outer loop
      vertex 101.866 -8.2637 33.5
      vertex 101.793 -8.06576 33.6088
      vertex 101.866 -2 33.5
    endloop
  endfacet
  facet normal -0.859139 -0.0362722 -0.510455
    outer loop
      vertex 101.793 -8.06576 33.6088
      vertex 101.866 -8.2637 33.5
      vertex 101.838 -8.2 33.5426
    endloop
  endfacet
  facet normal -0.7566 0.00594017 -0.653851
    outer loop
      vertex 101.793 -2 33.6088
      vertex 101.707 -2.13366 33.7071
      vertex 101.765 -2 33.6412
    endloop
  endfacet
  facet normal -0.752624 0 -0.65845
    outer loop
      vertex 101.793 -2 33.6088
      vertex 101.707 -7.86634 33.7071
      vertex 101.707 -2.13366 33.7071
    endloop
  endfacet
  facet normal -0.752624 0 -0.65845
    outer loop
      vertex 101.707 -7.86634 33.7071
      vertex 101.793 -2 33.6088
      vertex 101.793 -8.06576 33.6088
    endloop
  endfacet
  facet normal -0.195379 0 -0.980728
    outer loop
      vertex 101.131 -7.21758 33.9914
      vertex 101.259 -2.70724 33.9659
      vertex 101.259 -7.29276 33.9659
    endloop
  endfacet
  facet normal -0.195379 0 -0.980728
    outer loop
      vertex 101.259 -2.70724 33.9659
      vertex 101.131 -7.21758 33.9914
      vertex 101.131 -2.78242 33.9914
    endloop
  endfacet
  facet normal -0.423666 0.022453 -0.90554
    outer loop
      vertex 101.383 -7.41662 33.9239
      vertex 101.5 -7.54408 33.866
      vertex 101.405 -7.44917 33.9128
    endloop
  endfacet
  facet normal -0.443533 0 -0.896258
    outer loop
      vertex 101.5 -7.54408 33.866
      vertex 101.383 -7.41662 33.9239
      vertex 101.5 -2.45592 33.866
    endloop
  endfacet
  facet normal -0.443533 -0 -0.896258
    outer loop
      vertex 101.383 -2.58338 33.9239
      vertex 101.5 -2.45592 33.866
      vertex 101.383 -7.41662 33.9239
    endloop
  endfacet
  facet normal -0.423666 -0.022453 -0.90554
    outer loop
      vertex 101.5 -2.45592 33.866
      vertex 101.383 -2.58338 33.9239
      vertex 101.405 -2.55083 33.9128
    endloop
  endfacet
  facet normal 0.99763 0 -0.0688021
    outer loop
      vertex 100.009 -8.81666 33.1305
      vertex 100 -2 33
      vertex 100.009 -2 33.1305
    endloop
  endfacet
  facet normal 0.999094 -0.0305267 -0.0296651
    outer loop
      vertex 100 -8.9844 33
      vertex 100.009 -8.81666 33.1305
      vertex 100.005 -8.89607 33.0775
    endloop
  endfacet
  facet normal 0.99763 0 -0.0688021
    outer loop
      vertex 100.009 -8.81666 33.1305
      vertex 100 -8.9844 33
      vertex 100 -2 33
    endloop
  endfacet
  facet normal 0.99763 -0 0.0688021
    outer loop
      vertex 100 -8.9844 33
      vertex 100.009 -2 32.8695
      vertex 100 -2 33
    endloop
  endfacet
  facet normal 0.99763 0 0.0688021
    outer loop
      vertex 100.009 -2 32.8695
      vertex 100 -8.9844 33
      vertex 100.009 -9.13324 32.8695
    endloop
  endfacet
  facet normal 0.554348 0 -0.832285
    outer loop
      vertex 100.391 -7.69145 33.7934
      vertex 100.5 -2.45592 33.866
      vertex 100.5 -7.54408 33.866
    endloop
  endfacet
  facet normal 0.554348 0 -0.832285
    outer loop
      vertex 100.5 -2.45592 33.866
      vertex 100.391 -7.69145 33.7934
      vertex 100.391 -2.30855 33.7934
    endloop
  endfacet
  facet normal 0.320807 0 -0.947145
    outer loop
      vertex 100.617 -7.41662 33.9239
      vertex 100.741 -2.70724 33.9659
      vertex 100.741 -7.29276 33.9659
    endloop
  endfacet
  facet normal 0.320807 0 -0.947145
    outer loop
      vertex 100.741 -2.70724 33.9659
      vertex 100.617 -7.41662 33.9239
      vertex 100.617 -2.58338 33.9239
    endloop
  endfacet
  facet normal -0.443533 0 0.896258
    outer loop
      vertex 101.383 -3.34875 32.0761
      vertex 101.5 -2 32.134
      vertex 101.383 -2 32.0761
    endloop
  endfacet
  facet normal -0.443533 0 0.896258
    outer loop
      vertex 101.5 -2 32.134
      vertex 101.383 -3.34875 32.0761
      vertex 101.5 -3.51918 32.134
    endloop
  endfacet
  facet normal -0.443533 0 0.896258
    outer loop
      vertex 101.383 -6.65125 32.0761
      vertex 101.5 -9.86883 32.134
      vertex 101.5 -6.48082 32.134
    endloop
  endfacet
  facet normal -0.443533 0 0.896258
    outer loop
      vertex 101.5 -9.86883 32.134
      vertex 101.383 -6.65125 32.0761
      vertex 101.383 -9.91956 32.0761
    endloop
  endfacet
  facet normal -0.554348 0 0.832285
    outer loop
      vertex 101.5 -3.51918 32.134
      vertex 101.609 -2 32.2066
      vertex 101.5 -2 32.134
    endloop
  endfacet
  facet normal -0.554348 0 0.832285
    outer loop
      vertex 101.609 -2 32.2066
      vertex 101.5 -3.51918 32.134
      vertex 101.609 -3.73326 32.2066
    endloop
  endfacet
  facet normal -0.554348 0 0.832285
    outer loop
      vertex 101.5 -6.48082 32.134
      vertex 101.609 -9.8051 32.2066
      vertex 101.609 -6.26674 32.2066
    endloop
  endfacet
  facet normal -0.554348 0 0.832285
    outer loop
      vertex 101.609 -9.8051 32.2066
      vertex 101.5 -6.48082 32.134
      vertex 101.5 -9.86883 32.134
    endloop
  endfacet
  facet normal -0.657851 0 0.753148
    outer loop
      vertex 101.658 -3.8612 32.2501
      vertex 101.707 -4 32.2929
      vertex 101.707 -2 32.2929
    endloop
  endfacet
  facet normal -0.666529 -0.00543393 0.74546
    outer loop
      vertex 101.707 -4 32.2929
      vertex 101.658 -3.8612 32.2501
      vertex 101.69 -4 32.2777
    endloop
  endfacet
  facet normal -0.660887 0 0.750486
    outer loop
      vertex 101.609 -3.73326 32.2066
      vertex 101.707 -2 32.2929
      vertex 101.609 -2 32.2066
    endloop
  endfacet
  facet normal -0.663505 0.00026329 0.748171
    outer loop
      vertex 101.707 -2 32.2929
      vertex 101.609 -3.73326 32.2066
      vertex 101.658 -3.8612 32.2501
    endloop
  endfacet
  facet normal -0.666529 0.00543393 0.74546
    outer loop
      vertex 101.658 -6.1388 32.2501
      vertex 101.707 -6 32.2929
      vertex 101.69 -6 32.2777
    endloop
  endfacet
  facet normal -0.657851 0 0.753148
    outer loop
      vertex 101.707 -6 32.2929
      vertex 101.658 -6.1388 32.2501
      vertex 101.707 -9.72946 32.2929
    endloop
  endfacet
  facet normal -0.663684 -0.000140808 0.748013
    outer loop
      vertex 101.609 -6.26674 32.2066
      vertex 101.707 -9.72946 32.2929
      vertex 101.658 -6.1388 32.2501
    endloop
  endfacet
  facet normal -0.660887 0 0.750486
    outer loop
      vertex 101.707 -9.72946 32.2929
      vertex 101.609 -6.26674 32.2066
      vertex 101.609 -9.8051 32.2066
    endloop
  endfacet
  facet normal -0.98154 0 0.191259
    outer loop
      vertex 101.966 -4 32.7412
      vertex 101.991 -2 32.8695
      vertex 101.966 -2 32.7412
    endloop
  endfacet
  facet normal -0.98154 0 0.191259
    outer loop
      vertex 101.991 -2 32.8695
      vertex 101.966 -4 32.7412
      vertex 101.991 -4 32.8695
    endloop
  endfacet
  facet normal -0.98154 0 0.191259
    outer loop
      vertex 101.966 -7.45122 32.7412
      vertex 101.991 -9.13324 32.8695
      vertex 101.991 -7.20695 32.8695
    endloop
  endfacet
  facet normal -0.98154 0 0.191259
    outer loop
      vertex 101.991 -9.13324 32.8695
      vertex 101.966 -7.45122 32.7412
      vertex 101.966 -9.27953 32.7412
    endloop
  endfacet
  facet normal -0.99763 0 0.0688021
    outer loop
      vertex 101.991 -4 32.8695
      vertex 102 -2 33
      vertex 101.991 -2 32.8695
    endloop
  endfacet
  facet normal -0.99763 0 0.0688021
    outer loop
      vertex 102 -2 33
      vertex 101.991 -4 32.8695
      vertex 102 -4 33
    endloop
  endfacet
  facet normal -0.997703 0 0.0677393
    outer loop
      vertex 101.993 -7.15469 32.8969
      vertex 102 -8.9844 33
      vertex 102 -6.86824 33
    endloop
  endfacet
  facet normal -0.997382 0.000258677 0.0723083
    outer loop
      vertex 101.991 -7.20695 32.8695
      vertex 102 -8.9844 33
      vertex 101.993 -7.15469 32.8969
    endloop
  endfacet
  facet normal -0.99763 0 0.0688021
    outer loop
      vertex 102 -8.9844 33
      vertex 101.991 -7.20695 32.8695
      vertex 101.991 -9.13324 32.8695
    endloop
  endfacet
  facet normal 0.443533 0 0.896258
    outer loop
      vertex 100.5 -2 32.134
      vertex 100.617 -3.34875 32.0761
      vertex 100.617 -2 32.0761
    endloop
  endfacet
  facet normal 0.443533 0 0.896258
    outer loop
      vertex 100.617 -3.34875 32.0761
      vertex 100.5 -2 32.134
      vertex 100.5 -3.51918 32.134
    endloop
  endfacet
  facet normal 0.443533 -0 0.896258
    outer loop
      vertex 100.5 -9.86883 32.134
      vertex 100.617 -6.65125 32.0761
      vertex 100.5 -6.48082 32.134
    endloop
  endfacet
  facet normal 0.443533 0 0.896258
    outer loop
      vertex 100.617 -6.65125 32.0761
      vertex 100.5 -9.86883 32.134
      vertex 100.617 -9.91956 32.0761
    endloop
  endfacet
  facet normal 0.320807 0 0.947145
    outer loop
      vertex 100.617 -2 32.0761
      vertex 100.741 -3.25334 32.0341
      vertex 100.741 -2 32.0341
    endloop
  endfacet
  facet normal 0.322356 0.000170916 0.946618
    outer loop
      vertex 100.741 -3.25334 32.0341
      vertex 100.617 -2 32.0761
      vertex 100.65 -3.31619 32.0651
    endloop
  endfacet
  facet normal 0.316228 0 0.948683
    outer loop
      vertex 100.65 -3.31619 32.0651
      vertex 100.617 -2 32.0761
      vertex 100.617 -3.34875 32.0761
    endloop
  endfacet
  facet normal 0.322419 -7.02301e-05 0.946597
    outer loop
      vertex 100.617 -9.91956 32.0761
      vertex 100.741 -6.74666 32.0341
      vertex 100.65 -6.68381 32.0651
    endloop
  endfacet
  facet normal 0.316228 -0 0.948683
    outer loop
      vertex 100.617 -9.91956 32.0761
      vertex 100.65 -6.68381 32.0651
      vertex 100.617 -6.65125 32.0761
    endloop
  endfacet
  facet normal 0.320807 0 0.947145
    outer loop
      vertex 100.741 -6.74666 32.0341
      vertex 100.617 -9.91956 32.0761
      vertex 100.741 -9.95644 32.0341
    endloop
  endfacet
  facet normal 0.0655078 0 0.997852
    outer loop
      vertex 100.869 -2 32.0086
      vertex 101 -3.18424 32
      vertex 101 -2 32
    endloop
  endfacet
  facet normal 0.0655078 0 0.997852
    outer loop
      vertex 101 -3.18424 32
      vertex 100.869 -2 32.0086
      vertex 100.869 -3.20159 32.0086
    endloop
  endfacet
  facet normal 0.0655078 -0 0.997852
    outer loop
      vertex 100.869 -9.97882 32.0086
      vertex 101 -6.81575 32
      vertex 100.869 -6.79841 32.0086
    endloop
  endfacet
  facet normal 0.0655078 0 0.997852
    outer loop
      vertex 101 -6.81575 32
      vertex 100.869 -9.97882 32.0086
      vertex 101 -9.98632 32
    endloop
  endfacet
  facet normal -0.0655078 0 0.997852
    outer loop
      vertex 101 -3.18424 32
      vertex 101.131 -2 32.0086
      vertex 101 -2 32
    endloop
  endfacet
  facet normal -0.0655078 0 0.997852
    outer loop
      vertex 101.131 -2 32.0086
      vertex 101 -3.18424 32
      vertex 101.131 -3.20159 32.0086
    endloop
  endfacet
  facet normal -0.0655078 0 0.997852
    outer loop
      vertex 101 -6.81575 32
      vertex 101.131 -9.97882 32.0086
      vertex 101.131 -6.79841 32.0086
    endloop
  endfacet
  facet normal -0.0655078 0 0.997852
    outer loop
      vertex 101.131 -9.97882 32.0086
      vertex 101 -6.81575 32
      vertex 101 -9.98632 32
    endloop
  endfacet
  facet normal 0.752624 0 0.65845
    outer loop
      vertex 100.207 -2 32.3912
      vertex 100.293 -4.07646 32.2929
      vertex 100.293 -2 32.2929
    endloop
  endfacet
  facet normal 0.751773 -8.12194e-05 0.659422
    outer loop
      vertex 100.207 -2 32.3912
      vertex 100.232 -4.42568 32.3624
      vertex 100.293 -4.07646 32.2929
    endloop
  endfacet
  facet normal 0.75517 0 0.655529
    outer loop
      vertex 100.232 -4.42568 32.3624
      vertex 100.207 -2 32.3912
      vertex 100.207 -4.86633 32.3912
    endloop
  endfacet
  facet normal 0.75517 -0 0.655529
    outer loop
      vertex 100.207 -9.64321 32.3912
      vertex 100.232 -5.57432 32.3624
      vertex 100.207 -5.13367 32.3912
    endloop
  endfacet
  facet normal 0.751694 4.95405e-05 0.659512
    outer loop
      vertex 100.207 -9.64321 32.3912
      vertex 100.293 -5.92354 32.2929
      vertex 100.232 -5.57432 32.3624
    endloop
  endfacet
  facet normal 0.752624 0 0.65845
    outer loop
      vertex 100.293 -5.92354 32.2929
      vertex 100.207 -9.64321 32.3912
      vertex 100.293 -9.72946 32.2929
    endloop
  endfacet
  facet normal 0.947066 -0 0.321039
    outer loop
      vertex 100.034 -9.27953 32.7412
      vertex 100.076 -2 32.6173
      vertex 100.034 -2 32.7412
    endloop
  endfacet
  facet normal 0.947066 0 0.321039
    outer loop
      vertex 100.076 -2 32.6173
      vertex 100.034 -9.27953 32.7412
      vertex 100.076 -9.42077 32.6173
    endloop
  endfacet
  facet normal 0.896405 -0 0.443235
    outer loop
      vertex 100.076 -9.42077 32.6173
      vertex 100.134 -2 32.5
      vertex 100.076 -2 32.6173
    endloop
  endfacet
  facet normal 0.865169 -0.0642187 0.497352
    outer loop
      vertex 100.134 -9.54783 32.5
      vertex 100.076 -9.42077 32.6173
      vertex 100.121 -9.52548 32.5255
    endloop
  endfacet
  facet normal 0.896405 0 0.443235
    outer loop
      vertex 100.076 -9.42077 32.6173
      vertex 100.134 -9.54783 32.5
      vertex 100.134 -2 32.5
    endloop
  endfacet
  facet normal -0.896405 0 0.443235
    outer loop
      vertex 101.866 -4 32.5
      vertex 101.924 -2 32.6173
      vertex 101.866 -2 32.5
    endloop
  endfacet
  facet normal -0.896405 0 0.443235
    outer loop
      vertex 101.924 -2 32.6173
      vertex 101.866 -4 32.5
      vertex 101.924 -4 32.6173
    endloop
  endfacet
  facet normal -0.893866 0 0.448334
    outer loop
      vertex 101.892 -7.80862 32.5535
      vertex 101.924 -9.42077 32.6173
      vertex 101.924 -7.68707 32.6173
    endloop
  endfacet
  facet normal -0.899125 -0.000525576 0.437691
    outer loop
      vertex 101.866 -7.88325 32.5
      vertex 101.924 -9.42077 32.6173
      vertex 101.892 -7.80862 32.5535
    endloop
  endfacet
  facet normal -0.896405 0 0.443235
    outer loop
      vertex 101.866 -9.54783 32.5
      vertex 101.924 -9.42077 32.6173
      vertex 101.866 -7.88325 32.5
    endloop
  endfacet
  facet normal -0.865169 -0.0642187 0.497352
    outer loop
      vertex 101.924 -9.42077 32.6173
      vertex 101.866 -9.54783 32.5
      vertex 101.879 -9.52548 32.5255
    endloop
  endfacet
  facet normal -0.947066 0 0.321039
    outer loop
      vertex 101.924 -4 32.6173
      vertex 101.966 -2 32.7412
      vertex 101.924 -2 32.6173
    endloop
  endfacet
  facet normal -0.947066 0 0.321039
    outer loop
      vertex 101.966 -2 32.7412
      vertex 101.924 -4 32.6173
      vertex 101.966 -4 32.7412
    endloop
  endfacet
  facet normal -0.947066 0 0.321039
    outer loop
      vertex 101.924 -7.68707 32.6173
      vertex 101.966 -9.27953 32.7412
      vertex 101.966 -7.45122 32.7412
    endloop
  endfacet
  facet normal -0.947066 0 0.321039
    outer loop
      vertex 101.966 -9.27953 32.7412
      vertex 101.924 -7.68707 32.6173
      vertex 101.924 -9.42077 32.6173
    endloop
  endfacet
  facet normal -0.555792 -0.831322 0
    outer loop
      vertex 24.05 26.3187 24.9
      vertex 24.2784 26.166 27
      vertex 24.05 26.3187 27
    endloop
  endfacet
  facet normal -0.555792 -0.831322 -0
    outer loop
      vertex 24.2784 26.166 27
      vertex 24.05 26.3187 24.9
      vertex 24.2784 26.166 24.9
    endloop
  endfacet
  facet normal -0.980776 0.195136 0
    outer loop
      vertex 25.0284 23.9565 24.9
      vertex 25.082 24.2259 27
      vertex 25.082 24.2259 24.9
    endloop
  endfacet
  facet normal -0.980776 0.195136 0
    outer loop
      vertex 25.082 24.2259 27
      vertex 25.0284 23.9565 24.9
      vertex 25.0284 23.9565 27
    endloop
  endfacet
  facet normal 0.195136 0.980776 -0
    outer loop
      vertex 22.7259 22.418 24.9
      vertex 22.4565 22.4716 27
      vertex 22.7259 22.418 27
    endloop
  endfacet
  facet normal 0.195136 0.980776 0
    outer loop
      vertex 22.4565 22.4716 27
      vertex 22.7259 22.418 24.9
      vertex 22.4565 22.4716 24.9
    endloop
  endfacet
  facet normal 0.441964 -0.897033 0
    outer loop
      vertex 21.95 26.3187 24.9
      vertex 22.1964 26.4401 27
      vertex 21.95 26.3187 27
    endloop
  endfacet
  facet normal 0.441964 -0.897033 0
    outer loop
      vertex 22.1964 26.4401 27
      vertex 21.95 26.3187 24.9
      vertex 22.1964 26.4401 24.9
    endloop
  endfacet
  facet normal 0.946921 -0.321465 0
    outer loop
      vertex 20.9716 25.0435 27
      vertex 21.0599 25.3036 24.9
      vertex 21.0599 25.3036 27
    endloop
  endfacet
  facet normal 0.946921 -0.321465 0
    outer loop
      vertex 21.0599 25.3036 24.9
      vertex 20.9716 25.0435 27
      vertex 20.9716 25.0435 24.9
    endloop
  endfacet
  facet normal -0.997851 0.0655283 0
    outer loop
      vertex 25.082 24.2259 24.9
      vertex 25.1 24.5 27
      vertex 25.1 24.5 24.9
    endloop
  endfacet
  facet normal -0.997851 0.0655283 0
    outer loop
      vertex 25.1 24.5 27
      vertex 25.082 24.2259 24.9
      vertex 25.082 24.2259 27
    endloop
  endfacet
  facet normal 0.321465 0.946921 -0
    outer loop
      vertex 22.4565 22.4716 24.9
      vertex 22.1964 22.5599 27
      vertex 22.4565 22.4716 27
    endloop
  endfacet
  facet normal 0.321465 0.946921 0
    outer loop
      vertex 22.1964 22.5599 27
      vertex 22.4565 22.4716 24.9
      vertex 22.1964 22.5599 24.9
    endloop
  endfacet
  facet normal -0.897033 -0.441964 0
    outer loop
      vertex 24.9401 25.3036 24.9
      vertex 24.8187 25.55 27
      vertex 24.8187 25.55 24.9
    endloop
  endfacet
  facet normal -0.897033 -0.441964 0
    outer loop
      vertex 24.8187 25.55 27
      vertex 24.9401 25.3036 24.9
      vertex 24.9401 25.3036 27
    endloop
  endfacet
  facet normal -0.831322 -0.555792 0
    outer loop
      vertex 24.8187 25.55 24.9
      vertex 24.666 25.7784 27
      vertex 24.666 25.7784 24.9
    endloop
  endfacet
  facet normal -0.831322 -0.555792 0
    outer loop
      vertex 24.666 25.7784 27
      vertex 24.8187 25.55 24.9
      vertex 24.8187 25.55 27
    endloop
  endfacet
  facet normal -0.321465 -0.946921 0
    outer loop
      vertex 23.5435 26.5284 24.9
      vertex 23.8036 26.4401 27
      vertex 23.5435 26.5284 27
    endloop
  endfacet
  facet normal -0.321465 -0.946921 -0
    outer loop
      vertex 23.8036 26.4401 27
      vertex 23.5435 26.5284 24.9
      vertex 23.8036 26.4401 24.9
    endloop
  endfacet
  facet normal 0.831322 -0.555792 0
    outer loop
      vertex 21.1813 25.55 27
      vertex 21.334 25.7784 24.9
      vertex 21.334 25.7784 27
    endloop
  endfacet
  facet normal 0.831322 -0.555792 0
    outer loop
      vertex 21.334 25.7784 24.9
      vertex 21.1813 25.55 27
      vertex 21.1813 25.55 24.9
    endloop
  endfacet
  facet normal 0.555792 -0.831322 0
    outer loop
      vertex 21.7216 26.166 24.9
      vertex 21.95 26.3187 27
      vertex 21.7216 26.166 27
    endloop
  endfacet
  facet normal 0.555792 -0.831322 0
    outer loop
      vertex 21.95 26.3187 27
      vertex 21.7216 26.166 24.9
      vertex 21.95 26.3187 24.9
    endloop
  endfacet
  facet normal 0.321465 -0.946921 0
    outer loop
      vertex 22.1964 26.4401 24.9
      vertex 22.4565 26.5284 27
      vertex 22.1964 26.4401 27
    endloop
  endfacet
  facet normal 0.321465 -0.946921 0
    outer loop
      vertex 22.4565 26.5284 27
      vertex 22.1964 26.4401 24.9
      vertex 22.4565 26.5284 24.9
    endloop
  endfacet
  facet normal -0.946921 0.321465 0
    outer loop
      vertex 24.9401 23.6964 24.9
      vertex 25.0284 23.9565 27
      vertex 25.0284 23.9565 24.9
    endloop
  endfacet
  facet normal -0.946921 0.321465 0
    outer loop
      vertex 25.0284 23.9565 27
      vertex 24.9401 23.6964 24.9
      vertex 24.9401 23.6964 27
    endloop
  endfacet
  facet normal -0.441964 0.897033 0
    outer loop
      vertex 24.05 22.6813 24.9
      vertex 23.8036 22.5599 27
      vertex 24.05 22.6813 27
    endloop
  endfacet
  facet normal -0.441964 0.897033 0
    outer loop
      vertex 23.8036 22.5599 27
      vertex 24.05 22.6813 24.9
      vertex 23.8036 22.5599 24.9
    endloop
  endfacet
  facet normal -0.555792 0.831322 0
    outer loop
      vertex 24.2784 22.834 24.9
      vertex 24.05 22.6813 27
      vertex 24.2784 22.834 27
    endloop
  endfacet
  facet normal -0.555792 0.831322 0
    outer loop
      vertex 24.05 22.6813 27
      vertex 24.2784 22.834 24.9
      vertex 24.05 22.6813 24.9
    endloop
  endfacet
  facet normal 0.0655283 0.997851 -0
    outer loop
      vertex 23 22.4 24.9
      vertex 22.7259 22.418 27
      vertex 23 22.4 27
    endloop
  endfacet
  facet normal 0.0655283 0.997851 0
    outer loop
      vertex 22.7259 22.418 27
      vertex 23 22.4 24.9
      vertex 22.7259 22.418 24.9
    endloop
  endfacet
  facet normal 0.555792 0.831322 -0
    outer loop
      vertex 21.95 22.6813 24.9
      vertex 21.7216 22.834 27
      vertex 21.95 22.6813 27
    endloop
  endfacet
  facet normal 0.555792 0.831322 0
    outer loop
      vertex 21.7216 22.834 27
      vertex 21.95 22.6813 24.9
      vertex 21.7216 22.834 24.9
    endloop
  endfacet
  facet normal 0.831322 0.555792 0
    outer loop
      vertex 21.334 23.2216 27
      vertex 21.1813 23.45 24.9
      vertex 21.1813 23.45 27
    endloop
  endfacet
  facet normal 0.831322 0.555792 0
    outer loop
      vertex 21.1813 23.45 24.9
      vertex 21.334 23.2216 27
      vertex 21.334 23.2216 24.9
    endloop
  endfacet
  facet normal 0.946921 0.321465 0
    outer loop
      vertex 21.0599 23.6964 27
      vertex 20.9716 23.9565 24.9
      vertex 20.9716 23.9565 27
    endloop
  endfacet
  facet normal 0.946921 0.321465 0
    outer loop
      vertex 20.9716 23.9565 24.9
      vertex 21.0599 23.6964 27
      vertex 21.0599 23.6964 24.9
    endloop
  endfacet
  facet normal -0.946921 -0.321465 0
    outer loop
      vertex 25.0284 25.0435 24.9
      vertex 24.9401 25.3036 27
      vertex 24.9401 25.3036 24.9
    endloop
  endfacet
  facet normal -0.946921 -0.321465 0
    outer loop
      vertex 24.9401 25.3036 27
      vertex 25.0284 25.0435 24.9
      vertex 25.0284 25.0435 27
    endloop
  endfacet
  facet normal -0.751832 -0.659355 0
    outer loop
      vertex 24.666 25.7784 24.9
      vertex 24.4849 25.9849 27
      vertex 24.4849 25.9849 24.9
    endloop
  endfacet
  facet normal -0.751832 -0.659355 0
    outer loop
      vertex 24.4849 25.9849 27
      vertex 24.666 25.7784 24.9
      vertex 24.666 25.7784 27
    endloop
  endfacet
  facet normal -0.659355 -0.751832 0
    outer loop
      vertex 24.2784 26.166 24.9
      vertex 24.4849 25.9849 27
      vertex 24.2784 26.166 27
    endloop
  endfacet
  facet normal -0.659355 -0.751832 -0
    outer loop
      vertex 24.4849 25.9849 27
      vertex 24.2784 26.166 24.9
      vertex 24.4849 25.9849 24.9
    endloop
  endfacet
  facet normal 0.0655283 -0.997851 0
    outer loop
      vertex 22.7259 26.582 24.9
      vertex 23 26.6 27
      vertex 22.7259 26.582 27
    endloop
  endfacet
  facet normal 0.0655283 -0.997851 0
    outer loop
      vertex 23 26.6 27
      vertex 22.7259 26.582 24.9
      vertex 23 26.6 24.9
    endloop
  endfacet
  facet normal -0.441964 -0.897033 0
    outer loop
      vertex 23.8036 26.4401 24.9
      vertex 24.05 26.3187 27
      vertex 23.8036 26.4401 27
    endloop
  endfacet
  facet normal -0.441964 -0.897033 -0
    outer loop
      vertex 24.05 26.3187 27
      vertex 23.8036 26.4401 24.9
      vertex 24.05 26.3187 24.9
    endloop
  endfacet
  facet normal -0.195136 -0.980776 0
    outer loop
      vertex 23.2741 26.582 24.9
      vertex 23.5435 26.5284 27
      vertex 23.2741 26.582 27
    endloop
  endfacet
  facet normal -0.195136 -0.980776 -0
    outer loop
      vertex 23.5435 26.5284 27
      vertex 23.2741 26.582 24.9
      vertex 23.5435 26.5284 24.9
    endloop
  endfacet
  facet normal 0.997851 0.0655283 0
    outer loop
      vertex 20.918 24.2259 27
      vertex 20.9 24.5 24.9
      vertex 20.9 24.5 27
    endloop
  endfacet
  facet normal 0.997851 0.0655283 0
    outer loop
      vertex 20.9 24.5 24.9
      vertex 20.918 24.2259 27
      vertex 20.918 24.2259 24.9
    endloop
  endfacet
  facet normal 0.980776 -0.195136 0
    outer loop
      vertex 20.918 24.7741 27
      vertex 20.9716 25.0435 24.9
      vertex 20.9716 25.0435 27
    endloop
  endfacet
  facet normal 0.980776 -0.195136 0
    outer loop
      vertex 20.9716 25.0435 24.9
      vertex 20.918 24.7741 27
      vertex 20.918 24.7741 24.9
    endloop
  endfacet
  facet normal 0.897033 -0.441964 0
    outer loop
      vertex 21.0599 25.3036 27
      vertex 21.1813 25.55 24.9
      vertex 21.1813 25.55 27
    endloop
  endfacet
  facet normal 0.897033 -0.441964 0
    outer loop
      vertex 21.1813 25.55 24.9
      vertex 21.0599 25.3036 27
      vertex 21.0599 25.3036 24.9
    endloop
  endfacet
  facet normal 0.195136 -0.980776 0
    outer loop
      vertex 22.4565 26.5284 24.9
      vertex 22.7259 26.582 27
      vertex 22.4565 26.5284 27
    endloop
  endfacet
  facet normal 0.195136 -0.980776 0
    outer loop
      vertex 22.7259 26.582 27
      vertex 22.4565 26.5284 24.9
      vertex 22.7259 26.582 24.9
    endloop
  endfacet
  facet normal 0.659355 -0.751832 0
    outer loop
      vertex 21.5151 25.9849 24.9
      vertex 21.7216 26.166 27
      vertex 21.5151 25.9849 27
    endloop
  endfacet
  facet normal 0.659355 -0.751832 0
    outer loop
      vertex 21.7216 26.166 27
      vertex 21.5151 25.9849 24.9
      vertex 21.7216 26.166 24.9
    endloop
  endfacet
  facet normal 0.751832 -0.659355 0
    outer loop
      vertex 21.334 25.7784 27
      vertex 21.5151 25.9849 24.9
      vertex 21.5151 25.9849 27
    endloop
  endfacet
  facet normal 0.751832 -0.659355 0
    outer loop
      vertex 21.5151 25.9849 24.9
      vertex 21.334 25.7784 27
      vertex 21.334 25.7784 24.9
    endloop
  endfacet
  facet normal -0.997851 -0.0655283 0
    outer loop
      vertex 25.1 24.5 24.9
      vertex 25.082 24.7741 27
      vertex 25.082 24.7741 24.9
    endloop
  endfacet
  facet normal -0.997851 -0.0655283 0
    outer loop
      vertex 25.082 24.7741 27
      vertex 25.1 24.5 24.9
      vertex 25.1 24.5 27
    endloop
  endfacet
  facet normal -0.195136 0.980776 0
    outer loop
      vertex 23.5435 22.4716 24.9
      vertex 23.2741 22.418 27
      vertex 23.5435 22.4716 27
    endloop
  endfacet
  facet normal -0.195136 0.980776 0
    outer loop
      vertex 23.2741 22.418 27
      vertex 23.5435 22.4716 24.9
      vertex 23.2741 22.418 24.9
    endloop
  endfacet
  facet normal -0.831322 0.555792 0
    outer loop
      vertex 24.666 23.2216 24.9
      vertex 24.8187 23.45 27
      vertex 24.8187 23.45 24.9
    endloop
  endfacet
  facet normal -0.831322 0.555792 0
    outer loop
      vertex 24.8187 23.45 27
      vertex 24.666 23.2216 24.9
      vertex 24.666 23.2216 27
    endloop
  endfacet
  facet normal -0.897033 0.441964 0
    outer loop
      vertex 24.8187 23.45 24.9
      vertex 24.9401 23.6964 27
      vertex 24.9401 23.6964 24.9
    endloop
  endfacet
  facet normal -0.897033 0.441964 0
    outer loop
      vertex 24.9401 23.6964 27
      vertex 24.8187 23.45 24.9
      vertex 24.8187 23.45 27
    endloop
  endfacet
  facet normal -0.321465 0.946921 0
    outer loop
      vertex 23.8036 22.5599 24.9
      vertex 23.5435 22.4716 27
      vertex 23.8036 22.5599 27
    endloop
  endfacet
  facet normal -0.321465 0.946921 0
    outer loop
      vertex 23.5435 22.4716 27
      vertex 23.8036 22.5599 24.9
      vertex 23.5435 22.4716 24.9
    endloop
  endfacet
  facet normal -0.751832 0.659355 0
    outer loop
      vertex 24.4849 23.0151 24.9
      vertex 24.666 23.2216 27
      vertex 24.666 23.2216 24.9
    endloop
  endfacet
  facet normal -0.751832 0.659355 0
    outer loop
      vertex 24.666 23.2216 27
      vertex 24.4849 23.0151 24.9
      vertex 24.4849 23.0151 27
    endloop
  endfacet
  facet normal -0.659355 0.751832 0
    outer loop
      vertex 24.4849 23.0151 24.9
      vertex 24.2784 22.834 27
      vertex 24.4849 23.0151 27
    endloop
  endfacet
  facet normal -0.659355 0.751832 0
    outer loop
      vertex 24.2784 22.834 27
      vertex 24.4849 23.0151 24.9
      vertex 24.2784 22.834 24.9
    endloop
  endfacet
  facet normal -0.0655283 0.997851 0
    outer loop
      vertex 23.2741 22.418 24.9
      vertex 23 22.4 27
      vertex 23.2741 22.418 27
    endloop
  endfacet
  facet normal -0.0655283 0.997851 0
    outer loop
      vertex 23 22.4 27
      vertex 23.2741 22.418 24.9
      vertex 23 22.4 24.9
    endloop
  endfacet
  facet normal 0.441964 0.897033 -0
    outer loop
      vertex 22.1964 22.5599 24.9
      vertex 21.95 22.6813 27
      vertex 22.1964 22.5599 27
    endloop
  endfacet
  facet normal 0.441964 0.897033 0
    outer loop
      vertex 21.95 22.6813 27
      vertex 22.1964 22.5599 24.9
      vertex 21.95 22.6813 24.9
    endloop
  endfacet
  facet normal 0.897033 0.441964 0
    outer loop
      vertex 21.1813 23.45 27
      vertex 21.0599 23.6964 24.9
      vertex 21.0599 23.6964 27
    endloop
  endfacet
  facet normal 0.897033 0.441964 0
    outer loop
      vertex 21.0599 23.6964 24.9
      vertex 21.1813 23.45 27
      vertex 21.1813 23.45 24.9
    endloop
  endfacet
  facet normal 0.980776 0.195136 0
    outer loop
      vertex 20.9716 23.9565 27
      vertex 20.918 24.2259 24.9
      vertex 20.918 24.2259 27
    endloop
  endfacet
  facet normal 0.980776 0.195136 0
    outer loop
      vertex 20.918 24.2259 24.9
      vertex 20.9716 23.9565 27
      vertex 20.9716 23.9565 24.9
    endloop
  endfacet
  facet normal 0.751832 0.659355 0
    outer loop
      vertex 21.5151 23.0151 27
      vertex 21.334 23.2216 24.9
      vertex 21.334 23.2216 27
    endloop
  endfacet
  facet normal 0.751832 0.659355 0
    outer loop
      vertex 21.334 23.2216 24.9
      vertex 21.5151 23.0151 27
      vertex 21.5151 23.0151 24.9
    endloop
  endfacet
  facet normal 0.659355 0.751832 -0
    outer loop
      vertex 21.7216 22.834 24.9
      vertex 21.5151 23.0151 27
      vertex 21.7216 22.834 27
    endloop
  endfacet
  facet normal 0.659355 0.751832 0
    outer loop
      vertex 21.5151 23.0151 27
      vertex 21.7216 22.834 24.9
      vertex 21.5151 23.0151 24.9
    endloop
  endfacet
  facet normal -0.980776 -0.195136 0
    outer loop
      vertex 25.082 24.7741 24.9
      vertex 25.0284 25.0435 27
      vertex 25.0284 25.0435 24.9
    endloop
  endfacet
  facet normal -0.980776 -0.195136 0
    outer loop
      vertex 25.0284 25.0435 27
      vertex 25.082 24.7741 24.9
      vertex 25.082 24.7741 27
    endloop
  endfacet
  facet normal -0.0655283 -0.997851 0
    outer loop
      vertex 23 26.6 24.9
      vertex 23.2741 26.582 27
      vertex 23 26.6 27
    endloop
  endfacet
  facet normal -0.0655283 -0.997851 -0
    outer loop
      vertex 23.2741 26.582 27
      vertex 23 26.6 24.9
      vertex 23.2741 26.582 24.9
    endloop
  endfacet
  facet normal 0 0 1
    outer loop
      vertex 107.3 29.1 27
      vertex 42.1 24.5 27
      vertex 107.3 19.9 27
    endloop
  endfacet
  facet normal 0 0 1
    outer loop
      vertex 107.3 29.1 27
      vertex 42.082 24.7741 27
      vertex 42.1 24.5 27
    endloop
  endfacet
  facet normal 0 0 1
    outer loop
      vertex 107.3 29.1 27
      vertex 42.0284 25.0435 27
      vertex 42.082 24.7741 27
    endloop
  endfacet
  facet normal 0 0 1
    outer loop
      vertex 107.3 29.1 27
      vertex 41.9401 25.3036 27
      vertex 42.0284 25.0435 27
    endloop
  endfacet
  facet normal 0 0 1
    outer loop
      vertex 107.3 29.1 27
      vertex 41.8187 25.55 27
      vertex 41.9401 25.3036 27
    endloop
  endfacet
  facet normal 0 0 1
    outer loop
      vertex 107.3 29.1 27
      vertex 41.666 25.7784 27
      vertex 41.8187 25.55 27
    endloop
  endfacet
  facet normal 0 0 1
    outer loop
      vertex 107.3 29.1 27
      vertex 41.4849 25.9849 27
      vertex 41.666 25.7784 27
    endloop
  endfacet
  facet normal 0 0 1
    outer loop
      vertex 107.3 29.1 27
      vertex 41.2784 26.166 27
      vertex 41.4849 25.9849 27
    endloop
  endfacet
  facet normal 0 0 1
    outer loop
      vertex 107.3 29.1 27
      vertex 41.05 26.3187 27
      vertex 41.2784 26.166 27
    endloop
  endfacet
  facet normal 0 0 1
    outer loop
      vertex 107.3 29.1 27
      vertex 40.8036 26.4401 27
      vertex 41.05 26.3187 27
    endloop
  endfacet
  facet normal 0 0 1
    outer loop
      vertex 107.3 29.1 27
      vertex 40.5435 26.5284 27
      vertex 40.8036 26.4401 27
    endloop
  endfacet
  facet normal 0 0 1
    outer loop
      vertex 107.3 29.1 27
      vertex 40.2741 26.582 27
      vertex 40.5435 26.5284 27
    endloop
  endfacet
  facet normal 0 0 1
    outer loop
      vertex 107.3 29.1 27
      vertex 40 26.6 27
      vertex 40.2741 26.582 27
    endloop
  endfacet
  facet normal 0 0 1
    outer loop
      vertex 37.918 24.7741 27
      vertex 25.1 24.5 27
      vertex 37.9 24.5 27
    endloop
  endfacet
  facet normal 0 0 1
    outer loop
      vertex 25.082 24.7741 27
      vertex 37.918 24.7741 27
      vertex 37.9716 25.0435 27
    endloop
  endfacet
  facet normal 0 0 1
    outer loop
      vertex 25.0284 25.0435 27
      vertex 37.9716 25.0435 27
      vertex 38.0599 25.3036 27
    endloop
  endfacet
  facet normal 0 0 1
    outer loop
      vertex 24.9401 25.3036 27
      vertex 38.0599 25.3036 27
      vertex 38.1813 25.55 27
    endloop
  endfacet
  facet normal 0 0 1
    outer loop
      vertex 24.8187 25.55 27
      vertex 38.1813 25.55 27
      vertex 38.334 25.7784 27
    endloop
  endfacet
  facet normal 0 0 1
    outer loop
      vertex 24.666 25.7784 27
      vertex 38.334 25.7784 27
      vertex 38.5151 25.9849 27
    endloop
  endfacet
  facet normal 0 0 1
    outer loop
      vertex 24.4849 25.9849 27
      vertex 38.5151 25.9849 27
      vertex 38.7216 26.166 27
    endloop
  endfacet
  facet normal 0 0 1
    outer loop
      vertex 24.2784 26.166 27
      vertex 38.7216 26.166 27
      vertex 38.95 26.3187 27
    endloop
  endfacet
  facet normal 0 0 1
    outer loop
      vertex 24.05 26.3187 27
      vertex 38.95 26.3187 27
      vertex 39.1964 26.4401 27
    endloop
  endfacet
  facet normal 0 0 1
    outer loop
      vertex 23.8036 26.4401 27
      vertex 39.1964 26.4401 27
      vertex 39.4565 26.5284 27
    endloop
  endfacet
  facet normal 0 0 1
    outer loop
      vertex 17 29.1 27
      vertex 39.4565 26.5284 27
      vertex 39.7259 26.582 27
    endloop
  endfacet
  facet normal 0 0 1
    outer loop
      vertex 37.918 24.7741 27
      vertex 25.082 24.7741 27
      vertex 25.1 24.5 27
    endloop
  endfacet
  facet normal 0 0 1
    outer loop
      vertex 37.9716 25.0435 27
      vertex 25.0284 25.0435 27
      vertex 25.082 24.7741 27
    endloop
  endfacet
  facet normal 0 0 1
    outer loop
      vertex 38.0599 25.3036 27
      vertex 24.9401 25.3036 27
      vertex 25.0284 25.0435 27
    endloop
  endfacet
  facet normal 0 0 1
    outer loop
      vertex 38.1813 25.55 27
      vertex 24.8187 25.55 27
      vertex 24.9401 25.3036 27
    endloop
  endfacet
  facet normal 0 0 1
    outer loop
      vertex 38.334 25.7784 27
      vertex 24.666 25.7784 27
      vertex 24.8187 25.55 27
    endloop
  endfacet
  facet normal 0 0 1
    outer loop
      vertex 17 29.1 27
      vertex 39.7259 26.582 27
      vertex 40 26.6 27
    endloop
  endfacet
  facet normal 0 0 1
    outer loop
      vertex 38.5151 25.9849 27
      vertex 24.4849 25.9849 27
      vertex 24.666 25.7784 27
    endloop
  endfacet
  facet normal 0 0 1
    outer loop
      vertex 38.7216 26.166 27
      vertex 24.2784 26.166 27
      vertex 24.4849 25.9849 27
    endloop
  endfacet
  facet normal -0 0 1
    outer loop
      vertex 17 29.1 27
      vertex 40 26.6 27
      vertex 107.3 29.1 27
    endloop
  endfacet
  facet normal 0 0 1
    outer loop
      vertex 38.95 26.3187 27
      vertex 24.05 26.3187 27
      vertex 24.2784 26.166 27
    endloop
  endfacet
  facet normal 0 0 1
    outer loop
      vertex 39.1964 26.4401 27
      vertex 23.8036 26.4401 27
      vertex 24.05 26.3187 27
    endloop
  endfacet
  facet normal 0 0 1
    outer loop
      vertex 39.4565 26.5284 27
      vertex 17 29.1 27
      vertex 23.5435 26.5284 27
    endloop
  endfacet
  facet normal 0 0 1
    outer loop
      vertex 39.4565 26.5284 27
      vertex 23.5435 26.5284 27
      vertex 23.8036 26.4401 27
    endloop
  endfacet
  facet normal 0 0 1
    outer loop
      vertex 23.5435 26.5284 27
      vertex 17 29.1 27
      vertex 23.2741 26.582 27
    endloop
  endfacet
  facet normal 0 0 1
    outer loop
      vertex 20.918 24.7741 27
      vertex 17 29.1 27
      vertex 20.9 24.5 27
    endloop
  endfacet
  facet normal 0 0 1
    outer loop
      vertex 20.9716 25.0435 27
      vertex 17 29.1 27
      vertex 20.918 24.7741 27
    endloop
  endfacet
  facet normal 0 0 1
    outer loop
      vertex 21.0599 25.3036 27
      vertex 17 29.1 27
      vertex 20.9716 25.0435 27
    endloop
  endfacet
  facet normal 0 0 1
    outer loop
      vertex 21.1813 25.55 27
      vertex 17 29.1 27
      vertex 21.0599 25.3036 27
    endloop
  endfacet
  facet normal 0 0 1
    outer loop
      vertex 21.334 25.7784 27
      vertex 17 29.1 27
      vertex 21.1813 25.55 27
    endloop
  endfacet
  facet normal 0 0 1
    outer loop
      vertex 21.5151 25.9849 27
      vertex 17 29.1 27
      vertex 21.334 25.7784 27
    endloop
  endfacet
  facet normal 0 0 1
    outer loop
      vertex 21.7216 26.166 27
      vertex 17 29.1 27
      vertex 21.5151 25.9849 27
    endloop
  endfacet
  facet normal 0 0 1
    outer loop
      vertex 21.95 26.3187 27
      vertex 17 29.1 27
      vertex 21.7216 26.166 27
    endloop
  endfacet
  facet normal 0 0 1
    outer loop
      vertex 22.1964 26.4401 27
      vertex 17 29.1 27
      vertex 21.95 26.3187 27
    endloop
  endfacet
  facet normal 0 0 1
    outer loop
      vertex 22.4565 26.5284 27
      vertex 17 29.1 27
      vertex 22.1964 26.4401 27
    endloop
  endfacet
  facet normal 0 0 1
    outer loop
      vertex 22.7259 26.582 27
      vertex 17 29.1 27
      vertex 22.4565 26.5284 27
    endloop
  endfacet
  facet normal 0 0 1
    outer loop
      vertex 23 26.6 27
      vertex 17 29.1 27
      vertex 22.7259 26.582 27
    endloop
  endfacet
  facet normal 0 0 1
    outer loop
      vertex 23.2741 26.582 27
      vertex 17 29.1 27
      vertex 23 26.6 27
    endloop
  endfacet
  facet normal -0 0 1
    outer loop
      vertex 42.082 24.2259 27
      vertex 107.3 19.9 27
      vertex 42.1 24.5 27
    endloop
  endfacet
  facet normal -0 0 1
    outer loop
      vertex 42.0284 23.9565 27
      vertex 107.3 19.9 27
      vertex 42.082 24.2259 27
    endloop
  endfacet
  facet normal -0 0 1
    outer loop
      vertex 41.9401 23.6964 27
      vertex 107.3 19.9 27
      vertex 42.0284 23.9565 27
    endloop
  endfacet
  facet normal -0 0 1
    outer loop
      vertex 41.8187 23.45 27
      vertex 107.3 19.9 27
      vertex 41.9401 23.6964 27
    endloop
  endfacet
  facet normal -0 0 1
    outer loop
      vertex 41.666 23.2216 27
      vertex 107.3 19.9 27
      vertex 41.8187 23.45 27
    endloop
  endfacet
  facet normal -0 0 1
    outer loop
      vertex 41.4849 23.0151 27
      vertex 107.3 19.9 27
      vertex 41.666 23.2216 27
    endloop
  endfacet
  facet normal -0 0 1
    outer loop
      vertex 41.2784 22.834 27
      vertex 107.3 19.9 27
      vertex 41.4849 23.0151 27
    endloop
  endfacet
  facet normal -0 0 1
    outer loop
      vertex 41.05 22.6813 27
      vertex 107.3 19.9 27
      vertex 41.2784 22.834 27
    endloop
  endfacet
  facet normal -0 0 1
    outer loop
      vertex 40.8036 22.5599 27
      vertex 107.3 19.9 27
      vertex 41.05 22.6813 27
    endloop
  endfacet
  facet normal -0 0 1
    outer loop
      vertex 40.5435 22.4716 27
      vertex 107.3 19.9 27
      vertex 40.8036 22.5599 27
    endloop
  endfacet
  facet normal -0 0 1
    outer loop
      vertex 40.2741 22.418 27
      vertex 107.3 19.9 27
      vertex 40.5435 22.4716 27
    endloop
  endfacet
  facet normal -0 0 1
    outer loop
      vertex 40 22.4 27
      vertex 107.3 19.9 27
      vertex 40.2741 22.418 27
    endloop
  endfacet
  facet normal -0 0 1
    outer loop
      vertex 25.1 24.5 27
      vertex 37.918 24.2259 27
      vertex 37.9 24.5 27
    endloop
  endfacet
  facet normal 0 0 1
    outer loop
      vertex 25.082 24.2259 27
      vertex 37.918 24.2259 27
      vertex 25.1 24.5 27
    endloop
  endfacet
  facet normal 0 0 1
    outer loop
      vertex 37.918 24.2259 27
      vertex 25.082 24.2259 27
      vertex 37.9716 23.9565 27
    endloop
  endfacet
  facet normal 0 0 1
    outer loop
      vertex 25.0284 23.9565 27
      vertex 37.9716 23.9565 27
      vertex 25.082 24.2259 27
    endloop
  endfacet
  facet normal 0 0 1
    outer loop
      vertex 37.9716 23.9565 27
      vertex 25.0284 23.9565 27
      vertex 38.0599 23.6964 27
    endloop
  endfacet
  facet normal 0 0 1
    outer loop
      vertex 24.9401 23.6964 27
      vertex 38.0599 23.6964 27
      vertex 25.0284 23.9565 27
    endloop
  endfacet
  facet normal 0 0 1
    outer loop
      vertex 38.0599 23.6964 27
      vertex 24.9401 23.6964 27
      vertex 38.1813 23.45 27
    endloop
  endfacet
  facet normal 0 0 1
    outer loop
      vertex 24.8187 23.45 27
      vertex 38.1813 23.45 27
      vertex 24.9401 23.6964 27
    endloop
  endfacet
  facet normal 0 0 1
    outer loop
      vertex 38.1813 23.45 27
      vertex 24.8187 23.45 27
      vertex 38.334 23.2216 27
    endloop
  endfacet
  facet normal 0 0 1
    outer loop
      vertex 24.666 23.2216 27
      vertex 38.334 23.2216 27
      vertex 24.8187 23.45 27
    endloop
  endfacet
  facet normal 0 0 1
    outer loop
      vertex 38.334 23.2216 27
      vertex 24.666 23.2216 27
      vertex 38.5151 23.0151 27
    endloop
  endfacet
  facet normal 0 0 1
    outer loop
      vertex 24.4849 23.0151 27
      vertex 38.5151 23.0151 27
      vertex 24.666 23.2216 27
    endloop
  endfacet
  facet normal 0 0 1
    outer loop
      vertex 38.5151 23.0151 27
      vertex 24.4849 23.0151 27
      vertex 38.7216 22.834 27
    endloop
  endfacet
  facet normal 0 0 1
    outer loop
      vertex 24.2784 22.834 27
      vertex 38.7216 22.834 27
      vertex 24.4849 23.0151 27
    endloop
  endfacet
  facet normal 0 0 1
    outer loop
      vertex 38.7216 22.834 27
      vertex 24.2784 22.834 27
      vertex 38.95 22.6813 27
    endloop
  endfacet
  facet normal 0 0 1
    outer loop
      vertex 24.05 22.6813 27
      vertex 38.95 22.6813 27
      vertex 24.2784 22.834 27
    endloop
  endfacet
  facet normal 0 0 1
    outer loop
      vertex 38.95 22.6813 27
      vertex 24.05 22.6813 27
      vertex 39.1964 22.5599 27
    endloop
  endfacet
  facet normal 0 0 1
    outer loop
      vertex 23.8036 22.5599 27
      vertex 39.1964 22.5599 27
      vertex 24.05 22.6813 27
    endloop
  endfacet
  facet normal 0 0 1
    outer loop
      vertex 39.1964 22.5599 27
      vertex 23.8036 22.5599 27
      vertex 39.4565 22.4716 27
    endloop
  endfacet
  facet normal 0 0 1
    outer loop
      vertex 23.5435 22.4716 27
      vertex 39.4565 22.4716 27
      vertex 23.8036 22.5599 27
    endloop
  endfacet
  facet normal 0 0 1
    outer loop
      vertex 17 19.9 27
      vertex 39.4565 22.4716 27
      vertex 23.5435 22.4716 27
    endloop
  endfacet
  facet normal 0 0 1
    outer loop
      vertex 39.4565 22.4716 27
      vertex 17 19.9 27
      vertex 39.7259 22.418 27
    endloop
  endfacet
  facet normal 0 0 1
    outer loop
      vertex 39.7259 22.418 27
      vertex 17 19.9 27
      vertex 40 22.4 27
    endloop
  endfacet
  facet normal 0 0 1
    outer loop
      vertex 17 19.9 27
      vertex 23.5435 22.4716 27
      vertex 23.2741 22.418 27
    endloop
  endfacet
  facet normal 0 0 1
    outer loop
      vertex 17 19.9 27
      vertex 23.2741 22.418 27
      vertex 23 22.4 27
    endloop
  endfacet
  facet normal 0 0 1
    outer loop
      vertex 17 19.9 27
      vertex 20.9 24.5 27
      vertex 17 29.1 27
    endloop
  endfacet
  facet normal 0 0 1
    outer loop
      vertex 20.9 24.5 27
      vertex 17 19.9 27
      vertex 20.918 24.2259 27
    endloop
  endfacet
  facet normal 0 0 1
    outer loop
      vertex 20.918 24.2259 27
      vertex 17 19.9 27
      vertex 20.9716 23.9565 27
    endloop
  endfacet
  facet normal 0 0 1
    outer loop
      vertex 20.9716 23.9565 27
      vertex 17 19.9 27
      vertex 21.0599 23.6964 27
    endloop
  endfacet
  facet normal 0 0 1
    outer loop
      vertex 21.0599 23.6964 27
      vertex 17 19.9 27
      vertex 21.1813 23.45 27
    endloop
  endfacet
  facet normal 0 0 1
    outer loop
      vertex 40 22.4 27
      vertex 17 19.9 27
      vertex 107.3 19.9 27
    endloop
  endfacet
  facet normal 0 0 1
    outer loop
      vertex 22.7259 22.418 27
      vertex 17 19.9 27
      vertex 23 22.4 27
    endloop
  endfacet
  facet normal 0 0 1
    outer loop
      vertex 22.4565 22.4716 27
      vertex 17 19.9 27
      vertex 22.7259 22.418 27
    endloop
  endfacet
  facet normal 0 0 1
    outer loop
      vertex 22.1964 22.5599 27
      vertex 17 19.9 27
      vertex 22.4565 22.4716 27
    endloop
  endfacet
  facet normal 0 0 1
    outer loop
      vertex 21.95 22.6813 27
      vertex 17 19.9 27
      vertex 22.1964 22.5599 27
    endloop
  endfacet
  facet normal 0 0 1
    outer loop
      vertex 21.7216 22.834 27
      vertex 17 19.9 27
      vertex 21.95 22.6813 27
    endloop
  endfacet
  facet normal 0 0 1
    outer loop
      vertex 21.5151 23.0151 27
      vertex 17 19.9 27
      vertex 21.7216 22.834 27
    endloop
  endfacet
  facet normal 0 0 1
    outer loop
      vertex 21.334 23.2216 27
      vertex 17 19.9 27
      vertex 21.5151 23.0151 27
    endloop
  endfacet
  facet normal 0 0 1
    outer loop
      vertex 21.1813 23.45 27
      vertex 17 19.9 27
      vertex 21.334 23.2216 27
    endloop
  endfacet
  facet normal 0.997851 -0.0655283 0
    outer loop
      vertex 20.9 24.5 27
      vertex 20.918 24.7741 24.9
      vertex 20.918 24.7741 27
    endloop
  endfacet
  facet normal 0.997851 -0.0655283 0
    outer loop
      vertex 20.918 24.7741 24.9
      vertex 20.9 24.5 27
      vertex 20.9 24.5 24.9
    endloop
  endfacet
  facet normal -0.997851 -0.0655283 0
    outer loop
      vertex 42.1 24.5 24.9
      vertex 42.082 24.7741 27
      vertex 42.082 24.7741 24.9
    endloop
  endfacet
  facet normal -0.997851 -0.0655283 0
    outer loop
      vertex 42.082 24.7741 27
      vertex 42.1 24.5 24.9
      vertex 42.1 24.5 27
    endloop
  endfacet
  facet normal 0.0655283 -0.997851 0
    outer loop
      vertex 39.7259 26.582 24.9
      vertex 40 26.6 27
      vertex 39.7259 26.582 27
    endloop
  endfacet
  facet normal 0.0655283 -0.997851 0
    outer loop
      vertex 40 26.6 27
      vertex 39.7259 26.582 24.9
      vertex 40 26.6 24.9
    endloop
  endfacet
  facet normal -0.659355 -0.751832 0
    outer loop
      vertex 41.2784 26.166 24.9
      vertex 41.4849 25.9849 27
      vertex 41.2784 26.166 27
    endloop
  endfacet
  facet normal -0.659355 -0.751832 -0
    outer loop
      vertex 41.4849 25.9849 27
      vertex 41.2784 26.166 24.9
      vertex 41.4849 25.9849 24.9
    endloop
  endfacet
  facet normal 0.751832 -0.659355 0
    outer loop
      vertex 38.334 25.7784 27
      vertex 38.5151 25.9849 24.9
      vertex 38.5151 25.9849 27
    endloop
  endfacet
  facet normal 0.751832 -0.659355 0
    outer loop
      vertex 38.5151 25.9849 24.9
      vertex 38.334 25.7784 27
      vertex 38.334 25.7784 24.9
    endloop
  endfacet
  facet normal 0.441964 -0.897033 0
    outer loop
      vertex 38.95 26.3187 24.9
      vertex 39.1964 26.4401 27
      vertex 38.95 26.3187 27
    endloop
  endfacet
  facet normal 0.441964 -0.897033 0
    outer loop
      vertex 39.1964 26.4401 27
      vertex 38.95 26.3187 24.9
      vertex 39.1964 26.4401 24.9
    endloop
  endfacet
  facet normal -0.897033 -0.441964 0
    outer loop
      vertex 41.9401 25.3036 24.9
      vertex 41.8187 25.55 27
      vertex 41.8187 25.55 24.9
    endloop
  endfacet
  facet normal -0.897033 -0.441964 0
    outer loop
      vertex 41.8187 25.55 27
      vertex 41.9401 25.3036 24.9
      vertex 41.9401 25.3036 27
    endloop
  endfacet
  facet normal -0.831322 -0.555792 0
    outer loop
      vertex 41.8187 25.55 24.9
      vertex 41.666 25.7784 27
      vertex 41.666 25.7784 24.9
    endloop
  endfacet
  facet normal -0.831322 -0.555792 0
    outer loop
      vertex 41.666 25.7784 27
      vertex 41.8187 25.55 24.9
      vertex 41.8187 25.55 27
    endloop
  endfacet
  facet normal -0.321465 -0.946921 0
    outer loop
      vertex 40.5435 26.5284 24.9
      vertex 40.8036 26.4401 27
      vertex 40.5435 26.5284 27
    endloop
  endfacet
  facet normal -0.321465 -0.946921 -0
    outer loop
      vertex 40.8036 26.4401 27
      vertex 40.5435 26.5284 24.9
      vertex 40.8036 26.4401 24.9
    endloop
  endfacet
  facet normal -0.195136 -0.980776 0
    outer loop
      vertex 40.2741 26.582 24.9
      vertex 40.5435 26.5284 27
      vertex 40.2741 26.582 27
    endloop
  endfacet
  facet normal -0.195136 -0.980776 -0
    outer loop
      vertex 40.5435 26.5284 27
      vertex 40.2741 26.582 24.9
      vertex 40.5435 26.5284 24.9
    endloop
  endfacet
  facet normal -0.555792 -0.831322 0
    outer loop
      vertex 41.05 26.3187 24.9
      vertex 41.2784 26.166 27
      vertex 41.05 26.3187 27
    endloop
  endfacet
  facet normal -0.555792 -0.831322 -0
    outer loop
      vertex 41.2784 26.166 27
      vertex 41.05 26.3187 24.9
      vertex 41.2784 26.166 24.9
    endloop
  endfacet
  facet normal 0.897033 -0.441964 0
    outer loop
      vertex 38.0599 25.3036 27
      vertex 38.1813 25.55 24.9
      vertex 38.1813 25.55 27
    endloop
  endfacet
  facet normal 0.897033 -0.441964 0
    outer loop
      vertex 38.1813 25.55 24.9
      vertex 38.0599 25.3036 27
      vertex 38.0599 25.3036 24.9
    endloop
  endfacet
  facet normal 0.831322 -0.555792 0
    outer loop
      vertex 38.1813 25.55 27
      vertex 38.334 25.7784 24.9
      vertex 38.334 25.7784 27
    endloop
  endfacet
  facet normal 0.831322 -0.555792 0
    outer loop
      vertex 38.334 25.7784 24.9
      vertex 38.1813 25.55 27
      vertex 38.1813 25.55 24.9
    endloop
  endfacet
  facet normal 0.980776 -0.195136 0
    outer loop
      vertex 37.918 24.7741 27
      vertex 37.9716 25.0435 24.9
      vertex 37.9716 25.0435 27
    endloop
  endfacet
  facet normal 0.980776 -0.195136 0
    outer loop
      vertex 37.9716 25.0435 24.9
      vertex 37.918 24.7741 27
      vertex 37.918 24.7741 24.9
    endloop
  endfacet
  facet normal 0.555792 -0.831322 0
    outer loop
      vertex 38.7216 26.166 24.9
      vertex 38.95 26.3187 27
      vertex 38.7216 26.166 27
    endloop
  endfacet
  facet normal 0.555792 -0.831322 0
    outer loop
      vertex 38.95 26.3187 27
      vertex 38.7216 26.166 24.9
      vertex 38.95 26.3187 24.9
    endloop
  endfacet
  facet normal 0.321465 -0.946921 0
    outer loop
      vertex 39.1964 26.4401 24.9
      vertex 39.4565 26.5284 27
      vertex 39.1964 26.4401 27
    endloop
  endfacet
  facet normal 0.321465 -0.946921 0
    outer loop
      vertex 39.4565 26.5284 27
      vertex 39.1964 26.4401 24.9
      vertex 39.4565 26.5284 24.9
    endloop
  endfacet
  facet normal -0.897033 0.441964 0
    outer loop
      vertex 41.8187 23.45 24.9
      vertex 41.9401 23.6964 27
      vertex 41.9401 23.6964 24.9
    endloop
  endfacet
  facet normal -0.897033 0.441964 0
    outer loop
      vertex 41.9401 23.6964 27
      vertex 41.8187 23.45 24.9
      vertex 41.8187 23.45 27
    endloop
  endfacet
  facet normal -0.751832 0.659355 0
    outer loop
      vertex 41.4849 23.0151 24.9
      vertex 41.666 23.2216 27
      vertex 41.666 23.2216 24.9
    endloop
  endfacet
  facet normal -0.751832 0.659355 0
    outer loop
      vertex 41.666 23.2216 27
      vertex 41.4849 23.0151 24.9
      vertex 41.4849 23.0151 27
    endloop
  endfacet
  facet normal -0.555792 0.831322 0
    outer loop
      vertex 41.2784 22.834 24.9
      vertex 41.05 22.6813 27
      vertex 41.2784 22.834 27
    endloop
  endfacet
  facet normal -0.555792 0.831322 0
    outer loop
      vertex 41.05 22.6813 27
      vertex 41.2784 22.834 24.9
      vertex 41.05 22.6813 24.9
    endloop
  endfacet
  facet normal -0.831322 0.555792 0
    outer loop
      vertex 41.666 23.2216 24.9
      vertex 41.8187 23.45 27
      vertex 41.8187 23.45 24.9
    endloop
  endfacet
  facet normal -0.831322 0.555792 0
    outer loop
      vertex 41.8187 23.45 27
      vertex 41.666 23.2216 24.9
      vertex 41.666 23.2216 27
    endloop
  endfacet
  facet normal -0.980776 0.195136 0
    outer loop
      vertex 42.0284 23.9565 24.9
      vertex 42.082 24.2259 27
      vertex 42.082 24.2259 24.9
    endloop
  endfacet
  facet normal -0.980776 0.195136 0
    outer loop
      vertex 42.082 24.2259 27
      vertex 42.0284 23.9565 24.9
      vertex 42.0284 23.9565 27
    endloop
  endfacet
  facet normal 0.555792 0.831322 -0
    outer loop
      vertex 38.95 22.6813 24.9
      vertex 38.7216 22.834 27
      vertex 38.95 22.6813 27
    endloop
  endfacet
  facet normal 0.555792 0.831322 0
    outer loop
      vertex 38.7216 22.834 27
      vertex 38.95 22.6813 24.9
      vertex 38.7216 22.834 24.9
    endloop
  endfacet
  facet normal 0.195136 0.980776 -0
    outer loop
      vertex 39.7259 22.418 24.9
      vertex 39.4565 22.4716 27
      vertex 39.7259 22.418 27
    endloop
  endfacet
  facet normal 0.195136 0.980776 0
    outer loop
      vertex 39.4565 22.4716 27
      vertex 39.7259 22.418 24.9
      vertex 39.4565 22.4716 24.9
    endloop
  endfacet
  facet normal 0.831322 0.555792 0
    outer loop
      vertex 38.334 23.2216 27
      vertex 38.1813 23.45 24.9
      vertex 38.1813 23.45 27
    endloop
  endfacet
  facet normal 0.831322 0.555792 0
    outer loop
      vertex 38.1813 23.45 24.9
      vertex 38.334 23.2216 27
      vertex 38.334 23.2216 24.9
    endloop
  endfacet
  facet normal 0.751832 0.659355 0
    outer loop
      vertex 38.5151 23.0151 27
      vertex 38.334 23.2216 24.9
      vertex 38.334 23.2216 27
    endloop
  endfacet
  facet normal 0.751832 0.659355 0
    outer loop
      vertex 38.334 23.2216 24.9
      vertex 38.5151 23.0151 27
      vertex 38.5151 23.0151 24.9
    endloop
  endfacet
  facet normal -0.946921 -0.321465 0
    outer loop
      vertex 42.0284 25.0435 24.9
      vertex 41.9401 25.3036 27
      vertex 41.9401 25.3036 24.9
    endloop
  endfacet
  facet normal -0.946921 -0.321465 0
    outer loop
      vertex 41.9401 25.3036 27
      vertex 42.0284 25.0435 24.9
      vertex 42.0284 25.0435 27
    endloop
  endfacet
  facet normal -0.980776 -0.195136 0
    outer loop
      vertex 42.082 24.7741 24.9
      vertex 42.0284 25.0435 27
      vertex 42.0284 25.0435 24.9
    endloop
  endfacet
  facet normal -0.980776 -0.195136 0
    outer loop
      vertex 42.0284 25.0435 27
      vertex 42.082 24.7741 24.9
      vertex 42.082 24.7741 27
    endloop
  endfacet
  facet normal -0.0655283 -0.997851 0
    outer loop
      vertex 40 26.6 24.9
      vertex 40.2741 26.582 27
      vertex 40 26.6 27
    endloop
  endfacet
  facet normal -0.0655283 -0.997851 -0
    outer loop
      vertex 40.2741 26.582 27
      vertex 40 26.6 24.9
      vertex 40.2741 26.582 24.9
    endloop
  endfacet
  facet normal 0.946921 -0.321465 0
    outer loop
      vertex 37.9716 25.0435 27
      vertex 38.0599 25.3036 24.9
      vertex 38.0599 25.3036 27
    endloop
  endfacet
  facet normal 0.946921 -0.321465 0
    outer loop
      vertex 38.0599 25.3036 24.9
      vertex 37.9716 25.0435 27
      vertex 37.9716 25.0435 24.9
    endloop
  endfacet
  facet normal 0.997851 -0.0655283 0
    outer loop
      vertex 37.9 24.5 27
      vertex 37.918 24.7741 24.9
      vertex 37.918 24.7741 27
    endloop
  endfacet
  facet normal 0.997851 -0.0655283 0
    outer loop
      vertex 37.918 24.7741 24.9
      vertex 37.9 24.5 27
      vertex 37.9 24.5 24.9
    endloop
  endfacet
  facet normal 0.195136 -0.980776 0
    outer loop
      vertex 39.4565 26.5284 24.9
      vertex 39.7259 26.582 27
      vertex 39.4565 26.5284 27
    endloop
  endfacet
  facet normal 0.195136 -0.980776 0
    outer loop
      vertex 39.7259 26.582 27
      vertex 39.4565 26.5284 24.9
      vertex 39.7259 26.582 24.9
    endloop
  endfacet
  facet normal -0.997851 0.0655283 0
    outer loop
      vertex 42.082 24.2259 24.9
      vertex 42.1 24.5 27
      vertex 42.1 24.5 24.9
    endloop
  endfacet
  facet normal -0.997851 0.0655283 0
    outer loop
      vertex 42.1 24.5 27
      vertex 42.082 24.2259 24.9
      vertex 42.082 24.2259 27
    endloop
  endfacet
  facet normal -0.195136 0.980776 0
    outer loop
      vertex 40.5435 22.4716 24.9
      vertex 40.2741 22.418 27
      vertex 40.5435 22.4716 27
    endloop
  endfacet
  facet normal -0.195136 0.980776 0
    outer loop
      vertex 40.2741 22.418 27
      vertex 40.5435 22.4716 24.9
      vertex 40.2741 22.418 24.9
    endloop
  endfacet
  facet normal -0.441964 0.897033 0
    outer loop
      vertex 41.05 22.6813 24.9
      vertex 40.8036 22.5599 27
      vertex 41.05 22.6813 27
    endloop
  endfacet
  facet normal -0.441964 0.897033 0
    outer loop
      vertex 40.8036 22.5599 27
      vertex 41.05 22.6813 24.9
      vertex 40.8036 22.5599 24.9
    endloop
  endfacet
  facet normal -0.659355 0.751832 0
    outer loop
      vertex 41.4849 23.0151 24.9
      vertex 41.2784 22.834 27
      vertex 41.4849 23.0151 27
    endloop
  endfacet
  facet normal -0.659355 0.751832 0
    outer loop
      vertex 41.2784 22.834 27
      vertex 41.4849 23.0151 24.9
      vertex 41.2784 22.834 24.9
    endloop
  endfacet
  facet normal 0.441964 0.897033 -0
    outer loop
      vertex 39.1964 22.5599 24.9
      vertex 38.95 22.6813 27
      vertex 39.1964 22.5599 27
    endloop
  endfacet
  facet normal 0.441964 0.897033 0
    outer loop
      vertex 38.95 22.6813 27
      vertex 39.1964 22.5599 24.9
      vertex 38.95 22.6813 24.9
    endloop
  endfacet
  facet normal 0.0655283 0.997851 -0
    outer loop
      vertex 40 22.4 24.9
      vertex 39.7259 22.418 27
      vertex 40 22.4 27
    endloop
  endfacet
  facet normal 0.0655283 0.997851 0
    outer loop
      vertex 39.7259 22.418 27
      vertex 40 22.4 24.9
      vertex 39.7259 22.418 24.9
    endloop
  endfacet
  facet normal 0.659355 0.751832 -0
    outer loop
      vertex 38.7216 22.834 24.9
      vertex 38.5151 23.0151 27
      vertex 38.7216 22.834 27
    endloop
  endfacet
  facet normal 0.659355 0.751832 0
    outer loop
      vertex 38.5151 23.0151 27
      vertex 38.7216 22.834 24.9
      vertex 38.5151 23.0151 24.9
    endloop
  endfacet
  facet normal 0.897033 0.441964 0
    outer loop
      vertex 38.1813 23.45 27
      vertex 38.0599 23.6964 24.9
      vertex 38.0599 23.6964 27
    endloop
  endfacet
  facet normal 0.897033 0.441964 0
    outer loop
      vertex 38.0599 23.6964 24.9
      vertex 38.1813 23.45 27
      vertex 38.1813 23.45 24.9
    endloop
  endfacet
  facet normal 0.980776 0.195136 0
    outer loop
      vertex 37.9716 23.9565 27
      vertex 37.918 24.2259 24.9
      vertex 37.918 24.2259 27
    endloop
  endfacet
  facet normal 0.980776 0.195136 0
    outer loop
      vertex 37.918 24.2259 24.9
      vertex 37.9716 23.9565 27
      vertex 37.9716 23.9565 24.9
    endloop
  endfacet
  facet normal -0.751832 -0.659355 0
    outer loop
      vertex 41.666 25.7784 24.9
      vertex 41.4849 25.9849 27
      vertex 41.4849 25.9849 24.9
    endloop
  endfacet
  facet normal -0.751832 -0.659355 0
    outer loop
      vertex 41.4849 25.9849 27
      vertex 41.666 25.7784 24.9
      vertex 41.666 25.7784 27
    endloop
  endfacet
  facet normal -0.441964 -0.897033 0
    outer loop
      vertex 40.8036 26.4401 24.9
      vertex 41.05 26.3187 27
      vertex 40.8036 26.4401 27
    endloop
  endfacet
  facet normal -0.441964 -0.897033 -0
    outer loop
      vertex 41.05 26.3187 27
      vertex 40.8036 26.4401 24.9
      vertex 41.05 26.3187 24.9
    endloop
  endfacet
  facet normal 0.997851 0.0655283 0
    outer loop
      vertex 37.918 24.2259 27
      vertex 37.9 24.5 24.9
      vertex 37.9 24.5 27
    endloop
  endfacet
  facet normal 0.997851 0.0655283 0
    outer loop
      vertex 37.9 24.5 24.9
      vertex 37.918 24.2259 27
      vertex 37.918 24.2259 24.9
    endloop
  endfacet
  facet normal 0.659355 -0.751832 0
    outer loop
      vertex 38.5151 25.9849 24.9
      vertex 38.7216 26.166 27
      vertex 38.5151 25.9849 27
    endloop
  endfacet
  facet normal 0.659355 -0.751832 0
    outer loop
      vertex 38.7216 26.166 27
      vertex 38.5151 25.9849 24.9
      vertex 38.7216 26.166 24.9
    endloop
  endfacet
  facet normal -0.321465 0.946921 0
    outer loop
      vertex 40.8036 22.5599 24.9
      vertex 40.5435 22.4716 27
      vertex 40.8036 22.5599 27
    endloop
  endfacet
  facet normal -0.321465 0.946921 0
    outer loop
      vertex 40.5435 22.4716 27
      vertex 40.8036 22.5599 24.9
      vertex 40.5435 22.4716 24.9
    endloop
  endfacet
  facet normal -0.946921 0.321465 0
    outer loop
      vertex 41.9401 23.6964 24.9
      vertex 42.0284 23.9565 27
      vertex 42.0284 23.9565 24.9
    endloop
  endfacet
  facet normal -0.946921 0.321465 0
    outer loop
      vertex 42.0284 23.9565 27
      vertex 41.9401 23.6964 24.9
      vertex 41.9401 23.6964 27
    endloop
  endfacet
  facet normal 0.321465 0.946921 -0
    outer loop
      vertex 39.4565 22.4716 24.9
      vertex 39.1964 22.5599 27
      vertex 39.4565 22.4716 27
    endloop
  endfacet
  facet normal 0.321465 0.946921 0
    outer loop
      vertex 39.1964 22.5599 27
      vertex 39.4565 22.4716 24.9
      vertex 39.1964 22.5599 24.9
    endloop
  endfacet
  facet normal -0.0655283 0.997851 0
    outer loop
      vertex 40.2741 22.418 24.9
      vertex 40 22.4 27
      vertex 40.2741 22.418 27
    endloop
  endfacet
  facet normal -0.0655283 0.997851 0
    outer loop
      vertex 40 22.4 27
      vertex 40.2741 22.418 24.9
      vertex 40 22.4 24.9
    endloop
  endfacet
  facet normal 0.946921 0.321465 0
    outer loop
      vertex 38.0599 23.6964 27
      vertex 37.9716 23.9565 24.9
      vertex 37.9716 23.9565 27
    endloop
  endfacet
  facet normal 0.946921 0.321465 0
    outer loop
      vertex 37.9716 23.9565 24.9
      vertex 38.0599 23.6964 27
      vertex 38.0599 23.6964 24.9
    endloop
  endfacet
  facet normal -1 0 0
    outer loop
      vertex 15 18 24.9
      vertex 15 31 28.6
      vertex 15 31 24.9
    endloop
  endfacet
  facet normal -1 -0 0
    outer loop
      vertex 15 31 28.6
      vertex 15 18 24.9
      vertex 15 18 28.6
    endloop
  endfacet
  facet normal 1 0 0
    outer loop
      vertex 107.3 18.1 31
      vertex 107.3 18 31
      vertex 107.3 18.1 29.55
    endloop
  endfacet
  facet normal 1 0 0
    outer loop
      vertex 107.3 20.8563 29.55
      vertex 107.3 18.1 29.55
      vertex 107.3 19.9 27
    endloop
  endfacet
  facet normal 1 0 0
    outer loop
      vertex 107.3 30.9 29.55
      vertex 107.3 28.1437 29.55
      vertex 107.3 29.1 27
    endloop
  endfacet
  facet normal 1 0 0
    outer loop
      vertex 107.3 30.9 29.55
      vertex 107.3 31 31
      vertex 107.3 30.9 31
    endloop
  endfacet
  facet normal 1 0 0
    outer loop
      vertex 107.3 31 31
      vertex 107.3 30.9 29.55
      vertex 107.3 31 26
    endloop
  endfacet
  facet normal 1 -0 0
    outer loop
      vertex 107.3 29.1 27
      vertex 107.3 31 26
      vertex 107.3 30.9 29.55
    endloop
  endfacet
  facet normal 1 0 0
    outer loop
      vertex 107.3 29.1 27
      vertex 107.3 28 26
      vertex 107.3 31 26
    endloop
  endfacet
  facet normal 1 0 0
    outer loop
      vertex 107.3 28 26
      vertex 107.3 24.5 26
      vertex 107.3 28 24.9
    endloop
  endfacet
  facet normal 1 0 0
    outer loop
      vertex 107.3 29.1 27
      vertex 107.3 24.5 26
      vertex 107.3 28 26
    endloop
  endfacet
  facet normal 1 -0 0
    outer loop
      vertex 107.3 19.9 27
      vertex 107.3 24.5 26
      vertex 107.3 29.1 27
    endloop
  endfacet
  facet normal 1 0 0
    outer loop
      vertex 107.3 24.5 26
      vertex 107.3 19.9 27
      vertex 107.3 21 26
    endloop
  endfacet
  facet normal 1 0 0
    outer loop
      vertex 107.3 19.9 27
      vertex 107.3 21 24.9
      vertex 107.3 21 26
    endloop
  endfacet
  facet normal 1 0 0
    outer loop
      vertex 107.3 18 24.9
      vertex 107.3 19.9 27
      vertex 107.3 18.1 29.55
    endloop
  endfacet
  facet normal 1 0 0
    outer loop
      vertex 107.3 19.9 27
      vertex 107.3 18 24.9
      vertex 107.3 21 24.9
    endloop
  endfacet
  facet normal 1 0 0
    outer loop
      vertex 107.3 18 24.9
      vertex 107.3 18.1 29.55
      vertex 107.3 18 31
    endloop
  endfacet
  facet normal 1 0 0
    outer loop
      vertex 107.3 28 24.9
      vertex 107.3 24.5 26
      vertex 107.3 24.5 24.9
    endloop
  endfacet
  facet normal 0 1 0
    outer loop
      vertex 103.9 31 26
      vertex 104.9 31 28.6
      vertex 104.9 31 26
    endloop
  endfacet
  facet normal 0 1 0
    outer loop
      vertex 104.9 31 28.6
      vertex 103.9 31 26
      vertex 15 31 28.6
    endloop
  endfacet
  facet normal 0 1 0
    outer loop
      vertex 15 31 24.9
      vertex 103.9 31 26
      vertex 103.9 31 24.9
    endloop
  endfacet
  facet normal 0 1 0
    outer loop
      vertex 103.9 31 26
      vertex 15 31 24.9
      vertex 15 31 28.6
    endloop
  endfacet
  facet normal 0 0 -1
    outer loop
      vertex 104.9 18 24.9
      vertex 103.9 21 24.9
      vertex 104.9 21 24.9
    endloop
  endfacet
  facet normal 0 0 -1
    outer loop
      vertex 42.1 24.5 24.9
      vertex 103.9 24.5 24.9
      vertex 103.9 21 24.9
    endloop
  endfacet
  facet normal 0 0 -1
    outer loop
      vertex 103.9 24.5 24.9
      vertex 42.1 24.5 24.9
      vertex 103.9 28 24.9
    endloop
  endfacet
  facet normal 0 0 -1
    outer loop
      vertex 42.082 24.7741 24.9
      vertex 103.9 28 24.9
      vertex 42.1 24.5 24.9
    endloop
  endfacet
  facet normal 0 0 -1
    outer loop
      vertex 41.9401 23.6964 24.9
      vertex 103.9 21 24.9
      vertex 104.9 18 24.9
    endloop
  endfacet
  facet normal 0 0 -1
    outer loop
      vertex 103.9 21 24.9
      vertex 42.082 24.2259 24.9
      vertex 42.1 24.5 24.9
    endloop
  endfacet
  facet normal 0 0 -1
    outer loop
      vertex 103.9 21 24.9
      vertex 42.0284 23.9565 24.9
      vertex 42.082 24.2259 24.9
    endloop
  endfacet
  facet normal 0 0 -1
    outer loop
      vertex 103.9 21 24.9
      vertex 41.9401 23.6964 24.9
      vertex 42.0284 23.9565 24.9
    endloop
  endfacet
  facet normal 0 0 -1
    outer loop
      vertex 104.9 18 24.9
      vertex 41.8187 23.45 24.9
      vertex 41.9401 23.6964 24.9
    endloop
  endfacet
  facet normal 0 0 -1
    outer loop
      vertex 104.9 18 24.9
      vertex 41.666 23.2216 24.9
      vertex 41.8187 23.45 24.9
    endloop
  endfacet
  facet normal 0 0 -1
    outer loop
      vertex 104.9 18 24.9
      vertex 41.4849 23.0151 24.9
      vertex 41.666 23.2216 24.9
    endloop
  endfacet
  facet normal 0 0 -1
    outer loop
      vertex 104.9 18 24.9
      vertex 41.2784 22.834 24.9
      vertex 41.4849 23.0151 24.9
    endloop
  endfacet
  facet normal 0 0 -1
    outer loop
      vertex 104.9 18 24.9
      vertex 41.05 22.6813 24.9
      vertex 41.2784 22.834 24.9
    endloop
  endfacet
  facet normal 0 0 -1
    outer loop
      vertex 104.9 18 24.9
      vertex 40.8036 22.5599 24.9
      vertex 41.05 22.6813 24.9
    endloop
  endfacet
  facet normal 0 0 -1
    outer loop
      vertex 104.9 18 24.9
      vertex 40.5435 22.4716 24.9
      vertex 40.8036 22.5599 24.9
    endloop
  endfacet
  facet normal 0 0 -1
    outer loop
      vertex 104.9 18 24.9
      vertex 40.2741 22.418 24.9
      vertex 40.5435 22.4716 24.9
    endloop
  endfacet
  facet normal 0 0 -1
    outer loop
      vertex 15 18 24.9
      vertex 40.2741 22.418 24.9
      vertex 104.9 18 24.9
    endloop
  endfacet
  facet normal 0 0 -1
    outer loop
      vertex 40.2741 22.418 24.9
      vertex 15 18 24.9
      vertex 40 22.4 24.9
    endloop
  endfacet
  facet normal 0 0 -1
    outer loop
      vertex 37.918 24.2259 24.9
      vertex 25.1 24.5 24.9
      vertex 37.9 24.5 24.9
    endloop
  endfacet
  facet normal 0 0 -1
    outer loop
      vertex 25.082 24.2259 24.9
      vertex 37.918 24.2259 24.9
      vertex 37.9716 23.9565 24.9
    endloop
  endfacet
  facet normal 0 0 -1
    outer loop
      vertex 25.0284 23.9565 24.9
      vertex 37.9716 23.9565 24.9
      vertex 38.0599 23.6964 24.9
    endloop
  endfacet
  facet normal 0 0 -1
    outer loop
      vertex 24.9401 23.6964 24.9
      vertex 38.0599 23.6964 24.9
      vertex 38.1813 23.45 24.9
    endloop
  endfacet
  facet normal 0 0 -1
    outer loop
      vertex 24.8187 23.45 24.9
      vertex 38.1813 23.45 24.9
      vertex 38.334 23.2216 24.9
    endloop
  endfacet
  facet normal 0 0 -1
    outer loop
      vertex 24.666 23.2216 24.9
      vertex 38.334 23.2216 24.9
      vertex 38.5151 23.0151 24.9
    endloop
  endfacet
  facet normal 0 0 -1
    outer loop
      vertex 24.4849 23.0151 24.9
      vertex 38.5151 23.0151 24.9
      vertex 38.7216 22.834 24.9
    endloop
  endfacet
  facet normal 0 0 -1
    outer loop
      vertex 24.2784 22.834 24.9
      vertex 38.7216 22.834 24.9
      vertex 38.95 22.6813 24.9
    endloop
  endfacet
  facet normal 0 0 -1
    outer loop
      vertex 24.05 22.6813 24.9
      vertex 38.95 22.6813 24.9
      vertex 39.1964 22.5599 24.9
    endloop
  endfacet
  facet normal 0 0 -1
    outer loop
      vertex 23.8036 22.5599 24.9
      vertex 39.1964 22.5599 24.9
      vertex 39.4565 22.4716 24.9
    endloop
  endfacet
  facet normal 0 0 -1
    outer loop
      vertex 15 18 24.9
      vertex 39.4565 22.4716 24.9
      vertex 39.7259 22.418 24.9
    endloop
  endfacet
  facet normal 0 0 -1
    outer loop
      vertex 37.918 24.2259 24.9
      vertex 25.082 24.2259 24.9
      vertex 25.1 24.5 24.9
    endloop
  endfacet
  facet normal 0 0 -1
    outer loop
      vertex 37.9716 23.9565 24.9
      vertex 25.0284 23.9565 24.9
      vertex 25.082 24.2259 24.9
    endloop
  endfacet
  facet normal 0 0 -1
    outer loop
      vertex 38.0599 23.6964 24.9
      vertex 24.9401 23.6964 24.9
      vertex 25.0284 23.9565 24.9
    endloop
  endfacet
  facet normal 0 0 -1
    outer loop
      vertex 38.1813 23.45 24.9
      vertex 24.8187 23.45 24.9
      vertex 24.9401 23.6964 24.9
    endloop
  endfacet
  facet normal 0 0 -1
    outer loop
      vertex 38.334 23.2216 24.9
      vertex 24.666 23.2216 24.9
      vertex 24.8187 23.45 24.9
    endloop
  endfacet
  facet normal -0 0 -1
    outer loop
      vertex 40 22.4 24.9
      vertex 15 18 24.9
      vertex 39.7259 22.418 24.9
    endloop
  endfacet
  facet normal 0 0 -1
    outer loop
      vertex 38.5151 23.0151 24.9
      vertex 24.4849 23.0151 24.9
      vertex 24.666 23.2216 24.9
    endloop
  endfacet
  facet normal 0 0 -1
    outer loop
      vertex 38.7216 22.834 24.9
      vertex 24.2784 22.834 24.9
      vertex 24.4849 23.0151 24.9
    endloop
  endfacet
  facet normal 0 0 -1
    outer loop
      vertex 38.95 22.6813 24.9
      vertex 24.05 22.6813 24.9
      vertex 24.2784 22.834 24.9
    endloop
  endfacet
  facet normal 0 0 -1
    outer loop
      vertex 39.1964 22.5599 24.9
      vertex 23.8036 22.5599 24.9
      vertex 24.05 22.6813 24.9
    endloop
  endfacet
  facet normal -0 0 -1
    outer loop
      vertex 39.4565 22.4716 24.9
      vertex 15 18 24.9
      vertex 23.5435 22.4716 24.9
    endloop
  endfacet
  facet normal 0 0 -1
    outer loop
      vertex 39.4565 22.4716 24.9
      vertex 23.5435 22.4716 24.9
      vertex 23.8036 22.5599 24.9
    endloop
  endfacet
  facet normal 0 0 -1
    outer loop
      vertex 23.5435 22.4716 24.9
      vertex 15 18 24.9
      vertex 23.2741 22.418 24.9
    endloop
  endfacet
  facet normal -0 0 -1
    outer loop
      vertex 20.918 24.2259 24.9
      vertex 15 18 24.9
      vertex 20.9 24.5 24.9
    endloop
  endfacet
  facet normal -0 0 -1
    outer loop
      vertex 20.9716 23.9565 24.9
      vertex 15 18 24.9
      vertex 20.918 24.2259 24.9
    endloop
  endfacet
  facet normal -0 0 -1
    outer loop
      vertex 21.0599 23.6964 24.9
      vertex 15 18 24.9
      vertex 20.9716 23.9565 24.9
    endloop
  endfacet
  facet normal -0 0 -1
    outer loop
      vertex 21.1813 23.45 24.9
      vertex 15 18 24.9
      vertex 21.0599 23.6964 24.9
    endloop
  endfacet
  facet normal -0 0 -1
    outer loop
      vertex 21.334 23.2216 24.9
      vertex 15 18 24.9
      vertex 21.1813 23.45 24.9
    endloop
  endfacet
  facet normal -0 0 -1
    outer loop
      vertex 21.5151 23.0151 24.9
      vertex 15 18 24.9
      vertex 21.334 23.2216 24.9
    endloop
  endfacet
  facet normal -0 0 -1
    outer loop
      vertex 21.7216 22.834 24.9
      vertex 15 18 24.9
      vertex 21.5151 23.0151 24.9
    endloop
  endfacet
  facet normal -0 0 -1
    outer loop
      vertex 21.95 22.6813 24.9
      vertex 15 18 24.9
      vertex 21.7216 22.834 24.9
    endloop
  endfacet
  facet normal -0 0 -1
    outer loop
      vertex 22.1964 22.5599 24.9
      vertex 15 18 24.9
      vertex 21.95 22.6813 24.9
    endloop
  endfacet
  facet normal -0 0 -1
    outer loop
      vertex 22.4565 22.4716 24.9
      vertex 15 18 24.9
      vertex 22.1964 22.5599 24.9
    endloop
  endfacet
  facet normal -0 0 -1
    outer loop
      vertex 22.7259 22.418 24.9
      vertex 15 18 24.9
      vertex 22.4565 22.4716 24.9
    endloop
  endfacet
  facet normal -0 0 -1
    outer loop
      vertex 23 22.4 24.9
      vertex 15 18 24.9
      vertex 22.7259 22.418 24.9
    endloop
  endfacet
  facet normal 0 0 -1
    outer loop
      vertex 23.2741 22.418 24.9
      vertex 15 18 24.9
      vertex 23 22.4 24.9
    endloop
  endfacet
  facet normal 0 0 -1
    outer loop
      vertex 103.9 24.5 24.9
      vertex 104.9 28 24.9
      vertex 104.9 24.5 24.9
    endloop
  endfacet
  facet normal -0 0 -1
    outer loop
      vertex 104.9 28 24.9
      vertex 103.9 24.5 24.9
      vertex 103.9 28 24.9
    endloop
  endfacet
  facet normal -0 0 -1
    outer loop
      vertex 103.9 28 24.9
      vertex 42.082 24.7741 24.9
      vertex 103.9 31 24.9
    endloop
  endfacet
  facet normal 0 0 -1
    outer loop
      vertex 42.0284 25.0435 24.9
      vertex 103.9 31 24.9
      vertex 42.082 24.7741 24.9
    endloop
  endfacet
  facet normal 0 0 -1
    outer loop
      vertex 41.9401 25.3036 24.9
      vertex 103.9 31 24.9
      vertex 42.0284 25.0435 24.9
    endloop
  endfacet
  facet normal 0 0 -1
    outer loop
      vertex 41.8187 25.55 24.9
      vertex 103.9 31 24.9
      vertex 41.9401 25.3036 24.9
    endloop
  endfacet
  facet normal 0 0 -1
    outer loop
      vertex 41.666 25.7784 24.9
      vertex 103.9 31 24.9
      vertex 41.8187 25.55 24.9
    endloop
  endfacet
  facet normal 0 0 -1
    outer loop
      vertex 41.4849 25.9849 24.9
      vertex 103.9 31 24.9
      vertex 41.666 25.7784 24.9
    endloop
  endfacet
  facet normal 0 0 -1
    outer loop
      vertex 41.2784 26.166 24.9
      vertex 103.9 31 24.9
      vertex 41.4849 25.9849 24.9
    endloop
  endfacet
  facet normal 0 0 -1
    outer loop
      vertex 41.05 26.3187 24.9
      vertex 103.9 31 24.9
      vertex 41.2784 26.166 24.9
    endloop
  endfacet
  facet normal 0 0 -1
    outer loop
      vertex 40.8036 26.4401 24.9
      vertex 103.9 31 24.9
      vertex 41.05 26.3187 24.9
    endloop
  endfacet
  facet normal 0 0 -1
    outer loop
      vertex 40.5435 26.5284 24.9
      vertex 103.9 31 24.9
      vertex 40.8036 26.4401 24.9
    endloop
  endfacet
  facet normal 0 0 -1
    outer loop
      vertex 40.2741 26.582 24.9
      vertex 103.9 31 24.9
      vertex 40.5435 26.5284 24.9
    endloop
  endfacet
  facet normal 0 0 -1
    outer loop
      vertex 15 31 24.9
      vertex 40.2741 26.582 24.9
      vertex 40 26.6 24.9
    endloop
  endfacet
  facet normal 0 0 -1
    outer loop
      vertex 15 31 24.9
      vertex 40 26.6 24.9
      vertex 39.7259 26.582 24.9
    endloop
  endfacet
  facet normal 0 0 -1
    outer loop
      vertex 25.1 24.5 24.9
      vertex 37.918 24.7741 24.9
      vertex 37.9 24.5 24.9
    endloop
  endfacet
  facet normal 0 0 -1
    outer loop
      vertex 25.082 24.7741 24.9
      vertex 37.918 24.7741 24.9
      vertex 25.1 24.5 24.9
    endloop
  endfacet
  facet normal 0 0 -1
    outer loop
      vertex 37.918 24.7741 24.9
      vertex 25.082 24.7741 24.9
      vertex 37.9716 25.0435 24.9
    endloop
  endfacet
  facet normal 0 0 -1
    outer loop
      vertex 25.0284 25.0435 24.9
      vertex 37.9716 25.0435 24.9
      vertex 25.082 24.7741 24.9
    endloop
  endfacet
  facet normal 0 0 -1
    outer loop
      vertex 37.9716 25.0435 24.9
      vertex 25.0284 25.0435 24.9
      vertex 38.0599 25.3036 24.9
    endloop
  endfacet
  facet normal 0 0 -1
    outer loop
      vertex 24.9401 25.3036 24.9
      vertex 38.0599 25.3036 24.9
      vertex 25.0284 25.0435 24.9
    endloop
  endfacet
  facet normal 0 0 -1
    outer loop
      vertex 38.0599 25.3036 24.9
      vertex 24.9401 25.3036 24.9
      vertex 38.1813 25.55 24.9
    endloop
  endfacet
  facet normal 0 0 -1
    outer loop
      vertex 24.8187 25.55 24.9
      vertex 38.1813 25.55 24.9
      vertex 24.9401 25.3036 24.9
    endloop
  endfacet
  facet normal 0 0 -1
    outer loop
      vertex 38.1813 25.55 24.9
      vertex 24.8187 25.55 24.9
      vertex 38.334 25.7784 24.9
    endloop
  endfacet
  facet normal 0 0 -1
    outer loop
      vertex 24.666 25.7784 24.9
      vertex 38.334 25.7784 24.9
      vertex 24.8187 25.55 24.9
    endloop
  endfacet
  facet normal 0 0 -1
    outer loop
      vertex 38.334 25.7784 24.9
      vertex 24.666 25.7784 24.9
      vertex 38.5151 25.9849 24.9
    endloop
  endfacet
  facet normal 0 0 -1
    outer loop
      vertex 24.4849 25.9849 24.9
      vertex 38.5151 25.9849 24.9
      vertex 24.666 25.7784 24.9
    endloop
  endfacet
  facet normal 0 0 -1
    outer loop
      vertex 38.5151 25.9849 24.9
      vertex 24.4849 25.9849 24.9
      vertex 38.7216 26.166 24.9
    endloop
  endfacet
  facet normal 0 0 -1
    outer loop
      vertex 24.2784 26.166 24.9
      vertex 38.7216 26.166 24.9
      vertex 24.4849 25.9849 24.9
    endloop
  endfacet
  facet normal 0 0 -1
    outer loop
      vertex 38.7216 26.166 24.9
      vertex 24.2784 26.166 24.9
      vertex 38.95 26.3187 24.9
    endloop
  endfacet
  facet normal 0 0 -1
    outer loop
      vertex 24.05 26.3187 24.9
      vertex 38.95 26.3187 24.9
      vertex 24.2784 26.166 24.9
    endloop
  endfacet
  facet normal 0 0 -1
    outer loop
      vertex 38.95 26.3187 24.9
      vertex 24.05 26.3187 24.9
      vertex 39.1964 26.4401 24.9
    endloop
  endfacet
  facet normal 0 0 -1
    outer loop
      vertex 23.8036 26.4401 24.9
      vertex 39.1964 26.4401 24.9
      vertex 24.05 26.3187 24.9
    endloop
  endfacet
  facet normal 0 0 -1
    outer loop
      vertex 39.1964 26.4401 24.9
      vertex 23.8036 26.4401 24.9
      vertex 39.4565 26.5284 24.9
    endloop
  endfacet
  facet normal 0 0 -1
    outer loop
      vertex 23.5435 26.5284 24.9
      vertex 39.4565 26.5284 24.9
      vertex 23.8036 26.4401 24.9
    endloop
  endfacet
  facet normal 0 0 -1
    outer loop
      vertex 15 31 24.9
      vertex 39.4565 26.5284 24.9
      vertex 23.5435 26.5284 24.9
    endloop
  endfacet
  facet normal 0 0 -1
    outer loop
      vertex 39.4565 26.5284 24.9
      vertex 15 31 24.9
      vertex 39.7259 26.582 24.9
    endloop
  endfacet
  facet normal 0 0 -1
    outer loop
      vertex 15 31 24.9
      vertex 23.5435 26.5284 24.9
      vertex 23.2741 26.582 24.9
    endloop
  endfacet
  facet normal 0 0 -1
    outer loop
      vertex 15 31 24.9
      vertex 23.2741 26.582 24.9
      vertex 23 26.6 24.9
    endloop
  endfacet
  facet normal 0 0 -1
    outer loop
      vertex 15 31 24.9
      vertex 20.9 24.5 24.9
      vertex 15 18 24.9
    endloop
  endfacet
  facet normal 0 0 -1
    outer loop
      vertex 20.9 24.5 24.9
      vertex 15 31 24.9
      vertex 20.918 24.7741 24.9
    endloop
  endfacet
  facet normal 0 0 -1
    outer loop
      vertex 20.918 24.7741 24.9
      vertex 15 31 24.9
      vertex 20.9716 25.0435 24.9
    endloop
  endfacet
  facet normal 0 0 -1
    outer loop
      vertex 20.9716 25.0435 24.9
      vertex 15 31 24.9
      vertex 21.0599 25.3036 24.9
    endloop
  endfacet
  facet normal 0 0 -1
    outer loop
      vertex 21.0599 25.3036 24.9
      vertex 15 31 24.9
      vertex 21.1813 25.55 24.9
    endloop
  endfacet
  facet normal 0 0 -1
    outer loop
      vertex 40.2741 26.582 24.9
      vertex 15 31 24.9
      vertex 103.9 31 24.9
    endloop
  endfacet
  facet normal 0 0 -1
    outer loop
      vertex 22.7259 26.582 24.9
      vertex 15 31 24.9
      vertex 23 26.6 24.9
    endloop
  endfacet
  facet normal 0 0 -1
    outer loop
      vertex 22.4565 26.5284 24.9
      vertex 15 31 24.9
      vertex 22.7259 26.582 24.9
    endloop
  endfacet
  facet normal 0 0 -1
    outer loop
      vertex 22.1964 26.4401 24.9
      vertex 15 31 24.9
      vertex 22.4565 26.5284 24.9
    endloop
  endfacet
  facet normal 0 0 -1
    outer loop
      vertex 21.95 26.3187 24.9
      vertex 15 31 24.9
      vertex 22.1964 26.4401 24.9
    endloop
  endfacet
  facet normal 0 0 -1
    outer loop
      vertex 21.7216 26.166 24.9
      vertex 15 31 24.9
      vertex 21.95 26.3187 24.9
    endloop
  endfacet
  facet normal 0 0 -1
    outer loop
      vertex 21.5151 25.9849 24.9
      vertex 15 31 24.9
      vertex 21.7216 26.166 24.9
    endloop
  endfacet
  facet normal 0 0 -1
    outer loop
      vertex 21.334 25.7784 24.9
      vertex 15 31 24.9
      vertex 21.5151 25.9849 24.9
    endloop
  endfacet
  facet normal 0 0 -1
    outer loop
      vertex 21.1813 25.55 24.9
      vertex 15 31 24.9
      vertex 21.334 25.7784 24.9
    endloop
  endfacet
  facet normal 0 -1 0
    outer loop
      vertex 15 18 24.9
      vertex 104.9 18 28.6
      vertex 15 18 28.6
    endloop
  endfacet
  facet normal 0 -1 -0
    outer loop
      vertex 104.9 18 28.6
      vertex 15 18 24.9
      vertex 104.9 18 24.9
    endloop
  endfacet
  facet normal 1 -0 0
    outer loop
      vertex 17 20.8563 29.55
      vertex 17 29.1 27
      vertex 17 28.1437 29.55
    endloop
  endfacet
  facet normal 1 0 0
    outer loop
      vertex 17 29.1 27
      vertex 17 20.8563 29.55
      vertex 17 19.9 27
    endloop
  endfacet
  facet normal 0 0.936323 -0.35114
    outer loop
      vertex 107.3 19.9 27
      vertex 17 20.8563 29.55
      vertex 107.3 20.8563 29.55
    endloop
  endfacet
  facet normal 0 0.936323 -0.35114
    outer loop
      vertex 17 20.8563 29.55
      vertex 107.3 19.9 27
      vertex 17 19.9 27
    endloop
  endfacet
  facet normal 0 -0.936323 -0.35114
    outer loop
      vertex 17 29.1 27
      vertex 107.3 28.1437 29.55
      vertex 17 28.1437 29.55
    endloop
  endfacet
  facet normal 0 -0.936323 -0.35114
    outer loop
      vertex 107.3 28.1437 29.55
      vertex 17 29.1 27
      vertex 107.3 29.1 27
    endloop
  endfacet
  facet normal -1 0 0
    outer loop
      vertex 50.5 32.5 25.1
      vertex 50.5 34 28.6
      vertex 50.5 34 25.1
    endloop
  endfacet
  facet normal -1 -0 0
    outer loop
      vertex 50.5 34 28.6
      vertex 50.5 32.5 25.1
      vertex 50.5 32.5 28.6
    endloop
  endfacet
  facet normal 1 -0 0
    outer loop
      vertex 52 32.5 26.6
      vertex 52 34 25.1
      vertex 52 34 26.6
    endloop
  endfacet
  facet normal 1 0 0
    outer loop
      vertex 52 34 25.1
      vertex 52 32.5 26.6
      vertex 52 32.5 25.1
    endloop
  endfacet
  facet normal 0 1 0
    outer loop
      vertex 98.5 34 28.6
      vertex 97 34 26.6
      vertex 50.5 34 28.6
    endloop
  endfacet
  facet normal 0 1 -0
    outer loop
      vertex 98.5 34 25.1
      vertex 97 34 26.6
      vertex 98.5 34 28.6
    endloop
  endfacet
  facet normal 0 1 0
    outer loop
      vertex 97 34 26.6
      vertex 98.5 34 25.1
      vertex 97 34 25.1
    endloop
  endfacet
  facet normal 0 1 -0
    outer loop
      vertex 52 34 26.6
      vertex 50.5 34 28.6
      vertex 97 34 26.6
    endloop
  endfacet
  facet normal 0 1 0
    outer loop
      vertex 50.5 34 25.1
      vertex 52 34 26.6
      vertex 52 34 25.1
    endloop
  endfacet
  facet normal 0 1 0
    outer loop
      vertex 52 34 26.6
      vertex 50.5 34 25.1
      vertex 50.5 34 28.6
    endloop
  endfacet
  facet normal 0 0 -1
    outer loop
      vertex 50.5 32.5 25.1
      vertex 52 34 25.1
      vertex 52 32.5 25.1
    endloop
  endfacet
  facet normal -0 0 -1
    outer loop
      vertex 52 34 25.1
      vertex 50.5 32.5 25.1
      vertex 50.5 34 25.1
    endloop
  endfacet
  facet normal 0 -1 0
    outer loop
      vertex 50.5 32.5 28.6
      vertex 52 32.5 26.6
      vertex 98.5 32.5 28.6
    endloop
  endfacet
  facet normal 0 -1 0
    outer loop
      vertex 50.5 32.5 25.1
      vertex 52 32.5 26.6
      vertex 50.5 32.5 28.6
    endloop
  endfacet
  facet normal 0 -1 -0
    outer loop
      vertex 52 32.5 26.6
      vertex 50.5 32.5 25.1
      vertex 52 32.5 25.1
    endloop
  endfacet
  facet normal 0 -1 0
    outer loop
      vertex 97 32.5 26.6
      vertex 98.5 32.5 28.6
      vertex 52 32.5 26.6
    endloop
  endfacet
  facet normal 0 -1 0
    outer loop
      vertex 98.5 32.5 25.1
      vertex 97 32.5 26.6
      vertex 97 32.5 25.1
    endloop
  endfacet
  facet normal 0 -1 0
    outer loop
      vertex 97 32.5 26.6
      vertex 98.5 32.5 25.1
      vertex 98.5 32.5 28.6
    endloop
  endfacet
  facet normal -1 0 0
    outer loop
      vertex 50.5 57 25.1
      vertex 50.5 58.5 28.6
      vertex 50.5 58.5 25.1
    endloop
  endfacet
  facet normal -1 -0 0
    outer loop
      vertex 50.5 58.5 28.6
      vertex 50.5 57 25.1
      vertex 50.5 57 28.6
    endloop
  endfacet
  facet normal 1 -0 0
    outer loop
      vertex 52 57 26.6
      vertex 52 58.5 25.1
      vertex 52 58.5 26.6
    endloop
  endfacet
  facet normal 1 0 0
    outer loop
      vertex 52 58.5 25.1
      vertex 52 57 26.6
      vertex 52 57 25.1
    endloop
  endfacet
  facet normal 0 0 -1
    outer loop
      vertex 50.5 57 25.1
      vertex 52 58.5 25.1
      vertex 52 57 25.1
    endloop
  endfacet
  facet normal -0 0 -1
    outer loop
      vertex 52 58.5 25.1
      vertex 50.5 57 25.1
      vertex 50.5 58.5 25.1
    endloop
  endfacet
  facet normal 0 -1 0
    outer loop
      vertex 50.5 57 28.6
      vertex 52 57 26.6
      vertex 98.5 57 28.6
    endloop
  endfacet
  facet normal 0 -1 0
    outer loop
      vertex 50.5 57 25.1
      vertex 52 57 26.6
      vertex 50.5 57 28.6
    endloop
  endfacet
  facet normal 0 -1 -0
    outer loop
      vertex 52 57 26.6
      vertex 50.5 57 25.1
      vertex 52 57 25.1
    endloop
  endfacet
  facet normal 0 -1 0
    outer loop
      vertex 97 57 26.6
      vertex 98.5 57 28.6
      vertex 52 57 26.6
    endloop
  endfacet
  facet normal 0 -1 0
    outer loop
      vertex 98.5 57 25.1
      vertex 97 57 26.6
      vertex 97 57 25.1
    endloop
  endfacet
  facet normal 0 -1 0
    outer loop
      vertex 97 57 26.6
      vertex 98.5 57 25.1
      vertex 98.5 57 28.6
    endloop
  endfacet
  facet normal 0 1 0
    outer loop
      vertex 72 58.5 28
      vertex 98.5 58.5 28.6
      vertex 86 58.5 28
    endloop
  endfacet
  facet normal 0 1 0
    outer loop
      vertex 98.5 58.5 28.6
      vertex 97 58.5 26.6
      vertex 86 58.5 28
    endloop
  endfacet
  facet normal 0 1 -0
    outer loop
      vertex 98.5 58.5 25.1
      vertex 97 58.5 26.6
      vertex 98.5 58.5 28.6
    endloop
  endfacet
  facet normal 0 1 0
    outer loop
      vertex 97 58.5 26.6
      vertex 98.5 58.5 25.1
      vertex 97 58.5 25.1
    endloop
  endfacet
  facet normal 0 1 0
    outer loop
      vertex 98.5 58.5 28.6
      vertex 72 58.5 28
      vertex 50.5 58.5 28.6
    endloop
  endfacet
  facet normal 0 1 0
    outer loop
      vertex 52 58.5 26.6
      vertex 72 58.5 28
      vertex 72 58.5 26.6
    endloop
  endfacet
  facet normal 0 1 0
    outer loop
      vertex 72 58.5 28
      vertex 52 58.5 26.6
      vertex 50.5 58.5 28.6
    endloop
  endfacet
  facet normal 0 1 0
    outer loop
      vertex 50.5 58.5 25.1
      vertex 52 58.5 26.6
      vertex 52 58.5 25.1
    endloop
  endfacet
  facet normal 0 1 0
    outer loop
      vertex 52 58.5 26.6
      vertex 50.5 58.5 25.1
      vertex 50.5 58.5 28.6
    endloop
  endfacet
  facet normal 0 1 0
    outer loop
      vertex 86 58.5 28
      vertex 97 58.5 26.6
      vertex 86 58.5 26.6
    endloop
  endfacet
  facet normal -1 0 0
    outer loop
      vertex 97 32.5 25.1
      vertex 97 34 26.6
      vertex 97 34 25.1
    endloop
  endfacet
  facet normal -1 -0 0
    outer loop
      vertex 97 34 26.6
      vertex 97 32.5 25.1
      vertex 97 32.5 26.6
    endloop
  endfacet
  facet normal 1 -0 0
    outer loop
      vertex 98.5 32.5 28.6
      vertex 98.5 34 25.1
      vertex 98.5 34 28.6
    endloop
  endfacet
  facet normal 1 0 0
    outer loop
      vertex 98.5 34 25.1
      vertex 98.5 32.5 28.6
      vertex 98.5 32.5 25.1
    endloop
  endfacet
  facet normal 0 0 -1
    outer loop
      vertex 97 32.5 25.1
      vertex 98.5 34 25.1
      vertex 98.5 32.5 25.1
    endloop
  endfacet
  facet normal -0 0 -1
    outer loop
      vertex 98.5 34 25.1
      vertex 97 32.5 25.1
      vertex 97 34 25.1
    endloop
  endfacet
  facet normal -1 0 0
    outer loop
      vertex 97 57 25.1
      vertex 97 58.5 26.6
      vertex 97 58.5 25.1
    endloop
  endfacet
  facet normal -1 -0 0
    outer loop
      vertex 97 58.5 26.6
      vertex 97 57 25.1
      vertex 97 57 26.6
    endloop
  endfacet
  facet normal 1 -0 0
    outer loop
      vertex 98.5 57 28.6
      vertex 98.5 58.5 25.1
      vertex 98.5 58.5 28.6
    endloop
  endfacet
  facet normal 1 0 0
    outer loop
      vertex 98.5 58.5 25.1
      vertex 98.5 57 28.6
      vertex 98.5 57 25.1
    endloop
  endfacet
  facet normal 0 0 -1
    outer loop
      vertex 97 57 25.1
      vertex 98.5 58.5 25.1
      vertex 98.5 57 25.1
    endloop
  endfacet
  facet normal -0 0 -1
    outer loop
      vertex 98.5 58.5 25.1
      vertex 97 57 25.1
      vertex 97 58.5 25.1
    endloop
  endfacet
  facet normal 0 0 -1
    outer loop
      vertex 52 32.5 26.6
      vertex 97 34 26.6
      vertex 97 32.5 26.6
    endloop
  endfacet
  facet normal -0 0 -1
    outer loop
      vertex 97 34 26.6
      vertex 52 32.5 26.6
      vertex 52 34 26.6
    endloop
  endfacet
  facet normal 0 0 -1
    outer loop
      vertex 97 57 26.6
      vertex 86 57.9 26.6
      vertex 97 58.5 26.6
    endloop
  endfacet
  facet normal 0 0 -1
    outer loop
      vertex 97 57 26.6
      vertex 72 57.9 26.6
      vertex 86 57.9 26.6
    endloop
  endfacet
  facet normal 0 0 -1
    outer loop
      vertex 52 57 26.6
      vertex 72 57.9 26.6
      vertex 97 57 26.6
    endloop
  endfacet
  facet normal 0 0 -1
    outer loop
      vertex 52 58.5 26.6
      vertex 72 57.9 26.6
      vertex 52 57 26.6
    endloop
  endfacet
  facet normal 0 0 -1
    outer loop
      vertex 72 57.9 26.6
      vertex 52 58.5 26.6
      vertex 72 58.5 26.6
    endloop
  endfacet
  facet normal -0 0 -1
    outer loop
      vertex 97 58.5 26.6
      vertex 86 57.9 26.6
      vertex 86 58.5 26.6
    endloop
  endfacet
  facet normal 1 -0 0
    outer loop
      vertex 28.34 58.9 14.25
      vertex 28.34 61.3 7.75
      vertex 28.34 61.3 14.25
    endloop
  endfacet
  facet normal 1 0 0
    outer loop
      vertex 28.34 61.3 7.75
      vertex 28.34 58.9 14.25
      vertex 28.34 58.9 7.75
    endloop
  endfacet
  facet normal 0 0 -1
    outer loop
      vertex 28.34 58.9 14.25
      vertex 36.34 61.3 14.25
      vertex 36.34 58.9 14.25
    endloop
  endfacet
  facet normal -0 0 -1
    outer loop
      vertex 36.34 61.3 14.25
      vertex 28.34 58.9 14.25
      vertex 28.34 61.3 14.25
    endloop
  endfacet
  facet normal -1 0 0
    outer loop
      vertex 36.34 58.9 7.75
      vertex 36.34 61.3 14.25
      vertex 36.34 61.3 7.75
    endloop
  endfacet
  facet normal -1 -0 0
    outer loop
      vertex 36.34 61.3 14.25
      vertex 36.34 58.9 7.75
      vertex 36.34 58.9 14.25
    endloop
  endfacet
  facet normal -0 0 1
    outer loop
      vertex 28.34 61.3 7.75
      vertex 36.34 58.9 7.75
      vertex 36.34 61.3 7.75
    endloop
  endfacet
  facet normal 0 0 1
    outer loop
      vertex 36.34 58.9 7.75
      vertex 28.34 61.3 7.75
      vertex 28.34 58.9 7.75
    endloop
  endfacet
  facet normal 1 -0 0
    outer loop
      vertex 43.57 58.9 14.25
      vertex 43.57 61.3 7.75
      vertex 43.57 61.3 14.25
    endloop
  endfacet
  facet normal 1 0 0
    outer loop
      vertex 43.57 61.3 7.75
      vertex 43.57 58.9 14.25
      vertex 43.57 58.9 7.75
    endloop
  endfacet
  facet normal 0 0 -1
    outer loop
      vertex 43.57 58.9 14.25
      vertex 52.57 61.3 14.25
      vertex 52.57 58.9 14.25
    endloop
  endfacet
  facet normal -0 0 -1
    outer loop
      vertex 52.57 61.3 14.25
      vertex 43.57 58.9 14.25
      vertex 43.57 61.3 14.25
    endloop
  endfacet
  facet normal -1 0 0
    outer loop
      vertex 52.57 58.9 7.75
      vertex 52.57 61.3 14.25
      vertex 52.57 61.3 7.75
    endloop
  endfacet
  facet normal -1 -0 0
    outer loop
      vertex 52.57 61.3 14.25
      vertex 52.57 58.9 7.75
      vertex 52.57 58.9 14.25
    endloop
  endfacet
  facet normal -0 0 1
    outer loop
      vertex 43.57 61.3 7.75
      vertex 52.57 58.9 7.75
      vertex 52.57 61.3 7.75
    endloop
  endfacet
  facet normal 0 0 1
    outer loop
      vertex 52.57 58.9 7.75
      vertex 43.57 61.3 7.75
      vertex 43.57 58.9 7.75
    endloop
  endfacet
  facet normal 1 -0 0
    outer loop
      vertex 61 58.9 14.25
      vertex 61 61.3 7.75
      vertex 61 61.3 14.25
    endloop
  endfacet
  facet normal 1 0 0
    outer loop
      vertex 61 61.3 7.75
      vertex 61 58.9 14.25
      vertex 61 58.9 7.75
    endloop
  endfacet
  facet normal 0 0 -1
    outer loop
      vertex 61 58.9 14.25
      vertex 73 61.3 14.25
      vertex 73 58.9 14.25
    endloop
  endfacet
  facet normal -0 0 -1
    outer loop
      vertex 73 61.3 14.25
      vertex 61 58.9 14.25
      vertex 61 61.3 14.25
    endloop
  endfacet
  facet normal -1 0 0
    outer loop
      vertex 73 58.9 7.75
      vertex 73 61.3 14.25
      vertex 73 61.3 7.75
    endloop
  endfacet
  facet normal -1 -0 0
    outer loop
      vertex 73 61.3 14.25
      vertex 73 58.9 7.75
      vertex 73 58.9 14.25
    endloop
  endfacet
  facet normal -0 0 1
    outer loop
      vertex 61 61.3 7.75
      vertex 73 58.9 7.75
      vertex 73 61.3 7.75
    endloop
  endfacet
  facet normal 0 0 1
    outer loop
      vertex 73 58.9 7.75
      vertex 61 61.3 7.75
      vertex 61 58.9 7.75
    endloop
  endfacet
  facet normal 1 -0 0
    outer loop
      vertex 81 58.9 14.25
      vertex 81 61.3 7.75
      vertex 81 61.3 14.25
    endloop
  endfacet
  facet normal 1 0 0
    outer loop
      vertex 81 61.3 7.75
      vertex 81 58.9 14.25
      vertex 81 58.9 7.75
    endloop
  endfacet
  facet normal 0 0 -1
    outer loop
      vertex 81 58.9 14.25
      vertex 93 61.3 14.25
      vertex 93 58.9 14.25
    endloop
  endfacet
  facet normal -0 0 -1
    outer loop
      vertex 93 61.3 14.25
      vertex 81 58.9 14.25
      vertex 81 61.3 14.25
    endloop
  endfacet
  facet normal -1 0 0
    outer loop
      vertex 93 58.9 7.75
      vertex 93 61.3 14.25
      vertex 93 61.3 7.75
    endloop
  endfacet
  facet normal -1 -0 0
    outer loop
      vertex 93 61.3 14.25
      vertex 93 58.9 7.75
      vertex 93 58.9 14.25
    endloop
  endfacet
  facet normal -0 0 1
    outer loop
      vertex 81 61.3 7.75
      vertex 93 58.9 7.75
      vertex 93 61.3 7.75
    endloop
  endfacet
  facet normal 0 0 1
    outer loop
      vertex 93 58.9 7.75
      vertex 81 61.3 7.75
      vertex 81 58.9 7.75
    endloop
  endfacet
  facet normal 1 -0 0
    outer loop
      vertex 23.88 0 14.25
      vertex 23.88 2.4 7.75
      vertex 23.88 2.4 14.25
    endloop
  endfacet
  facet normal 1 0 0
    outer loop
      vertex 23.88 2.4 7.75
      vertex 23.88 0 14.25
      vertex 23.88 0 7.75
    endloop
  endfacet
  facet normal 0 0 -1
    outer loop
      vertex 23.88 0 14.25
      vertex 32.88 2.4 14.25
      vertex 32.88 0 14.25
    endloop
  endfacet
  facet normal -0 0 -1
    outer loop
      vertex 32.88 2.4 14.25
      vertex 23.88 0 14.25
      vertex 23.88 2.4 14.25
    endloop
  endfacet
  facet normal -1 0 0
    outer loop
      vertex 32.88 0 7.75
      vertex 32.88 2.4 14.25
      vertex 32.88 2.4 7.75
    endloop
  endfacet
  facet normal -1 -0 0
    outer loop
      vertex 32.88 2.4 14.25
      vertex 32.88 0 7.75
      vertex 32.88 0 14.25
    endloop
  endfacet
  facet normal -0 0 1
    outer loop
      vertex 23.88 2.4 7.75
      vertex 32.88 0 7.75
      vertex 32.88 2.4 7.75
    endloop
  endfacet
  facet normal 0 0 1
    outer loop
      vertex 32.88 0 7.75
      vertex 23.88 2.4 7.75
      vertex 23.88 0 7.75
    endloop
  endfacet
  facet normal 1 -0 0
    outer loop
      vertex 36.42 0 14.25
      vertex 36.42 2.4 7.75
      vertex 36.42 2.4 14.25
    endloop
  endfacet
  facet normal 1 0 0
    outer loop
      vertex 36.42 2.4 7.75
      vertex 36.42 0 14.25
      vertex 36.42 0 7.75
    endloop
  endfacet
  facet normal 0 0 -1
    outer loop
      vertex 36.42 0 14.25
      vertex 49.42 2.4 14.25
      vertex 49.42 0 14.25
    endloop
  endfacet
  facet normal -0 0 -1
    outer loop
      vertex 49.42 2.4 14.25
      vertex 36.42 0 14.25
      vertex 36.42 2.4 14.25
    endloop
  endfacet
  facet normal -1 0 0
    outer loop
      vertex 49.42 0 7.75
      vertex 49.42 2.4 14.25
      vertex 49.42 2.4 7.75
    endloop
  endfacet
  facet normal -1 -0 0
    outer loop
      vertex 49.42 2.4 14.25
      vertex 49.42 0 7.75
      vertex 49.42 0 14.25
    endloop
  endfacet
  facet normal -0 0 1
    outer loop
      vertex 36.42 2.4 7.75
      vertex 49.42 0 7.75
      vertex 49.42 2.4 7.75
    endloop
  endfacet
  facet normal 0 0 1
    outer loop
      vertex 49.42 0 7.75
      vertex 36.42 2.4 7.75
      vertex 36.42 0 7.75
    endloop
  endfacet
  facet normal 1 -0 0
    outer loop
      vertex 52.79 0 14.25
      vertex 52.79 2.4 7.75
      vertex 52.79 2.4 14.25
    endloop
  endfacet
  facet normal 1 0 0
    outer loop
      vertex 52.79 2.4 7.75
      vertex 52.79 0 14.25
      vertex 52.79 0 7.75
    endloop
  endfacet
  facet normal 0 0 -1
    outer loop
      vertex 52.79 0 14.25
      vertex 68.79 2.4 14.25
      vertex 68.79 0 14.25
    endloop
  endfacet
  facet normal -0 0 -1
    outer loop
      vertex 68.79 2.4 14.25
      vertex 52.79 0 14.25
      vertex 52.79 2.4 14.25
    endloop
  endfacet
  facet normal -1 0 0
    outer loop
      vertex 68.79 0 7.75
      vertex 68.79 2.4 14.25
      vertex 68.79 2.4 7.75
    endloop
  endfacet
  facet normal -1 -0 0
    outer loop
      vertex 68.79 2.4 14.25
      vertex 68.79 0 7.75
      vertex 68.79 0 14.25
    endloop
  endfacet
  facet normal -0 0 1
    outer loop
      vertex 52.79 2.4 7.75
      vertex 68.79 0 7.75
      vertex 68.79 2.4 7.75
    endloop
  endfacet
  facet normal 0 0 1
    outer loop
      vertex 68.79 0 7.75
      vertex 52.79 2.4 7.75
      vertex 52.79 0 7.75
    endloop
  endfacet
  facet normal 0 0 -1
    outer loop
      vertex 104.9 14 26
      vertex 107.3 17.5 26
      vertex 107.3 14 26
    endloop
  endfacet
  facet normal -0 0 -1
    outer loop
      vertex 107.3 17.5 26
      vertex 104.9 14 26
      vertex 104.9 17.5 26
    endloop
  endfacet
  facet normal 0 -1 0
    outer loop
      vertex 104.9 17.5 20
      vertex 107.3 17.5 26
      vertex 104.9 17.5 26
    endloop
  endfacet
  facet normal 0 -1 -0
    outer loop
      vertex 107.3 17.5 26
      vertex 104.9 17.5 20
      vertex 107.3 17.5 20
    endloop
  endfacet
  facet normal -0 0 1
    outer loop
      vertex 104.9 17.5 20
      vertex 107.3 14 20
      vertex 107.3 17.5 20
    endloop
  endfacet
  facet normal 0 0 1
    outer loop
      vertex 107.3 14 20
      vertex 104.9 17.5 20
      vertex 104.9 14 20
    endloop
  endfacet
  facet normal 0 1 -0
    outer loop
      vertex 107.3 14 20
      vertex 104.9 14 26
      vertex 107.3 14 26
    endloop
  endfacet
  facet normal 0 1 0
    outer loop
      vertex 104.9 14 26
      vertex 107.3 14 20
      vertex 104.9 14 20
    endloop
  endfacet
  facet normal 1 -0 0
    outer loop
      vertex 103.9 21 26
      vertex 103.9 24.5 24.9
      vertex 103.9 24.5 26
    endloop
  endfacet
  facet normal 1 0 0
    outer loop
      vertex 103.9 24.5 24.9
      vertex 103.9 21 26
      vertex 103.9 21 24.9
    endloop
  endfacet
  facet normal 0 0 -1
    outer loop
      vertex 103.9 21 26
      vertex 107.3 24.5 26
      vertex 107.3 21 26
    endloop
  endfacet
  facet normal -0 0 -1
    outer loop
      vertex 107.3 24.5 26
      vertex 103.9 21 26
      vertex 103.9 24.5 26
    endloop
  endfacet
  facet normal 0 -1 0
    outer loop
      vertex 104.9 24.5 20
      vertex 107.3 24.5 24.9
      vertex 104.9 24.5 24.9
    endloop
  endfacet
  facet normal 0 -1 -0
    outer loop
      vertex 107.3 24.5 24.9
      vertex 104.9 24.5 20
      vertex 107.3 24.5 20
    endloop
  endfacet
  facet normal 0 -1 0
    outer loop
      vertex 104.9 24.5 24.9
      vertex 103.9 24.5 26
      vertex 103.9 24.5 24.9
    endloop
  endfacet
  facet normal 0 -1 0
    outer loop
      vertex 103.9 24.5 26
      vertex 104.9 24.5 24.9
      vertex 107.3 24.5 26
    endloop
  endfacet
  facet normal 0 -1 0
    outer loop
      vertex 107.3 24.5 24.9
      vertex 107.3 24.5 26
      vertex 104.9 24.5 24.9
    endloop
  endfacet
  facet normal -0 0 1
    outer loop
      vertex 104.9 24.5 20
      vertex 107.3 21 20
      vertex 107.3 24.5 20
    endloop
  endfacet
  facet normal 0 0 1
    outer loop
      vertex 107.3 21 20
      vertex 104.9 24.5 20
      vertex 104.9 21 20
    endloop
  endfacet
  facet normal 0 1 -0
    outer loop
      vertex 107.3 21 20
      vertex 104.9 21 24.9
      vertex 107.3 21 24.9
    endloop
  endfacet
  facet normal 0 1 0
    outer loop
      vertex 104.9 21 24.9
      vertex 107.3 21 20
      vertex 104.9 21 20
    endloop
  endfacet
  facet normal 0 1 0
    outer loop
      vertex 104.9 21 24.9
      vertex 107.3 21 26
      vertex 107.3 21 24.9
    endloop
  endfacet
  facet normal 0 1 0
    outer loop
      vertex 107.3 21 26
      vertex 104.9 21 24.9
      vertex 103.9 21 26
    endloop
  endfacet
  facet normal 0 1 0
    outer loop
      vertex 103.9 21 26
      vertex 104.9 21 24.9
      vertex 103.9 21 24.9
    endloop
  endfacet
  facet normal 1 -0 0
    outer loop
      vertex 103.9 28 26
      vertex 103.9 31 24.9
      vertex 103.9 31 26
    endloop
  endfacet
  facet normal 1 0 0
    outer loop
      vertex 103.9 31 24.9
      vertex 103.9 28 26
      vertex 103.9 28 24.9
    endloop
  endfacet
  facet normal 0 0 -1
    outer loop
      vertex 107.3 31 26
      vertex 104.9 31 26
      vertex 107.3 31.5 26
    endloop
  endfacet
  facet normal 0 0 -1
    outer loop
      vertex 107.3 28 26
      vertex 104.9 31 26
      vertex 107.3 31 26
    endloop
  endfacet
  facet normal 0 0 -1
    outer loop
      vertex 103.9 28 26
      vertex 104.9 31 26
      vertex 107.3 28 26
    endloop
  endfacet
  facet normal -0 0 -1
    outer loop
      vertex 104.9 31 26
      vertex 103.9 28 26
      vertex 103.9 31 26
    endloop
  endfacet
  facet normal -0 0 -1
    outer loop
      vertex 107.3 31.5 26
      vertex 104.9 31 26
      vertex 104.9 31.5 26
    endloop
  endfacet
  facet normal 0 -1 0
    outer loop
      vertex 104.9 31.5 20
      vertex 107.3 31.5 26
      vertex 104.9 31.5 26
    endloop
  endfacet
  facet normal 0 -1 -0
    outer loop
      vertex 107.3 31.5 26
      vertex 104.9 31.5 20
      vertex 107.3 31.5 20
    endloop
  endfacet
  facet normal -0 0 1
    outer loop
      vertex 104.9 31.5 20
      vertex 107.3 28 20
      vertex 107.3 31.5 20
    endloop
  endfacet
  facet normal 0 0 1
    outer loop
      vertex 107.3 28 20
      vertex 104.9 31.5 20
      vertex 104.9 28 20
    endloop
  endfacet
  facet normal 0 1 -0
    outer loop
      vertex 107.3 28 20
      vertex 104.9 28 24.9
      vertex 107.3 28 24.9
    endloop
  endfacet
  facet normal 0 1 0
    outer loop
      vertex 104.9 28 24.9
      vertex 107.3 28 20
      vertex 104.9 28 20
    endloop
  endfacet
  facet normal 0 1 0
    outer loop
      vertex 104.9 28 24.9
      vertex 107.3 28 26
      vertex 107.3 28 24.9
    endloop
  endfacet
  facet normal 0 1 0
    outer loop
      vertex 107.3 28 26
      vertex 104.9 28 24.9
      vertex 103.9 28 26
    endloop
  endfacet
  facet normal 0 1 0
    outer loop
      vertex 103.9 28 26
      vertex 104.9 28 24.9
      vertex 103.9 28 24.9
    endloop
  endfacet
  facet normal 0 0 -1
    outer loop
      vertex 0 24.65 14.5
      vertex 2.4 36.65 14.5
      vertex 2.4 24.65 14.5
    endloop
  endfacet
  facet normal -0 0 -1
    outer loop
      vertex 2.4 36.65 14.5
      vertex 0 24.65 14.5
      vertex 0 36.65 14.5
    endloop
  endfacet
  facet normal -0 0 1
    outer loop
      vertex 0 36.65 7.5
      vertex 2.4 24.65 7.5
      vertex 2.4 36.65 7.5
    endloop
  endfacet
  facet normal 0 0 1
    outer loop
      vertex 2.4 24.65 7.5
      vertex 0 36.65 7.5
      vertex 0 24.65 7.5
    endloop
  endfacet
  facet normal 0 1 -0
    outer loop
      vertex 2.4 24.65 7.5
      vertex 0 24.65 14.5
      vertex 2.4 24.65 14.5
    endloop
  endfacet
  facet normal 0 1 0
    outer loop
      vertex 0 24.65 14.5
      vertex 2.4 24.65 7.5
      vertex 0 24.65 7.5
    endloop
  endfacet
  facet normal 0 -1 0
    outer loop
      vertex 0 36.65 7.5
      vertex 2.4 36.65 14.5
      vertex 0 36.65 14.5
    endloop
  endfacet
  facet normal 0 -1 -0
    outer loop
      vertex 2.4 36.65 14.5
      vertex 0 36.65 7.5
      vertex 2.4 36.65 7.5
    endloop
  endfacet
  facet normal 1 -0 0
    outer loop
      vertex 72 57.9 28
      vertex 72 58.5 26.6
      vertex 72 58.5 28
    endloop
  endfacet
  facet normal 1 0 0
    outer loop
      vertex 72 58.5 26.6
      vertex 72 57.9 28
      vertex 72 57.9 26.6
    endloop
  endfacet
  facet normal 1 -0 0
    outer loop
      vertex 72 58.9 28
      vertex 72 61.3 20
      vertex 72 61.3 28
    endloop
  endfacet
  facet normal 1 0 0
    outer loop
      vertex 72 61.3 20
      vertex 72 58.9 28
      vertex 72 58.9 20
    endloop
  endfacet
  facet normal 0 0 -1
    outer loop
      vertex 72 57.9 28
      vertex 86 58.5 28
      vertex 86 57.9 28
    endloop
  endfacet
  facet normal -0 0 -1
    outer loop
      vertex 86 58.5 28
      vertex 72 57.9 28
      vertex 72 58.5 28
    endloop
  endfacet
  facet normal 0 0 -1
    outer loop
      vertex 72 58.9 28
      vertex 86 61.3 28
      vertex 86 58.9 28
    endloop
  endfacet
  facet normal -0 0 -1
    outer loop
      vertex 86 61.3 28
      vertex 72 58.9 28
      vertex 72 61.3 28
    endloop
  endfacet
  facet normal -1 0 0
    outer loop
      vertex 86 57.9 26.6
      vertex 86 58.5 28
      vertex 86 58.5 26.6
    endloop
  endfacet
  facet normal -1 -0 0
    outer loop
      vertex 86 58.5 28
      vertex 86 57.9 26.6
      vertex 86 57.9 28
    endloop
  endfacet
  facet normal -1 0 0
    outer loop
      vertex 86 58.9 20
      vertex 86 61.3 28
      vertex 86 61.3 20
    endloop
  endfacet
  facet normal -1 -0 0
    outer loop
      vertex 86 61.3 28
      vertex 86 58.9 20
      vertex 86 58.9 28
    endloop
  endfacet
  facet normal -0 0 1
    outer loop
      vertex 72 61.3 20
      vertex 86 58.9 20
      vertex 86 61.3 20
    endloop
  endfacet
  facet normal 0 0 1
    outer loop
      vertex 86 58.9 20
      vertex 72 61.3 20
      vertex 72 58.9 20
    endloop
  endfacet
  facet normal 0 1 -0
    outer loop
      vertex 86 57.9 26.6
      vertex 72 57.9 28
      vertex 86 57.9 28
    endloop
  endfacet
  facet normal 0 1 0
    outer loop
      vertex 72 57.9 28
      vertex 86 57.9 26.6
      vertex 72 57.9 26.6
    endloop
  endfacet
  facet normal 0 0 -1
    outer loop
      vertex 104.9 37 27
      vertex 107.3 47 27
      vertex 107.3 37 27
    endloop
  endfacet
  facet normal -0 0 -1
    outer loop
      vertex 107.3 47 27
      vertex 104.9 37 27
      vertex 104.9 47 27
    endloop
  endfacet
  facet normal 0 -1 0
    outer loop
      vertex 104.9 47 20
      vertex 107.3 47 27
      vertex 104.9 47 27
    endloop
  endfacet
  facet normal 0 -1 -0
    outer loop
      vertex 107.3 47 27
      vertex 104.9 47 20
      vertex 107.3 47 20
    endloop
  endfacet
  facet normal -0 0 1
    outer loop
      vertex 104.9 47 20
      vertex 107.3 37 20
      vertex 107.3 47 20
    endloop
  endfacet
  facet normal 0 0 1
    outer loop
      vertex 107.3 37 20
      vertex 104.9 47 20
      vertex 104.9 37 20
    endloop
  endfacet
  facet normal 0 1 -0
    outer loop
      vertex 107.3 37 20
      vertex 104.9 37 27
      vertex 107.3 37 27
    endloop
  endfacet
  facet normal 0 1 0
    outer loop
      vertex 104.9 37 27
      vertex 107.3 37 20
      vertex 104.9 37 20
    endloop
  endfacet
  facet normal 1 -0 0
    outer loop
      vertex 16.8 18.1 31
      vertex 16.8 30.9 29.55
      vertex 16.8 30.9 31
    endloop
  endfacet
  facet normal 1 0 0
    outer loop
      vertex 16.8 30.9 29.55
      vertex 16.8 18.1 31
      vertex 16.8 18.1 29.55
    endloop
  endfacet
  facet normal 0 -1 0
    outer loop
      vertex 16.8 30.9 29.55
      vertex 107.3 30.9 31
      vertex 16.8 30.9 31
    endloop
  endfacet
  facet normal 0 -1 -0
    outer loop
      vertex 107.3 30.9 31
      vertex 16.8 30.9 29.55
      vertex 107.3 30.9 29.55
    endloop
  endfacet
  facet normal 0 0 1
    outer loop
      vertex 107.3 30.9 29.55
      vertex 17 28.1437 29.55
      vertex 107.3 28.1437 29.55
    endloop
  endfacet
  facet normal 0 0 1
    outer loop
      vertex 17 28.1437 29.55
      vertex 16.8 30.9 29.55
      vertex 17 20.8563 29.55
    endloop
  endfacet
  facet normal -0 0 1
    outer loop
      vertex 16.8 30.9 29.55
      vertex 17 28.1437 29.55
      vertex 107.3 30.9 29.55
    endloop
  endfacet
  facet normal -0 0 1
    outer loop
      vertex 17 20.8563 29.55
      vertex 107.3 18.1 29.55
      vertex 107.3 20.8563 29.55
    endloop
  endfacet
  facet normal 0 0 1
    outer loop
      vertex 17 20.8563 29.55
      vertex 16.8 18.1 29.55
      vertex 107.3 18.1 29.55
    endloop
  endfacet
  facet normal 0 0 1
    outer loop
      vertex 16.8 18.1 29.55
      vertex 17 20.8563 29.55
      vertex 16.8 30.9 29.55
    endloop
  endfacet
  facet normal 0 1 -0
    outer loop
      vertex 107.3 18.1 29.55
      vertex 16.8 18.1 31
      vertex 107.3 18.1 31
    endloop
  endfacet
  facet normal 0 1 0
    outer loop
      vertex 16.8 18.1 31
      vertex 107.3 18.1 29.55
      vertex 16.8 18.1 29.55
    endloop
  endfacet
  facet normal -0.997859 -0.0653948 0
    outer loop
      vertex 7.7 6.7 13.29
      vertex 7.68888 6.86968 18.9
      vertex 7.68888 6.86968 13.29
    endloop
  endfacet
  facet normal -0.997859 -0.0653948 0
    outer loop
      vertex 7.68888 6.86968 18.9
      vertex 7.7 6.7 13.29
      vertex 7.7 6.7 18.9
    endloop
  endfacet
  facet normal 0.0653948 -0.997859 0
    outer loop
      vertex 6.23032 7.98888 13.29
      vertex 6.4 8 18.9
      vertex 6.23032 7.98888 18.9
    endloop
  endfacet
  facet normal 0.0653948 -0.997859 0
    outer loop
      vertex 6.4 8 18.9
      vertex 6.23032 7.98888 13.29
      vertex 6.4 8 13.29
    endloop
  endfacet
  facet normal -0.659341 -0.751844 0
    outer loop
      vertex 7.19139 7.73136 13.29
      vertex 7.31924 7.61924 18.9
      vertex 7.19139 7.73136 18.9
    endloop
  endfacet
  facet normal -0.659341 -0.751844 -0
    outer loop
      vertex 7.31924 7.61924 18.9
      vertex 7.19139 7.73136 13.29
      vertex 7.31924 7.61924 13.29
    endloop
  endfacet
  facet normal 0.751844 -0.659341 0
    outer loop
      vertex 5.36864 7.49139 18.9
      vertex 5.48076 7.61924 13.29
      vertex 5.48076 7.61924 18.9
    endloop
  endfacet
  facet normal 0.751844 -0.659341 0
    outer loop
      vertex 5.48076 7.61924 13.29
      vertex 5.36864 7.49139 18.9
      vertex 5.36864 7.49139 13.29
    endloop
  endfacet
  facet normal 0.442291 -0.896872 0
    outer loop
      vertex 5.75 7.82583 13.29
      vertex 5.90251 7.90104 18.9
      vertex 5.75 7.82583 18.9
    endloop
  endfacet
  facet normal 0.442291 -0.896872 0
    outer loop
      vertex 5.90251 7.90104 18.9
      vertex 5.75 7.82583 13.29
      vertex 5.90251 7.90104 13.29
    endloop
  endfacet
  facet normal -0.83148 0.555555 0
    outer loop
      vertex 7.43136 5.90861 13.29
      vertex 7.52583 6.05 18.9
      vertex 7.52583 6.05 13.29
    endloop
  endfacet
  facet normal -0.83148 0.555555 0
    outer loop
      vertex 7.52583 6.05 18.9
      vertex 7.43136 5.90861 13.29
      vertex 7.43136 5.90861 18.9
    endloop
  endfacet
  facet normal -0.896872 -0.442291 0
    outer loop
      vertex 7.60104 7.19749 13.29
      vertex 7.52583 7.35 18.9
      vertex 7.52583 7.35 13.29
    endloop
  endfacet
  facet normal -0.896872 -0.442291 0
    outer loop
      vertex 7.52583 7.35 18.9
      vertex 7.60104 7.19749 13.29
      vertex 7.60104 7.19749 18.9
    endloop
  endfacet
  facet normal -0.980779 -0.195121 0
    outer loop
      vertex 7.68888 6.86968 13.29
      vertex 7.6557 7.03646 18.9
      vertex 7.6557 7.03646 13.29
    endloop
  endfacet
  facet normal -0.980779 -0.195121 0
    outer loop
      vertex 7.6557 7.03646 18.9
      vertex 7.68888 6.86968 13.29
      vertex 7.68888 6.86968 18.9
    endloop
  endfacet
  facet normal -0.83148 -0.555555 0
    outer loop
      vertex 7.52583 7.35 13.29
      vertex 7.43136 7.49139 18.9
      vertex 7.43136 7.49139 13.29
    endloop
  endfacet
  facet normal -0.83148 -0.555555 0
    outer loop
      vertex 7.43136 7.49139 18.9
      vertex 7.52583 7.35 13.29
      vertex 7.52583 7.35 18.9
    endloop
  endfacet
  facet normal -0.321427 -0.946934 0
    outer loop
      vertex 6.73646 7.9557 13.29
      vertex 6.89749 7.90104 18.9
      vertex 6.73646 7.9557 18.9
    endloop
  endfacet
  facet normal -0.321427 -0.946934 -0
    outer loop
      vertex 6.89749 7.90104 18.9
      vertex 6.73646 7.9557 13.29
      vertex 6.89749 7.90104 13.29
    endloop
  endfacet
  facet normal -0.195121 -0.980779 0
    outer loop
      vertex 6.56968 7.98888 13.29
      vertex 6.73646 7.9557 18.9
      vertex 6.56968 7.98888 18.9
    endloop
  endfacet
  facet normal -0.195121 -0.980779 -0
    outer loop
      vertex 6.73646 7.9557 18.9
      vertex 6.56968 7.98888 13.29
      vertex 6.73646 7.9557 13.29
    endloop
  endfacet
  facet normal -0.555555 -0.83148 0
    outer loop
      vertex 7.05 7.82583 13.29
      vertex 7.19139 7.73136 18.9
      vertex 7.05 7.82583 18.9
    endloop
  endfacet
  facet normal -0.555555 -0.83148 -0
    outer loop
      vertex 7.19139 7.73136 18.9
      vertex 7.05 7.82583 13.29
      vertex 7.19139 7.73136 13.29
    endloop
  endfacet
  facet normal 0.896872 -0.442291 0
    outer loop
      vertex 5.19896 7.19749 18.9
      vertex 5.27417 7.35 13.29
      vertex 5.27417 7.35 18.9
    endloop
  endfacet
  facet normal 0.896872 -0.442291 0
    outer loop
      vertex 5.27417 7.35 13.29
      vertex 5.19896 7.19749 18.9
      vertex 5.19896 7.19749 13.29
    endloop
  endfacet
  facet normal 0.83148 -0.555555 0
    outer loop
      vertex 5.27417 7.35 18.9
      vertex 5.36864 7.49139 13.29
      vertex 5.36864 7.49139 18.9
    endloop
  endfacet
  facet normal 0.83148 -0.555555 0
    outer loop
      vertex 5.36864 7.49139 13.29
      vertex 5.27417 7.35 18.9
      vertex 5.27417 7.35 13.29
    endloop
  endfacet
  facet normal 0.997859 -0.0653948 0
    outer loop
      vertex 5.1 6.7 18.9
      vertex 5.11112 6.86968 13.29
      vertex 5.11112 6.86968 18.9
    endloop
  endfacet
  facet normal 0.997859 -0.0653948 0
    outer loop
      vertex 5.11112 6.86968 13.29
      vertex 5.1 6.7 18.9
      vertex 5.1 6.7 13.29
    endloop
  endfacet
  facet normal 0.555555 -0.83148 0
    outer loop
      vertex 5.60861 7.73136 13.29
      vertex 5.75 7.82583 18.9
      vertex 5.60861 7.73136 18.9
    endloop
  endfacet
  facet normal 0.555555 -0.83148 0
    outer loop
      vertex 5.75 7.82583 18.9
      vertex 5.60861 7.73136 13.29
      vertex 5.75 7.82583 13.29
    endloop
  endfacet
  facet normal 0.19511 -0.980781 0
    outer loop
      vertex 6.06353 7.9557 13.29
      vertex 6.23032 7.98888 18.9
      vertex 6.06353 7.9557 18.9
    endloop
  endfacet
  facet normal 0.19511 -0.980781 0
    outer loop
      vertex 6.23032 7.98888 18.9
      vertex 6.06353 7.9557 13.29
      vertex 6.23032 7.98888 13.29
    endloop
  endfacet
  facet normal -0.997859 0.0653948 0
    outer loop
      vertex 7.68888 6.53032 13.29
      vertex 7.7 6.7 18.9
      vertex 7.7 6.7 13.29
    endloop
  endfacet
  facet normal -0.997859 0.0653948 0
    outer loop
      vertex 7.7 6.7 18.9
      vertex 7.68888 6.53032 13.29
      vertex 7.68888 6.53032 18.9
    endloop
  endfacet
  facet normal -0.195121 0.980779 0
    outer loop
      vertex 6.73646 5.4443 13.29
      vertex 6.56968 5.41112 18.9
      vertex 6.73646 5.4443 18.9
    endloop
  endfacet
  facet normal -0.195121 0.980779 0
    outer loop
      vertex 6.56968 5.41112 18.9
      vertex 6.73646 5.4443 13.29
      vertex 6.56968 5.41112 13.29
    endloop
  endfacet
  facet normal -0.946934 -0.321427 0
    outer loop
      vertex 7.6557 7.03646 13.29
      vertex 7.60104 7.19749 18.9
      vertex 7.60104 7.19749 13.29
    endloop
  endfacet
  facet normal -0.946934 -0.321427 0
    outer loop
      vertex 7.60104 7.19749 18.9
      vertex 7.6557 7.03646 13.29
      vertex 7.6557 7.03646 18.9
    endloop
  endfacet
  facet normal -0.751844 -0.659341 0
    outer loop
      vertex 7.43136 7.49139 13.29
      vertex 7.31924 7.61924 18.9
      vertex 7.31924 7.61924 13.29
    endloop
  endfacet
  facet normal -0.751844 -0.659341 0
    outer loop
      vertex 7.31924 7.61924 18.9
      vertex 7.43136 7.49139 13.29
      vertex 7.43136 7.49139 18.9
    endloop
  endfacet
  facet normal -0.0653948 -0.997859 0
    outer loop
      vertex 6.4 8 13.29
      vertex 6.56968 7.98888 18.9
      vertex 6.4 8 18.9
    endloop
  endfacet
  facet normal -0.0653948 -0.997859 -0
    outer loop
      vertex 6.56968 7.98888 18.9
      vertex 6.4 8 13.29
      vertex 6.56968 7.98888 13.29
    endloop
  endfacet
  facet normal -0.442291 -0.896872 0
    outer loop
      vertex 6.89749 7.90104 13.29
      vertex 7.05 7.82583 18.9
      vertex 6.89749 7.90104 18.9
    endloop
  endfacet
  facet normal -0.442291 -0.896872 -0
    outer loop
      vertex 7.05 7.82583 18.9
      vertex 6.89749 7.90104 13.29
      vertex 7.05 7.82583 13.29
    endloop
  endfacet
  facet normal 0.946934 -0.321427 0
    outer loop
      vertex 5.1443 7.03646 18.9
      vertex 5.19896 7.19749 13.29
      vertex 5.19896 7.19749 18.9
    endloop
  endfacet
  facet normal 0.946934 -0.321427 0
    outer loop
      vertex 5.19896 7.19749 13.29
      vertex 5.1443 7.03646 18.9
      vertex 5.1443 7.03646 13.29
    endloop
  endfacet
  facet normal 0.997859 0.0653948 0
    outer loop
      vertex 5.11112 6.53032 18.9
      vertex 5.1 6.7 13.29
      vertex 5.1 6.7 18.9
    endloop
  endfacet
  facet normal 0.997859 0.0653948 0
    outer loop
      vertex 5.1 6.7 13.29
      vertex 5.11112 6.53032 18.9
      vertex 5.11112 6.53032 13.29
    endloop
  endfacet
  facet normal 0.321445 -0.946928 0
    outer loop
      vertex 5.90251 7.90104 13.29
      vertex 6.06353 7.9557 18.9
      vertex 5.90251 7.90104 18.9
    endloop
  endfacet
  facet normal 0.321445 -0.946928 0
    outer loop
      vertex 6.06353 7.9557 18.9
      vertex 5.90251 7.90104 13.29
      vertex 6.06353 7.9557 13.29
    endloop
  endfacet
  facet normal -0.659341 0.751844 0
    outer loop
      vertex 7.31924 5.78076 13.29
      vertex 7.19139 5.66864 18.9
      vertex 7.31924 5.78076 18.9
    endloop
  endfacet
  facet normal -0.659341 0.751844 0
    outer loop
      vertex 7.19139 5.66864 18.9
      vertex 7.31924 5.78076 13.29
      vertex 7.19139 5.66864 13.29
    endloop
  endfacet
  facet normal -0.946928 0.321445 0
    outer loop
      vertex 7.60104 6.20251 13.29
      vertex 7.6557 6.36353 18.9
      vertex 7.6557 6.36353 13.29
    endloop
  endfacet
  facet normal -0.946928 0.321445 0
    outer loop
      vertex 7.6557 6.36353 18.9
      vertex 7.60104 6.20251 13.29
      vertex 7.60104 6.20251 18.9
    endloop
  endfacet
  facet normal -0.896872 0.442291 0
    outer loop
      vertex 7.52583 6.05 13.29
      vertex 7.60104 6.20251 18.9
      vertex 7.60104 6.20251 13.29
    endloop
  endfacet
  facet normal -0.896872 0.442291 0
    outer loop
      vertex 7.60104 6.20251 18.9
      vertex 7.52583 6.05 13.29
      vertex 7.52583 6.05 18.9
    endloop
  endfacet
  facet normal -0.980781 0.19511 0
    outer loop
      vertex 7.6557 6.36353 13.29
      vertex 7.68888 6.53032 18.9
      vertex 7.68888 6.53032 13.29
    endloop
  endfacet
  facet normal -0.980781 0.19511 0
    outer loop
      vertex 7.68888 6.53032 18.9
      vertex 7.6557 6.36353 13.29
      vertex 7.6557 6.36353 18.9
    endloop
  endfacet
  facet normal 0.83148 0.555555 0
    outer loop
      vertex 5.36864 5.90861 18.9
      vertex 5.27417 6.05 13.29
      vertex 5.27417 6.05 18.9
    endloop
  endfacet
  facet normal 0.83148 0.555555 0
    outer loop
      vertex 5.27417 6.05 13.29
      vertex 5.36864 5.90861 18.9
      vertex 5.36864 5.90861 13.29
    endloop
  endfacet
  facet normal 0.980781 0.19511 0
    outer loop
      vertex 5.1443 6.36353 18.9
      vertex 5.11112 6.53032 13.29
      vertex 5.11112 6.53032 18.9
    endloop
  endfacet
  facet normal 0.980781 0.19511 0
    outer loop
      vertex 5.11112 6.53032 13.29
      vertex 5.1443 6.36353 18.9
      vertex 5.1443 6.36353 13.29
    endloop
  endfacet
  facet normal 0.896872 0.442291 0
    outer loop
      vertex 5.27417 6.05 18.9
      vertex 5.19896 6.20251 13.29
      vertex 5.19896 6.20251 18.9
    endloop
  endfacet
  facet normal 0.896872 0.442291 0
    outer loop
      vertex 5.19896 6.20251 13.29
      vertex 5.27417 6.05 18.9
      vertex 5.27417 6.05 13.29
    endloop
  endfacet
  facet normal -0.751844 0.659341 0
    outer loop
      vertex 7.31924 5.78076 13.29
      vertex 7.43136 5.90861 18.9
      vertex 7.43136 5.90861 13.29
    endloop
  endfacet
  facet normal -0.751844 0.659341 0
    outer loop
      vertex 7.43136 5.90861 18.9
      vertex 7.31924 5.78076 13.29
      vertex 7.31924 5.78076 18.9
    endloop
  endfacet
  facet normal -0.442291 0.896872 0
    outer loop
      vertex 7.05 5.57417 13.29
      vertex 6.89749 5.49896 18.9
      vertex 7.05 5.57417 18.9
    endloop
  endfacet
  facet normal -0.442291 0.896872 0
    outer loop
      vertex 6.89749 5.49896 18.9
      vertex 7.05 5.57417 13.29
      vertex 6.89749 5.49896 13.29
    endloop
  endfacet
  facet normal -0.321427 0.946934 0
    outer loop
      vertex 6.89749 5.49896 13.29
      vertex 6.73646 5.4443 18.9
      vertex 6.89749 5.49896 18.9
    endloop
  endfacet
  facet normal -0.321427 0.946934 0
    outer loop
      vertex 6.73646 5.4443 18.9
      vertex 6.89749 5.49896 13.29
      vertex 6.73646 5.4443 13.29
    endloop
  endfacet
  facet normal 0 0 -1
    outer loop
      vertex 7.68888 6.53032 18.9
      vertex 7.68888 6.86968 18.9
      vertex 7.7 6.7 18.9
    endloop
  endfacet
  facet normal 0 0 -1
    outer loop
      vertex 7.6557 6.36353 18.9
      vertex 7.68888 6.86968 18.9
      vertex 7.68888 6.53032 18.9
    endloop
  endfacet
  facet normal 0 0 -1
    outer loop
      vertex 7.6557 6.36353 18.9
      vertex 7.6557 7.03646 18.9
      vertex 7.68888 6.86968 18.9
    endloop
  endfacet
  facet normal 0 0 -1
    outer loop
      vertex 7.60104 6.20251 18.9
      vertex 7.6557 7.03646 18.9
      vertex 7.6557 6.36353 18.9
    endloop
  endfacet
  facet normal 0 0 -1
    outer loop
      vertex 7.60104 6.20251 18.9
      vertex 7.60104 7.19749 18.9
      vertex 7.6557 7.03646 18.9
    endloop
  endfacet
  facet normal 0 0 -1
    outer loop
      vertex 7.52583 6.05 18.9
      vertex 7.60104 7.19749 18.9
      vertex 7.60104 6.20251 18.9
    endloop
  endfacet
  facet normal 0 0 -1
    outer loop
      vertex 7.52583 6.05 18.9
      vertex 7.52583 7.35 18.9
      vertex 7.60104 7.19749 18.9
    endloop
  endfacet
  facet normal 0 0 -1
    outer loop
      vertex 7.43136 5.90861 18.9
      vertex 7.52583 7.35 18.9
      vertex 7.52583 6.05 18.9
    endloop
  endfacet
  facet normal 0 0 -1
    outer loop
      vertex 7.43136 5.90861 18.9
      vertex 7.43136 7.49139 18.9
      vertex 7.52583 7.35 18.9
    endloop
  endfacet
  facet normal 0 0 -1
    outer loop
      vertex 7.31924 5.78076 18.9
      vertex 7.43136 7.49139 18.9
      vertex 7.43136 5.90861 18.9
    endloop
  endfacet
  facet normal 0 0 -1
    outer loop
      vertex 7.31924 5.78076 18.9
      vertex 7.31924 7.61924 18.9
      vertex 7.43136 7.49139 18.9
    endloop
  endfacet
  facet normal 0 0 -1
    outer loop
      vertex 7.19139 5.66864 18.9
      vertex 7.31924 7.61924 18.9
      vertex 7.31924 5.78076 18.9
    endloop
  endfacet
  facet normal 0 0 -1
    outer loop
      vertex 7.19139 5.66864 18.9
      vertex 7.19139 7.73136 18.9
      vertex 7.31924 7.61924 18.9
    endloop
  endfacet
  facet normal 0 0 -1
    outer loop
      vertex 7.05 5.57417 18.9
      vertex 7.19139 7.73136 18.9
      vertex 7.19139 5.66864 18.9
    endloop
  endfacet
  facet normal 0 0 -1
    outer loop
      vertex 7.05 5.57417 18.9
      vertex 7.05 7.82583 18.9
      vertex 7.19139 7.73136 18.9
    endloop
  endfacet
  facet normal 0 0 -1
    outer loop
      vertex 6.89749 5.49896 18.9
      vertex 7.05 7.82583 18.9
      vertex 7.05 5.57417 18.9
    endloop
  endfacet
  facet normal 0 0 -1
    outer loop
      vertex 6.89749 5.49896 18.9
      vertex 6.89749 7.90104 18.9
      vertex 7.05 7.82583 18.9
    endloop
  endfacet
  facet normal 0 0 -1
    outer loop
      vertex 6.73646 5.4443 18.9
      vertex 6.89749 7.90104 18.9
      vertex 6.89749 5.49896 18.9
    endloop
  endfacet
  facet normal 0 0 -1
    outer loop
      vertex 6.73646 5.4443 18.9
      vertex 6.73646 7.9557 18.9
      vertex 6.89749 7.90104 18.9
    endloop
  endfacet
  facet normal 0 0 -1
    outer loop
      vertex 6.56968 5.41112 18.9
      vertex 6.73646 7.9557 18.9
      vertex 6.73646 5.4443 18.9
    endloop
  endfacet
  facet normal 0 0 -1
    outer loop
      vertex 6.56968 5.41112 18.9
      vertex 6.56968 7.98888 18.9
      vertex 6.73646 7.9557 18.9
    endloop
  endfacet
  facet normal 0 0 -1
    outer loop
      vertex 6.4 5.4 18.9
      vertex 6.56968 7.98888 18.9
      vertex 6.56968 5.41112 18.9
    endloop
  endfacet
  facet normal 0 0 -1
    outer loop
      vertex 6.4 5.4 18.9
      vertex 6.4 8 18.9
      vertex 6.56968 7.98888 18.9
    endloop
  endfacet
  facet normal 0 0 -1
    outer loop
      vertex 6.23032 5.41112 18.9
      vertex 6.4 8 18.9
      vertex 6.4 5.4 18.9
    endloop
  endfacet
  facet normal 0 0 -1
    outer loop
      vertex 6.23032 5.41112 18.9
      vertex 6.23032 7.98888 18.9
      vertex 6.4 8 18.9
    endloop
  endfacet
  facet normal 0 0 -1
    outer loop
      vertex 6.06353 5.4443 18.9
      vertex 6.23032 7.98888 18.9
      vertex 6.23032 5.41112 18.9
    endloop
  endfacet
  facet normal 0 0 -1
    outer loop
      vertex 6.06353 5.4443 18.9
      vertex 6.06353 7.9557 18.9
      vertex 6.23032 7.98888 18.9
    endloop
  endfacet
  facet normal 0 0 -1
    outer loop
      vertex 5.90251 5.49896 18.9
      vertex 6.06353 7.9557 18.9
      vertex 6.06353 5.4443 18.9
    endloop
  endfacet
  facet normal 0 0 -1
    outer loop
      vertex 5.90251 5.49896 18.9
      vertex 5.90251 7.90104 18.9
      vertex 6.06353 7.9557 18.9
    endloop
  endfacet
  facet normal 0 0 -1
    outer loop
      vertex 5.75 5.57417 18.9
      vertex 5.90251 7.90104 18.9
      vertex 5.90251 5.49896 18.9
    endloop
  endfacet
  facet normal 0 0 -1
    outer loop
      vertex 5.75 5.57417 18.9
      vertex 5.75 7.82583 18.9
      vertex 5.90251 7.90104 18.9
    endloop
  endfacet
  facet normal 0 0 -1
    outer loop
      vertex 5.60861 5.66864 18.9
      vertex 5.75 7.82583 18.9
      vertex 5.75 5.57417 18.9
    endloop
  endfacet
  facet normal 0 0 -1
    outer loop
      vertex 5.60861 5.66864 18.9
      vertex 5.60861 7.73136 18.9
      vertex 5.75 7.82583 18.9
    endloop
  endfacet
  facet normal 0 0 -1
    outer loop
      vertex 5.48076 5.78076 18.9
      vertex 5.60861 7.73136 18.9
      vertex 5.60861 5.66864 18.9
    endloop
  endfacet
  facet normal 0 0 -1
    outer loop
      vertex 5.48076 5.78076 18.9
      vertex 5.48076 7.61924 18.9
      vertex 5.60861 7.73136 18.9
    endloop
  endfacet
  facet normal 0 0 -1
    outer loop
      vertex 5.36864 5.90861 18.9
      vertex 5.48076 7.61924 18.9
      vertex 5.48076 5.78076 18.9
    endloop
  endfacet
  facet normal 0 0 -1
    outer loop
      vertex 5.36864 5.90861 18.9
      vertex 5.36864 7.49139 18.9
      vertex 5.48076 7.61924 18.9
    endloop
  endfacet
  facet normal 0 0 -1
    outer loop
      vertex 5.27417 6.05 18.9
      vertex 5.36864 7.49139 18.9
      vertex 5.36864 5.90861 18.9
    endloop
  endfacet
  facet normal 0 0 -1
    outer loop
      vertex 5.27417 6.05 18.9
      vertex 5.27417 7.35 18.9
      vertex 5.36864 7.49139 18.9
    endloop
  endfacet
  facet normal 0 0 -1
    outer loop
      vertex 5.19896 6.20251 18.9
      vertex 5.27417 7.35 18.9
      vertex 5.27417 6.05 18.9
    endloop
  endfacet
  facet normal 0 0 -1
    outer loop
      vertex 5.19896 6.20251 18.9
      vertex 5.19896 7.19749 18.9
      vertex 5.27417 7.35 18.9
    endloop
  endfacet
  facet normal 0 0 -1
    outer loop
      vertex 5.1443 6.36353 18.9
      vertex 5.19896 7.19749 18.9
      vertex 5.19896 6.20251 18.9
    endloop
  endfacet
  facet normal 0 0 -1
    outer loop
      vertex 5.1443 6.36353 18.9
      vertex 5.1443 7.03646 18.9
      vertex 5.19896 7.19749 18.9
    endloop
  endfacet
  facet normal 0 0 -1
    outer loop
      vertex 5.11112 6.53032 18.9
      vertex 5.1443 7.03646 18.9
      vertex 5.1443 6.36353 18.9
    endloop
  endfacet
  facet normal 0 0 -1
    outer loop
      vertex 5.11112 6.53032 18.9
      vertex 5.11112 6.86968 18.9
      vertex 5.1443 7.03646 18.9
    endloop
  endfacet
  facet normal 0 -0 -1
    outer loop
      vertex 5.11112 6.86968 18.9
      vertex 5.11112 6.53032 18.9
      vertex 5.1 6.7 18.9
    endloop
  endfacet
  facet normal 0.980779 -0.195121 0
    outer loop
      vertex 5.11112 6.86968 18.9
      vertex 5.1443 7.03646 13.29
      vertex 5.1443 7.03646 18.9
    endloop
  endfacet
  facet normal 0.980779 -0.195121 0
    outer loop
      vertex 5.1443 7.03646 13.29
      vertex 5.11112 6.86968 18.9
      vertex 5.11112 6.86968 13.29
    endloop
  endfacet
  facet normal 0.659341 -0.751844 0
    outer loop
      vertex 5.48076 7.61924 13.29
      vertex 5.60861 7.73136 18.9
      vertex 5.48076 7.61924 18.9
    endloop
  endfacet
  facet normal 0.659341 -0.751844 0
    outer loop
      vertex 5.60861 7.73136 18.9
      vertex 5.48076 7.61924 13.29
      vertex 5.60861 7.73136 13.29
    endloop
  endfacet
  facet normal -0.0653948 0.997859 0
    outer loop
      vertex 6.56968 5.41112 13.29
      vertex 6.4 5.4 18.9
      vertex 6.56968 5.41112 18.9
    endloop
  endfacet
  facet normal -0.0653948 0.997859 0
    outer loop
      vertex 6.4 5.4 18.9
      vertex 6.56968 5.41112 13.29
      vertex 6.4 5.4 13.29
    endloop
  endfacet
  facet normal 0.321445 0.946928 -0
    outer loop
      vertex 6.06353 5.4443 13.29
      vertex 5.90251 5.49896 18.9
      vertex 6.06353 5.4443 18.9
    endloop
  endfacet
  facet normal 0.321445 0.946928 0
    outer loop
      vertex 5.90251 5.49896 18.9
      vertex 6.06353 5.4443 13.29
      vertex 5.90251 5.49896 13.29
    endloop
  endfacet
  facet normal 0.946928 0.321445 0
    outer loop
      vertex 5.19896 6.20251 18.9
      vertex 5.1443 6.36353 13.29
      vertex 5.1443 6.36353 18.9
    endloop
  endfacet
  facet normal 0.946928 0.321445 0
    outer loop
      vertex 5.1443 6.36353 13.29
      vertex 5.19896 6.20251 18.9
      vertex 5.19896 6.20251 13.29
    endloop
  endfacet
  facet normal -0.555555 0.83148 0
    outer loop
      vertex 7.19139 5.66864 13.29
      vertex 7.05 5.57417 18.9
      vertex 7.19139 5.66864 18.9
    endloop
  endfacet
  facet normal -0.555555 0.83148 0
    outer loop
      vertex 7.05 5.57417 18.9
      vertex 7.19139 5.66864 13.29
      vertex 7.05 5.57417 13.29
    endloop
  endfacet
  facet normal 0.0653948 0.997859 -0
    outer loop
      vertex 6.4 5.4 13.29
      vertex 6.23032 5.41112 18.9
      vertex 6.4 5.4 18.9
    endloop
  endfacet
  facet normal 0.0653948 0.997859 0
    outer loop
      vertex 6.23032 5.41112 18.9
      vertex 6.4 5.4 13.29
      vertex 6.23032 5.41112 13.29
    endloop
  endfacet
  facet normal 0.555555 0.83148 -0
    outer loop
      vertex 5.75 5.57417 13.29
      vertex 5.60861 5.66864 18.9
      vertex 5.75 5.57417 18.9
    endloop
  endfacet
  facet normal 0.555555 0.83148 0
    outer loop
      vertex 5.60861 5.66864 18.9
      vertex 5.75 5.57417 13.29
      vertex 5.60861 5.66864 13.29
    endloop
  endfacet
  facet normal 0.659341 0.751844 -0
    outer loop
      vertex 5.60861 5.66864 13.29
      vertex 5.48076 5.78076 18.9
      vertex 5.60861 5.66864 18.9
    endloop
  endfacet
  facet normal 0.659341 0.751844 0
    outer loop
      vertex 5.48076 5.78076 18.9
      vertex 5.60861 5.66864 13.29
      vertex 5.48076 5.78076 13.29
    endloop
  endfacet
  facet normal 0.751844 0.659341 0
    outer loop
      vertex 5.48076 5.78076 18.9
      vertex 5.36864 5.90861 13.29
      vertex 5.36864 5.90861 18.9
    endloop
  endfacet
  facet normal 0.751844 0.659341 0
    outer loop
      vertex 5.36864 5.90861 13.29
      vertex 5.48076 5.78076 18.9
      vertex 5.48076 5.78076 13.29
    endloop
  endfacet
  facet normal 0.19511 0.980781 -0
    outer loop
      vertex 6.23032 5.41112 13.29
      vertex 6.06353 5.4443 18.9
      vertex 6.23032 5.41112 18.9
    endloop
  endfacet
  facet normal 0.19511 0.980781 0
    outer loop
      vertex 6.06353 5.4443 18.9
      vertex 6.23032 5.41112 13.29
      vertex 6.06353 5.4443 13.29
    endloop
  endfacet
  facet normal 0.442291 0.896872 -0
    outer loop
      vertex 5.90251 5.49896 13.29
      vertex 5.75 5.57417 18.9
      vertex 5.90251 5.49896 18.9
    endloop
  endfacet
  facet normal 0.442291 0.896872 0
    outer loop
      vertex 5.75 5.57417 18.9
      vertex 5.90251 5.49896 13.29
      vertex 5.75 5.57417 13.29
    endloop
  endfacet
  facet normal -0.997905 -0.0646921 0
    outer loop
      vertex 102.2 6.7 13.29
      vertex 102.189 6.86968 18.9
      vertex 102.189 6.86968 13.29
    endloop
  endfacet
  facet normal -0.997905 -0.0646921 0
    outer loop
      vertex 102.189 6.86968 18.9
      vertex 102.2 6.7 13.29
      vertex 102.2 6.7 18.9
    endloop
  endfacet
  facet normal 0.0652723 -0.997867 0
    outer loop
      vertex 100.73 7.98888 13.29
      vertex 100.9 8 18.9
      vertex 100.73 7.98888 18.9
    endloop
  endfacet
  facet normal 0.0652723 -0.997867 0
    outer loop
      vertex 100.9 8 18.9
      vertex 100.73 7.98888 13.29
      vertex 100.9 8 13.29
    endloop
  endfacet
  facet normal -0.658904 -0.752227 0
    outer loop
      vertex 101.691 7.73136 13.29
      vertex 101.819 7.61924 18.9
      vertex 101.691 7.73136 18.9
    endloop
  endfacet
  facet normal -0.658904 -0.752227 -0
    outer loop
      vertex 101.819 7.61924 18.9
      vertex 101.691 7.73136 13.29
      vertex 101.819 7.61924 13.29
    endloop
  endfacet
  facet normal 0.751611 -0.659607 0
    outer loop
      vertex 99.8686 7.49139 18.9
      vertex 99.9808 7.61924 13.29
      vertex 99.9808 7.61924 18.9
    endloop
  endfacet
  facet normal 0.751611 -0.659607 0
    outer loop
      vertex 99.9808 7.61924 13.29
      vertex 99.8686 7.49139 18.9
      vertex 99.8686 7.49139 13.29
    endloop
  endfacet
  facet normal 0.44115 -0.897433 0
    outer loop
      vertex 100.25 7.82583 13.29
      vertex 100.403 7.90104 18.9
      vertex 100.25 7.82583 18.9
    endloop
  endfacet
  facet normal 0.44115 -0.897433 0
    outer loop
      vertex 100.403 7.90104 18.9
      vertex 100.25 7.82583 13.29
      vertex 100.403 7.90104 13.29
    endloop
  endfacet
  facet normal -0.83004 0.557704 0
    outer loop
      vertex 101.931 5.90861 13.29
      vertex 102.026 6.05 18.9
      vertex 102.026 6.05 13.29
    endloop
  endfacet
  facet normal -0.83004 0.557704 0
    outer loop
      vertex 102.026 6.05 18.9
      vertex 101.931 5.90861 13.29
      vertex 101.931 5.90861 18.9
    endloop
  endfacet
  facet normal -0.897361 -0.441296 0
    outer loop
      vertex 102.101 7.19749 13.29
      vertex 102.026 7.35 18.9
      vertex 102.026 7.35 13.29
    endloop
  endfacet
  facet normal -0.897361 -0.441296 0
    outer loop
      vertex 102.026 7.35 18.9
      vertex 102.101 7.19749 13.29
      vertex 102.101 7.19749 18.9
    endloop
  endfacet
  facet normal -0.980981 -0.194102 0
    outer loop
      vertex 102.189 6.86968 13.29
      vertex 102.156 7.03646 18.9
      vertex 102.156 7.03646 13.29
    endloop
  endfacet
  facet normal -0.980981 -0.194102 0
    outer loop
      vertex 102.156 7.03646 18.9
      vertex 102.189 6.86968 13.29
      vertex 102.189 6.86968 18.9
    endloop
  endfacet
  facet normal -0.83004 -0.557704 0
    outer loop
      vertex 102.026 7.35 13.29
      vertex 101.931 7.49139 18.9
      vertex 101.931 7.49139 13.29
    endloop
  endfacet
  facet normal -0.83004 -0.557704 0
    outer loop
      vertex 101.931 7.49139 18.9
      vertex 102.026 7.35 13.29
      vertex 102.026 7.35 18.9
    endloop
  endfacet
  facet normal -0.321481 -0.946916 0
    outer loop
      vertex 101.236 7.9557 13.29
      vertex 101.397 7.90104 18.9
      vertex 101.236 7.9557 18.9
    endloop
  endfacet
  facet normal -0.321481 -0.946916 -0
    outer loop
      vertex 101.397 7.90104 18.9
      vertex 101.236 7.9557 13.29
      vertex 101.397 7.90104 13.29
    endloop
  endfacet
  facet normal -0.196003 -0.980603 0
    outer loop
      vertex 101.07 7.98888 13.29
      vertex 101.236 7.9557 18.9
      vertex 101.07 7.98888 18.9
    endloop
  endfacet
  facet normal -0.196003 -0.980603 -0
    outer loop
      vertex 101.236 7.9557 18.9
      vertex 101.07 7.98888 13.29
      vertex 101.236 7.9557 13.29
    endloop
  endfacet
  facet normal -0.556616 -0.83077 0
    outer loop
      vertex 101.55 7.82583 13.29
      vertex 101.691 7.73136 18.9
      vertex 101.55 7.82583 18.9
    endloop
  endfacet
  facet normal -0.556616 -0.83077 -0
    outer loop
      vertex 101.691 7.73136 18.9
      vertex 101.55 7.82583 13.29
      vertex 101.691 7.73136 13.29
    endloop
  endfacet
  facet normal 0.896895 -0.442243 0
    outer loop
      vertex 99.699 7.19749 18.9
      vertex 99.7742 7.35 13.29
      vertex 99.7742 7.35 18.9
    endloop
  endfacet
  facet normal 0.896895 -0.442243 0
    outer loop
      vertex 99.7742 7.35 13.29
      vertex 99.699 7.19749 18.9
      vertex 99.699 7.19749 13.29
    endloop
  endfacet
  facet normal 0.83167 -0.55527 0
    outer loop
      vertex 99.7742 7.35 18.9
      vertex 99.8686 7.49139 13.29
      vertex 99.8686 7.49139 18.9
    endloop
  endfacet
  facet normal 0.83167 -0.55527 0
    outer loop
      vertex 99.8686 7.49139 13.29
      vertex 99.7742 7.35 18.9
      vertex 99.7742 7.35 13.29
    endloop
  endfacet
  facet normal 0.997867 -0.0652777 0
    outer loop
      vertex 99.6 6.7 18.9
      vertex 99.6111 6.86968 13.29
      vertex 99.6111 6.86968 18.9
    endloop
  endfacet
  facet normal 0.997867 -0.0652777 0
    outer loop
      vertex 99.6111 6.86968 13.29
      vertex 99.6 6.7 18.9
      vertex 99.6 6.7 13.29
    endloop
  endfacet
  facet normal 0.556616 -0.83077 0
    outer loop
      vertex 100.109 7.73136 13.29
      vertex 100.25 7.82583 18.9
      vertex 100.109 7.73136 18.9
    endloop
  endfacet
  facet normal 0.556616 -0.83077 0
    outer loop
      vertex 100.25 7.82583 18.9
      vertex 100.109 7.73136 13.29
      vertex 100.25 7.82583 13.29
    endloop
  endfacet
  facet normal 0.196003 -0.980603 0
    outer loop
      vertex 100.564 7.9557 13.29
      vertex 100.73 7.98888 18.9
      vertex 100.564 7.9557 18.9
    endloop
  endfacet
  facet normal 0.196003 -0.980603 0
    outer loop
      vertex 100.73 7.98888 18.9
      vertex 100.564 7.9557 13.29
      vertex 100.73 7.98888 13.29
    endloop
  endfacet
  facet normal -0.997905 0.0646921 0
    outer loop
      vertex 102.189 6.53032 13.29
      vertex 102.2 6.7 18.9
      vertex 102.2 6.7 13.29
    endloop
  endfacet
  facet normal -0.997905 0.0646921 0
    outer loop
      vertex 102.2 6.7 18.9
      vertex 102.189 6.53032 13.29
      vertex 102.189 6.53032 18.9
    endloop
  endfacet
  facet normal -0.196003 0.980603 0
    outer loop
      vertex 101.236 5.4443 13.29
      vertex 101.07 5.41112 18.9
      vertex 101.236 5.4443 18.9
    endloop
  endfacet
  facet normal -0.196003 0.980603 0
    outer loop
      vertex 101.07 5.41112 18.9
      vertex 101.236 5.4443 13.29
      vertex 101.07 5.41112 13.29
    endloop
  endfacet
  facet normal -0.946324 -0.323218 0
    outer loop
      vertex 102.156 7.03646 13.29
      vertex 102.101 7.19749 18.9
      vertex 102.101 7.19749 13.29
    endloop
  endfacet
  facet normal -0.946324 -0.323218 0
    outer loop
      vertex 102.101 7.19749 18.9
      vertex 102.156 7.03646 13.29
      vertex 102.156 7.03646 18.9
    endloop
  endfacet
  facet normal -0.752194 -0.658942 0
    outer loop
      vertex 101.931 7.49139 13.29
      vertex 101.819 7.61924 18.9
      vertex 101.819 7.61924 13.29
    endloop
  endfacet
  facet normal -0.752194 -0.658942 0
    outer loop
      vertex 101.819 7.61924 18.9
      vertex 101.931 7.49139 13.29
      vertex 101.931 7.49139 18.9
    endloop
  endfacet
  facet normal -0.0652723 -0.997867 0
    outer loop
      vertex 100.9 8 13.29
      vertex 101.07 7.98888 18.9
      vertex 100.9 8 18.9
    endloop
  endfacet
  facet normal -0.0652723 -0.997867 -0
    outer loop
      vertex 101.07 7.98888 18.9
      vertex 100.9 8 13.29
      vertex 101.07 7.98888 13.29
    endloop
  endfacet
  facet normal -0.44115 -0.897433 0
    outer loop
      vertex 101.397 7.90104 13.29
      vertex 101.55 7.82583 18.9
      vertex 101.397 7.90104 18.9
    endloop
  endfacet
  facet normal -0.44115 -0.897433 -0
    outer loop
      vertex 101.55 7.82583 18.9
      vertex 101.397 7.90104 13.29
      vertex 101.55 7.82583 13.29
    endloop
  endfacet
  facet normal 0.946863 -0.321638 0
    outer loop
      vertex 99.6443 7.03646 18.9
      vertex 99.699 7.19749 13.29
      vertex 99.699 7.19749 18.9
    endloop
  endfacet
  facet normal 0.946863 -0.321638 0
    outer loop
      vertex 99.699 7.19749 13.29
      vertex 99.6443 7.03646 18.9
      vertex 99.6443 7.03646 13.29
    endloop
  endfacet
  facet normal 0.997867 0.0652777 0
    outer loop
      vertex 99.6111 6.53032 18.9
      vertex 99.6 6.7 13.29
      vertex 99.6 6.7 18.9
    endloop
  endfacet
  facet normal 0.997867 0.0652777 0
    outer loop
      vertex 99.6 6.7 13.29
      vertex 99.6111 6.53032 18.9
      vertex 99.6111 6.53032 13.29
    endloop
  endfacet
  facet normal 0.321481 -0.946916 0
    outer loop
      vertex 100.403 7.90104 13.29
      vertex 100.564 7.9557 18.9
      vertex 100.403 7.90104 18.9
    endloop
  endfacet
  facet normal 0.321481 -0.946916 0
    outer loop
      vertex 100.564 7.9557 18.9
      vertex 100.403 7.90104 13.29
      vertex 100.564 7.9557 13.29
    endloop
  endfacet
  facet normal -0.658904 0.752227 0
    outer loop
      vertex 101.819 5.78076 13.29
      vertex 101.691 5.66864 18.9
      vertex 101.819 5.78076 18.9
    endloop
  endfacet
  facet normal -0.658904 0.752227 0
    outer loop
      vertex 101.691 5.66864 18.9
      vertex 101.819 5.78076 13.29
      vertex 101.691 5.66864 13.29
    endloop
  endfacet
  facet normal -0.946318 0.323236 0
    outer loop
      vertex 102.101 6.20251 13.29
      vertex 102.156 6.36353 18.9
      vertex 102.156 6.36353 13.29
    endloop
  endfacet
  facet normal -0.946318 0.323236 0
    outer loop
      vertex 102.156 6.36353 18.9
      vertex 102.101 6.20251 13.29
      vertex 102.101 6.20251 18.9
    endloop
  endfacet
  facet normal -0.897361 0.441296 0
    outer loop
      vertex 102.026 6.05 13.29
      vertex 102.101 6.20251 18.9
      vertex 102.101 6.20251 13.29
    endloop
  endfacet
  facet normal -0.897361 0.441296 0
    outer loop
      vertex 102.101 6.20251 18.9
      vertex 102.026 6.05 13.29
      vertex 102.026 6.05 18.9
    endloop
  endfacet
  facet normal -0.980984 0.194091 0
    outer loop
      vertex 102.156 6.36353 13.29
      vertex 102.189 6.53032 18.9
      vertex 102.189 6.53032 13.29
    endloop
  endfacet
  facet normal -0.980984 0.194091 0
    outer loop
      vertex 102.189 6.53032 18.9
      vertex 102.156 6.36353 13.29
      vertex 102.156 6.36353 18.9
    endloop
  endfacet
  facet normal 0.83167 0.55527 0
    outer loop
      vertex 99.8686 5.90861 18.9
      vertex 99.7742 6.05 13.29
      vertex 99.7742 6.05 18.9
    endloop
  endfacet
  facet normal 0.83167 0.55527 0
    outer loop
      vertex 99.7742 6.05 13.29
      vertex 99.8686 5.90861 18.9
      vertex 99.8686 5.90861 13.29
    endloop
  endfacet
  facet normal 0.980759 0.195223 0
    outer loop
      vertex 99.6443 6.36353 18.9
      vertex 99.6111 6.53032 13.29
      vertex 99.6111 6.53032 18.9
    endloop
  endfacet
  facet normal 0.980759 0.195223 0
    outer loop
      vertex 99.6111 6.53032 13.29
      vertex 99.6443 6.36353 18.9
      vertex 99.6443 6.36353 13.29
    endloop
  endfacet
  facet normal 0.896895 0.442243 0
    outer loop
      vertex 99.7742 6.05 18.9
      vertex 99.699 6.20251 13.29
      vertex 99.699 6.20251 18.9
    endloop
  endfacet
  facet normal 0.896895 0.442243 0
    outer loop
      vertex 99.699 6.20251 13.29
      vertex 99.7742 6.05 18.9
      vertex 99.7742 6.05 13.29
    endloop
  endfacet
  facet normal -0.752194 0.658942 0
    outer loop
      vertex 101.819 5.78076 13.29
      vertex 101.931 5.90861 18.9
      vertex 101.931 5.90861 13.29
    endloop
  endfacet
  facet normal -0.752194 0.658942 0
    outer loop
      vertex 101.931 5.90861 18.9
      vertex 101.819 5.78076 13.29
      vertex 101.819 5.78076 18.9
    endloop
  endfacet
  facet normal -0.44115 0.897433 0
    outer loop
      vertex 101.55 5.57417 13.29
      vertex 101.397 5.49896 18.9
      vertex 101.55 5.57417 18.9
    endloop
  endfacet
  facet normal -0.44115 0.897433 0
    outer loop
      vertex 101.397 5.49896 18.9
      vertex 101.55 5.57417 13.29
      vertex 101.397 5.49896 13.29
    endloop
  endfacet
  facet normal -0.321481 0.946916 0
    outer loop
      vertex 101.397 5.49896 13.29
      vertex 101.236 5.4443 18.9
      vertex 101.397 5.49896 18.9
    endloop
  endfacet
  facet normal -0.321481 0.946916 0
    outer loop
      vertex 101.236 5.4443 18.9
      vertex 101.397 5.49896 13.29
      vertex 101.236 5.4443 13.29
    endloop
  endfacet
  facet normal 0 0 -1
    outer loop
      vertex 102.189 6.53032 18.9
      vertex 102.189 6.86968 18.9
      vertex 102.2 6.7 18.9
    endloop
  endfacet
  facet normal 0 0 -1
    outer loop
      vertex 102.156 6.36353 18.9
      vertex 102.189 6.86968 18.9
      vertex 102.189 6.53032 18.9
    endloop
  endfacet
  facet normal 0 0 -1
    outer loop
      vertex 102.156 6.36353 18.9
      vertex 102.156 7.03646 18.9
      vertex 102.189 6.86968 18.9
    endloop
  endfacet
  facet normal 0 0 -1
    outer loop
      vertex 102.101 6.20251 18.9
      vertex 102.156 7.03646 18.9
      vertex 102.156 6.36353 18.9
    endloop
  endfacet
  facet normal 0 0 -1
    outer loop
      vertex 102.101 6.20251 18.9
      vertex 102.101 7.19749 18.9
      vertex 102.156 7.03646 18.9
    endloop
  endfacet
  facet normal 0 0 -1
    outer loop
      vertex 102.026 6.05 18.9
      vertex 102.101 7.19749 18.9
      vertex 102.101 6.20251 18.9
    endloop
  endfacet
  facet normal 0 0 -1
    outer loop
      vertex 102.026 6.05 18.9
      vertex 102.026 7.35 18.9
      vertex 102.101 7.19749 18.9
    endloop
  endfacet
  facet normal 0 0 -1
    outer loop
      vertex 101.931 5.90861 18.9
      vertex 102.026 7.35 18.9
      vertex 102.026 6.05 18.9
    endloop
  endfacet
  facet normal 0 0 -1
    outer loop
      vertex 101.931 5.90861 18.9
      vertex 101.931 7.49139 18.9
      vertex 102.026 7.35 18.9
    endloop
  endfacet
  facet normal 0 0 -1
    outer loop
      vertex 101.819 5.78076 18.9
      vertex 101.931 7.49139 18.9
      vertex 101.931 5.90861 18.9
    endloop
  endfacet
  facet normal 0 0 -1
    outer loop
      vertex 101.819 5.78076 18.9
      vertex 101.819 7.61924 18.9
      vertex 101.931 7.49139 18.9
    endloop
  endfacet
  facet normal 0 0 -1
    outer loop
      vertex 101.691 5.66864 18.9
      vertex 101.819 7.61924 18.9
      vertex 101.819 5.78076 18.9
    endloop
  endfacet
  facet normal 0 0 -1
    outer loop
      vertex 101.691 5.66864 18.9
      vertex 101.691 7.73136 18.9
      vertex 101.819 7.61924 18.9
    endloop
  endfacet
  facet normal 0 0 -1
    outer loop
      vertex 101.55 5.57417 18.9
      vertex 101.691 7.73136 18.9
      vertex 101.691 5.66864 18.9
    endloop
  endfacet
  facet normal 0 0 -1
    outer loop
      vertex 101.55 5.57417 18.9
      vertex 101.55 7.82583 18.9
      vertex 101.691 7.73136 18.9
    endloop
  endfacet
  facet normal 0 0 -1
    outer loop
      vertex 101.397 5.49896 18.9
      vertex 101.55 7.82583 18.9
      vertex 101.55 5.57417 18.9
    endloop
  endfacet
  facet normal 0 0 -1
    outer loop
      vertex 101.397 5.49896 18.9
      vertex 101.397 7.90104 18.9
      vertex 101.55 7.82583 18.9
    endloop
  endfacet
  facet normal 0 0 -1
    outer loop
      vertex 101.236 5.4443 18.9
      vertex 101.397 7.90104 18.9
      vertex 101.397 5.49896 18.9
    endloop
  endfacet
  facet normal 0 0 -1
    outer loop
      vertex 101.236 5.4443 18.9
      vertex 101.236 7.9557 18.9
      vertex 101.397 7.90104 18.9
    endloop
  endfacet
  facet normal 0 0 -1
    outer loop
      vertex 101.07 5.41112 18.9
      vertex 101.236 7.9557 18.9
      vertex 101.236 5.4443 18.9
    endloop
  endfacet
  facet normal 0 0 -1
    outer loop
      vertex 101.07 5.41112 18.9
      vertex 101.07 7.98888 18.9
      vertex 101.236 7.9557 18.9
    endloop
  endfacet
  facet normal 0 0 -1
    outer loop
      vertex 100.9 5.4 18.9
      vertex 101.07 7.98888 18.9
      vertex 101.07 5.41112 18.9
    endloop
  endfacet
  facet normal 0 0 -1
    outer loop
      vertex 100.9 5.4 18.9
      vertex 100.9 8 18.9
      vertex 101.07 7.98888 18.9
    endloop
  endfacet
  facet normal 0 0 -1
    outer loop
      vertex 100.73 5.41112 18.9
      vertex 100.9 8 18.9
      vertex 100.9 5.4 18.9
    endloop
  endfacet
  facet normal 0 0 -1
    outer loop
      vertex 100.73 5.41112 18.9
      vertex 100.73 7.98888 18.9
      vertex 100.9 8 18.9
    endloop
  endfacet
  facet normal 0 0 -1
    outer loop
      vertex 100.564 5.4443 18.9
      vertex 100.73 7.98888 18.9
      vertex 100.73 5.41112 18.9
    endloop
  endfacet
  facet normal 0 0 -1
    outer loop
      vertex 100.564 5.4443 18.9
      vertex 100.564 7.9557 18.9
      vertex 100.73 7.98888 18.9
    endloop
  endfacet
  facet normal 0 0 -1
    outer loop
      vertex 100.403 5.49896 18.9
      vertex 100.564 7.9557 18.9
      vertex 100.564 5.4443 18.9
    endloop
  endfacet
  facet normal 0 0 -1
    outer loop
      vertex 100.403 5.49896 18.9
      vertex 100.403 7.90104 18.9
      vertex 100.564 7.9557 18.9
    endloop
  endfacet
  facet normal 0 0 -1
    outer loop
      vertex 100.25 5.57417 18.9
      vertex 100.403 7.90104 18.9
      vertex 100.403 5.49896 18.9
    endloop
  endfacet
  facet normal 0 0 -1
    outer loop
      vertex 100.25 5.57417 18.9
      vertex 100.25 7.82583 18.9
      vertex 100.403 7.90104 18.9
    endloop
  endfacet
  facet normal 0 0 -1
    outer loop
      vertex 100.109 5.66864 18.9
      vertex 100.25 7.82583 18.9
      vertex 100.25 5.57417 18.9
    endloop
  endfacet
  facet normal 0 0 -1
    outer loop
      vertex 100.109 5.66864 18.9
      vertex 100.109 7.73136 18.9
      vertex 100.25 7.82583 18.9
    endloop
  endfacet
  facet normal 0 0 -1
    outer loop
      vertex 99.9808 5.78076 18.9
      vertex 100.109 7.73136 18.9
      vertex 100.109 5.66864 18.9
    endloop
  endfacet
  facet normal 0 0 -1
    outer loop
      vertex 99.9808 5.78076 18.9
      vertex 99.9808 7.61924 18.9
      vertex 100.109 7.73136 18.9
    endloop
  endfacet
  facet normal 0 0 -1
    outer loop
      vertex 99.8686 5.90861 18.9
      vertex 99.9808 7.61924 18.9
      vertex 99.9808 5.78076 18.9
    endloop
  endfacet
  facet normal 0 0 -1
    outer loop
      vertex 99.8686 5.90861 18.9
      vertex 99.8686 7.49139 18.9
      vertex 99.9808 7.61924 18.9
    endloop
  endfacet
  facet normal 0 0 -1
    outer loop
      vertex 99.7742 6.05 18.9
      vertex 99.8686 7.49139 18.9
      vertex 99.8686 5.90861 18.9
    endloop
  endfacet
  facet normal 0 0 -1
    outer loop
      vertex 99.7742 6.05 18.9
      vertex 99.7742 7.35 18.9
      vertex 99.8686 7.49139 18.9
    endloop
  endfacet
  facet normal 0 0 -1
    outer loop
      vertex 99.699 6.20251 18.9
      vertex 99.7742 7.35 18.9
      vertex 99.7742 6.05 18.9
    endloop
  endfacet
  facet normal 0 0 -1
    outer loop
      vertex 99.699 6.20251 18.9
      vertex 99.699 7.19749 18.9
      vertex 99.7742 7.35 18.9
    endloop
  endfacet
  facet normal 0 0 -1
    outer loop
      vertex 99.6443 6.36353 18.9
      vertex 99.699 7.19749 18.9
      vertex 99.699 6.20251 18.9
    endloop
  endfacet
  facet normal 0 0 -1
    outer loop
      vertex 99.6443 6.36353 18.9
      vertex 99.6443 7.03646 18.9
      vertex 99.699 7.19749 18.9
    endloop
  endfacet
  facet normal 0 0 -1
    outer loop
      vertex 99.6111 6.53032 18.9
      vertex 99.6443 7.03646 18.9
      vertex 99.6443 6.36353 18.9
    endloop
  endfacet
  facet normal 0 0 -1
    outer loop
      vertex 99.6111 6.53032 18.9
      vertex 99.6111 6.86968 18.9
      vertex 99.6443 7.03646 18.9
    endloop
  endfacet
  facet normal 0 -0 -1
    outer loop
      vertex 99.6111 6.86968 18.9
      vertex 99.6111 6.53032 18.9
      vertex 99.6 6.7 18.9
    endloop
  endfacet
  facet normal 0.980757 -0.195234 0
    outer loop
      vertex 99.6111 6.86968 18.9
      vertex 99.6443 7.03646 13.29
      vertex 99.6443 7.03646 18.9
    endloop
  endfacet
  facet normal 0.980757 -0.195234 0
    outer loop
      vertex 99.6443 7.03646 13.29
      vertex 99.6111 6.86968 18.9
      vertex 99.6111 6.86968 13.29
    endloop
  endfacet
  facet normal 0.658322 -0.752737 0
    outer loop
      vertex 99.9808 7.61924 13.29
      vertex 100.109 7.73136 18.9
      vertex 99.9808 7.61924 18.9
    endloop
  endfacet
  facet normal 0.658322 -0.752737 0
    outer loop
      vertex 100.109 7.73136 18.9
      vertex 99.9808 7.61924 13.29
      vertex 100.109 7.73136 13.29
    endloop
  endfacet
  facet normal -0.0652723 0.997867 0
    outer loop
      vertex 101.07 5.41112 13.29
      vertex 100.9 5.4 18.9
      vertex 101.07 5.41112 18.9
    endloop
  endfacet
  facet normal -0.0652723 0.997867 0
    outer loop
      vertex 100.9 5.4 18.9
      vertex 101.07 5.41112 13.29
      vertex 100.9 5.4 13.29
    endloop
  endfacet
  facet normal 0.321481 0.946916 -0
    outer loop
      vertex 100.564 5.4443 13.29
      vertex 100.403 5.49896 18.9
      vertex 100.564 5.4443 18.9
    endloop
  endfacet
  facet normal 0.321481 0.946916 0
    outer loop
      vertex 100.403 5.49896 18.9
      vertex 100.564 5.4443 13.29
      vertex 100.403 5.49896 13.29
    endloop
  endfacet
  facet normal 0.946857 0.321656 0
    outer loop
      vertex 99.699 6.20251 18.9
      vertex 99.6443 6.36353 13.29
      vertex 99.6443 6.36353 18.9
    endloop
  endfacet
  facet normal 0.946857 0.321656 0
    outer loop
      vertex 99.6443 6.36353 13.29
      vertex 99.699 6.20251 18.9
      vertex 99.699 6.20251 13.29
    endloop
  endfacet
  facet normal -0.556616 0.83077 0
    outer loop
      vertex 101.691 5.66864 13.29
      vertex 101.55 5.57417 18.9
      vertex 101.691 5.66864 18.9
    endloop
  endfacet
  facet normal -0.556616 0.83077 0
    outer loop
      vertex 101.55 5.57417 18.9
      vertex 101.691 5.66864 13.29
      vertex 101.55 5.57417 13.29
    endloop
  endfacet
  facet normal 0.0652723 0.997867 -0
    outer loop
      vertex 100.9 5.4 13.29
      vertex 100.73 5.41112 18.9
      vertex 100.9 5.4 18.9
    endloop
  endfacet
  facet normal 0.0652723 0.997867 0
    outer loop
      vertex 100.73 5.41112 18.9
      vertex 100.9 5.4 13.29
      vertex 100.73 5.41112 13.29
    endloop
  endfacet
  facet normal 0.556616 0.83077 -0
    outer loop
      vertex 100.25 5.57417 13.29
      vertex 100.109 5.66864 18.9
      vertex 100.25 5.57417 18.9
    endloop
  endfacet
  facet normal 0.556616 0.83077 0
    outer loop
      vertex 100.109 5.66864 18.9
      vertex 100.25 5.57417 13.29
      vertex 100.109 5.66864 13.29
    endloop
  endfacet
  facet normal 0.658322 0.752737 -0
    outer loop
      vertex 100.109 5.66864 13.29
      vertex 99.9808 5.78076 18.9
      vertex 100.109 5.66864 18.9
    endloop
  endfacet
  facet normal 0.658322 0.752737 0
    outer loop
      vertex 99.9808 5.78076 18.9
      vertex 100.109 5.66864 13.29
      vertex 99.9808 5.78076 13.29
    endloop
  endfacet
  facet normal 0.751611 0.659607 0
    outer loop
      vertex 99.9808 5.78076 18.9
      vertex 99.8686 5.90861 13.29
      vertex 99.8686 5.90861 18.9
    endloop
  endfacet
  facet normal 0.751611 0.659607 0
    outer loop
      vertex 99.8686 5.90861 13.29
      vertex 99.9808 5.78076 18.9
      vertex 99.9808 5.78076 13.29
    endloop
  endfacet
  facet normal 0.196003 0.980603 -0
    outer loop
      vertex 100.73 5.41112 13.29
      vertex 100.564 5.4443 18.9
      vertex 100.73 5.41112 18.9
    endloop
  endfacet
  facet normal 0.196003 0.980603 0
    outer loop
      vertex 100.564 5.4443 18.9
      vertex 100.73 5.41112 13.29
      vertex 100.564 5.4443 13.29
    endloop
  endfacet
  facet normal 0.44115 0.897433 -0
    outer loop
      vertex 100.403 5.49896 13.29
      vertex 100.25 5.57417 18.9
      vertex 100.403 5.49896 18.9
    endloop
  endfacet
  facet normal 0.44115 0.897433 0
    outer loop
      vertex 100.25 5.57417 18.9
      vertex 100.403 5.49896 13.29
      vertex 100.25 5.57417 13.29
    endloop
  endfacet
  facet normal -0.659607 -0.751611 0
    outer loop
      vertex 7.19139 55.6314 13.29
      vertex 7.31924 55.5192 18.9
      vertex 7.19139 55.6314 18.9
    endloop
  endfacet
  facet normal -0.659607 -0.751611 -0
    outer loop
      vertex 7.31924 55.5192 18.9
      vertex 7.19139 55.6314 13.29
      vertex 7.31924 55.5192 13.29
    endloop
  endfacet
  facet normal -0.980784 0.195098 0
    outer loop
      vertex 7.6557 54.2635 13.29
      vertex 7.68888 54.4303 18.9
      vertex 7.68888 54.4303 13.29
    endloop
  endfacet
  facet normal -0.980784 0.195098 0
    outer loop
      vertex 7.68888 54.4303 18.9
      vertex 7.6557 54.2635 13.29
      vertex 7.6557 54.2635 18.9
    endloop
  endfacet
  facet normal 0.321656 0.946857 -0
    outer loop
      vertex 6.06353 53.3443 13.29
      vertex 5.90251 53.399 18.9
      vertex 6.06353 53.3443 18.9
    endloop
  endfacet
  facet normal 0.321656 0.946857 0
    outer loop
      vertex 5.90251 53.399 18.9
      vertex 6.06353 53.3443 13.29
      vertex 5.90251 53.399 13.29
    endloop
  endfacet
  facet normal 0.321656 -0.946857 0
    outer loop
      vertex 5.90251 55.801 13.29
      vertex 6.06353 55.8557 18.9
      vertex 5.90251 55.801 18.9
    endloop
  endfacet
  facet normal 0.321656 -0.946857 0
    outer loop
      vertex 6.06353 55.8557 18.9
      vertex 5.90251 55.801 13.29
      vertex 6.06353 55.8557 13.29
    endloop
  endfacet
  facet normal 0.89686 -0.442314 0
    outer loop
      vertex 5.19896 55.0975 18.9
      vertex 5.27417 55.25 13.29
      vertex 5.27417 55.25 18.9
    endloop
  endfacet
  facet normal 0.89686 -0.442314 0
    outer loop
      vertex 5.27417 55.25 13.29
      vertex 5.19896 55.0975 18.9
      vertex 5.19896 55.0975 13.29
    endloop
  endfacet
  facet normal -0.659607 0.751611 0
    outer loop
      vertex 7.31924 53.6808 13.29
      vertex 7.19139 53.5686 18.9
      vertex 7.31924 53.6808 18.9
    endloop
  endfacet
  facet normal -0.659607 0.751611 0
    outer loop
      vertex 7.19139 53.5686 18.9
      vertex 7.31924 53.6808 13.29
      vertex 7.19139 53.5686 13.29
    endloop
  endfacet
  facet normal 0.442243 0.896895 -0
    outer loop
      vertex 5.90251 53.399 13.29
      vertex 5.75 53.4742 18.9
      vertex 5.90251 53.399 18.9
    endloop
  endfacet
  facet normal 0.442243 0.896895 0
    outer loop
      vertex 5.75 53.4742 18.9
      vertex 5.90251 53.399 13.29
      vertex 5.75 53.4742 13.29
    endloop
  endfacet
  facet normal -0.946916 -0.321481 0
    outer loop
      vertex 7.6557 54.9365 13.29
      vertex 7.60104 55.0975 18.9
      vertex 7.60104 55.0975 13.29
    endloop
  endfacet
  facet normal -0.946916 -0.321481 0
    outer loop
      vertex 7.60104 55.0975 18.9
      vertex 7.6557 54.9365 13.29
      vertex 7.6557 54.9365 18.9
    endloop
  endfacet
  facet normal -0.89686 -0.442314 0
    outer loop
      vertex 7.60104 55.0975 13.29
      vertex 7.52583 55.25 18.9
      vertex 7.52583 55.25 13.29
    endloop
  endfacet
  facet normal -0.89686 -0.442314 0
    outer loop
      vertex 7.52583 55.25 18.9
      vertex 7.60104 55.0975 13.29
      vertex 7.60104 55.0975 18.9
    endloop
  endfacet
  facet normal -0.751716 -0.659487 0
    outer loop
      vertex 7.43136 55.3914 13.29
      vertex 7.31924 55.5192 18.9
      vertex 7.31924 55.5192 13.29
    endloop
  endfacet
  facet normal -0.751716 -0.659487 0
    outer loop
      vertex 7.31924 55.5192 18.9
      vertex 7.43136 55.3914 13.29
      vertex 7.43136 55.3914 18.9
    endloop
  endfacet
  facet normal -0.442243 -0.896895 0
    outer loop
      vertex 6.89749 55.801 13.29
      vertex 7.05 55.7258 18.9
      vertex 6.89749 55.801 18.9
    endloop
  endfacet
  facet normal -0.442243 -0.896895 -0
    outer loop
      vertex 7.05 55.7258 18.9
      vertex 6.89749 55.801 13.29
      vertex 7.05 55.7258 13.29
    endloop
  endfacet
  facet normal -0.321638 -0.946863 0
    outer loop
      vertex 6.73646 55.8557 13.29
      vertex 6.89749 55.801 18.9
      vertex 6.73646 55.8557 18.9
    endloop
  endfacet
  facet normal -0.321638 -0.946863 -0
    outer loop
      vertex 6.89749 55.801 18.9
      vertex 6.73646 55.8557 13.29
      vertex 6.89749 55.801 13.29
    endloop
  endfacet
  facet normal 0.751716 -0.659487 0
    outer loop
      vertex 5.36864 55.3914 18.9
      vertex 5.48076 55.5192 13.29
      vertex 5.48076 55.5192 18.9
    endloop
  endfacet
  facet normal 0.751716 -0.659487 0
    outer loop
      vertex 5.48076 55.5192 13.29
      vertex 5.36864 55.3914 18.9
      vertex 5.36864 55.3914 13.29
    endloop
  endfacet
  facet normal 0.195223 -0.980759 0
    outer loop
      vertex 6.06353 55.8557 13.29
      vertex 6.23032 55.8889 18.9
      vertex 6.06353 55.8557 18.9
    endloop
  endfacet
  facet normal 0.195223 -0.980759 0
    outer loop
      vertex 6.23032 55.8889 18.9
      vertex 6.06353 55.8557 13.29
      vertex 6.23032 55.8889 13.29
    endloop
  endfacet
  facet normal 0.659607 -0.751611 0
    outer loop
      vertex 5.48076 55.5192 13.29
      vertex 5.60861 55.6314 18.9
      vertex 5.48076 55.5192 18.9
    endloop
  endfacet
  facet normal 0.659607 -0.751611 0
    outer loop
      vertex 5.60861 55.6314 18.9
      vertex 5.48076 55.5192 13.29
      vertex 5.60861 55.6314 13.29
    endloop
  endfacet
  facet normal -0.99786 -0.0653872 0
    outer loop
      vertex 7.7 54.6 13.29
      vertex 7.68888 54.7697 18.9
      vertex 7.68888 54.7697 13.29
    endloop
  endfacet
  facet normal -0.99786 -0.0653872 0
    outer loop
      vertex 7.68888 54.7697 18.9
      vertex 7.7 54.6 13.29
      vertex 7.7 54.6 18.9
    endloop
  endfacet
  facet normal -0.946916 0.321481 0
    outer loop
      vertex 7.60104 54.1025 13.29
      vertex 7.6557 54.2635 18.9
      vertex 7.6557 54.2635 13.29
    endloop
  endfacet
  facet normal -0.946916 0.321481 0
    outer loop
      vertex 7.6557 54.2635 18.9
      vertex 7.60104 54.1025 13.29
      vertex 7.60104 54.1025 18.9
    endloop
  endfacet
  facet normal -0.321638 0.946863 0
    outer loop
      vertex 6.89749 53.399 13.29
      vertex 6.73646 53.3443 18.9
      vertex 6.89749 53.399 18.9
    endloop
  endfacet
  facet normal -0.321638 0.946863 0
    outer loop
      vertex 6.73646 53.3443 18.9
      vertex 6.89749 53.399 13.29
      vertex 6.73646 53.3443 13.29
    endloop
  endfacet
  facet normal 0.195223 0.980759 -0
    outer loop
      vertex 6.23032 53.3111 13.29
      vertex 6.06353 53.3443 18.9
      vertex 6.23032 53.3111 18.9
    endloop
  endfacet
  facet normal 0.195223 0.980759 0
    outer loop
      vertex 6.06353 53.3443 18.9
      vertex 6.23032 53.3111 13.29
      vertex 6.06353 53.3443 13.29
    endloop
  endfacet
  facet normal 0.659607 0.751611 -0
    outer loop
      vertex 5.60861 53.5686 13.29
      vertex 5.48076 53.6808 18.9
      vertex 5.60861 53.5686 18.9
    endloop
  endfacet
  facet normal 0.659607 0.751611 0
    outer loop
      vertex 5.48076 53.6808 18.9
      vertex 5.60861 53.5686 13.29
      vertex 5.48076 53.6808 13.29
    endloop
  endfacet
  facet normal 0.89686 0.442314 0
    outer loop
      vertex 5.27417 53.95 18.9
      vertex 5.19896 54.1025 13.29
      vertex 5.19896 54.1025 18.9
    endloop
  endfacet
  facet normal 0.89686 0.442314 0
    outer loop
      vertex 5.19896 54.1025 13.29
      vertex 5.27417 53.95 18.9
      vertex 5.27417 53.95 13.29
    endloop
  endfacet
  facet normal 0.980784 0.195098 0
    outer loop
      vertex 5.1443 54.2635 18.9
      vertex 5.11112 54.4303 13.29
      vertex 5.11112 54.4303 18.9
    endloop
  endfacet
  facet normal 0.980784 0.195098 0
    outer loop
      vertex 5.11112 54.4303 13.29
      vertex 5.1443 54.2635 18.9
      vertex 5.1443 54.2635 13.29
    endloop
  endfacet
  facet normal -0.980784 -0.195098 0
    outer loop
      vertex 7.68888 54.7697 13.29
      vertex 7.6557 54.9365 18.9
      vertex 7.6557 54.9365 13.29
    endloop
  endfacet
  facet normal -0.980784 -0.195098 0
    outer loop
      vertex 7.6557 54.9365 18.9
      vertex 7.68888 54.7697 13.29
      vertex 7.68888 54.7697 18.9
    endloop
  endfacet
  facet normal -0.831498 -0.555528 0
    outer loop
      vertex 7.52583 55.25 13.29
      vertex 7.43136 55.3914 18.9
      vertex 7.43136 55.3914 13.29
    endloop
  endfacet
  facet normal -0.831498 -0.555528 0
    outer loop
      vertex 7.43136 55.3914 18.9
      vertex 7.52583 55.25 13.29
      vertex 7.52583 55.25 18.9
    endloop
  endfacet
  facet normal -0.55527 -0.83167 0
    outer loop
      vertex 7.05 55.7258 13.29
      vertex 7.19139 55.6314 18.9
      vertex 7.05 55.7258 18.9
    endloop
  endfacet
  facet normal -0.55527 -0.83167 -0
    outer loop
      vertex 7.19139 55.6314 18.9
      vertex 7.05 55.7258 13.29
      vertex 7.19139 55.6314 13.29
    endloop
  endfacet
  facet normal -0.0652777 -0.997867 0
    outer loop
      vertex 6.4 55.9 13.29
      vertex 6.56968 55.8889 18.9
      vertex 6.4 55.9 18.9
    endloop
  endfacet
  facet normal -0.0652777 -0.997867 -0
    outer loop
      vertex 6.56968 55.8889 18.9
      vertex 6.4 55.9 13.29
      vertex 6.56968 55.8889 13.29
    endloop
  endfacet
  facet normal 0.99786 -0.0653872 0
    outer loop
      vertex 5.1 54.6 18.9
      vertex 5.11112 54.7697 13.29
      vertex 5.11112 54.7697 18.9
    endloop
  endfacet
  facet normal 0.99786 -0.0653872 0
    outer loop
      vertex 5.11112 54.7697 13.29
      vertex 5.1 54.6 18.9
      vertex 5.1 54.6 13.29
    endloop
  endfacet
  facet normal 0.946916 -0.321481 0
    outer loop
      vertex 5.1443 54.9365 18.9
      vertex 5.19896 55.0975 13.29
      vertex 5.19896 55.0975 18.9
    endloop
  endfacet
  facet normal 0.946916 -0.321481 0
    outer loop
      vertex 5.19896 55.0975 13.29
      vertex 5.1443 54.9365 18.9
      vertex 5.1443 54.9365 13.29
    endloop
  endfacet
  facet normal 0.831498 -0.555528 0
    outer loop
      vertex 5.27417 55.25 18.9
      vertex 5.36864 55.3914 13.29
      vertex 5.36864 55.3914 18.9
    endloop
  endfacet
  facet normal 0.831498 -0.555528 0
    outer loop
      vertex 5.36864 55.3914 13.29
      vertex 5.27417 55.25 18.9
      vertex 5.27417 55.25 13.29
    endloop
  endfacet
  facet normal 0.0652777 -0.997867 0
    outer loop
      vertex 6.23032 55.8889 13.29
      vertex 6.4 55.9 18.9
      vertex 6.23032 55.8889 18.9
    endloop
  endfacet
  facet normal 0.0652777 -0.997867 0
    outer loop
      vertex 6.4 55.9 18.9
      vertex 6.23032 55.8889 13.29
      vertex 6.4 55.9 13.29
    endloop
  endfacet
  facet normal 0.55527 -0.83167 0
    outer loop
      vertex 5.60861 55.6314 13.29
      vertex 5.75 55.7258 18.9
      vertex 5.60861 55.6314 18.9
    endloop
  endfacet
  facet normal 0.55527 -0.83167 0
    outer loop
      vertex 5.75 55.7258 18.9
      vertex 5.60861 55.6314 13.29
      vertex 5.75 55.7258 13.29
    endloop
  endfacet
  facet normal 0.442243 -0.896895 0
    outer loop
      vertex 5.75 55.7258 13.29
      vertex 5.90251 55.801 18.9
      vertex 5.75 55.7258 18.9
    endloop
  endfacet
  facet normal 0.442243 -0.896895 0
    outer loop
      vertex 5.90251 55.801 18.9
      vertex 5.75 55.7258 13.29
      vertex 5.90251 55.801 13.29
    endloop
  endfacet
  facet normal -0.99786 0.0653872 0
    outer loop
      vertex 7.68888 54.4303 13.29
      vertex 7.7 54.6 18.9
      vertex 7.7 54.6 13.29
    endloop
  endfacet
  facet normal -0.99786 0.0653872 0
    outer loop
      vertex 7.7 54.6 18.9
      vertex 7.68888 54.4303 13.29
      vertex 7.68888 54.4303 18.9
    endloop
  endfacet
  facet normal -0.0652777 0.997867 0
    outer loop
      vertex 6.56968 53.3111 13.29
      vertex 6.4 53.3 18.9
      vertex 6.56968 53.3111 18.9
    endloop
  endfacet
  facet normal -0.0652777 0.997867 0
    outer loop
      vertex 6.4 53.3 18.9
      vertex 6.56968 53.3111 13.29
      vertex 6.4 53.3 13.29
    endloop
  endfacet
  facet normal -0.751716 0.659487 0
    outer loop
      vertex 7.31924 53.6808 13.29
      vertex 7.43136 53.8086 18.9
      vertex 7.43136 53.8086 13.29
    endloop
  endfacet
  facet normal -0.751716 0.659487 0
    outer loop
      vertex 7.43136 53.8086 18.9
      vertex 7.31924 53.6808 13.29
      vertex 7.31924 53.6808 18.9
    endloop
  endfacet
  facet normal -0.195234 0.980757 0
    outer loop
      vertex 6.73646 53.3443 13.29
      vertex 6.56968 53.3111 18.9
      vertex 6.73646 53.3443 18.9
    endloop
  endfacet
  facet normal -0.195234 0.980757 0
    outer loop
      vertex 6.56968 53.3111 18.9
      vertex 6.73646 53.3443 13.29
      vertex 6.56968 53.3111 13.29
    endloop
  endfacet
  facet normal -0.442243 0.896895 0
    outer loop
      vertex 7.05 53.4742 13.29
      vertex 6.89749 53.399 18.9
      vertex 7.05 53.4742 18.9
    endloop
  endfacet
  facet normal -0.442243 0.896895 0
    outer loop
      vertex 6.89749 53.399 18.9
      vertex 7.05 53.4742 13.29
      vertex 6.89749 53.399 13.29
    endloop
  endfacet
  facet normal 0.0652777 0.997867 -0
    outer loop
      vertex 6.4 53.3 13.29
      vertex 6.23032 53.3111 18.9
      vertex 6.4 53.3 18.9
    endloop
  endfacet
  facet normal 0.0652777 0.997867 0
    outer loop
      vertex 6.23032 53.3111 18.9
      vertex 6.4 53.3 13.29
      vertex 6.23032 53.3111 13.29
    endloop
  endfacet
  facet normal 0.55527 0.83167 -0
    outer loop
      vertex 5.75 53.4742 13.29
      vertex 5.60861 53.5686 18.9
      vertex 5.75 53.4742 18.9
    endloop
  endfacet
  facet normal 0.55527 0.83167 0
    outer loop
      vertex 5.60861 53.5686 18.9
      vertex 5.75 53.4742 13.29
      vertex 5.60861 53.5686 13.29
    endloop
  endfacet
  facet normal 0.946916 0.321481 0
    outer loop
      vertex 5.19896 54.1025 18.9
      vertex 5.1443 54.2635 13.29
      vertex 5.1443 54.2635 18.9
    endloop
  endfacet
  facet normal 0.946916 0.321481 0
    outer loop
      vertex 5.1443 54.2635 13.29
      vertex 5.19896 54.1025 18.9
      vertex 5.19896 54.1025 13.29
    endloop
  endfacet
  facet normal 0.99786 0.0653872 0
    outer loop
      vertex 5.11112 54.4303 18.9
      vertex 5.1 54.6 13.29
      vertex 5.1 54.6 18.9
    endloop
  endfacet
  facet normal 0.99786 0.0653872 0
    outer loop
      vertex 5.1 54.6 13.29
      vertex 5.11112 54.4303 18.9
      vertex 5.11112 54.4303 13.29
    endloop
  endfacet
  facet normal 0.831498 0.555528 0
    outer loop
      vertex 5.36864 53.8086 18.9
      vertex 5.27417 53.95 13.29
      vertex 5.27417 53.95 18.9
    endloop
  endfacet
  facet normal 0.831498 0.555528 0
    outer loop
      vertex 5.27417 53.95 13.29
      vertex 5.36864 53.8086 18.9
      vertex 5.36864 53.8086 13.29
    endloop
  endfacet
  facet normal 0.751716 0.659487 0
    outer loop
      vertex 5.48076 53.6808 18.9
      vertex 5.36864 53.8086 13.29
      vertex 5.36864 53.8086 18.9
    endloop
  endfacet
  facet normal 0.751716 0.659487 0
    outer loop
      vertex 5.36864 53.8086 13.29
      vertex 5.48076 53.6808 18.9
      vertex 5.48076 53.6808 13.29
    endloop
  endfacet
  facet normal -0.195234 -0.980757 0
    outer loop
      vertex 6.56968 55.8889 13.29
      vertex 6.73646 55.8557 18.9
      vertex 6.56968 55.8889 18.9
    endloop
  endfacet
  facet normal -0.195234 -0.980757 -0
    outer loop
      vertex 6.73646 55.8557 18.9
      vertex 6.56968 55.8889 13.29
      vertex 6.73646 55.8557 13.29
    endloop
  endfacet
  facet normal 0 0 -1
    outer loop
      vertex 7.68888 54.4303 18.9
      vertex 7.68888 54.7697 18.9
      vertex 7.7 54.6 18.9
    endloop
  endfacet
  facet normal 0 0 -1
    outer loop
      vertex 7.6557 54.2635 18.9
      vertex 7.68888 54.7697 18.9
      vertex 7.68888 54.4303 18.9
    endloop
  endfacet
  facet normal 0 0 -1
    outer loop
      vertex 7.6557 54.2635 18.9
      vertex 7.6557 54.9365 18.9
      vertex 7.68888 54.7697 18.9
    endloop
  endfacet
  facet normal 0 0 -1
    outer loop
      vertex 7.60104 54.1025 18.9
      vertex 7.6557 54.9365 18.9
      vertex 7.6557 54.2635 18.9
    endloop
  endfacet
  facet normal 0 0 -1
    outer loop
      vertex 7.60104 54.1025 18.9
      vertex 7.60104 55.0975 18.9
      vertex 7.6557 54.9365 18.9
    endloop
  endfacet
  facet normal 0 0 -1
    outer loop
      vertex 7.52583 53.95 18.9
      vertex 7.60104 55.0975 18.9
      vertex 7.60104 54.1025 18.9
    endloop
  endfacet
  facet normal 0 0 -1
    outer loop
      vertex 7.52583 53.95 18.9
      vertex 7.52583 55.25 18.9
      vertex 7.60104 55.0975 18.9
    endloop
  endfacet
  facet normal 0 0 -1
    outer loop
      vertex 7.43136 53.8086 18.9
      vertex 7.52583 55.25 18.9
      vertex 7.52583 53.95 18.9
    endloop
  endfacet
  facet normal 0 0 -1
    outer loop
      vertex 7.43136 53.8086 18.9
      vertex 7.43136 55.3914 18.9
      vertex 7.52583 55.25 18.9
    endloop
  endfacet
  facet normal 0 0 -1
    outer loop
      vertex 7.31924 53.6808 18.9
      vertex 7.43136 55.3914 18.9
      vertex 7.43136 53.8086 18.9
    endloop
  endfacet
  facet normal 0 0 -1
    outer loop
      vertex 7.31924 53.6808 18.9
      vertex 7.31924 55.5192 18.9
      vertex 7.43136 55.3914 18.9
    endloop
  endfacet
  facet normal 0 0 -1
    outer loop
      vertex 7.19139 53.5686 18.9
      vertex 7.31924 55.5192 18.9
      vertex 7.31924 53.6808 18.9
    endloop
  endfacet
  facet normal 0 0 -1
    outer loop
      vertex 7.19139 53.5686 18.9
      vertex 7.19139 55.6314 18.9
      vertex 7.31924 55.5192 18.9
    endloop
  endfacet
  facet normal 0 0 -1
    outer loop
      vertex 7.05 53.4742 18.9
      vertex 7.19139 55.6314 18.9
      vertex 7.19139 53.5686 18.9
    endloop
  endfacet
  facet normal 0 0 -1
    outer loop
      vertex 7.05 53.4742 18.9
      vertex 7.05 55.7258 18.9
      vertex 7.19139 55.6314 18.9
    endloop
  endfacet
  facet normal 0 0 -1
    outer loop
      vertex 6.89749 53.399 18.9
      vertex 7.05 55.7258 18.9
      vertex 7.05 53.4742 18.9
    endloop
  endfacet
  facet normal 0 0 -1
    outer loop
      vertex 6.89749 53.399 18.9
      vertex 6.89749 55.801 18.9
      vertex 7.05 55.7258 18.9
    endloop
  endfacet
  facet normal 0 0 -1
    outer loop
      vertex 6.73646 53.3443 18.9
      vertex 6.89749 55.801 18.9
      vertex 6.89749 53.399 18.9
    endloop
  endfacet
  facet normal 0 0 -1
    outer loop
      vertex 6.73646 53.3443 18.9
      vertex 6.73646 55.8557 18.9
      vertex 6.89749 55.801 18.9
    endloop
  endfacet
  facet normal 0 0 -1
    outer loop
      vertex 6.56968 53.3111 18.9
      vertex 6.73646 55.8557 18.9
      vertex 6.73646 53.3443 18.9
    endloop
  endfacet
  facet normal 0 0 -1
    outer loop
      vertex 6.56968 53.3111 18.9
      vertex 6.56968 55.8889 18.9
      vertex 6.73646 55.8557 18.9
    endloop
  endfacet
  facet normal 0 0 -1
    outer loop
      vertex 6.4 53.3 18.9
      vertex 6.56968 55.8889 18.9
      vertex 6.56968 53.3111 18.9
    endloop
  endfacet
  facet normal 0 0 -1
    outer loop
      vertex 6.4 53.3 18.9
      vertex 6.4 55.9 18.9
      vertex 6.56968 55.8889 18.9
    endloop
  endfacet
  facet normal 0 0 -1
    outer loop
      vertex 6.23032 53.3111 18.9
      vertex 6.4 55.9 18.9
      vertex 6.4 53.3 18.9
    endloop
  endfacet
  facet normal 0 0 -1
    outer loop
      vertex 6.23032 53.3111 18.9
      vertex 6.23032 55.8889 18.9
      vertex 6.4 55.9 18.9
    endloop
  endfacet
  facet normal 0 0 -1
    outer loop
      vertex 6.06353 53.3443 18.9
      vertex 6.23032 55.8889 18.9
      vertex 6.23032 53.3111 18.9
    endloop
  endfacet
  facet normal 0 0 -1
    outer loop
      vertex 6.06353 53.3443 18.9
      vertex 6.06353 55.8557 18.9
      vertex 6.23032 55.8889 18.9
    endloop
  endfacet
  facet normal 0 0 -1
    outer loop
      vertex 5.90251 53.399 18.9
      vertex 6.06353 55.8557 18.9
      vertex 6.06353 53.3443 18.9
    endloop
  endfacet
  facet normal 0 0 -1
    outer loop
      vertex 5.90251 53.399 18.9
      vertex 5.90251 55.801 18.9
      vertex 6.06353 55.8557 18.9
    endloop
  endfacet
  facet normal 0 0 -1
    outer loop
      vertex 5.75 53.4742 18.9
      vertex 5.90251 55.801 18.9
      vertex 5.90251 53.399 18.9
    endloop
  endfacet
  facet normal 0 0 -1
    outer loop
      vertex 5.75 53.4742 18.9
      vertex 5.75 55.7258 18.9
      vertex 5.90251 55.801 18.9
    endloop
  endfacet
  facet normal 0 0 -1
    outer loop
      vertex 5.60861 53.5686 18.9
      vertex 5.75 55.7258 18.9
      vertex 5.75 53.4742 18.9
    endloop
  endfacet
  facet normal 0 0 -1
    outer loop
      vertex 5.60861 53.5686 18.9
      vertex 5.60861 55.6314 18.9
      vertex 5.75 55.7258 18.9
    endloop
  endfacet
  facet normal 0 0 -1
    outer loop
      vertex 5.48076 53.6808 18.9
      vertex 5.60861 55.6314 18.9
      vertex 5.60861 53.5686 18.9
    endloop
  endfacet
  facet normal 0 0 -1
    outer loop
      vertex 5.48076 53.6808 18.9
      vertex 5.48076 55.5192 18.9
      vertex 5.60861 55.6314 18.9
    endloop
  endfacet
  facet normal 0 0 -1
    outer loop
      vertex 5.36864 53.8086 18.9
      vertex 5.48076 55.5192 18.9
      vertex 5.48076 53.6808 18.9
    endloop
  endfacet
  facet normal 0 0 -1
    outer loop
      vertex 5.36864 53.8086 18.9
      vertex 5.36864 55.3914 18.9
      vertex 5.48076 55.5192 18.9
    endloop
  endfacet
  facet normal 0 0 -1
    outer loop
      vertex 5.27417 53.95 18.9
      vertex 5.36864 55.3914 18.9
      vertex 5.36864 53.8086 18.9
    endloop
  endfacet
  facet normal 0 0 -1
    outer loop
      vertex 5.27417 53.95 18.9
      vertex 5.27417 55.25 18.9
      vertex 5.36864 55.3914 18.9
    endloop
  endfacet
  facet normal 0 0 -1
    outer loop
      vertex 5.19896 54.1025 18.9
      vertex 5.27417 55.25 18.9
      vertex 5.27417 53.95 18.9
    endloop
  endfacet
  facet normal 0 0 -1
    outer loop
      vertex 5.19896 54.1025 18.9
      vertex 5.19896 55.0975 18.9
      vertex 5.27417 55.25 18.9
    endloop
  endfacet
  facet normal 0 0 -1
    outer loop
      vertex 5.1443 54.2635 18.9
      vertex 5.19896 55.0975 18.9
      vertex 5.19896 54.1025 18.9
    endloop
  endfacet
  facet normal 0 0 -1
    outer loop
      vertex 5.1443 54.2635 18.9
      vertex 5.1443 54.9365 18.9
      vertex 5.19896 55.0975 18.9
    endloop
  endfacet
  facet normal 0 0 -1
    outer loop
      vertex 5.11112 54.4303 18.9
      vertex 5.1443 54.9365 18.9
      vertex 5.1443 54.2635 18.9
    endloop
  endfacet
  facet normal 0 0 -1
    outer loop
      vertex 5.11112 54.4303 18.9
      vertex 5.11112 54.7697 18.9
      vertex 5.1443 54.9365 18.9
    endloop
  endfacet
  facet normal 0 -0 -1
    outer loop
      vertex 5.11112 54.7697 18.9
      vertex 5.11112 54.4303 18.9
      vertex 5.1 54.6 18.9
    endloop
  endfacet
  facet normal 0.980784 -0.195098 0
    outer loop
      vertex 5.11112 54.7697 18.9
      vertex 5.1443 54.9365 13.29
      vertex 5.1443 54.9365 18.9
    endloop
  endfacet
  facet normal 0.980784 -0.195098 0
    outer loop
      vertex 5.1443 54.9365 13.29
      vertex 5.11112 54.7697 18.9
      vertex 5.11112 54.7697 13.29
    endloop
  endfacet
  facet normal -0.55527 0.83167 0
    outer loop
      vertex 7.19139 53.5686 13.29
      vertex 7.05 53.4742 18.9
      vertex 7.19139 53.5686 18.9
    endloop
  endfacet
  facet normal -0.55527 0.83167 0
    outer loop
      vertex 7.05 53.4742 18.9
      vertex 7.19139 53.5686 13.29
      vertex 7.05 53.4742 13.29
    endloop
  endfacet
  facet normal -0.89686 0.442314 0
    outer loop
      vertex 7.52583 53.95 13.29
      vertex 7.60104 54.1025 18.9
      vertex 7.60104 54.1025 13.29
    endloop
  endfacet
  facet normal -0.89686 0.442314 0
    outer loop
      vertex 7.60104 54.1025 18.9
      vertex 7.52583 53.95 13.29
      vertex 7.52583 53.95 18.9
    endloop
  endfacet
  facet normal -0.831498 0.555528 0
    outer loop
      vertex 7.43136 53.8086 13.29
      vertex 7.52583 53.95 18.9
      vertex 7.52583 53.95 13.29
    endloop
  endfacet
  facet normal -0.831498 0.555528 0
    outer loop
      vertex 7.52583 53.95 18.9
      vertex 7.43136 53.8086 13.29
      vertex 7.43136 53.8086 18.9
    endloop
  endfacet
  facet normal -0.65917 -0.751994 0
    outer loop
      vertex 101.691 55.6314 13.29
      vertex 101.819 55.5192 18.9
      vertex 101.691 55.6314 18.9
    endloop
  endfacet
  facet normal -0.65917 -0.751994 -0
    outer loop
      vertex 101.819 55.5192 18.9
      vertex 101.691 55.6314 13.29
      vertex 101.819 55.5192 13.29
    endloop
  endfacet
  facet normal -0.980986 0.19408 0
    outer loop
      vertex 102.156 54.2635 13.29
      vertex 102.189 54.4303 18.9
      vertex 102.189 54.4303 13.29
    endloop
  endfacet
  facet normal -0.980986 0.19408 0
    outer loop
      vertex 102.189 54.4303 18.9
      vertex 102.156 54.2635 13.29
      vertex 102.156 54.2635 18.9
    endloop
  endfacet
  facet normal 0.321692 0.946844 -0
    outer loop
      vertex 100.564 53.3443 13.29
      vertex 100.403 53.399 18.9
      vertex 100.564 53.3443 18.9
    endloop
  endfacet
  facet normal 0.321692 0.946844 0
    outer loop
      vertex 100.403 53.399 18.9
      vertex 100.564 53.3443 13.29
      vertex 100.403 53.399 13.29
    endloop
  endfacet
  facet normal 0.321692 -0.946844 0
    outer loop
      vertex 100.403 55.801 13.29
      vertex 100.564 55.8557 18.9
      vertex 100.403 55.801 18.9
    endloop
  endfacet
  facet normal 0.321692 -0.946844 0
    outer loop
      vertex 100.564 55.8557 18.9
      vertex 100.403 55.801 13.29
      vertex 100.564 55.8557 13.29
    endloop
  endfacet
  facet normal 0.896884 -0.442267 0
    outer loop
      vertex 99.699 55.0975 18.9
      vertex 99.7742 55.25 13.29
      vertex 99.7742 55.25 18.9
    endloop
  endfacet
  facet normal 0.896884 -0.442267 0
    outer loop
      vertex 99.7742 55.25 13.29
      vertex 99.699 55.0975 18.9
      vertex 99.699 55.0975 13.29
    endloop
  endfacet
  facet normal -0.65917 0.751994 0
    outer loop
      vertex 101.819 53.6808 13.29
      vertex 101.691 53.5686 18.9
      vertex 101.819 53.6808 18.9
    endloop
  endfacet
  facet normal -0.65917 0.751994 0
    outer loop
      vertex 101.691 53.5686 18.9
      vertex 101.819 53.6808 13.29
      vertex 101.691 53.5686 13.29
    endloop
  endfacet
  facet normal 0.441103 0.897457 -0
    outer loop
      vertex 100.403 53.399 13.29
      vertex 100.25 53.4742 18.9
      vertex 100.403 53.399 18.9
    endloop
  endfacet
  facet normal 0.441103 0.897457 0
    outer loop
      vertex 100.25 53.4742 18.9
      vertex 100.403 53.399 13.29
      vertex 100.25 53.4742 13.29
    endloop
  endfacet
  facet normal -0.946306 -0.323272 0
    outer loop
      vertex 102.156 54.9365 13.29
      vertex 102.101 55.0975 18.9
      vertex 102.101 55.0975 13.29
    endloop
  endfacet
  facet normal -0.946306 -0.323272 0
    outer loop
      vertex 102.101 55.0975 18.9
      vertex 102.156 54.9365 13.29
      vertex 102.156 54.9365 18.9
    endloop
  endfacet
  facet normal -0.89735 -0.44132 0
    outer loop
      vertex 102.101 55.0975 13.29
      vertex 102.026 55.25 18.9
      vertex 102.026 55.25 13.29
    endloop
  endfacet
  facet normal -0.89735 -0.44132 0
    outer loop
      vertex 102.026 55.25 18.9
      vertex 102.101 55.0975 13.29
      vertex 102.101 55.0975 18.9
    endloop
  endfacet
  facet normal -0.752066 -0.659088 0
    outer loop
      vertex 101.931 55.3914 13.29
      vertex 101.819 55.5192 18.9
      vertex 101.819 55.5192 13.29
    endloop
  endfacet
  facet normal -0.752066 -0.659088 0
    outer loop
      vertex 101.819 55.5192 18.9
      vertex 101.931 55.3914 13.29
      vertex 101.931 55.3914 18.9
    endloop
  endfacet
  facet normal -0.441103 -0.897457 0
    outer loop
      vertex 101.397 55.801 13.29
      vertex 101.55 55.7258 18.9
      vertex 101.397 55.801 18.9
    endloop
  endfacet
  facet normal -0.441103 -0.897457 -0
    outer loop
      vertex 101.55 55.7258 18.9
      vertex 101.397 55.801 13.29
      vertex 101.55 55.7258 13.29
    endloop
  endfacet
  facet normal 0.751483 -0.659753 0
    outer loop
      vertex 99.8686 55.3914 18.9
      vertex 99.9808 55.5192 13.29
      vertex 99.9808 55.5192 18.9
    endloop
  endfacet
  facet normal 0.751483 -0.659753 0
    outer loop
      vertex 99.9808 55.5192 13.29
      vertex 99.8686 55.3914 18.9
      vertex 99.8686 55.3914 13.29
    endloop
  endfacet
  facet normal 0.196116 -0.980581 0
    outer loop
      vertex 100.564 55.8557 13.29
      vertex 100.73 55.8889 18.9
      vertex 100.564 55.8557 18.9
    endloop
  endfacet
  facet normal 0.196116 -0.980581 0
    outer loop
      vertex 100.73 55.8889 18.9
      vertex 100.564 55.8557 13.29
      vertex 100.73 55.8889 13.29
    endloop
  endfacet
  facet normal 0.658588 -0.752504 0
    outer loop
      vertex 99.9808 55.5192 13.29
      vertex 100.109 55.6314 18.9
      vertex 99.9808 55.5192 18.9
    endloop
  endfacet
  facet normal 0.658588 -0.752504 0
    outer loop
      vertex 100.109 55.6314 18.9
      vertex 99.9808 55.5192 13.29
      vertex 100.109 55.6314 13.29
    endloop
  endfacet
  facet normal -0.997906 -0.0646845 0
    outer loop
      vertex 102.2 54.6 13.29
      vertex 102.189 54.7697 18.9
      vertex 102.189 54.7697 13.29
    endloop
  endfacet
  facet normal -0.997906 -0.0646845 0
    outer loop
      vertex 102.189 54.7697 18.9
      vertex 102.2 54.6 13.29
      vertex 102.2 54.6 18.9
    endloop
  endfacet
  facet normal -0.946306 0.323272 0
    outer loop
      vertex 102.101 54.1025 13.29
      vertex 102.156 54.2635 18.9
      vertex 102.156 54.2635 13.29
    endloop
  endfacet
  facet normal -0.946306 0.323272 0
    outer loop
      vertex 102.156 54.2635 18.9
      vertex 102.101 54.1025 13.29
      vertex 102.101 54.1025 18.9
    endloop
  endfacet
  facet normal -0.321692 0.946844 0
    outer loop
      vertex 101.397 53.399 13.29
      vertex 101.236 53.3443 18.9
      vertex 101.397 53.399 18.9
    endloop
  endfacet
  facet normal -0.321692 0.946844 0
    outer loop
      vertex 101.236 53.3443 18.9
      vertex 101.397 53.399 13.29
      vertex 101.236 53.3443 13.29
    endloop
  endfacet
  facet normal 0.196116 0.980581 -0
    outer loop
      vertex 100.73 53.3111 13.29
      vertex 100.564 53.3443 18.9
      vertex 100.73 53.3111 18.9
    endloop
  endfacet
  facet normal 0.196116 0.980581 0
    outer loop
      vertex 100.564 53.3443 18.9
      vertex 100.73 53.3111 13.29
      vertex 100.564 53.3443 13.29
    endloop
  endfacet
  facet normal 0.658588 0.752504 -0
    outer loop
      vertex 100.109 53.5686 13.29
      vertex 99.9808 53.6808 18.9
      vertex 100.109 53.5686 18.9
    endloop
  endfacet
  facet normal 0.658588 0.752504 0
    outer loop
      vertex 99.9808 53.6808 18.9
      vertex 100.109 53.5686 13.29
      vertex 99.9808 53.6808 13.29
    endloop
  endfacet
  facet normal 0.896884 0.442267 0
    outer loop
      vertex 99.7742 53.95 18.9
      vertex 99.699 54.1025 13.29
      vertex 99.699 54.1025 18.9
    endloop
  endfacet
  facet normal 0.896884 0.442267 0
    outer loop
      vertex 99.699 54.1025 13.29
      vertex 99.7742 53.95 18.9
      vertex 99.7742 53.95 13.29
    endloop
  endfacet
  facet normal 0.980761 0.195211 0
    outer loop
      vertex 99.6443 54.2635 18.9
      vertex 99.6111 54.4303 13.29
      vertex 99.6111 54.4303 18.9
    endloop
  endfacet
  facet normal 0.980761 0.195211 0
    outer loop
      vertex 99.6111 54.4303 13.29
      vertex 99.6443 54.2635 18.9
      vertex 99.6443 54.2635 13.29
    endloop
  endfacet
  facet normal -0.980986 -0.19408 0
    outer loop
      vertex 102.189 54.7697 13.29
      vertex 102.156 54.9365 18.9
      vertex 102.156 54.9365 13.29
    endloop
  endfacet
  facet normal -0.980986 -0.19408 0
    outer loop
      vertex 102.156 54.9365 18.9
      vertex 102.189 54.7697 13.29
      vertex 102.189 54.7697 18.9
    endloop
  endfacet
  facet normal -0.830058 -0.557677 0
    outer loop
      vertex 102.026 55.25 13.29
      vertex 101.931 55.3914 18.9
      vertex 101.931 55.3914 13.29
    endloop
  endfacet
  facet normal -0.830058 -0.557677 0
    outer loop
      vertex 101.931 55.3914 18.9
      vertex 102.026 55.25 13.29
      vertex 102.026 55.25 18.9
    endloop
  endfacet
  facet normal -0.556331 -0.830961 0
    outer loop
      vertex 101.55 55.7258 13.29
      vertex 101.691 55.6314 18.9
      vertex 101.55 55.7258 18.9
    endloop
  endfacet
  facet normal -0.556331 -0.830961 -0
    outer loop
      vertex 101.691 55.6314 18.9
      vertex 101.55 55.7258 13.29
      vertex 101.691 55.6314 13.29
    endloop
  endfacet
  facet normal -0.0651554 -0.997875 0
    outer loop
      vertex 100.9 55.9 13.29
      vertex 101.07 55.8889 18.9
      vertex 100.9 55.9 18.9
    endloop
  endfacet
  facet normal -0.0651554 -0.997875 -0
    outer loop
      vertex 101.07 55.8889 18.9
      vertex 100.9 55.9 13.29
      vertex 101.07 55.8889 13.29
    endloop
  endfacet
  facet normal -0.321692 -0.946844 0
    outer loop
      vertex 101.236 55.8557 13.29
      vertex 101.397 55.801 18.9
      vertex 101.236 55.8557 18.9
    endloop
  endfacet
  facet normal -0.321692 -0.946844 -0
    outer loop
      vertex 101.397 55.801 18.9
      vertex 101.236 55.8557 13.29
      vertex 101.397 55.801 13.29
    endloop
  endfacet
  facet normal 0.997868 -0.0652701 0
    outer loop
      vertex 99.6 54.6 18.9
      vertex 99.6111 54.7697 13.29
      vertex 99.6111 54.7697 18.9
    endloop
  endfacet
  facet normal 0.997868 -0.0652701 0
    outer loop
      vertex 99.6111 54.7697 13.29
      vertex 99.6 54.6 18.9
      vertex 99.6 54.6 13.29
    endloop
  endfacet
  facet normal 0.946844 -0.321692 0
    outer loop
      vertex 99.6443 54.9365 18.9
      vertex 99.699 55.0975 13.29
      vertex 99.699 55.0975 18.9
    endloop
  endfacet
  facet normal 0.946844 -0.321692 0
    outer loop
      vertex 99.699 55.0975 13.29
      vertex 99.6443 54.9365 18.9
      vertex 99.6443 54.9365 13.29
    endloop
  endfacet
  facet normal 0.831688 -0.555243 0
    outer loop
      vertex 99.7742 55.25 18.9
      vertex 99.8686 55.3914 13.29
      vertex 99.8686 55.3914 18.9
    endloop
  endfacet
  facet normal 0.831688 -0.555243 0
    outer loop
      vertex 99.8686 55.3914 13.29
      vertex 99.7742 55.25 18.9
      vertex 99.7742 55.25 13.29
    endloop
  endfacet
  facet normal 0.0651554 -0.997875 0
    outer loop
      vertex 100.73 55.8889 13.29
      vertex 100.9 55.9 18.9
      vertex 100.73 55.8889 18.9
    endloop
  endfacet
  facet normal 0.0651554 -0.997875 0
    outer loop
      vertex 100.9 55.9 18.9
      vertex 100.73 55.8889 13.29
      vertex 100.9 55.9 13.29
    endloop
  endfacet
  facet normal 0.556331 -0.830961 0
    outer loop
      vertex 100.109 55.6314 13.29
      vertex 100.25 55.7258 18.9
      vertex 100.109 55.6314 18.9
    endloop
  endfacet
  facet normal 0.556331 -0.830961 0
    outer loop
      vertex 100.25 55.7258 18.9
      vertex 100.109 55.6314 13.29
      vertex 100.25 55.7258 13.29
    endloop
  endfacet
  facet normal 0.441103 -0.897457 0
    outer loop
      vertex 100.25 55.7258 13.29
      vertex 100.403 55.801 18.9
      vertex 100.25 55.7258 18.9
    endloop
  endfacet
  facet normal 0.441103 -0.897457 0
    outer loop
      vertex 100.403 55.801 18.9
      vertex 100.25 55.7258 13.29
      vertex 100.403 55.801 13.29
    endloop
  endfacet
  facet normal -0.997906 0.0646845 0
    outer loop
      vertex 102.189 54.4303 13.29
      vertex 102.2 54.6 18.9
      vertex 102.2 54.6 13.29
    endloop
  endfacet
  facet normal -0.997906 0.0646845 0
    outer loop
      vertex 102.2 54.6 18.9
      vertex 102.189 54.4303 13.29
      vertex 102.189 54.4303 18.9
    endloop
  endfacet
  facet normal -0.0651554 0.997875 0
    outer loop
      vertex 101.07 53.3111 13.29
      vertex 100.9 53.3 18.9
      vertex 101.07 53.3111 18.9
    endloop
  endfacet
  facet normal -0.0651554 0.997875 0
    outer loop
      vertex 100.9 53.3 18.9
      vertex 101.07 53.3111 13.29
      vertex 100.9 53.3 13.29
    endloop
  endfacet
  facet normal -0.752066 0.659088 0
    outer loop
      vertex 101.819 53.6808 13.29
      vertex 101.931 53.8086 18.9
      vertex 101.931 53.8086 13.29
    endloop
  endfacet
  facet normal -0.752066 0.659088 0
    outer loop
      vertex 101.931 53.8086 18.9
      vertex 101.819 53.6808 13.29
      vertex 101.819 53.6808 18.9
    endloop
  endfacet
  facet normal -0.196116 0.980581 0
    outer loop
      vertex 101.236 53.3443 13.29
      vertex 101.07 53.3111 18.9
      vertex 101.236 53.3443 18.9
    endloop
  endfacet
  facet normal -0.196116 0.980581 0
    outer loop
      vertex 101.07 53.3111 18.9
      vertex 101.236 53.3443 13.29
      vertex 101.07 53.3111 13.29
    endloop
  endfacet
  facet normal -0.441103 0.897457 0
    outer loop
      vertex 101.55 53.4742 13.29
      vertex 101.397 53.399 18.9
      vertex 101.55 53.4742 18.9
    endloop
  endfacet
  facet normal -0.441103 0.897457 0
    outer loop
      vertex 101.397 53.399 18.9
      vertex 101.55 53.4742 13.29
      vertex 101.397 53.399 13.29
    endloop
  endfacet
  facet normal 0.0651554 0.997875 -0
    outer loop
      vertex 100.9 53.3 13.29
      vertex 100.73 53.3111 18.9
      vertex 100.9 53.3 18.9
    endloop
  endfacet
  facet normal 0.0651554 0.997875 0
    outer loop
      vertex 100.73 53.3111 18.9
      vertex 100.9 53.3 13.29
      vertex 100.73 53.3111 13.29
    endloop
  endfacet
  facet normal 0.556331 0.830961 -0
    outer loop
      vertex 100.25 53.4742 13.29
      vertex 100.109 53.5686 18.9
      vertex 100.25 53.4742 18.9
    endloop
  endfacet
  facet normal 0.556331 0.830961 0
    outer loop
      vertex 100.109 53.5686 18.9
      vertex 100.25 53.4742 13.29
      vertex 100.109 53.5686 13.29
    endloop
  endfacet
  facet normal 0.946844 0.321692 0
    outer loop
      vertex 99.699 54.1025 18.9
      vertex 99.6443 54.2635 13.29
      vertex 99.6443 54.2635 18.9
    endloop
  endfacet
  facet normal 0.946844 0.321692 0
    outer loop
      vertex 99.6443 54.2635 13.29
      vertex 99.699 54.1025 18.9
      vertex 99.699 54.1025 13.29
    endloop
  endfacet
  facet normal 0.997868 0.0652701 0
    outer loop
      vertex 99.6111 54.4303 18.9
      vertex 99.6 54.6 13.29
      vertex 99.6 54.6 18.9
    endloop
  endfacet
  facet normal 0.997868 0.0652701 0
    outer loop
      vertex 99.6 54.6 13.29
      vertex 99.6111 54.4303 18.9
      vertex 99.6111 54.4303 13.29
    endloop
  endfacet
  facet normal 0.831688 0.555243 0
    outer loop
      vertex 99.8686 53.8086 18.9
      vertex 99.7742 53.95 13.29
      vertex 99.7742 53.95 18.9
    endloop
  endfacet
  facet normal 0.831688 0.555243 0
    outer loop
      vertex 99.7742 53.95 13.29
      vertex 99.8686 53.8086 18.9
      vertex 99.8686 53.8086 13.29
    endloop
  endfacet
  facet normal 0.751483 0.659753 0
    outer loop
      vertex 99.9808 53.6808 18.9
      vertex 99.8686 53.8086 13.29
      vertex 99.8686 53.8086 18.9
    endloop
  endfacet
  facet normal 0.751483 0.659753 0
    outer loop
      vertex 99.8686 53.8086 13.29
      vertex 99.9808 53.6808 18.9
      vertex 99.9808 53.6808 13.29
    endloop
  endfacet
  facet normal -0.196116 -0.980581 0
    outer loop
      vertex 101.07 55.8889 13.29
      vertex 101.236 55.8557 18.9
      vertex 101.07 55.8889 18.9
    endloop
  endfacet
  facet normal -0.196116 -0.980581 -0
    outer loop
      vertex 101.236 55.8557 18.9
      vertex 101.07 55.8889 13.29
      vertex 101.236 55.8557 13.29
    endloop
  endfacet
  facet normal 0 0 -1
    outer loop
      vertex 102.189 54.4303 18.9
      vertex 102.189 54.7697 18.9
      vertex 102.2 54.6 18.9
    endloop
  endfacet
  facet normal 0 0 -1
    outer loop
      vertex 102.156 54.2635 18.9
      vertex 102.189 54.7697 18.9
      vertex 102.189 54.4303 18.9
    endloop
  endfacet
  facet normal 0 0 -1
    outer loop
      vertex 102.156 54.2635 18.9
      vertex 102.156 54.9365 18.9
      vertex 102.189 54.7697 18.9
    endloop
  endfacet
  facet normal 0 0 -1
    outer loop
      vertex 102.101 54.1025 18.9
      vertex 102.156 54.9365 18.9
      vertex 102.156 54.2635 18.9
    endloop
  endfacet
  facet normal 0 0 -1
    outer loop
      vertex 102.101 54.1025 18.9
      vertex 102.101 55.0975 18.9
      vertex 102.156 54.9365 18.9
    endloop
  endfacet
  facet normal 0 0 -1
    outer loop
      vertex 102.026 53.95 18.9
      vertex 102.101 55.0975 18.9
      vertex 102.101 54.1025 18.9
    endloop
  endfacet
  facet normal 0 0 -1
    outer loop
      vertex 102.026 53.95 18.9
      vertex 102.026 55.25 18.9
      vertex 102.101 55.0975 18.9
    endloop
  endfacet
  facet normal 0 0 -1
    outer loop
      vertex 101.931 53.8086 18.9
      vertex 102.026 55.25 18.9
      vertex 102.026 53.95 18.9
    endloop
  endfacet
  facet normal 0 0 -1
    outer loop
      vertex 101.931 53.8086 18.9
      vertex 101.931 55.3914 18.9
      vertex 102.026 55.25 18.9
    endloop
  endfacet
  facet normal 0 0 -1
    outer loop
      vertex 101.819 53.6808 18.9
      vertex 101.931 55.3914 18.9
      vertex 101.931 53.8086 18.9
    endloop
  endfacet
  facet normal 0 0 -1
    outer loop
      vertex 101.819 53.6808 18.9
      vertex 101.819 55.5192 18.9
      vertex 101.931 55.3914 18.9
    endloop
  endfacet
  facet normal 0 0 -1
    outer loop
      vertex 101.691 53.5686 18.9
      vertex 101.819 55.5192 18.9
      vertex 101.819 53.6808 18.9
    endloop
  endfacet
  facet normal 0 0 -1
    outer loop
      vertex 101.691 53.5686 18.9
      vertex 101.691 55.6314 18.9
      vertex 101.819 55.5192 18.9
    endloop
  endfacet
  facet normal 0 0 -1
    outer loop
      vertex 101.55 53.4742 18.9
      vertex 101.691 55.6314 18.9
      vertex 101.691 53.5686 18.9
    endloop
  endfacet
  facet normal 0 0 -1
    outer loop
      vertex 101.55 53.4742 18.9
      vertex 101.55 55.7258 18.9
      vertex 101.691 55.6314 18.9
    endloop
  endfacet
  facet normal 0 0 -1
    outer loop
      vertex 101.397 53.399 18.9
      vertex 101.55 55.7258 18.9
      vertex 101.55 53.4742 18.9
    endloop
  endfacet
  facet normal 0 0 -1
    outer loop
      vertex 101.397 53.399 18.9
      vertex 101.397 55.801 18.9
      vertex 101.55 55.7258 18.9
    endloop
  endfacet
  facet normal 0 0 -1
    outer loop
      vertex 101.236 53.3443 18.9
      vertex 101.397 55.801 18.9
      vertex 101.397 53.399 18.9
    endloop
  endfacet
  facet normal 0 0 -1
    outer loop
      vertex 101.236 53.3443 18.9
      vertex 101.236 55.8557 18.9
      vertex 101.397 55.801 18.9
    endloop
  endfacet
  facet normal 0 0 -1
    outer loop
      vertex 101.07 53.3111 18.9
      vertex 101.236 55.8557 18.9
      vertex 101.236 53.3443 18.9
    endloop
  endfacet
  facet normal 0 0 -1
    outer loop
      vertex 101.07 53.3111 18.9
      vertex 101.07 55.8889 18.9
      vertex 101.236 55.8557 18.9
    endloop
  endfacet
  facet normal 0 0 -1
    outer loop
      vertex 100.9 53.3 18.9
      vertex 101.07 55.8889 18.9
      vertex 101.07 53.3111 18.9
    endloop
  endfacet
  facet normal 0 0 -1
    outer loop
      vertex 100.9 53.3 18.9
      vertex 100.9 55.9 18.9
      vertex 101.07 55.8889 18.9
    endloop
  endfacet
  facet normal 0 0 -1
    outer loop
      vertex 100.73 53.3111 18.9
      vertex 100.9 55.9 18.9
      vertex 100.9 53.3 18.9
    endloop
  endfacet
  facet normal 0 0 -1
    outer loop
      vertex 100.73 53.3111 18.9
      vertex 100.73 55.8889 18.9
      vertex 100.9 55.9 18.9
    endloop
  endfacet
  facet normal 0 0 -1
    outer loop
      vertex 100.564 53.3443 18.9
      vertex 100.73 55.8889 18.9
      vertex 100.73 53.3111 18.9
    endloop
  endfacet
  facet normal 0 0 -1
    outer loop
      vertex 100.564 53.3443 18.9
      vertex 100.564 55.8557 18.9
      vertex 100.73 55.8889 18.9
    endloop
  endfacet
  facet normal 0 0 -1
    outer loop
      vertex 100.403 53.399 18.9
      vertex 100.564 55.8557 18.9
      vertex 100.564 53.3443 18.9
    endloop
  endfacet
  facet normal 0 0 -1
    outer loop
      vertex 100.403 53.399 18.9
      vertex 100.403 55.801 18.9
      vertex 100.564 55.8557 18.9
    endloop
  endfacet
  facet normal 0 0 -1
    outer loop
      vertex 100.25 53.4742 18.9
      vertex 100.403 55.801 18.9
      vertex 100.403 53.399 18.9
    endloop
  endfacet
  facet normal 0 0 -1
    outer loop
      vertex 100.25 53.4742 18.9
      vertex 100.25 55.7258 18.9
      vertex 100.403 55.801 18.9
    endloop
  endfacet
  facet normal 0 0 -1
    outer loop
      vertex 100.109 53.5686 18.9
      vertex 100.25 55.7258 18.9
      vertex 100.25 53.4742 18.9
    endloop
  endfacet
  facet normal 0 0 -1
    outer loop
      vertex 100.109 53.5686 18.9
      vertex 100.109 55.6314 18.9
      vertex 100.25 55.7258 18.9
    endloop
  endfacet
  facet normal 0 0 -1
    outer loop
      vertex 99.9808 53.6808 18.9
      vertex 100.109 55.6314 18.9
      vertex 100.109 53.5686 18.9
    endloop
  endfacet
  facet normal 0 0 -1
    outer loop
      vertex 99.9808 53.6808 18.9
      vertex 99.9808 55.5192 18.9
      vertex 100.109 55.6314 18.9
    endloop
  endfacet
  facet normal 0 0 -1
    outer loop
      vertex 99.8686 53.8086 18.9
      vertex 99.9808 55.5192 18.9
      vertex 99.9808 53.6808 18.9
    endloop
  endfacet
  facet normal 0 0 -1
    outer loop
      vertex 99.8686 53.8086 18.9
      vertex 99.8686 55.3914 18.9
      vertex 99.9808 55.5192 18.9
    endloop
  endfacet
  facet normal 0 0 -1
    outer loop
      vertex 99.7742 53.95 18.9
      vertex 99.8686 55.3914 18.9
      vertex 99.8686 53.8086 18.9
    endloop
  endfacet
  facet normal 0 0 -1
    outer loop
      vertex 99.7742 53.95 18.9
      vertex 99.7742 55.25 18.9
      vertex 99.8686 55.3914 18.9
    endloop
  endfacet
  facet normal 0 0 -1
    outer loop
      vertex 99.699 54.1025 18.9
      vertex 99.7742 55.25 18.9
      vertex 99.7742 53.95 18.9
    endloop
  endfacet
  facet normal 0 0 -1
    outer loop
      vertex 99.699 54.1025 18.9
      vertex 99.699 55.0975 18.9
      vertex 99.7742 55.25 18.9
    endloop
  endfacet
  facet normal 0 0 -1
    outer loop
      vertex 99.6443 54.2635 18.9
      vertex 99.699 55.0975 18.9
      vertex 99.699 54.1025 18.9
    endloop
  endfacet
  facet normal 0 0 -1
    outer loop
      vertex 99.6443 54.2635 18.9
      vertex 99.6443 54.9365 18.9
      vertex 99.699 55.0975 18.9
    endloop
  endfacet
  facet normal 0 0 -1
    outer loop
      vertex 99.6111 54.4303 18.9
      vertex 99.6443 54.9365 18.9
      vertex 99.6443 54.2635 18.9
    endloop
  endfacet
  facet normal 0 0 -1
    outer loop
      vertex 99.6111 54.4303 18.9
      vertex 99.6111 54.7697 18.9
      vertex 99.6443 54.9365 18.9
    endloop
  endfacet
  facet normal 0 -0 -1
    outer loop
      vertex 99.6111 54.7697 18.9
      vertex 99.6111 54.4303 18.9
      vertex 99.6 54.6 18.9
    endloop
  endfacet
  facet normal 0.980761 -0.195211 0
    outer loop
      vertex 99.6111 54.7697 18.9
      vertex 99.6443 54.9365 13.29
      vertex 99.6443 54.9365 18.9
    endloop
  endfacet
  facet normal 0.980761 -0.195211 0
    outer loop
      vertex 99.6443 54.9365 13.29
      vertex 99.6111 54.7697 18.9
      vertex 99.6111 54.7697 13.29
    endloop
  endfacet
  facet normal -0.556331 0.830961 0
    outer loop
      vertex 101.691 53.5686 13.29
      vertex 101.55 53.4742 18.9
      vertex 101.691 53.5686 18.9
    endloop
  endfacet
  facet normal -0.556331 0.830961 0
    outer loop
      vertex 101.55 53.4742 18.9
      vertex 101.691 53.5686 13.29
      vertex 101.55 53.4742 13.29
    endloop
  endfacet
  facet normal -0.89735 0.44132 0
    outer loop
      vertex 102.026 53.95 13.29
      vertex 102.101 54.1025 18.9
      vertex 102.101 54.1025 13.29
    endloop
  endfacet
  facet normal -0.89735 0.44132 0
    outer loop
      vertex 102.101 54.1025 18.9
      vertex 102.026 53.95 13.29
      vertex 102.026 53.95 18.9
    endloop
  endfacet
  facet normal -0.830058 0.557677 0
    outer loop
      vertex 101.931 53.8086 13.29
      vertex 102.026 53.95 18.9
      vertex 102.026 53.95 13.29
    endloop
  endfacet
  facet normal -0.830058 0.557677 0
    outer loop
      vertex 102.026 53.95 18.9
      vertex 101.931 53.8086 13.29
      vertex 101.931 53.8086 18.9
    endloop
  endfacet
  facet normal -0.555565 -0.831473 0
    outer loop
      vertex 7.45 8.51865 9.1
      vertex 7.6784 8.36604 13.29
      vertex 7.45 8.51865 13.29
    endloop
  endfacet
  facet normal -0.555565 -0.831473 -0
    outer loop
      vertex 7.6784 8.36604 13.29
      vertex 7.45 8.51865 9.1
      vertex 7.6784 8.36604 9.1
    endloop
  endfacet
  facet normal 0.321411 0.94694 -0
    outer loop
      vertex 5.85648 4.67156 9.1
      vertex 5.59636 4.75985 13.29
      vertex 5.85648 4.67156 13.29
    endloop
  endfacet
  facet normal 0.321411 0.94694 0
    outer loop
      vertex 5.59636 4.75985 13.29
      vertex 5.85648 4.67156 9.1
      vertex 5.59636 4.75985 9.1
    endloop
  endfacet
  facet normal 0.442314 -0.89686 0
    outer loop
      vertex 5.35 8.51865 9.1
      vertex 5.59636 8.64015 13.29
      vertex 5.35 8.51865 13.29
    endloop
  endfacet
  facet normal 0.442314 -0.89686 0
    outer loop
      vertex 5.59636 8.64015 13.29
      vertex 5.35 8.51865 9.1
      vertex 5.59636 8.64015 9.1
    endloop
  endfacet
  facet normal 0.896867 -0.4423 0
    outer loop
      vertex 4.45985 7.50363 13.29
      vertex 4.58135 7.75 9.1
      vertex 4.58135 7.75 13.29
    endloop
  endfacet
  facet normal 0.896867 -0.4423 0
    outer loop
      vertex 4.58135 7.75 9.1
      vertex 4.45985 7.50363 13.29
      vertex 4.45985 7.50363 9.1
    endloop
  endfacet
  facet normal -0.94694 0.321411 0
    outer loop
      vertex 8.34015 5.89636 9.1
      vertex 8.42844 6.15648 13.29
      vertex 8.42844 6.15648 9.1
    endloop
  endfacet
  facet normal -0.94694 0.321411 0
    outer loop
      vertex 8.42844 6.15648 13.29
      vertex 8.34015 5.89636 9.1
      vertex 8.34015 5.89636 13.29
    endloop
  endfacet
  facet normal -0.896867 -0.4423 0
    outer loop
      vertex 8.34015 7.50363 9.1
      vertex 8.21865 7.75 13.29
      vertex 8.21865 7.75 9.1
    endloop
  endfacet
  facet normal -0.896867 -0.4423 0
    outer loop
      vertex 8.21865 7.75 13.29
      vertex 8.34015 7.50363 9.1
      vertex 8.34015 7.50363 13.29
    endloop
  endfacet
  facet normal -0.980786 -0.195087 0
    outer loop
      vertex 8.48203 6.9741 9.1
      vertex 8.42844 7.24352 13.29
      vertex 8.42844 7.24352 9.1
    endloop
  endfacet
  facet normal -0.980786 -0.195087 0
    outer loop
      vertex 8.42844 7.24352 13.29
      vertex 8.48203 6.9741 9.1
      vertex 8.48203 6.9741 13.29
    endloop
  endfacet
  facet normal -0.831473 -0.555565 0
    outer loop
      vertex 8.21865 7.75 9.1
      vertex 8.06604 7.9784 13.29
      vertex 8.06604 7.9784 9.1
    endloop
  endfacet
  facet normal -0.831473 -0.555565 0
    outer loop
      vertex 8.06604 7.9784 13.29
      vertex 8.21865 7.75 9.1
      vertex 8.21865 7.75 13.29
    endloop
  endfacet
  facet normal -0.65936 -0.751827 0
    outer loop
      vertex 7.6784 8.36604 9.1
      vertex 7.88492 8.18492 13.29
      vertex 7.6784 8.36604 13.29
    endloop
  endfacet
  facet normal -0.65936 -0.751827 -0
    outer loop
      vertex 7.88492 8.18492 13.29
      vertex 7.6784 8.36604 9.1
      vertex 7.88492 8.18492 9.1
    endloop
  endfacet
  facet normal -0.321422 -0.946936 0
    outer loop
      vertex 6.94352 8.72844 9.1
      vertex 7.20363 8.64015 13.29
      vertex 6.94352 8.72844 13.29
    endloop
  endfacet
  facet normal -0.321422 -0.946936 -0
    outer loop
      vertex 7.20363 8.64015 13.29
      vertex 6.94352 8.72844 9.1
      vertex 7.20363 8.64015 9.1
    endloop
  endfacet
  facet normal -0.0654196 -0.997858 0
    outer loop
      vertex 6.4 8.8 9.1
      vertex 6.6741 8.78203 13.29
      vertex 6.4 8.8 13.29
    endloop
  endfacet
  facet normal -0.0654196 -0.997858 -0
    outer loop
      vertex 6.6741 8.78203 13.29
      vertex 6.4 8.8 9.1
      vertex 6.6741 8.78203 9.1
    endloop
  endfacet
  facet normal 0.980786 -0.195087 0
    outer loop
      vertex 4.31797 6.9741 13.29
      vertex 4.37156 7.24352 9.1
      vertex 4.37156 7.24352 13.29
    endloop
  endfacet
  facet normal 0.980786 -0.195087 0
    outer loop
      vertex 4.37156 7.24352 9.1
      vertex 4.31797 6.9741 13.29
      vertex 4.31797 6.9741 9.1
    endloop
  endfacet
  facet normal 0.751827 -0.65936 0
    outer loop
      vertex 4.73396 7.9784 13.29
      vertex 4.91508 8.18492 9.1
      vertex 4.91508 8.18492 13.29
    endloop
  endfacet
  facet normal 0.751827 -0.65936 0
    outer loop
      vertex 4.91508 8.18492 9.1
      vertex 4.73396 7.9784 13.29
      vertex 4.73396 7.9784 9.1
    endloop
  endfacet
  facet normal 0.555565 -0.831473 0
    outer loop
      vertex 5.1216 8.36604 9.1
      vertex 5.35 8.51865 13.29
      vertex 5.1216 8.36604 13.29
    endloop
  endfacet
  facet normal 0.555565 -0.831473 0
    outer loop
      vertex 5.35 8.51865 13.29
      vertex 5.1216 8.36604 9.1
      vertex 5.35 8.51865 9.1
    endloop
  endfacet
  facet normal 0.195094 -0.980785 0
    outer loop
      vertex 5.85648 8.72844 9.1
      vertex 6.12589 8.78203 13.29
      vertex 5.85648 8.72844 13.29
    endloop
  endfacet
  facet normal 0.195094 -0.980785 0
    outer loop
      vertex 6.12589 8.78203 13.29
      vertex 5.85648 8.72844 9.1
      vertex 6.12589 8.78203 9.1
    endloop
  endfacet
  facet normal 0.65936 -0.751827 0
    outer loop
      vertex 4.91508 8.18492 9.1
      vertex 5.1216 8.36604 13.29
      vertex 4.91508 8.18492 13.29
    endloop
  endfacet
  facet normal 0.65936 -0.751827 0
    outer loop
      vertex 5.1216 8.36604 13.29
      vertex 4.91508 8.18492 9.1
      vertex 5.1216 8.36604 9.1
    endloop
  endfacet
  facet normal -0.997858 -0.0654196 0
    outer loop
      vertex 8.5 6.7 9.1
      vertex 8.48203 6.9741 13.29
      vertex 8.48203 6.9741 9.1
    endloop
  endfacet
  facet normal -0.997858 -0.0654196 0
    outer loop
      vertex 8.48203 6.9741 13.29
      vertex 8.5 6.7 9.1
      vertex 8.5 6.7 13.29
    endloop
  endfacet
  facet normal -0.831473 0.555565 0
    outer loop
      vertex 8.06604 5.4216 9.1
      vertex 8.21865 5.65 13.29
      vertex 8.21865 5.65 9.1
    endloop
  endfacet
  facet normal -0.831473 0.555565 0
    outer loop
      vertex 8.21865 5.65 13.29
      vertex 8.06604 5.4216 9.1
      vertex 8.06604 5.4216 13.29
    endloop
  endfacet
  facet normal 0.195094 0.980785 -0
    outer loop
      vertex 6.12589 4.61797 9.1
      vertex 5.85648 4.67156 13.29
      vertex 6.12589 4.61797 13.29
    endloop
  endfacet
  facet normal 0.195094 0.980785 0
    outer loop
      vertex 5.85648 4.67156 13.29
      vertex 6.12589 4.61797 9.1
      vertex 5.85648 4.67156 9.1
    endloop
  endfacet
  facet normal 0.65936 0.751827 -0
    outer loop
      vertex 5.1216 5.03396 9.1
      vertex 4.91508 5.21508 13.29
      vertex 5.1216 5.03396 13.29
    endloop
  endfacet
  facet normal 0.65936 0.751827 0
    outer loop
      vertex 4.91508 5.21508 13.29
      vertex 5.1216 5.03396 9.1
      vertex 4.91508 5.21508 9.1
    endloop
  endfacet
  facet normal -0.946936 -0.321422 0
    outer loop
      vertex 8.42844 7.24352 9.1
      vertex 8.34015 7.50363 13.29
      vertex 8.34015 7.50363 9.1
    endloop
  endfacet
  facet normal -0.946936 -0.321422 0
    outer loop
      vertex 8.34015 7.50363 13.29
      vertex 8.42844 7.24352 9.1
      vertex 8.42844 7.24352 13.29
    endloop
  endfacet
  facet normal -0.751827 -0.65936 0
    outer loop
      vertex 8.06604 7.9784 9.1
      vertex 7.88492 8.18492 13.29
      vertex 7.88492 8.18492 9.1
    endloop
  endfacet
  facet normal -0.751827 -0.65936 0
    outer loop
      vertex 7.88492 8.18492 13.29
      vertex 8.06604 7.9784 9.1
      vertex 8.06604 7.9784 13.29
    endloop
  endfacet
  facet normal 0.0654172 -0.997858 0
    outer loop
      vertex 6.12589 8.78203 9.1
      vertex 6.4 8.8 13.29
      vertex 6.12589 8.78203 13.29
    endloop
  endfacet
  facet normal 0.0654172 -0.997858 0
    outer loop
      vertex 6.4 8.8 13.29
      vertex 6.12589 8.78203 9.1
      vertex 6.4 8.8 9.1
    endloop
  endfacet
  facet normal -0.4423 -0.896867 0
    outer loop
      vertex 7.20363 8.64015 9.1
      vertex 7.45 8.51865 13.29
      vertex 7.20363 8.64015 13.29
    endloop
  endfacet
  facet normal -0.4423 -0.896867 -0
    outer loop
      vertex 7.45 8.51865 13.29
      vertex 7.20363 8.64015 9.1
      vertex 7.45 8.51865 9.1
    endloop
  endfacet
  facet normal -0.195087 -0.980786 0
    outer loop
      vertex 6.6741 8.78203 9.1
      vertex 6.94352 8.72844 13.29
      vertex 6.6741 8.78203 13.29
    endloop
  endfacet
  facet normal -0.195087 -0.980786 -0
    outer loop
      vertex 6.94352 8.72844 13.29
      vertex 6.6741 8.78203 9.1
      vertex 6.94352 8.72844 9.1
    endloop
  endfacet
  facet normal 0.997858 -0.0654196 0
    outer loop
      vertex 4.3 6.7 13.29
      vertex 4.31797 6.9741 9.1
      vertex 4.31797 6.9741 13.29
    endloop
  endfacet
  facet normal 0.997858 -0.0654196 0
    outer loop
      vertex 4.31797 6.9741 9.1
      vertex 4.3 6.7 13.29
      vertex 4.3 6.7 9.1
    endloop
  endfacet
  facet normal 0 0 -1
    outer loop
      vertex 7.7 6.7 13.29
      vertex 8.5 6.7 13.29
      vertex 8.48203 6.42589 13.29
    endloop
  endfacet
  facet normal 0 0 -1
    outer loop
      vertex 7.68888 6.53032 13.29
      vertex 8.48203 6.42589 13.29
      vertex 8.42844 6.15648 13.29
    endloop
  endfacet
  facet normal 0 0 -1
    outer loop
      vertex 8.5 6.7 13.29
      vertex 7.7 6.7 13.29
      vertex 8.48203 6.9741 13.29
    endloop
  endfacet
  facet normal 0 0 -1
    outer loop
      vertex 7.6557 6.36353 13.29
      vertex 8.42844 6.15648 13.29
      vertex 8.34015 5.89636 13.29
    endloop
  endfacet
  facet normal 0 0 -1
    outer loop
      vertex 7.68888 6.86968 13.29
      vertex 8.48203 6.9741 13.29
      vertex 7.7 6.7 13.29
    endloop
  endfacet
  facet normal 0 0 -1
    outer loop
      vertex 7.60104 6.20251 13.29
      vertex 8.34015 5.89636 13.29
      vertex 8.21865 5.65 13.29
    endloop
  endfacet
  facet normal -0 0 -1
    outer loop
      vertex 8.48203 6.9741 13.29
      vertex 7.68888 6.86968 13.29
      vertex 8.42844 7.24352 13.29
    endloop
  endfacet
  facet normal 0 0 -1
    outer loop
      vertex 7.52583 6.05 13.29
      vertex 8.21865 5.65 13.29
      vertex 8.06604 5.4216 13.29
    endloop
  endfacet
  facet normal 0 0 -1
    outer loop
      vertex 7.6557 7.03646 13.29
      vertex 8.42844 7.24352 13.29
      vertex 7.68888 6.86968 13.29
    endloop
  endfacet
  facet normal 0 0 -1
    outer loop
      vertex 7.43136 5.90861 13.29
      vertex 8.06604 5.4216 13.29
      vertex 7.88492 5.21508 13.29
    endloop
  endfacet
  facet normal -0 0 -1
    outer loop
      vertex 8.42844 7.24352 13.29
      vertex 7.6557 7.03646 13.29
      vertex 8.34015 7.50363 13.29
    endloop
  endfacet
  facet normal 0 0 -1
    outer loop
      vertex 7.60104 7.19749 13.29
      vertex 8.34015 7.50363 13.29
      vertex 7.6557 7.03646 13.29
    endloop
  endfacet
  facet normal 0 0 -1
    outer loop
      vertex 8.48203 6.42589 13.29
      vertex 7.68888 6.53032 13.29
      vertex 7.7 6.7 13.29
    endloop
  endfacet
  facet normal 0 0 -1
    outer loop
      vertex 7.31924 5.78076 13.29
      vertex 7.88492 5.21508 13.29
      vertex 7.6784 5.03396 13.29
    endloop
  endfacet
  facet normal 0 0 -1
    outer loop
      vertex 8.42844 6.15648 13.29
      vertex 7.6557 6.36353 13.29
      vertex 7.68888 6.53032 13.29
    endloop
  endfacet
  facet normal 0 0 -1
    outer loop
      vertex 8.34015 5.89636 13.29
      vertex 7.60104 6.20251 13.29
      vertex 7.6557 6.36353 13.29
    endloop
  endfacet
  facet normal 0 0 -1
    outer loop
      vertex 8.21865 5.65 13.29
      vertex 7.52583 6.05 13.29
      vertex 7.60104 6.20251 13.29
    endloop
  endfacet
  facet normal 0 0 -1
    outer loop
      vertex 7.19139 5.66864 13.29
      vertex 7.6784 5.03396 13.29
      vertex 7.45 4.88135 13.29
    endloop
  endfacet
  facet normal 0 0 -1
    outer loop
      vertex 8.06604 5.4216 13.29
      vertex 7.43136 5.90861 13.29
      vertex 7.52583 6.05 13.29
    endloop
  endfacet
  facet normal 0 0 -1
    outer loop
      vertex 7.88492 5.21508 13.29
      vertex 7.31924 5.78076 13.29
      vertex 7.43136 5.90861 13.29
    endloop
  endfacet
  facet normal 0 0 -1
    outer loop
      vertex 7.05 5.57417 13.29
      vertex 7.45 4.88135 13.29
      vertex 7.20363 4.75985 13.29
    endloop
  endfacet
  facet normal 0 0 -1
    outer loop
      vertex 7.6784 5.03396 13.29
      vertex 7.19139 5.66864 13.29
      vertex 7.31924 5.78076 13.29
    endloop
  endfacet
  facet normal 0 0 -1
    outer loop
      vertex 7.45 4.88135 13.29
      vertex 7.05 5.57417 13.29
      vertex 7.19139 5.66864 13.29
    endloop
  endfacet
  facet normal 0 0 -1
    outer loop
      vertex 6.89749 5.49896 13.29
      vertex 7.20363 4.75985 13.29
      vertex 6.94352 4.67156 13.29
    endloop
  endfacet
  facet normal 0 0 -1
    outer loop
      vertex 7.20363 4.75985 13.29
      vertex 6.89749 5.49896 13.29
      vertex 7.05 5.57417 13.29
    endloop
  endfacet
  facet normal 0 0 -1
    outer loop
      vertex 6.94352 4.67156 13.29
      vertex 6.73646 5.4443 13.29
      vertex 6.89749 5.49896 13.29
    endloop
  endfacet
  facet normal 0 0 -1
    outer loop
      vertex 6.6741 4.61797 13.29
      vertex 6.73646 5.4443 13.29
      vertex 6.94352 4.67156 13.29
    endloop
  endfacet
  facet normal 0 0 -1
    outer loop
      vertex 6.6741 4.61797 13.29
      vertex 6.56968 5.41112 13.29
      vertex 6.73646 5.4443 13.29
    endloop
  endfacet
  facet normal 0 0 -1
    outer loop
      vertex 6.4 4.6 13.29
      vertex 6.56968 5.41112 13.29
      vertex 6.6741 4.61797 13.29
    endloop
  endfacet
  facet normal 0 0 -1
    outer loop
      vertex 6.4 4.6 13.29
      vertex 6.4 5.4 13.29
      vertex 6.56968 5.41112 13.29
    endloop
  endfacet
  facet normal 0 0 -1
    outer loop
      vertex 6.4 4.6 13.29
      vertex 6.23032 5.41112 13.29
      vertex 6.4 5.4 13.29
    endloop
  endfacet
  facet normal 0 0 -1
    outer loop
      vertex 6.12589 4.61797 13.29
      vertex 6.23032 5.41112 13.29
      vertex 6.4 4.6 13.29
    endloop
  endfacet
  facet normal 0 0 -1
    outer loop
      vertex 6.12589 4.61797 13.29
      vertex 6.06353 5.4443 13.29
      vertex 6.23032 5.41112 13.29
    endloop
  endfacet
  facet normal 0 0 -1
    outer loop
      vertex 5.85648 4.67156 13.29
      vertex 6.06353 5.4443 13.29
      vertex 6.12589 4.61797 13.29
    endloop
  endfacet
  facet normal -0 0 -1
    outer loop
      vertex 6.06353 5.4443 13.29
      vertex 5.85648 4.67156 13.29
      vertex 5.90251 5.49896 13.29
    endloop
  endfacet
  facet normal 0 0 -1
    outer loop
      vertex 5.59636 4.75985 13.29
      vertex 5.90251 5.49896 13.29
      vertex 5.85648 4.67156 13.29
    endloop
  endfacet
  facet normal -0 0 -1
    outer loop
      vertex 5.90251 5.49896 13.29
      vertex 5.59636 4.75985 13.29
      vertex 5.75 5.57417 13.29
    endloop
  endfacet
  facet normal 0 0 -1
    outer loop
      vertex 5.35 4.88135 13.29
      vertex 5.75 5.57417 13.29
      vertex 5.59636 4.75985 13.29
    endloop
  endfacet
  facet normal -0 0 -1
    outer loop
      vertex 5.75 5.57417 13.29
      vertex 5.35 4.88135 13.29
      vertex 5.60861 5.66864 13.29
    endloop
  endfacet
  facet normal 0 0 -1
    outer loop
      vertex 5.1216 5.03396 13.29
      vertex 5.60861 5.66864 13.29
      vertex 5.35 4.88135 13.29
    endloop
  endfacet
  facet normal -0 0 -1
    outer loop
      vertex 5.60861 5.66864 13.29
      vertex 5.1216 5.03396 13.29
      vertex 5.48076 5.78076 13.29
    endloop
  endfacet
  facet normal 0 0 -1
    outer loop
      vertex 4.91508 5.21508 13.29
      vertex 5.48076 5.78076 13.29
      vertex 5.1216 5.03396 13.29
    endloop
  endfacet
  facet normal -0 0 -1
    outer loop
      vertex 5.48076 5.78076 13.29
      vertex 4.91508 5.21508 13.29
      vertex 5.36864 5.90861 13.29
    endloop
  endfacet
  facet normal 0 0 -1
    outer loop
      vertex 4.73396 5.4216 13.29
      vertex 5.36864 5.90861 13.29
      vertex 4.91508 5.21508 13.29
    endloop
  endfacet
  facet normal -0 0 -1
    outer loop
      vertex 5.36864 5.90861 13.29
      vertex 4.73396 5.4216 13.29
      vertex 5.27417 6.05 13.29
    endloop
  endfacet
  facet normal 0 0 -1
    outer loop
      vertex 4.58135 5.65 13.29
      vertex 5.27417 6.05 13.29
      vertex 4.73396 5.4216 13.29
    endloop
  endfacet
  facet normal -0 0 -1
    outer loop
      vertex 5.27417 6.05 13.29
      vertex 4.58135 5.65 13.29
      vertex 5.19896 6.20251 13.29
    endloop
  endfacet
  facet normal 0 0 -1
    outer loop
      vertex 4.45985 5.89636 13.29
      vertex 5.19896 6.20251 13.29
      vertex 4.58135 5.65 13.29
    endloop
  endfacet
  facet normal -0 0 -1
    outer loop
      vertex 8.34015 7.50363 13.29
      vertex 7.60104 7.19749 13.29
      vertex 8.21865 7.75 13.29
    endloop
  endfacet
  facet normal 0 0 -1
    outer loop
      vertex 7.52583 7.35 13.29
      vertex 8.21865 7.75 13.29
      vertex 7.60104 7.19749 13.29
    endloop
  endfacet
  facet normal -0 0 -1
    outer loop
      vertex 8.21865 7.75 13.29
      vertex 7.52583 7.35 13.29
      vertex 8.06604 7.9784 13.29
    endloop
  endfacet
  facet normal 0 0 -1
    outer loop
      vertex 7.43136 7.49139 13.29
      vertex 8.06604 7.9784 13.29
      vertex 7.52583 7.35 13.29
    endloop
  endfacet
  facet normal -0 0 -1
    outer loop
      vertex 8.06604 7.9784 13.29
      vertex 7.43136 7.49139 13.29
      vertex 7.88492 8.18492 13.29
    endloop
  endfacet
  facet normal 0 0 -1
    outer loop
      vertex 7.31924 7.61924 13.29
      vertex 7.88492 8.18492 13.29
      vertex 7.43136 7.49139 13.29
    endloop
  endfacet
  facet normal -0 0 -1
    outer loop
      vertex 7.88492 8.18492 13.29
      vertex 7.31924 7.61924 13.29
      vertex 7.6784 8.36604 13.29
    endloop
  endfacet
  facet normal 0 0 -1
    outer loop
      vertex 7.19139 7.73136 13.29
      vertex 7.6784 8.36604 13.29
      vertex 7.31924 7.61924 13.29
    endloop
  endfacet
  facet normal -0 0 -1
    outer loop
      vertex 7.6784 8.36604 13.29
      vertex 7.19139 7.73136 13.29
      vertex 7.45 8.51865 13.29
    endloop
  endfacet
  facet normal 0 0 -1
    outer loop
      vertex 7.05 7.82583 13.29
      vertex 7.45 8.51865 13.29
      vertex 7.19139 7.73136 13.29
    endloop
  endfacet
  facet normal -0 0 -1
    outer loop
      vertex 7.45 8.51865 13.29
      vertex 7.05 7.82583 13.29
      vertex 7.20363 8.64015 13.29
    endloop
  endfacet
  facet normal 0 0 -1
    outer loop
      vertex 6.89749 7.90104 13.29
      vertex 7.20363 8.64015 13.29
      vertex 7.05 7.82583 13.29
    endloop
  endfacet
  facet normal -0 0 -1
    outer loop
      vertex 7.20363 8.64015 13.29
      vertex 6.89749 7.90104 13.29
      vertex 6.94352 8.72844 13.29
    endloop
  endfacet
  facet normal 0 0 -1
    outer loop
      vertex 6.73646 7.9557 13.29
      vertex 6.94352 8.72844 13.29
      vertex 6.89749 7.90104 13.29
    endloop
  endfacet
  facet normal 0 0 -1
    outer loop
      vertex 6.73646 7.9557 13.29
      vertex 6.6741 8.78203 13.29
      vertex 6.94352 8.72844 13.29
    endloop
  endfacet
  facet normal 0 0 -1
    outer loop
      vertex 6.56968 7.98888 13.29
      vertex 6.6741 8.78203 13.29
      vertex 6.73646 7.9557 13.29
    endloop
  endfacet
  facet normal 0 0 -1
    outer loop
      vertex 6.4 8 13.29
      vertex 6.6741 8.78203 13.29
      vertex 6.56968 7.98888 13.29
    endloop
  endfacet
  facet normal 0 0 -1
    outer loop
      vertex 6.4 8 13.29
      vertex 6.4 8.8 13.29
      vertex 6.6741 8.78203 13.29
    endloop
  endfacet
  facet normal 0 0 -1
    outer loop
      vertex 6.23032 7.98888 13.29
      vertex 6.4 8.8 13.29
      vertex 6.4 8 13.29
    endloop
  endfacet
  facet normal 0 0 -1
    outer loop
      vertex 6.23032 7.98888 13.29
      vertex 6.12589 8.78203 13.29
      vertex 6.4 8.8 13.29
    endloop
  endfacet
  facet normal 0 0 -1
    outer loop
      vertex 6.06353 7.9557 13.29
      vertex 6.12589 8.78203 13.29
      vertex 6.23032 7.98888 13.29
    endloop
  endfacet
  facet normal 0 0 -1
    outer loop
      vertex 5.85648 8.72844 13.29
      vertex 6.06353 7.9557 13.29
      vertex 5.90251 7.90104 13.29
    endloop
  endfacet
  facet normal 0 0 -1
    outer loop
      vertex 6.06353 7.9557 13.29
      vertex 5.85648 8.72844 13.29
      vertex 6.12589 8.78203 13.29
    endloop
  endfacet
  facet normal 0 0 -1
    outer loop
      vertex 5.59636 8.64015 13.29
      vertex 5.90251 7.90104 13.29
      vertex 5.75 7.82583 13.29
    endloop
  endfacet
  facet normal 0 0 -1
    outer loop
      vertex 5.35 8.51865 13.29
      vertex 5.75 7.82583 13.29
      vertex 5.60861 7.73136 13.29
    endloop
  endfacet
  facet normal 0 0 -1
    outer loop
      vertex 5.90251 7.90104 13.29
      vertex 5.59636 8.64015 13.29
      vertex 5.85648 8.72844 13.29
    endloop
  endfacet
  facet normal 0 0 -1
    outer loop
      vertex 5.1216 8.36604 13.29
      vertex 5.60861 7.73136 13.29
      vertex 5.48076 7.61924 13.29
    endloop
  endfacet
  facet normal 0 0 -1
    outer loop
      vertex 4.91508 8.18492 13.29
      vertex 5.48076 7.61924 13.29
      vertex 5.36864 7.49139 13.29
    endloop
  endfacet
  facet normal 0 0 -1
    outer loop
      vertex 5.75 7.82583 13.29
      vertex 5.35 8.51865 13.29
      vertex 5.59636 8.64015 13.29
    endloop
  endfacet
  facet normal 0 0 -1
    outer loop
      vertex 4.73396 7.9784 13.29
      vertex 5.36864 7.49139 13.29
      vertex 5.27417 7.35 13.29
    endloop
  endfacet
  facet normal 0 0 -1
    outer loop
      vertex 4.58135 7.75 13.29
      vertex 5.27417 7.35 13.29
      vertex 5.19896 7.19749 13.29
    endloop
  endfacet
  facet normal 0 0 -1
    outer loop
      vertex 4.45985 7.50363 13.29
      vertex 5.19896 7.19749 13.29
      vertex 5.1443 7.03646 13.29
    endloop
  endfacet
  facet normal 0 0 -1
    outer loop
      vertex 5.60861 7.73136 13.29
      vertex 5.1216 8.36604 13.29
      vertex 5.35 8.51865 13.29
    endloop
  endfacet
  facet normal 0 0 -1
    outer loop
      vertex 4.37156 7.24352 13.29
      vertex 5.1443 7.03646 13.29
      vertex 5.11112 6.86968 13.29
    endloop
  endfacet
  facet normal 0 0 -1
    outer loop
      vertex 4.31797 6.9741 13.29
      vertex 5.11112 6.86968 13.29
      vertex 5.1 6.7 13.29
    endloop
  endfacet
  facet normal -0 0 -1
    outer loop
      vertex 5.19896 6.20251 13.29
      vertex 4.45985 5.89636 13.29
      vertex 5.1443 6.36353 13.29
    endloop
  endfacet
  facet normal 0 0 -1
    outer loop
      vertex 5.48076 7.61924 13.29
      vertex 4.91508 8.18492 13.29
      vertex 5.1216 8.36604 13.29
    endloop
  endfacet
  facet normal 0 0 -1
    outer loop
      vertex 4.37156 6.15648 13.29
      vertex 5.1443 6.36353 13.29
      vertex 4.45985 5.89636 13.29
    endloop
  endfacet
  facet normal 0 0 -1
    outer loop
      vertex 5.36864 7.49139 13.29
      vertex 4.73396 7.9784 13.29
      vertex 4.91508 8.18492 13.29
    endloop
  endfacet
  facet normal -0 0 -1
    outer loop
      vertex 5.1443 6.36353 13.29
      vertex 4.37156 6.15648 13.29
      vertex 5.11112 6.53032 13.29
    endloop
  endfacet
  facet normal 0 0 -1
    outer loop
      vertex 5.27417 7.35 13.29
      vertex 4.58135 7.75 13.29
      vertex 4.73396 7.9784 13.29
    endloop
  endfacet
  facet normal 0 0 -1
    outer loop
      vertex 4.31797 6.42589 13.29
      vertex 5.11112 6.53032 13.29
      vertex 4.37156 6.15648 13.29
    endloop
  endfacet
  facet normal 0 0 -1
    outer loop
      vertex 5.19896 7.19749 13.29
      vertex 4.45985 7.50363 13.29
      vertex 4.58135 7.75 13.29
    endloop
  endfacet
  facet normal -0 0 -1
    outer loop
      vertex 5.11112 6.53032 13.29
      vertex 4.31797 6.42589 13.29
      vertex 5.1 6.7 13.29
    endloop
  endfacet
  facet normal 0 0 -1
    outer loop
      vertex 5.1443 7.03646 13.29
      vertex 4.37156 7.24352 13.29
      vertex 4.45985 7.50363 13.29
    endloop
  endfacet
  facet normal 0 0 -1
    outer loop
      vertex 4.3 6.7 13.29
      vertex 5.1 6.7 13.29
      vertex 4.31797 6.42589 13.29
    endloop
  endfacet
  facet normal 0 0 -1
    outer loop
      vertex 5.11112 6.86968 13.29
      vertex 4.31797 6.9741 13.29
      vertex 4.37156 7.24352 13.29
    endloop
  endfacet
  facet normal 0 0 -1
    outer loop
      vertex 5.1 6.7 13.29
      vertex 4.3 6.7 13.29
      vertex 4.31797 6.9741 13.29
    endloop
  endfacet
  facet normal 0.946936 -0.321422 0
    outer loop
      vertex 4.37156 7.24352 13.29
      vertex 4.45985 7.50363 9.1
      vertex 4.45985 7.50363 13.29
    endloop
  endfacet
  facet normal 0.946936 -0.321422 0
    outer loop
      vertex 4.45985 7.50363 9.1
      vertex 4.37156 7.24352 13.29
      vertex 4.37156 7.24352 9.1
    endloop
  endfacet
  facet normal 0.831473 -0.555565 0
    outer loop
      vertex 4.58135 7.75 13.29
      vertex 4.73396 7.9784 9.1
      vertex 4.73396 7.9784 13.29
    endloop
  endfacet
  facet normal 0.831473 -0.555565 0
    outer loop
      vertex 4.73396 7.9784 9.1
      vertex 4.58135 7.75 13.29
      vertex 4.58135 7.75 9.1
    endloop
  endfacet
  facet normal 0.321411 -0.94694 0
    outer loop
      vertex 5.59636 8.64015 9.1
      vertex 5.85648 8.72844 13.29
      vertex 5.59636 8.64015 13.29
    endloop
  endfacet
  facet normal 0.321411 -0.94694 0
    outer loop
      vertex 5.85648 8.72844 13.29
      vertex 5.59636 8.64015 9.1
      vertex 5.85648 8.72844 9.1
    endloop
  endfacet
  facet normal -0.980785 0.195094 0
    outer loop
      vertex 8.42844 6.15648 9.1
      vertex 8.48203 6.42589 13.29
      vertex 8.48203 6.42589 9.1
    endloop
  endfacet
  facet normal -0.980785 0.195094 0
    outer loop
      vertex 8.48203 6.42589 13.29
      vertex 8.42844 6.15648 9.1
      vertex 8.42844 6.15648 13.29
    endloop
  endfacet
  facet normal -0.0654196 0.997858 0
    outer loop
      vertex 6.6741 4.61797 9.1
      vertex 6.4 4.6 13.29
      vertex 6.6741 4.61797 13.29
    endloop
  endfacet
  facet normal -0.0654196 0.997858 0
    outer loop
      vertex 6.4 4.6 13.29
      vertex 6.6741 4.61797 9.1
      vertex 6.4 4.6 9.1
    endloop
  endfacet
  facet normal -0.321422 0.946936 0
    outer loop
      vertex 7.20363 4.75985 9.1
      vertex 6.94352 4.67156 13.29
      vertex 7.20363 4.75985 13.29
    endloop
  endfacet
  facet normal -0.321422 0.946936 0
    outer loop
      vertex 6.94352 4.67156 13.29
      vertex 7.20363 4.75985 9.1
      vertex 6.94352 4.67156 9.1
    endloop
  endfacet
  facet normal -0.751827 0.65936 0
    outer loop
      vertex 7.88492 5.21508 9.1
      vertex 8.06604 5.4216 13.29
      vertex 8.06604 5.4216 9.1
    endloop
  endfacet
  facet normal -0.751827 0.65936 0
    outer loop
      vertex 8.06604 5.4216 13.29
      vertex 7.88492 5.21508 9.1
      vertex 7.88492 5.21508 13.29
    endloop
  endfacet
  facet normal -0.555565 0.831473 0
    outer loop
      vertex 7.6784 5.03396 9.1
      vertex 7.45 4.88135 13.29
      vertex 7.6784 5.03396 13.29
    endloop
  endfacet
  facet normal -0.555565 0.831473 0
    outer loop
      vertex 7.45 4.88135 13.29
      vertex 7.6784 5.03396 9.1
      vertex 7.45 4.88135 9.1
    endloop
  endfacet
  facet normal -0.89686 0.442314 0
    outer loop
      vertex 8.21865 5.65 9.1
      vertex 8.34015 5.89636 13.29
      vertex 8.34015 5.89636 9.1
    endloop
  endfacet
  facet normal -0.89686 0.442314 0
    outer loop
      vertex 8.34015 5.89636 13.29
      vertex 8.21865 5.65 9.1
      vertex 8.21865 5.65 13.29
    endloop
  endfacet
  facet normal 0.0654172 0.997858 -0
    outer loop
      vertex 6.4 4.6 9.1
      vertex 6.12589 4.61797 13.29
      vertex 6.4 4.6 13.29
    endloop
  endfacet
  facet normal 0.0654172 0.997858 0
    outer loop
      vertex 6.12589 4.61797 13.29
      vertex 6.4 4.6 9.1
      vertex 6.12589 4.61797 9.1
    endloop
  endfacet
  facet normal 0.442314 0.89686 -0
    outer loop
      vertex 5.59636 4.75985 9.1
      vertex 5.35 4.88135 13.29
      vertex 5.59636 4.75985 13.29
    endloop
  endfacet
  facet normal 0.442314 0.89686 0
    outer loop
      vertex 5.35 4.88135 13.29
      vertex 5.59636 4.75985 9.1
      vertex 5.35 4.88135 9.1
    endloop
  endfacet
  facet normal 0.94694 0.321411 0
    outer loop
      vertex 4.45985 5.89636 13.29
      vertex 4.37156 6.15648 9.1
      vertex 4.37156 6.15648 13.29
    endloop
  endfacet
  facet normal 0.94694 0.321411 0
    outer loop
      vertex 4.37156 6.15648 9.1
      vertex 4.45985 5.89636 13.29
      vertex 4.45985 5.89636 9.1
    endloop
  endfacet
  facet normal 0.997858 0.0654172 0
    outer loop
      vertex 4.31797 6.42589 13.29
      vertex 4.3 6.7 9.1
      vertex 4.3 6.7 13.29
    endloop
  endfacet
  facet normal 0.997858 0.0654172 0
    outer loop
      vertex 4.3 6.7 9.1
      vertex 4.31797 6.42589 13.29
      vertex 4.31797 6.42589 9.1
    endloop
  endfacet
  facet normal 0.751827 0.65936 0
    outer loop
      vertex 4.91508 5.21508 13.29
      vertex 4.73396 5.4216 9.1
      vertex 4.73396 5.4216 13.29
    endloop
  endfacet
  facet normal 0.751827 0.65936 0
    outer loop
      vertex 4.73396 5.4216 9.1
      vertex 4.91508 5.21508 13.29
      vertex 4.91508 5.21508 9.1
    endloop
  endfacet
  facet normal 0.89686 0.442314 0
    outer loop
      vertex 4.58135 5.65 13.29
      vertex 4.45985 5.89636 9.1
      vertex 4.45985 5.89636 13.29
    endloop
  endfacet
  facet normal 0.89686 0.442314 0
    outer loop
      vertex 4.45985 5.89636 9.1
      vertex 4.58135 5.65 13.29
      vertex 4.58135 5.65 9.1
    endloop
  endfacet
  facet normal -0.997858 0.0654172 0
    outer loop
      vertex 8.48203 6.42589 9.1
      vertex 8.5 6.7 13.29
      vertex 8.5 6.7 9.1
    endloop
  endfacet
  facet normal -0.997858 0.0654172 0
    outer loop
      vertex 8.5 6.7 13.29
      vertex 8.48203 6.42589 9.1
      vertex 8.48203 6.42589 13.29
    endloop
  endfacet
  facet normal -0.195087 0.980786 0
    outer loop
      vertex 6.94352 4.67156 9.1
      vertex 6.6741 4.61797 13.29
      vertex 6.94352 4.67156 13.29
    endloop
  endfacet
  facet normal -0.195087 0.980786 0
    outer loop
      vertex 6.6741 4.61797 13.29
      vertex 6.94352 4.67156 9.1
      vertex 6.6741 4.61797 9.1
    endloop
  endfacet
  facet normal -0.4423 0.896867 0
    outer loop
      vertex 7.45 4.88135 9.1
      vertex 7.20363 4.75985 13.29
      vertex 7.45 4.88135 13.29
    endloop
  endfacet
  facet normal -0.4423 0.896867 0
    outer loop
      vertex 7.20363 4.75985 13.29
      vertex 7.45 4.88135 9.1
      vertex 7.20363 4.75985 9.1
    endloop
  endfacet
  facet normal -0.65936 0.751827 0
    outer loop
      vertex 7.88492 5.21508 9.1
      vertex 7.6784 5.03396 13.29
      vertex 7.88492 5.21508 13.29
    endloop
  endfacet
  facet normal -0.65936 0.751827 0
    outer loop
      vertex 7.6784 5.03396 13.29
      vertex 7.88492 5.21508 9.1
      vertex 7.6784 5.03396 9.1
    endloop
  endfacet
  facet normal 0.555565 0.831473 -0
    outer loop
      vertex 5.35 4.88135 9.1
      vertex 5.1216 5.03396 13.29
      vertex 5.35 4.88135 13.29
    endloop
  endfacet
  facet normal 0.555565 0.831473 0
    outer loop
      vertex 5.1216 5.03396 13.29
      vertex 5.35 4.88135 9.1
      vertex 5.1216 5.03396 9.1
    endloop
  endfacet
  facet normal 0.980785 0.195094 0
    outer loop
      vertex 4.37156 6.15648 13.29
      vertex 4.31797 6.42589 9.1
      vertex 4.31797 6.42589 13.29
    endloop
  endfacet
  facet normal 0.980785 0.195094 0
    outer loop
      vertex 4.31797 6.42589 9.1
      vertex 4.37156 6.15648 13.29
      vertex 4.37156 6.15648 9.1
    endloop
  endfacet
  facet normal 0.831473 0.555565 0
    outer loop
      vertex 4.73396 5.4216 13.29
      vertex 4.58135 5.65 9.1
      vertex 4.58135 5.65 13.29
    endloop
  endfacet
  facet normal 0.831473 0.555565 0
    outer loop
      vertex 4.58135 5.65 9.1
      vertex 4.73396 5.4216 13.29
      vertex 4.73396 5.4216 9.1
    endloop
  endfacet
  facet normal -0.997851 -0.0655283 0
    outer loop
      vertex 103 6.7 9.1
      vertex 102.982 6.9741 13.29
      vertex 102.982 6.9741 9.1
    endloop
  endfacet
  facet normal -0.997851 -0.0655283 0
    outer loop
      vertex 102.982 6.9741 13.29
      vertex 103 6.7 9.1
      vertex 103 6.7 13.29
    endloop
  endfacet
  facet normal 0.997851 -0.0655283 0
    outer loop
      vertex 98.8 6.7 13.29
      vertex 98.818 6.9741 9.1
      vertex 98.818 6.9741 13.29
    endloop
  endfacet
  facet normal 0.997851 -0.0655283 0
    outer loop
      vertex 98.818 6.9741 9.1
      vertex 98.8 6.7 13.29
      vertex 98.8 6.7 9.1
    endloop
  endfacet
  facet normal 0.0654433 -0.997856 0
    outer loop
      vertex 100.626 8.78203 9.1
      vertex 100.9 8.8 13.29
      vertex 100.626 8.78203 13.29
    endloop
  endfacet
  facet normal 0.0654433 -0.997856 0
    outer loop
      vertex 100.9 8.8 13.29
      vertex 100.626 8.78203 9.1
      vertex 100.9 8.8 9.1
    endloop
  endfacet
  facet normal -0.658494 -0.752586 0
    outer loop
      vertex 102.178 8.36604 9.1
      vertex 102.385 8.18492 13.29
      vertex 102.178 8.36604 13.29
    endloop
  endfacet
  facet normal -0.658494 -0.752586 -0
    outer loop
      vertex 102.385 8.18492 13.29
      vertex 102.178 8.36604 9.1
      vertex 102.385 8.18492 9.1
    endloop
  endfacet
  facet normal 0.659396 -0.751796 0
    outer loop
      vertex 99.4151 8.18492 9.1
      vertex 99.6216 8.36604 13.29
      vertex 99.4151 8.18492 13.29
    endloop
  endfacet
  facet normal 0.659396 -0.751796 0
    outer loop
      vertex 99.6216 8.36604 13.29
      vertex 99.4151 8.18492 9.1
      vertex 99.6216 8.36604 9.1
    endloop
  endfacet
  facet normal 0.442835 -0.896603 0
    outer loop
      vertex 99.85 8.51865 9.1
      vertex 100.096 8.64015 13.29
      vertex 99.85 8.51865 13.29
    endloop
  endfacet
  facet normal 0.442835 -0.896603 0
    outer loop
      vertex 100.096 8.64015 13.29
      vertex 99.85 8.51865 9.1
      vertex 100.096 8.64015 9.1
    endloop
  endfacet
  facet normal -0.752044 0.659113 0
    outer loop
      vertex 102.385 5.21508 9.1
      vertex 102.566 5.4216 13.29
      vertex 102.566 5.4216 9.1
    endloop
  endfacet
  facet normal -0.752044 0.659113 0
    outer loop
      vertex 102.566 5.4216 13.29
      vertex 102.385 5.21508 9.1
      vertex 102.385 5.21508 13.29
    endloop
  endfacet
  facet normal 0.751864 0.659319 0
    outer loop
      vertex 99.4151 5.21508 13.29
      vertex 99.234 5.4216 9.1
      vertex 99.234 5.4216 13.29
    endloop
  endfacet
  facet normal 0.751864 0.659319 0
    outer loop
      vertex 99.234 5.4216 9.1
      vertex 99.4151 5.21508 13.29
      vertex 99.4151 5.21508 9.1
    endloop
  endfacet
  facet normal -0.947257 -0.320475 0
    outer loop
      vertex 102.928 7.24352 9.1
      vertex 102.84 7.50363 13.29
      vertex 102.84 7.50363 9.1
    endloop
  endfacet
  facet normal -0.947257 -0.320475 0
    outer loop
      vertex 102.84 7.50363 13.29
      vertex 102.928 7.24352 9.1
      vertex 102.928 7.24352 13.29
    endloop
  endfacet
  facet normal -0.980499 -0.196522 0
    outer loop
      vertex 102.982 6.9741 9.1
      vertex 102.928 7.24352 13.29
      vertex 102.928 7.24352 9.1
    endloop
  endfacet
  facet normal -0.980499 -0.196522 0
    outer loop
      vertex 102.928 7.24352 13.29
      vertex 102.982 6.9741 9.1
      vertex 102.982 6.9741 13.29
    endloop
  endfacet
  facet normal -0.321544 -0.946895 0
    outer loop
      vertex 101.444 8.72844 9.1
      vertex 101.704 8.64015 13.29
      vertex 101.444 8.72844 13.29
    endloop
  endfacet
  facet normal -0.321544 -0.946895 -0
    outer loop
      vertex 101.704 8.64015 13.29
      vertex 101.444 8.72844 9.1
      vertex 101.704 8.64015 9.1
    endloop
  endfacet
  facet normal -0.194684 -0.980866 0
    outer loop
      vertex 101.174 8.78203 9.1
      vertex 101.444 8.72844 13.29
      vertex 101.174 8.78203 13.29
    endloop
  endfacet
  facet normal -0.194684 -0.980866 -0
    outer loop
      vertex 101.444 8.72844 13.29
      vertex 101.174 8.78203 9.1
      vertex 101.444 8.72844 9.1
    endloop
  endfacet
  facet normal -0.556238 -0.831023 0
    outer loop
      vertex 101.95 8.51865 9.1
      vertex 102.178 8.36604 13.29
      vertex 101.95 8.51865 13.29
    endloop
  endfacet
  facet normal -0.556238 -0.831023 -0
    outer loop
      vertex 102.178 8.36604 13.29
      vertex 101.95 8.51865 9.1
      vertex 102.178 8.36604 9.1
    endloop
  endfacet
  facet normal 0.831322 -0.555792 0
    outer loop
      vertex 99.0813 7.75 13.29
      vertex 99.234 7.9784 9.1
      vertex 99.234 7.9784 13.29
    endloop
  endfacet
  facet normal 0.831322 -0.555792 0
    outer loop
      vertex 99.234 7.9784 9.1
      vertex 99.0813 7.75 13.29
      vertex 99.0813 7.75 9.1
    endloop
  endfacet
  facet normal 0.751864 -0.659319 0
    outer loop
      vertex 99.234 7.9784 13.29
      vertex 99.4151 8.18492 9.1
      vertex 99.4151 8.18492 13.29
    endloop
  endfacet
  facet normal 0.751864 -0.659319 0
    outer loop
      vertex 99.4151 8.18492 9.1
      vertex 99.234 7.9784 13.29
      vertex 99.234 7.9784 9.1
    endloop
  endfacet
  facet normal 0.946925 -0.321454 0
    outer loop
      vertex 98.8716 7.24352 13.29
      vertex 98.9599 7.50363 9.1
      vertex 98.9599 7.50363 13.29
    endloop
  endfacet
  facet normal 0.946925 -0.321454 0
    outer loop
      vertex 98.9599 7.50363 9.1
      vertex 98.8716 7.24352 13.29
      vertex 98.8716 7.24352 9.1
    endloop
  endfacet
  facet normal 0.555565 -0.831473 0
    outer loop
      vertex 99.6216 8.36604 9.1
      vertex 99.85 8.51865 13.29
      vertex 99.6216 8.36604 13.29
    endloop
  endfacet
  facet normal 0.555565 -0.831473 0
    outer loop
      vertex 99.85 8.51865 13.29
      vertex 99.6216 8.36604 9.1
      vertex 99.85 8.51865 9.1
    endloop
  endfacet
  facet normal 0.194684 -0.980866 0
    outer loop
      vertex 100.356 8.72844 9.1
      vertex 100.626 8.78203 13.29
      vertex 100.356 8.72844 13.29
    endloop
  endfacet
  facet normal 0.194684 -0.980866 0
    outer loop
      vertex 100.626 8.78203 13.29
      vertex 100.356 8.72844 9.1
      vertex 100.626 8.78203 9.1
    endloop
  endfacet
  facet normal -0.321544 0.946895 0
    outer loop
      vertex 101.704 4.75985 9.1
      vertex 101.444 4.67156 13.29
      vertex 101.704 4.75985 13.29
    endloop
  endfacet
  facet normal -0.321544 0.946895 0
    outer loop
      vertex 101.444 4.67156 13.29
      vertex 101.704 4.75985 9.1
      vertex 101.444 4.67156 9.1
    endloop
  endfacet
  facet normal -0.997851 0.0655259 0
    outer loop
      vertex 102.982 6.42589 9.1
      vertex 103 6.7 13.29
      vertex 103 6.7 9.1
    endloop
  endfacet
  facet normal -0.997851 0.0655259 0
    outer loop
      vertex 103 6.7 13.29
      vertex 102.982 6.42589 9.1
      vertex 102.982 6.42589 13.29
    endloop
  endfacet
  facet normal 0.321544 0.946895 -0
    outer loop
      vertex 100.356 4.67156 9.1
      vertex 100.096 4.75985 13.29
      vertex 100.356 4.67156 13.29
    endloop
  endfacet
  facet normal 0.321544 0.946895 0
    outer loop
      vertex 100.096 4.75985 13.29
      vertex 100.356 4.67156 9.1
      vertex 100.096 4.75985 9.1
    endloop
  endfacet
  facet normal 0.980778 0.195129 0
    outer loop
      vertex 98.8716 6.15648 13.29
      vertex 98.818 6.42589 9.1
      vertex 98.818 6.42589 13.29
    endloop
  endfacet
  facet normal 0.980778 0.195129 0
    outer loop
      vertex 98.818 6.42589 9.1
      vertex 98.8716 6.15648 13.29
      vertex 98.8716 6.15648 9.1
    endloop
  endfacet
  facet normal -0.897589 -0.440834 0
    outer loop
      vertex 102.84 7.50363 9.1
      vertex 102.719 7.75 13.29
      vertex 102.719 7.75 9.1
    endloop
  endfacet
  facet normal -0.897589 -0.440834 0
    outer loop
      vertex 102.719 7.75 13.29
      vertex 102.84 7.50363 9.1
      vertex 102.84 7.50363 13.29
    endloop
  endfacet
  facet normal -0.830817 -0.556546 0
    outer loop
      vertex 102.719 7.75 9.1
      vertex 102.566 7.9784 13.29
      vertex 102.566 7.9784 9.1
    endloop
  endfacet
  facet normal -0.830817 -0.556546 0
    outer loop
      vertex 102.566 7.9784 13.29
      vertex 102.719 7.75 9.1
      vertex 102.719 7.75 13.29
    endloop
  endfacet
  facet normal -0.752044 -0.659113 0
    outer loop
      vertex 102.566 7.9784 9.1
      vertex 102.385 8.18492 13.29
      vertex 102.385 8.18492 9.1
    endloop
  endfacet
  facet normal -0.752044 -0.659113 0
    outer loop
      vertex 102.385 8.18492 13.29
      vertex 102.566 7.9784 9.1
      vertex 102.566 7.9784 13.29
    endloop
  endfacet
  facet normal 0.897012 -0.442007 0
    outer loop
      vertex 98.9599 7.50363 13.29
      vertex 99.0813 7.75 9.1
      vertex 99.0813 7.75 13.29
    endloop
  endfacet
  facet normal 0.897012 -0.442007 0
    outer loop
      vertex 99.0813 7.75 9.1
      vertex 98.9599 7.50363 13.29
      vertex 98.9599 7.50363 9.1
    endloop
  endfacet
  facet normal -0.0654433 0.997856 0
    outer loop
      vertex 101.174 4.61797 9.1
      vertex 100.9 4.6 13.29
      vertex 101.174 4.61797 13.29
    endloop
  endfacet
  facet normal -0.0654433 0.997856 0
    outer loop
      vertex 100.9 4.6 13.29
      vertex 101.174 4.61797 9.1
      vertex 100.9 4.6 9.1
    endloop
  endfacet
  facet normal -0.194684 0.980866 0
    outer loop
      vertex 101.444 4.67156 9.1
      vertex 101.174 4.61797 13.29
      vertex 101.444 4.67156 13.29
    endloop
  endfacet
  facet normal -0.194684 0.980866 0
    outer loop
      vertex 101.174 4.61797 13.29
      vertex 101.444 4.67156 9.1
      vertex 101.174 4.61797 9.1
    endloop
  endfacet
  facet normal -0.556238 0.831023 0
    outer loop
      vertex 102.178 5.03396 9.1
      vertex 101.95 4.88135 13.29
      vertex 102.178 5.03396 13.29
    endloop
  endfacet
  facet normal -0.556238 0.831023 0
    outer loop
      vertex 101.95 4.88135 13.29
      vertex 102.178 5.03396 9.1
      vertex 101.95 4.88135 9.1
    endloop
  endfacet
  facet normal -0.658494 0.752586 0
    outer loop
      vertex 102.385 5.21508 9.1
      vertex 102.178 5.03396 13.29
      vertex 102.385 5.21508 13.29
    endloop
  endfacet
  facet normal -0.658494 0.752586 0
    outer loop
      vertex 102.178 5.03396 13.29
      vertex 102.385 5.21508 9.1
      vertex 102.178 5.03396 9.1
    endloop
  endfacet
  facet normal -0.830817 0.556546 0
    outer loop
      vertex 102.566 5.4216 9.1
      vertex 102.719 5.65 13.29
      vertex 102.719 5.65 9.1
    endloop
  endfacet
  facet normal -0.830817 0.556546 0
    outer loop
      vertex 102.719 5.65 13.29
      vertex 102.566 5.4216 9.1
      vertex 102.566 5.4216 13.29
    endloop
  endfacet
  facet normal -0.947261 0.320463 0
    outer loop
      vertex 102.84 5.89636 9.1
      vertex 102.928 6.15648 13.29
      vertex 102.928 6.15648 9.1
    endloop
  endfacet
  facet normal -0.947261 0.320463 0
    outer loop
      vertex 102.928 6.15648 13.29
      vertex 102.84 5.89636 9.1
      vertex 102.84 5.89636 13.29
    endloop
  endfacet
  facet normal -0.980498 0.196529 0
    outer loop
      vertex 102.928 6.15648 9.1
      vertex 102.982 6.42589 13.29
      vertex 102.982 6.42589 9.1
    endloop
  endfacet
  facet normal -0.980498 0.196529 0
    outer loop
      vertex 102.982 6.42589 13.29
      vertex 102.928 6.15648 9.1
      vertex 102.928 6.15648 13.29
    endloop
  endfacet
  facet normal 0.194684 0.980866 -0
    outer loop
      vertex 100.626 4.61797 9.1
      vertex 100.356 4.67156 13.29
      vertex 100.626 4.61797 13.29
    endloop
  endfacet
  facet normal 0.194684 0.980866 0
    outer loop
      vertex 100.356 4.67156 13.29
      vertex 100.626 4.61797 9.1
      vertex 100.356 4.67156 9.1
    endloop
  endfacet
  facet normal 0.555565 0.831473 -0
    outer loop
      vertex 99.85 4.88135 9.1
      vertex 99.6216 5.03396 13.29
      vertex 99.85 4.88135 13.29
    endloop
  endfacet
  facet normal 0.555565 0.831473 0
    outer loop
      vertex 99.6216 5.03396 13.29
      vertex 99.85 4.88135 9.1
      vertex 99.6216 5.03396 9.1
    endloop
  endfacet
  facet normal 0.659396 0.751796 -0
    outer loop
      vertex 99.6216 5.03396 9.1
      vertex 99.4151 5.21508 13.29
      vertex 99.6216 5.03396 13.29
    endloop
  endfacet
  facet normal 0.659396 0.751796 0
    outer loop
      vertex 99.4151 5.21508 13.29
      vertex 99.6216 5.03396 9.1
      vertex 99.4151 5.21508 9.1
    endloop
  endfacet
  facet normal 0.442835 0.896603 -0
    outer loop
      vertex 100.096 4.75985 9.1
      vertex 99.85 4.88135 13.29
      vertex 100.096 4.75985 13.29
    endloop
  endfacet
  facet normal 0.442835 0.896603 0
    outer loop
      vertex 99.85 4.88135 13.29
      vertex 100.096 4.75985 9.1
      vertex 99.85 4.88135 9.1
    endloop
  endfacet
  facet normal 0.0654433 0.997856 -0
    outer loop
      vertex 100.9 4.6 9.1
      vertex 100.626 4.61797 13.29
      vertex 100.9 4.6 13.29
    endloop
  endfacet
  facet normal 0.0654433 0.997856 0
    outer loop
      vertex 100.626 4.61797 13.29
      vertex 100.9 4.6 9.1
      vertex 100.626 4.61797 9.1
    endloop
  endfacet
  facet normal 0.897005 0.442021 0
    outer loop
      vertex 99.0813 5.65 13.29
      vertex 98.9599 5.89636 9.1
      vertex 98.9599 5.89636 13.29
    endloop
  endfacet
  facet normal 0.897005 0.442021 0
    outer loop
      vertex 98.9599 5.89636 9.1
      vertex 99.0813 5.65 13.29
      vertex 99.0813 5.65 9.1
    endloop
  endfacet
  facet normal 0.946929 0.321443 0
    outer loop
      vertex 98.9599 5.89636 13.29
      vertex 98.8716 6.15648 9.1
      vertex 98.8716 6.15648 13.29
    endloop
  endfacet
  facet normal 0.946929 0.321443 0
    outer loop
      vertex 98.8716 6.15648 9.1
      vertex 98.9599 5.89636 13.29
      vertex 98.9599 5.89636 9.1
    endloop
  endfacet
  facet normal 0.997851 0.0655259 0
    outer loop
      vertex 98.818 6.42589 13.29
      vertex 98.8 6.7 9.1
      vertex 98.8 6.7 13.29
    endloop
  endfacet
  facet normal 0.997851 0.0655259 0
    outer loop
      vertex 98.8 6.7 9.1
      vertex 98.818 6.42589 13.29
      vertex 98.818 6.42589 9.1
    endloop
  endfacet
  facet normal -0.0654433 -0.997856 0
    outer loop
      vertex 100.9 8.8 9.1
      vertex 101.174 8.78203 13.29
      vertex 100.9 8.8 13.29
    endloop
  endfacet
  facet normal -0.0654433 -0.997856 -0
    outer loop
      vertex 101.174 8.78203 13.29
      vertex 100.9 8.8 9.1
      vertex 101.174 8.78203 9.1
    endloop
  endfacet
  facet normal -0.442835 -0.896603 0
    outer loop
      vertex 101.704 8.64015 9.1
      vertex 101.95 8.51865 13.29
      vertex 101.704 8.64015 13.29
    endloop
  endfacet
  facet normal -0.442835 -0.896603 -0
    outer loop
      vertex 101.95 8.51865 13.29
      vertex 101.704 8.64015 9.1
      vertex 101.95 8.51865 9.1
    endloop
  endfacet
  facet normal 0 0 -1
    outer loop
      vertex 102.2 6.7 13.29
      vertex 103 6.7 13.29
      vertex 102.982 6.42589 13.29
    endloop
  endfacet
  facet normal 0 0 -1
    outer loop
      vertex 102.189 6.53032 13.29
      vertex 102.982 6.42589 13.29
      vertex 102.928 6.15648 13.29
    endloop
  endfacet
  facet normal 0 0 -1
    outer loop
      vertex 103 6.7 13.29
      vertex 102.2 6.7 13.29
      vertex 102.982 6.9741 13.29
    endloop
  endfacet
  facet normal 0 0 -1
    outer loop
      vertex 102.156 6.36353 13.29
      vertex 102.928 6.15648 13.29
      vertex 102.84 5.89636 13.29
    endloop
  endfacet
  facet normal 0 0 -1
    outer loop
      vertex 102.189 6.86968 13.29
      vertex 102.982 6.9741 13.29
      vertex 102.2 6.7 13.29
    endloop
  endfacet
  facet normal 0 0 -1
    outer loop
      vertex 102.101 6.20251 13.29
      vertex 102.84 5.89636 13.29
      vertex 102.719 5.65 13.29
    endloop
  endfacet
  facet normal -0 0 -1
    outer loop
      vertex 102.982 6.9741 13.29
      vertex 102.189 6.86968 13.29
      vertex 102.928 7.24352 13.29
    endloop
  endfacet
  facet normal 0 0 -1
    outer loop
      vertex 102.026 6.05 13.29
      vertex 102.719 5.65 13.29
      vertex 102.566 5.4216 13.29
    endloop
  endfacet
  facet normal 0 0 -1
    outer loop
      vertex 102.156 7.03646 13.29
      vertex 102.928 7.24352 13.29
      vertex 102.189 6.86968 13.29
    endloop
  endfacet
  facet normal 0 0 -1
    outer loop
      vertex 101.931 5.90861 13.29
      vertex 102.566 5.4216 13.29
      vertex 102.385 5.21508 13.29
    endloop
  endfacet
  facet normal -0 0 -1
    outer loop
      vertex 102.928 7.24352 13.29
      vertex 102.156 7.03646 13.29
      vertex 102.84 7.50363 13.29
    endloop
  endfacet
  facet normal 0 0 -1
    outer loop
      vertex 102.101 7.19749 13.29
      vertex 102.84 7.50363 13.29
      vertex 102.156 7.03646 13.29
    endloop
  endfacet
  facet normal 0 0 -1
    outer loop
      vertex 102.982 6.42589 13.29
      vertex 102.189 6.53032 13.29
      vertex 102.2 6.7 13.29
    endloop
  endfacet
  facet normal 0 0 -1
    outer loop
      vertex 101.819 5.78076 13.29
      vertex 102.385 5.21508 13.29
      vertex 102.178 5.03396 13.29
    endloop
  endfacet
  facet normal 0 0 -1
    outer loop
      vertex 102.928 6.15648 13.29
      vertex 102.156 6.36353 13.29
      vertex 102.189 6.53032 13.29
    endloop
  endfacet
  facet normal 0 0 -1
    outer loop
      vertex 102.84 5.89636 13.29
      vertex 102.101 6.20251 13.29
      vertex 102.156 6.36353 13.29
    endloop
  endfacet
  facet normal 0 0 -1
    outer loop
      vertex 102.719 5.65 13.29
      vertex 102.026 6.05 13.29
      vertex 102.101 6.20251 13.29
    endloop
  endfacet
  facet normal 0 0 -1
    outer loop
      vertex 101.691 5.66864 13.29
      vertex 102.178 5.03396 13.29
      vertex 101.95 4.88135 13.29
    endloop
  endfacet
  facet normal 0 0 -1
    outer loop
      vertex 102.566 5.4216 13.29
      vertex 101.931 5.90861 13.29
      vertex 102.026 6.05 13.29
    endloop
  endfacet
  facet normal 0 0 -1
    outer loop
      vertex 102.385 5.21508 13.29
      vertex 101.819 5.78076 13.29
      vertex 101.931 5.90861 13.29
    endloop
  endfacet
  facet normal 0 0 -1
    outer loop
      vertex 101.55 5.57417 13.29
      vertex 101.95 4.88135 13.29
      vertex 101.704 4.75985 13.29
    endloop
  endfacet
  facet normal 0 0 -1
    outer loop
      vertex 102.178 5.03396 13.29
      vertex 101.691 5.66864 13.29
      vertex 101.819 5.78076 13.29
    endloop
  endfacet
  facet normal 0 0 -1
    outer loop
      vertex 101.95 4.88135 13.29
      vertex 101.55 5.57417 13.29
      vertex 101.691 5.66864 13.29
    endloop
  endfacet
  facet normal 0 0 -1
    outer loop
      vertex 101.397 5.49896 13.29
      vertex 101.704 4.75985 13.29
      vertex 101.444 4.67156 13.29
    endloop
  endfacet
  facet normal 0 0 -1
    outer loop
      vertex 101.704 4.75985 13.29
      vertex 101.397 5.49896 13.29
      vertex 101.55 5.57417 13.29
    endloop
  endfacet
  facet normal 0 0 -1
    outer loop
      vertex 101.444 4.67156 13.29
      vertex 101.236 5.4443 13.29
      vertex 101.397 5.49896 13.29
    endloop
  endfacet
  facet normal 0 0 -1
    outer loop
      vertex 101.174 4.61797 13.29
      vertex 101.236 5.4443 13.29
      vertex 101.444 4.67156 13.29
    endloop
  endfacet
  facet normal 0 0 -1
    outer loop
      vertex 101.174 4.61797 13.29
      vertex 101.07 5.41112 13.29
      vertex 101.236 5.4443 13.29
    endloop
  endfacet
  facet normal 0 0 -1
    outer loop
      vertex 100.9 4.6 13.29
      vertex 101.07 5.41112 13.29
      vertex 101.174 4.61797 13.29
    endloop
  endfacet
  facet normal 0 0 -1
    outer loop
      vertex 100.9 4.6 13.29
      vertex 100.9 5.4 13.29
      vertex 101.07 5.41112 13.29
    endloop
  endfacet
  facet normal 0 0 -1
    outer loop
      vertex 100.9 4.6 13.29
      vertex 100.73 5.41112 13.29
      vertex 100.9 5.4 13.29
    endloop
  endfacet
  facet normal 0 0 -1
    outer loop
      vertex 100.626 4.61797 13.29
      vertex 100.73 5.41112 13.29
      vertex 100.9 4.6 13.29
    endloop
  endfacet
  facet normal 0 0 -1
    outer loop
      vertex 100.626 4.61797 13.29
      vertex 100.564 5.4443 13.29
      vertex 100.73 5.41112 13.29
    endloop
  endfacet
  facet normal 0 0 -1
    outer loop
      vertex 100.356 4.67156 13.29
      vertex 100.564 5.4443 13.29
      vertex 100.626 4.61797 13.29
    endloop
  endfacet
  facet normal -0 0 -1
    outer loop
      vertex 100.564 5.4443 13.29
      vertex 100.356 4.67156 13.29
      vertex 100.403 5.49896 13.29
    endloop
  endfacet
  facet normal 0 0 -1
    outer loop
      vertex 100.096 4.75985 13.29
      vertex 100.403 5.49896 13.29
      vertex 100.356 4.67156 13.29
    endloop
  endfacet
  facet normal -0 0 -1
    outer loop
      vertex 100.403 5.49896 13.29
      vertex 100.096 4.75985 13.29
      vertex 100.25 5.57417 13.29
    endloop
  endfacet
  facet normal 0 0 -1
    outer loop
      vertex 99.85 4.88135 13.29
      vertex 100.25 5.57417 13.29
      vertex 100.096 4.75985 13.29
    endloop
  endfacet
  facet normal -0 0 -1
    outer loop
      vertex 100.25 5.57417 13.29
      vertex 99.85 4.88135 13.29
      vertex 100.109 5.66864 13.29
    endloop
  endfacet
  facet normal 0 0 -1
    outer loop
      vertex 99.6216 5.03396 13.29
      vertex 100.109 5.66864 13.29
      vertex 99.85 4.88135 13.29
    endloop
  endfacet
  facet normal -0 0 -1
    outer loop
      vertex 100.109 5.66864 13.29
      vertex 99.6216 5.03396 13.29
      vertex 99.9808 5.78076 13.29
    endloop
  endfacet
  facet normal 0 0 -1
    outer loop
      vertex 99.4151 5.21508 13.29
      vertex 99.9808 5.78076 13.29
      vertex 99.6216 5.03396 13.29
    endloop
  endfacet
  facet normal -0 0 -1
    outer loop
      vertex 99.9808 5.78076 13.29
      vertex 99.4151 5.21508 13.29
      vertex 99.8686 5.90861 13.29
    endloop
  endfacet
  facet normal 0 0 -1
    outer loop
      vertex 99.234 5.4216 13.29
      vertex 99.8686 5.90861 13.29
      vertex 99.4151 5.21508 13.29
    endloop
  endfacet
  facet normal -0 0 -1
    outer loop
      vertex 99.8686 5.90861 13.29
      vertex 99.234 5.4216 13.29
      vertex 99.7742 6.05 13.29
    endloop
  endfacet
  facet normal 0 0 -1
    outer loop
      vertex 99.0813 5.65 13.29
      vertex 99.7742 6.05 13.29
      vertex 99.234 5.4216 13.29
    endloop
  endfacet
  facet normal -0 0 -1
    outer loop
      vertex 99.7742 6.05 13.29
      vertex 99.0813 5.65 13.29
      vertex 99.699 6.20251 13.29
    endloop
  endfacet
  facet normal 0 0 -1
    outer loop
      vertex 98.9599 5.89636 13.29
      vertex 99.699 6.20251 13.29
      vertex 99.0813 5.65 13.29
    endloop
  endfacet
  facet normal -0 0 -1
    outer loop
      vertex 102.84 7.50363 13.29
      vertex 102.101 7.19749 13.29
      vertex 102.719 7.75 13.29
    endloop
  endfacet
  facet normal 0 0 -1
    outer loop
      vertex 102.026 7.35 13.29
      vertex 102.719 7.75 13.29
      vertex 102.101 7.19749 13.29
    endloop
  endfacet
  facet normal -0 0 -1
    outer loop
      vertex 102.719 7.75 13.29
      vertex 102.026 7.35 13.29
      vertex 102.566 7.9784 13.29
    endloop
  endfacet
  facet normal 0 0 -1
    outer loop
      vertex 101.931 7.49139 13.29
      vertex 102.566 7.9784 13.29
      vertex 102.026 7.35 13.29
    endloop
  endfacet
  facet normal -0 0 -1
    outer loop
      vertex 102.566 7.9784 13.29
      vertex 101.931 7.49139 13.29
      vertex 102.385 8.18492 13.29
    endloop
  endfacet
  facet normal 0 0 -1
    outer loop
      vertex 101.819 7.61924 13.29
      vertex 102.385 8.18492 13.29
      vertex 101.931 7.49139 13.29
    endloop
  endfacet
  facet normal -0 0 -1
    outer loop
      vertex 102.385 8.18492 13.29
      vertex 101.819 7.61924 13.29
      vertex 102.178 8.36604 13.29
    endloop
  endfacet
  facet normal 0 0 -1
    outer loop
      vertex 101.691 7.73136 13.29
      vertex 102.178 8.36604 13.29
      vertex 101.819 7.61924 13.29
    endloop
  endfacet
  facet normal -0 0 -1
    outer loop
      vertex 102.178 8.36604 13.29
      vertex 101.691 7.73136 13.29
      vertex 101.95 8.51865 13.29
    endloop
  endfacet
  facet normal 0 0 -1
    outer loop
      vertex 101.55 7.82583 13.29
      vertex 101.95 8.51865 13.29
      vertex 101.691 7.73136 13.29
    endloop
  endfacet
  facet normal -0 0 -1
    outer loop
      vertex 101.95 8.51865 13.29
      vertex 101.55 7.82583 13.29
      vertex 101.704 8.64015 13.29
    endloop
  endfacet
  facet normal 0 0 -1
    outer loop
      vertex 101.397 7.90104 13.29
      vertex 101.704 8.64015 13.29
      vertex 101.55 7.82583 13.29
    endloop
  endfacet
  facet normal -0 0 -1
    outer loop
      vertex 101.704 8.64015 13.29
      vertex 101.397 7.90104 13.29
      vertex 101.444 8.72844 13.29
    endloop
  endfacet
  facet normal 0 0 -1
    outer loop
      vertex 101.236 7.9557 13.29
      vertex 101.444 8.72844 13.29
      vertex 101.397 7.90104 13.29
    endloop
  endfacet
  facet normal 0 0 -1
    outer loop
      vertex 101.236 7.9557 13.29
      vertex 101.174 8.78203 13.29
      vertex 101.444 8.72844 13.29
    endloop
  endfacet
  facet normal 0 0 -1
    outer loop
      vertex 101.07 7.98888 13.29
      vertex 101.174 8.78203 13.29
      vertex 101.236 7.9557 13.29
    endloop
  endfacet
  facet normal 0 0 -1
    outer loop
      vertex 100.9 8 13.29
      vertex 101.174 8.78203 13.29
      vertex 101.07 7.98888 13.29
    endloop
  endfacet
  facet normal 0 0 -1
    outer loop
      vertex 100.9 8 13.29
      vertex 100.9 8.8 13.29
      vertex 101.174 8.78203 13.29
    endloop
  endfacet
  facet normal 0 0 -1
    outer loop
      vertex 100.73 7.98888 13.29
      vertex 100.9 8.8 13.29
      vertex 100.9 8 13.29
    endloop
  endfacet
  facet normal 0 0 -1
    outer loop
      vertex 100.73 7.98888 13.29
      vertex 100.626 8.78203 13.29
      vertex 100.9 8.8 13.29
    endloop
  endfacet
  facet normal 0 0 -1
    outer loop
      vertex 100.564 7.9557 13.29
      vertex 100.626 8.78203 13.29
      vertex 100.73 7.98888 13.29
    endloop
  endfacet
  facet normal 0 0 -1
    outer loop
      vertex 100.356 8.72844 13.29
      vertex 100.564 7.9557 13.29
      vertex 100.403 7.90104 13.29
    endloop
  endfacet
  facet normal 0 0 -1
    outer loop
      vertex 100.564 7.9557 13.29
      vertex 100.356 8.72844 13.29
      vertex 100.626 8.78203 13.29
    endloop
  endfacet
  facet normal 0 0 -1
    outer loop
      vertex 100.096 8.64015 13.29
      vertex 100.403 7.90104 13.29
      vertex 100.25 7.82583 13.29
    endloop
  endfacet
  facet normal 0 0 -1
    outer loop
      vertex 99.85 8.51865 13.29
      vertex 100.25 7.82583 13.29
      vertex 100.109 7.73136 13.29
    endloop
  endfacet
  facet normal 0 0 -1
    outer loop
      vertex 100.403 7.90104 13.29
      vertex 100.096 8.64015 13.29
      vertex 100.356 8.72844 13.29
    endloop
  endfacet
  facet normal 0 0 -1
    outer loop
      vertex 99.6216 8.36604 13.29
      vertex 100.109 7.73136 13.29
      vertex 99.9808 7.61924 13.29
    endloop
  endfacet
  facet normal 0 0 -1
    outer loop
      vertex 99.4151 8.18492 13.29
      vertex 99.9808 7.61924 13.29
      vertex 99.8686 7.49139 13.29
    endloop
  endfacet
  facet normal 0 0 -1
    outer loop
      vertex 100.25 7.82583 13.29
      vertex 99.85 8.51865 13.29
      vertex 100.096 8.64015 13.29
    endloop
  endfacet
  facet normal 0 0 -1
    outer loop
      vertex 99.234 7.9784 13.29
      vertex 99.8686 7.49139 13.29
      vertex 99.7742 7.35 13.29
    endloop
  endfacet
  facet normal 0 0 -1
    outer loop
      vertex 99.0813 7.75 13.29
      vertex 99.7742 7.35 13.29
      vertex 99.699 7.19749 13.29
    endloop
  endfacet
  facet normal 0 0 -1
    outer loop
      vertex 98.9599 7.50363 13.29
      vertex 99.699 7.19749 13.29
      vertex 99.6443 7.03646 13.29
    endloop
  endfacet
  facet normal 0 0 -1
    outer loop
      vertex 100.109 7.73136 13.29
      vertex 99.6216 8.36604 13.29
      vertex 99.85 8.51865 13.29
    endloop
  endfacet
  facet normal 0 0 -1
    outer loop
      vertex 98.8716 7.24352 13.29
      vertex 99.6443 7.03646 13.29
      vertex 99.6111 6.86968 13.29
    endloop
  endfacet
  facet normal 0 0 -1
    outer loop
      vertex 98.818 6.9741 13.29
      vertex 99.6111 6.86968 13.29
      vertex 99.6 6.7 13.29
    endloop
  endfacet
  facet normal -0 0 -1
    outer loop
      vertex 99.699 6.20251 13.29
      vertex 98.9599 5.89636 13.29
      vertex 99.6443 6.36353 13.29
    endloop
  endfacet
  facet normal 0 0 -1
    outer loop
      vertex 99.9808 7.61924 13.29
      vertex 99.4151 8.18492 13.29
      vertex 99.6216 8.36604 13.29
    endloop
  endfacet
  facet normal 0 0 -1
    outer loop
      vertex 98.8716 6.15648 13.29
      vertex 99.6443 6.36353 13.29
      vertex 98.9599 5.89636 13.29
    endloop
  endfacet
  facet normal 0 0 -1
    outer loop
      vertex 99.8686 7.49139 13.29
      vertex 99.234 7.9784 13.29
      vertex 99.4151 8.18492 13.29
    endloop
  endfacet
  facet normal -0 0 -1
    outer loop
      vertex 99.6443 6.36353 13.29
      vertex 98.8716 6.15648 13.29
      vertex 99.6111 6.53032 13.29
    endloop
  endfacet
  facet normal 0 0 -1
    outer loop
      vertex 99.7742 7.35 13.29
      vertex 99.0813 7.75 13.29
      vertex 99.234 7.9784 13.29
    endloop
  endfacet
  facet normal 0 0 -1
    outer loop
      vertex 98.818 6.42589 13.29
      vertex 99.6111 6.53032 13.29
      vertex 98.8716 6.15648 13.29
    endloop
  endfacet
  facet normal 0 0 -1
    outer loop
      vertex 99.699 7.19749 13.29
      vertex 98.9599 7.50363 13.29
      vertex 99.0813 7.75 13.29
    endloop
  endfacet
  facet normal -0 0 -1
    outer loop
      vertex 99.6111 6.53032 13.29
      vertex 98.818 6.42589 13.29
      vertex 99.6 6.7 13.29
    endloop
  endfacet
  facet normal 0 0 -1
    outer loop
      vertex 99.6443 7.03646 13.29
      vertex 98.8716 7.24352 13.29
      vertex 98.9599 7.50363 13.29
    endloop
  endfacet
  facet normal 0 0 -1
    outer loop
      vertex 98.8 6.7 13.29
      vertex 99.6 6.7 13.29
      vertex 98.818 6.42589 13.29
    endloop
  endfacet
  facet normal 0 0 -1
    outer loop
      vertex 99.6111 6.86968 13.29
      vertex 98.818 6.9741 13.29
      vertex 98.8716 7.24352 13.29
    endloop
  endfacet
  facet normal 0 0 -1
    outer loop
      vertex 99.6 6.7 13.29
      vertex 98.8 6.7 13.29
      vertex 98.818 6.9741 13.29
    endloop
  endfacet
  facet normal 0.980779 -0.195122 0
    outer loop
      vertex 98.818 6.9741 13.29
      vertex 98.8716 7.24352 9.1
      vertex 98.8716 7.24352 13.29
    endloop
  endfacet
  facet normal 0.980779 -0.195122 0
    outer loop
      vertex 98.8716 7.24352 9.1
      vertex 98.818 6.9741 13.29
      vertex 98.818 6.9741 9.1
    endloop
  endfacet
  facet normal 0.321544 -0.946895 0
    outer loop
      vertex 100.096 8.64015 9.1
      vertex 100.356 8.72844 13.29
      vertex 100.096 8.64015 13.29
    endloop
  endfacet
  facet normal 0.321544 -0.946895 0
    outer loop
      vertex 100.356 8.72844 13.29
      vertex 100.096 8.64015 9.1
      vertex 100.356 8.72844 9.1
    endloop
  endfacet
  facet normal -0.442835 0.896603 0
    outer loop
      vertex 101.95 4.88135 9.1
      vertex 101.704 4.75985 13.29
      vertex 101.95 4.88135 13.29
    endloop
  endfacet
  facet normal -0.442835 0.896603 0
    outer loop
      vertex 101.704 4.75985 13.29
      vertex 101.95 4.88135 9.1
      vertex 101.704 4.75985 9.1
    endloop
  endfacet
  facet normal -0.897582 0.440848 0
    outer loop
      vertex 102.719 5.65 9.1
      vertex 102.84 5.89636 13.29
      vertex 102.84 5.89636 9.1
    endloop
  endfacet
  facet normal -0.897582 0.440848 0
    outer loop
      vertex 102.84 5.89636 13.29
      vertex 102.719 5.65 9.1
      vertex 102.719 5.65 13.29
    endloop
  endfacet
  facet normal 0.831322 0.555792 0
    outer loop
      vertex 99.234 5.4216 13.29
      vertex 99.0813 5.65 9.1
      vertex 99.0813 5.65 13.29
    endloop
  endfacet
  facet normal 0.831322 0.555792 0
    outer loop
      vertex 99.0813 5.65 9.1
      vertex 99.234 5.4216 13.29
      vertex 99.234 5.4216 9.1
    endloop
  endfacet
  facet normal -0.997858 -0.0654196 0
    outer loop
      vertex 8.5 54.6 9.1
      vertex 8.48203 54.8741 13.29
      vertex 8.48203 54.8741 9.1
    endloop
  endfacet
  facet normal -0.997858 -0.0654196 0
    outer loop
      vertex 8.48203 54.8741 13.29
      vertex 8.5 54.6 9.1
      vertex 8.5 54.6 13.29
    endloop
  endfacet
  facet normal 0.997858 -0.0654196 0
    outer loop
      vertex 4.3 54.6 13.29
      vertex 4.31797 54.8741 9.1
      vertex 4.31797 54.8741 13.29
    endloop
  endfacet
  facet normal 0.997858 -0.0654196 0
    outer loop
      vertex 4.31797 54.8741 9.1
      vertex 4.3 54.6 13.29
      vertex 4.3 54.6 9.1
    endloop
  endfacet
  facet normal -0.0655283 -0.997851 0
    outer loop
      vertex 6.4 56.7 9.1
      vertex 6.6741 56.682 13.29
      vertex 6.4 56.7 13.29
    endloop
  endfacet
  facet normal -0.0655283 -0.997851 -0
    outer loop
      vertex 6.6741 56.682 13.29
      vertex 6.4 56.7 9.1
      vertex 6.6741 56.682 9.1
    endloop
  endfacet
  facet normal -0.751796 -0.659396 0
    outer loop
      vertex 8.06604 55.8784 9.1
      vertex 7.88492 56.0849 13.29
      vertex 7.88492 56.0849 9.1
    endloop
  endfacet
  facet normal -0.751796 -0.659396 0
    outer loop
      vertex 7.88492 56.0849 13.29
      vertex 8.06604 55.8784 9.1
      vertex 8.06604 55.8784 13.29
    endloop
  endfacet
  facet normal 0.659319 -0.751864 0
    outer loop
      vertex 4.91508 56.0849 9.1
      vertex 5.1216 56.266 13.29
      vertex 4.91508 56.0849 13.29
    endloop
  endfacet
  facet normal 0.659319 -0.751864 0
    outer loop
      vertex 5.1216 56.266 13.29
      vertex 4.91508 56.0849 9.1
      vertex 5.1216 56.266 9.1
    endloop
  endfacet
  facet normal 0.321443 -0.946929 0
    outer loop
      vertex 5.59636 56.5401 9.1
      vertex 5.85648 56.6284 13.29
      vertex 5.59636 56.5401 13.29
    endloop
  endfacet
  facet normal 0.321443 -0.946929 0
    outer loop
      vertex 5.85648 56.6284 13.29
      vertex 5.59636 56.5401 9.1
      vertex 5.85648 56.6284 9.1
    endloop
  endfacet
  facet normal -0.896889 -0.442256 0
    outer loop
      vertex 8.34015 55.4036 9.1
      vertex 8.21865 55.65 13.29
      vertex 8.21865 55.65 9.1
    endloop
  endfacet
  facet normal -0.896889 -0.442256 0
    outer loop
      vertex 8.21865 55.65 13.29
      vertex 8.34015 55.4036 9.1
      vertex 8.34015 55.4036 13.29
    endloop
  endfacet
  facet normal -0.980783 -0.195101 0
    outer loop
      vertex 8.48203 54.8741 9.1
      vertex 8.42844 55.1435 13.29
      vertex 8.42844 55.1435 9.1
    endloop
  endfacet
  facet normal -0.980783 -0.195101 0
    outer loop
      vertex 8.42844 55.1435 13.29
      vertex 8.48203 54.8741 9.1
      vertex 8.48203 54.8741 13.29
    endloop
  endfacet
  facet normal -0.831473 -0.555565 0
    outer loop
      vertex 8.21865 55.65 9.1
      vertex 8.06604 55.8784 13.29
      vertex 8.06604 55.8784 9.1
    endloop
  endfacet
  facet normal -0.831473 -0.555565 0
    outer loop
      vertex 8.06604 55.8784 13.29
      vertex 8.21865 55.65 9.1
      vertex 8.21865 55.65 13.29
    endloop
  endfacet
  facet normal -0.442007 -0.897012 0
    outer loop
      vertex 7.20363 56.5401 9.1
      vertex 7.45 56.4187 13.29
      vertex 7.20363 56.5401 13.29
    endloop
  endfacet
  facet normal -0.442007 -0.897012 -0
    outer loop
      vertex 7.45 56.4187 13.29
      vertex 7.20363 56.5401 9.1
      vertex 7.45 56.4187 9.1
    endloop
  endfacet
  facet normal -0.321454 -0.946925 0
    outer loop
      vertex 6.94352 56.6284 9.1
      vertex 7.20363 56.5401 13.29
      vertex 6.94352 56.6284 13.29
    endloop
  endfacet
  facet normal -0.321454 -0.946925 -0
    outer loop
      vertex 7.20363 56.5401 13.29
      vertex 6.94352 56.6284 9.1
      vertex 7.20363 56.5401 9.1
    endloop
  endfacet
  facet normal -0.659319 -0.751864 0
    outer loop
      vertex 7.6784 56.266 9.1
      vertex 7.88492 56.0849 13.29
      vertex 7.6784 56.266 13.29
    endloop
  endfacet
  facet normal -0.659319 -0.751864 -0
    outer loop
      vertex 7.88492 56.0849 13.29
      vertex 7.6784 56.266 9.1
      vertex 7.88492 56.0849 9.1
    endloop
  endfacet
  facet normal 0.831473 -0.555565 0
    outer loop
      vertex 4.58135 55.65 13.29
      vertex 4.73396 55.8784 9.1
      vertex 4.73396 55.8784 13.29
    endloop
  endfacet
  facet normal 0.831473 -0.555565 0
    outer loop
      vertex 4.73396 55.8784 9.1
      vertex 4.58135 55.65 13.29
      vertex 4.58135 55.65 9.1
    endloop
  endfacet
  facet normal 0.751796 -0.659396 0
    outer loop
      vertex 4.73396 55.8784 13.29
      vertex 4.91508 56.0849 9.1
      vertex 4.91508 56.0849 13.29
    endloop
  endfacet
  facet normal 0.751796 -0.659396 0
    outer loop
      vertex 4.91508 56.0849 9.1
      vertex 4.73396 55.8784 13.29
      vertex 4.73396 55.8784 9.1
    endloop
  endfacet
  facet normal 0.946932 -0.321433 0
    outer loop
      vertex 4.37156 55.1435 13.29
      vertex 4.45985 55.4036 9.1
      vertex 4.45985 55.4036 13.29
    endloop
  endfacet
  facet normal 0.946932 -0.321433 0
    outer loop
      vertex 4.45985 55.4036 9.1
      vertex 4.37156 55.1435 13.29
      vertex 4.37156 55.1435 9.1
    endloop
  endfacet
  facet normal 0.555792 -0.831322 0
    outer loop
      vertex 5.1216 56.266 9.1
      vertex 5.35 56.4187 13.29
      vertex 5.1216 56.266 13.29
    endloop
  endfacet
  facet normal 0.555792 -0.831322 0
    outer loop
      vertex 5.35 56.4187 13.29
      vertex 5.1216 56.266 9.1
      vertex 5.35 56.4187 9.1
    endloop
  endfacet
  facet normal 0.0655259 -0.997851 0
    outer loop
      vertex 6.12589 56.682 9.1
      vertex 6.4 56.7 13.29
      vertex 6.12589 56.682 13.29
    endloop
  endfacet
  facet normal 0.0655259 -0.997851 0
    outer loop
      vertex 6.4 56.7 13.29
      vertex 6.12589 56.682 9.1
      vertex 6.4 56.7 9.1
    endloop
  endfacet
  facet normal -0.997858 0.0654196 0
    outer loop
      vertex 8.48203 54.3259 9.1
      vertex 8.5 54.6 13.29
      vertex 8.5 54.6 9.1
    endloop
  endfacet
  facet normal -0.997858 0.0654196 0
    outer loop
      vertex 8.5 54.6 13.29
      vertex 8.48203 54.3259 9.1
      vertex 8.48203 54.3259 13.29
    endloop
  endfacet
  facet normal -0.195122 0.980779 0
    outer loop
      vertex 6.94352 52.5716 9.1
      vertex 6.6741 52.518 13.29
      vertex 6.94352 52.5716 13.29
    endloop
  endfacet
  facet normal -0.195122 0.980779 0
    outer loop
      vertex 6.6741 52.518 13.29
      vertex 6.94352 52.5716 9.1
      vertex 6.6741 52.518 9.1
    endloop
  endfacet
  facet normal -0.946932 -0.321433 0
    outer loop
      vertex 8.42844 55.1435 9.1
      vertex 8.34015 55.4036 13.29
      vertex 8.34015 55.4036 9.1
    endloop
  endfacet
  facet normal -0.946932 -0.321433 0
    outer loop
      vertex 8.34015 55.4036 13.29
      vertex 8.42844 55.1435 9.1
      vertex 8.42844 55.1435 13.29
    endloop
  endfacet
  facet normal -0.195122 -0.980779 0
    outer loop
      vertex 6.6741 56.682 9.1
      vertex 6.94352 56.6284 13.29
      vertex 6.6741 56.682 13.29
    endloop
  endfacet
  facet normal -0.195122 -0.980779 -0
    outer loop
      vertex 6.94352 56.6284 13.29
      vertex 6.6741 56.682 9.1
      vertex 6.94352 56.6284 9.1
    endloop
  endfacet
  facet normal 0.896889 -0.442256 0
    outer loop
      vertex 4.45985 55.4036 13.29
      vertex 4.58135 55.65 9.1
      vertex 4.58135 55.65 13.29
    endloop
  endfacet
  facet normal 0.896889 -0.442256 0
    outer loop
      vertex 4.58135 55.65 9.1
      vertex 4.45985 55.4036 13.29
      vertex 4.45985 55.4036 9.1
    endloop
  endfacet
  facet normal 0.195129 -0.980778 0
    outer loop
      vertex 5.85648 56.6284 9.1
      vertex 6.12589 56.682 13.29
      vertex 5.85648 56.6284 13.29
    endloop
  endfacet
  facet normal 0.195129 -0.980778 0
    outer loop
      vertex 6.12589 56.682 13.29
      vertex 5.85648 56.6284 9.1
      vertex 6.12589 56.682 9.1
    endloop
  endfacet
  facet normal -0.831473 0.555565 0
    outer loop
      vertex 8.06604 53.3216 9.1
      vertex 8.21865 53.55 13.29
      vertex 8.21865 53.55 9.1
    endloop
  endfacet
  facet normal -0.831473 0.555565 0
    outer loop
      vertex 8.21865 53.55 13.29
      vertex 8.06604 53.3216 9.1
      vertex 8.06604 53.3216 13.29
    endloop
  endfacet
  facet normal -0.980783 0.195101 0
    outer loop
      vertex 8.42844 54.0565 9.1
      vertex 8.48203 54.3259 13.29
      vertex 8.48203 54.3259 9.1
    endloop
  endfacet
  facet normal -0.980783 0.195101 0
    outer loop
      vertex 8.48203 54.3259 13.29
      vertex 8.42844 54.0565 9.1
      vertex 8.42844 54.0565 13.29
    endloop
  endfacet
  facet normal 0.946932 0.321433 0
    outer loop
      vertex 4.45985 53.7964 13.29
      vertex 4.37156 54.0565 9.1
      vertex 4.37156 54.0565 13.29
    endloop
  endfacet
  facet normal 0.946932 0.321433 0
    outer loop
      vertex 4.37156 54.0565 9.1
      vertex 4.45985 53.7964 13.29
      vertex 4.45985 53.7964 9.1
    endloop
  endfacet
  facet normal -0.442007 0.897012 0
    outer loop
      vertex 7.45 52.7813 9.1
      vertex 7.20363 52.6599 13.29
      vertex 7.45 52.7813 13.29
    endloop
  endfacet
  facet normal -0.442007 0.897012 0
    outer loop
      vertex 7.20363 52.6599 13.29
      vertex 7.45 52.7813 9.1
      vertex 7.20363 52.6599 9.1
    endloop
  endfacet
  facet normal -0.321454 0.946925 0
    outer loop
      vertex 7.20363 52.6599 9.1
      vertex 6.94352 52.5716 13.29
      vertex 7.20363 52.6599 13.29
    endloop
  endfacet
  facet normal -0.321454 0.946925 0
    outer loop
      vertex 6.94352 52.5716 13.29
      vertex 7.20363 52.6599 9.1
      vertex 6.94352 52.5716 9.1
    endloop
  endfacet
  facet normal -0.555792 -0.831322 0
    outer loop
      vertex 7.45 56.4187 9.1
      vertex 7.6784 56.266 13.29
      vertex 7.45 56.4187 13.29
    endloop
  endfacet
  facet normal -0.555792 -0.831322 -0
    outer loop
      vertex 7.6784 56.266 13.29
      vertex 7.45 56.4187 9.1
      vertex 7.6784 56.266 9.1
    endloop
  endfacet
  facet normal 0 0 -1
    outer loop
      vertex 7.7 54.6 13.29
      vertex 8.5 54.6 13.29
      vertex 8.48203 54.3259 13.29
    endloop
  endfacet
  facet normal 0 0 -1
    outer loop
      vertex 7.68888 54.4303 13.29
      vertex 8.48203 54.3259 13.29
      vertex 8.42844 54.0565 13.29
    endloop
  endfacet
  facet normal 0 0 -1
    outer loop
      vertex 8.5 54.6 13.29
      vertex 7.7 54.6 13.29
      vertex 8.48203 54.8741 13.29
    endloop
  endfacet
  facet normal 0 0 -1
    outer loop
      vertex 7.6557 54.2635 13.29
      vertex 8.42844 54.0565 13.29
      vertex 8.34015 53.7964 13.29
    endloop
  endfacet
  facet normal 0 0 -1
    outer loop
      vertex 7.68888 54.7697 13.29
      vertex 8.48203 54.8741 13.29
      vertex 7.7 54.6 13.29
    endloop
  endfacet
  facet normal 0 0 -1
    outer loop
      vertex 7.60104 54.1025 13.29
      vertex 8.34015 53.7964 13.29
      vertex 8.21865 53.55 13.29
    endloop
  endfacet
  facet normal -0 0 -1
    outer loop
      vertex 8.48203 54.8741 13.29
      vertex 7.68888 54.7697 13.29
      vertex 8.42844 55.1435 13.29
    endloop
  endfacet
  facet normal 0 0 -1
    outer loop
      vertex 7.52583 53.95 13.29
      vertex 8.21865 53.55 13.29
      vertex 8.06604 53.3216 13.29
    endloop
  endfacet
  facet normal 0 0 -1
    outer loop
      vertex 7.6557 54.9365 13.29
      vertex 8.42844 55.1435 13.29
      vertex 7.68888 54.7697 13.29
    endloop
  endfacet
  facet normal 0 0 -1
    outer loop
      vertex 7.43136 53.8086 13.29
      vertex 8.06604 53.3216 13.29
      vertex 7.88492 53.1151 13.29
    endloop
  endfacet
  facet normal -0 0 -1
    outer loop
      vertex 8.42844 55.1435 13.29
      vertex 7.6557 54.9365 13.29
      vertex 8.34015 55.4036 13.29
    endloop
  endfacet
  facet normal 0 0 -1
    outer loop
      vertex 7.60104 55.0975 13.29
      vertex 8.34015 55.4036 13.29
      vertex 7.6557 54.9365 13.29
    endloop
  endfacet
  facet normal 0 0 -1
    outer loop
      vertex 8.48203 54.3259 13.29
      vertex 7.68888 54.4303 13.29
      vertex 7.7 54.6 13.29
    endloop
  endfacet
  facet normal 0 0 -1
    outer loop
      vertex 7.31924 53.6808 13.29
      vertex 7.88492 53.1151 13.29
      vertex 7.6784 52.934 13.29
    endloop
  endfacet
  facet normal 0 0 -1
    outer loop
      vertex 8.42844 54.0565 13.29
      vertex 7.6557 54.2635 13.29
      vertex 7.68888 54.4303 13.29
    endloop
  endfacet
  facet normal 0 0 -1
    outer loop
      vertex 8.34015 53.7964 13.29
      vertex 7.60104 54.1025 13.29
      vertex 7.6557 54.2635 13.29
    endloop
  endfacet
  facet normal 0 0 -1
    outer loop
      vertex 8.21865 53.55 13.29
      vertex 7.52583 53.95 13.29
      vertex 7.60104 54.1025 13.29
    endloop
  endfacet
  facet normal 0 0 -1
    outer loop
      vertex 7.19139 53.5686 13.29
      vertex 7.6784 52.934 13.29
      vertex 7.45 52.7813 13.29
    endloop
  endfacet
  facet normal 0 0 -1
    outer loop
      vertex 8.06604 53.3216 13.29
      vertex 7.43136 53.8086 13.29
      vertex 7.52583 53.95 13.29
    endloop
  endfacet
  facet normal 0 0 -1
    outer loop
      vertex 7.88492 53.1151 13.29
      vertex 7.31924 53.6808 13.29
      vertex 7.43136 53.8086 13.29
    endloop
  endfacet
  facet normal 0 0 -1
    outer loop
      vertex 7.05 53.4742 13.29
      vertex 7.45 52.7813 13.29
      vertex 7.20363 52.6599 13.29
    endloop
  endfacet
  facet normal 0 0 -1
    outer loop
      vertex 7.6784 52.934 13.29
      vertex 7.19139 53.5686 13.29
      vertex 7.31924 53.6808 13.29
    endloop
  endfacet
  facet normal 0 0 -1
    outer loop
      vertex 7.45 52.7813 13.29
      vertex 7.05 53.4742 13.29
      vertex 7.19139 53.5686 13.29
    endloop
  endfacet
  facet normal 0 0 -1
    outer loop
      vertex 6.89749 53.399 13.29
      vertex 7.20363 52.6599 13.29
      vertex 6.94352 52.5716 13.29
    endloop
  endfacet
  facet normal 0 0 -1
    outer loop
      vertex 7.20363 52.6599 13.29
      vertex 6.89749 53.399 13.29
      vertex 7.05 53.4742 13.29
    endloop
  endfacet
  facet normal 0 0 -1
    outer loop
      vertex 6.94352 52.5716 13.29
      vertex 6.73646 53.3443 13.29
      vertex 6.89749 53.399 13.29
    endloop
  endfacet
  facet normal 0 0 -1
    outer loop
      vertex 6.6741 52.518 13.29
      vertex 6.73646 53.3443 13.29
      vertex 6.94352 52.5716 13.29
    endloop
  endfacet
  facet normal 0 0 -1
    outer loop
      vertex 6.6741 52.518 13.29
      vertex 6.56968 53.3111 13.29
      vertex 6.73646 53.3443 13.29
    endloop
  endfacet
  facet normal 0 0 -1
    outer loop
      vertex 6.4 52.5 13.29
      vertex 6.56968 53.3111 13.29
      vertex 6.6741 52.518 13.29
    endloop
  endfacet
  facet normal 0 0 -1
    outer loop
      vertex 6.4 52.5 13.29
      vertex 6.4 53.3 13.29
      vertex 6.56968 53.3111 13.29
    endloop
  endfacet
  facet normal 0 0 -1
    outer loop
      vertex 6.4 52.5 13.29
      vertex 6.23032 53.3111 13.29
      vertex 6.4 53.3 13.29
    endloop
  endfacet
  facet normal 0 0 -1
    outer loop
      vertex 6.12589 52.518 13.29
      vertex 6.23032 53.3111 13.29
      vertex 6.4 52.5 13.29
    endloop
  endfacet
  facet normal 0 0 -1
    outer loop
      vertex 6.12589 52.518 13.29
      vertex 6.06353 53.3443 13.29
      vertex 6.23032 53.3111 13.29
    endloop
  endfacet
  facet normal 0 0 -1
    outer loop
      vertex 5.85648 52.5716 13.29
      vertex 6.06353 53.3443 13.29
      vertex 6.12589 52.518 13.29
    endloop
  endfacet
  facet normal -0 0 -1
    outer loop
      vertex 6.06353 53.3443 13.29
      vertex 5.85648 52.5716 13.29
      vertex 5.90251 53.399 13.29
    endloop
  endfacet
  facet normal 0 0 -1
    outer loop
      vertex 5.59636 52.6599 13.29
      vertex 5.90251 53.399 13.29
      vertex 5.85648 52.5716 13.29
    endloop
  endfacet
  facet normal -0 0 -1
    outer loop
      vertex 5.90251 53.399 13.29
      vertex 5.59636 52.6599 13.29
      vertex 5.75 53.4742 13.29
    endloop
  endfacet
  facet normal 0 0 -1
    outer loop
      vertex 5.35 52.7813 13.29
      vertex 5.75 53.4742 13.29
      vertex 5.59636 52.6599 13.29
    endloop
  endfacet
  facet normal -0 0 -1
    outer loop
      vertex 5.75 53.4742 13.29
      vertex 5.35 52.7813 13.29
      vertex 5.60861 53.5686 13.29
    endloop
  endfacet
  facet normal 0 0 -1
    outer loop
      vertex 5.1216 52.934 13.29
      vertex 5.60861 53.5686 13.29
      vertex 5.35 52.7813 13.29
    endloop
  endfacet
  facet normal -0 0 -1
    outer loop
      vertex 5.60861 53.5686 13.29
      vertex 5.1216 52.934 13.29
      vertex 5.48076 53.6808 13.29
    endloop
  endfacet
  facet normal 0 0 -1
    outer loop
      vertex 4.91508 53.1151 13.29
      vertex 5.48076 53.6808 13.29
      vertex 5.1216 52.934 13.29
    endloop
  endfacet
  facet normal -0 0 -1
    outer loop
      vertex 5.48076 53.6808 13.29
      vertex 4.91508 53.1151 13.29
      vertex 5.36864 53.8086 13.29
    endloop
  endfacet
  facet normal 0 0 -1
    outer loop
      vertex 4.73396 53.3216 13.29
      vertex 5.36864 53.8086 13.29
      vertex 4.91508 53.1151 13.29
    endloop
  endfacet
  facet normal -0 0 -1
    outer loop
      vertex 5.36864 53.8086 13.29
      vertex 4.73396 53.3216 13.29
      vertex 5.27417 53.95 13.29
    endloop
  endfacet
  facet normal 0 0 -1
    outer loop
      vertex 4.58135 53.55 13.29
      vertex 5.27417 53.95 13.29
      vertex 4.73396 53.3216 13.29
    endloop
  endfacet
  facet normal -0 0 -1
    outer loop
      vertex 5.27417 53.95 13.29
      vertex 4.58135 53.55 13.29
      vertex 5.19896 54.1025 13.29
    endloop
  endfacet
  facet normal 0 0 -1
    outer loop
      vertex 4.45985 53.7964 13.29
      vertex 5.19896 54.1025 13.29
      vertex 4.58135 53.55 13.29
    endloop
  endfacet
  facet normal -0 0 -1
    outer loop
      vertex 8.34015 55.4036 13.29
      vertex 7.60104 55.0975 13.29
      vertex 8.21865 55.65 13.29
    endloop
  endfacet
  facet normal 0 0 -1
    outer loop
      vertex 7.52583 55.25 13.29
      vertex 8.21865 55.65 13.29
      vertex 7.60104 55.0975 13.29
    endloop
  endfacet
  facet normal -0 0 -1
    outer loop
      vertex 8.21865 55.65 13.29
      vertex 7.52583 55.25 13.29
      vertex 8.06604 55.8784 13.29
    endloop
  endfacet
  facet normal 0 0 -1
    outer loop
      vertex 7.43136 55.3914 13.29
      vertex 8.06604 55.8784 13.29
      vertex 7.52583 55.25 13.29
    endloop
  endfacet
  facet normal -0 0 -1
    outer loop
      vertex 8.06604 55.8784 13.29
      vertex 7.43136 55.3914 13.29
      vertex 7.88492 56.0849 13.29
    endloop
  endfacet
  facet normal 0 0 -1
    outer loop
      vertex 7.31924 55.5192 13.29
      vertex 7.88492 56.0849 13.29
      vertex 7.43136 55.3914 13.29
    endloop
  endfacet
  facet normal -0 0 -1
    outer loop
      vertex 7.88492 56.0849 13.29
      vertex 7.31924 55.5192 13.29
      vertex 7.6784 56.266 13.29
    endloop
  endfacet
  facet normal 0 0 -1
    outer loop
      vertex 7.19139 55.6314 13.29
      vertex 7.6784 56.266 13.29
      vertex 7.31924 55.5192 13.29
    endloop
  endfacet
  facet normal -0 0 -1
    outer loop
      vertex 7.6784 56.266 13.29
      vertex 7.19139 55.6314 13.29
      vertex 7.45 56.4187 13.29
    endloop
  endfacet
  facet normal 0 0 -1
    outer loop
      vertex 7.05 55.7258 13.29
      vertex 7.45 56.4187 13.29
      vertex 7.19139 55.6314 13.29
    endloop
  endfacet
  facet normal -0 0 -1
    outer loop
      vertex 7.45 56.4187 13.29
      vertex 7.05 55.7258 13.29
      vertex 7.20363 56.5401 13.29
    endloop
  endfacet
  facet normal 0 0 -1
    outer loop
      vertex 6.89749 55.801 13.29
      vertex 7.20363 56.5401 13.29
      vertex 7.05 55.7258 13.29
    endloop
  endfacet
  facet normal -0 0 -1
    outer loop
      vertex 7.20363 56.5401 13.29
      vertex 6.89749 55.801 13.29
      vertex 6.94352 56.6284 13.29
    endloop
  endfacet
  facet normal 0 0 -1
    outer loop
      vertex 6.73646 55.8557 13.29
      vertex 6.94352 56.6284 13.29
      vertex 6.89749 55.801 13.29
    endloop
  endfacet
  facet normal 0 0 -1
    outer loop
      vertex 6.73646 55.8557 13.29
      vertex 6.6741 56.682 13.29
      vertex 6.94352 56.6284 13.29
    endloop
  endfacet
  facet normal 0 0 -1
    outer loop
      vertex 6.56968 55.8889 13.29
      vertex 6.6741 56.682 13.29
      vertex 6.73646 55.8557 13.29
    endloop
  endfacet
  facet normal 0 0 -1
    outer loop
      vertex 6.4 55.9 13.29
      vertex 6.6741 56.682 13.29
      vertex 6.56968 55.8889 13.29
    endloop
  endfacet
  facet normal 0 0 -1
    outer loop
      vertex 6.4 55.9 13.29
      vertex 6.4 56.7 13.29
      vertex 6.6741 56.682 13.29
    endloop
  endfacet
  facet normal 0 0 -1
    outer loop
      vertex 6.23032 55.8889 13.29
      vertex 6.4 56.7 13.29
      vertex 6.4 55.9 13.29
    endloop
  endfacet
  facet normal 0 0 -1
    outer loop
      vertex 6.23032 55.8889 13.29
      vertex 6.12589 56.682 13.29
      vertex 6.4 56.7 13.29
    endloop
  endfacet
  facet normal 0 0 -1
    outer loop
      vertex 6.06353 55.8557 13.29
      vertex 6.12589 56.682 13.29
      vertex 6.23032 55.8889 13.29
    endloop
  endfacet
  facet normal 0 0 -1
    outer loop
      vertex 5.85648 56.6284 13.29
      vertex 6.06353 55.8557 13.29
      vertex 5.90251 55.801 13.29
    endloop
  endfacet
  facet normal 0 0 -1
    outer loop
      vertex 6.06353 55.8557 13.29
      vertex 5.85648 56.6284 13.29
      vertex 6.12589 56.682 13.29
    endloop
  endfacet
  facet normal 0 0 -1
    outer loop
      vertex 5.59636 56.5401 13.29
      vertex 5.90251 55.801 13.29
      vertex 5.75 55.7258 13.29
    endloop
  endfacet
  facet normal 0 0 -1
    outer loop
      vertex 5.35 56.4187 13.29
      vertex 5.75 55.7258 13.29
      vertex 5.60861 55.6314 13.29
    endloop
  endfacet
  facet normal 0 0 -1
    outer loop
      vertex 5.90251 55.801 13.29
      vertex 5.59636 56.5401 13.29
      vertex 5.85648 56.6284 13.29
    endloop
  endfacet
  facet normal 0 0 -1
    outer loop
      vertex 5.1216 56.266 13.29
      vertex 5.60861 55.6314 13.29
      vertex 5.48076 55.5192 13.29
    endloop
  endfacet
  facet normal 0 0 -1
    outer loop
      vertex 4.91508 56.0849 13.29
      vertex 5.48076 55.5192 13.29
      vertex 5.36864 55.3914 13.29
    endloop
  endfacet
  facet normal 0 0 -1
    outer loop
      vertex 5.75 55.7258 13.29
      vertex 5.35 56.4187 13.29
      vertex 5.59636 56.5401 13.29
    endloop
  endfacet
  facet normal 0 0 -1
    outer loop
      vertex 4.73396 55.8784 13.29
      vertex 5.36864 55.3914 13.29
      vertex 5.27417 55.25 13.29
    endloop
  endfacet
  facet normal 0 0 -1
    outer loop
      vertex 4.58135 55.65 13.29
      vertex 5.27417 55.25 13.29
      vertex 5.19896 55.0975 13.29
    endloop
  endfacet
  facet normal 0 0 -1
    outer loop
      vertex 4.45985 55.4036 13.29
      vertex 5.19896 55.0975 13.29
      vertex 5.1443 54.9365 13.29
    endloop
  endfacet
  facet normal 0 0 -1
    outer loop
      vertex 5.60861 55.6314 13.29
      vertex 5.1216 56.266 13.29
      vertex 5.35 56.4187 13.29
    endloop
  endfacet
  facet normal 0 0 -1
    outer loop
      vertex 4.37156 55.1435 13.29
      vertex 5.1443 54.9365 13.29
      vertex 5.11112 54.7697 13.29
    endloop
  endfacet
  facet normal 0 0 -1
    outer loop
      vertex 4.31797 54.8741 13.29
      vertex 5.11112 54.7697 13.29
      vertex 5.1 54.6 13.29
    endloop
  endfacet
  facet normal -0 0 -1
    outer loop
      vertex 5.19896 54.1025 13.29
      vertex 4.45985 53.7964 13.29
      vertex 5.1443 54.2635 13.29
    endloop
  endfacet
  facet normal 0 0 -1
    outer loop
      vertex 5.48076 55.5192 13.29
      vertex 4.91508 56.0849 13.29
      vertex 5.1216 56.266 13.29
    endloop
  endfacet
  facet normal 0 0 -1
    outer loop
      vertex 4.37156 54.0565 13.29
      vertex 5.1443 54.2635 13.29
      vertex 4.45985 53.7964 13.29
    endloop
  endfacet
  facet normal 0 0 -1
    outer loop
      vertex 5.36864 55.3914 13.29
      vertex 4.73396 55.8784 13.29
      vertex 4.91508 56.0849 13.29
    endloop
  endfacet
  facet normal -0 0 -1
    outer loop
      vertex 5.1443 54.2635 13.29
      vertex 4.37156 54.0565 13.29
      vertex 5.11112 54.4303 13.29
    endloop
  endfacet
  facet normal 0 0 -1
    outer loop
      vertex 5.27417 55.25 13.29
      vertex 4.58135 55.65 13.29
      vertex 4.73396 55.8784 13.29
    endloop
  endfacet
  facet normal 0 0 -1
    outer loop
      vertex 4.31797 54.3259 13.29
      vertex 5.11112 54.4303 13.29
      vertex 4.37156 54.0565 13.29
    endloop
  endfacet
  facet normal 0 0 -1
    outer loop
      vertex 5.19896 55.0975 13.29
      vertex 4.45985 55.4036 13.29
      vertex 4.58135 55.65 13.29
    endloop
  endfacet
  facet normal -0 0 -1
    outer loop
      vertex 5.11112 54.4303 13.29
      vertex 4.31797 54.3259 13.29
      vertex 5.1 54.6 13.29
    endloop
  endfacet
  facet normal 0 0 -1
    outer loop
      vertex 5.1443 54.9365 13.29
      vertex 4.37156 55.1435 13.29
      vertex 4.45985 55.4036 13.29
    endloop
  endfacet
  facet normal 0 0 -1
    outer loop
      vertex 4.3 54.6 13.29
      vertex 5.1 54.6 13.29
      vertex 4.31797 54.3259 13.29
    endloop
  endfacet
  facet normal 0 0 -1
    outer loop
      vertex 5.11112 54.7697 13.29
      vertex 4.31797 54.8741 13.29
      vertex 4.37156 55.1435 13.29
    endloop
  endfacet
  facet normal 0 0 -1
    outer loop
      vertex 5.1 54.6 13.29
      vertex 4.3 54.6 13.29
      vertex 4.31797 54.8741 13.29
    endloop
  endfacet
  facet normal 0.980783 -0.195101 0
    outer loop
      vertex 4.31797 54.8741 13.29
      vertex 4.37156 55.1435 9.1
      vertex 4.37156 55.1435 13.29
    endloop
  endfacet
  facet normal 0.980783 -0.195101 0
    outer loop
      vertex 4.37156 55.1435 9.1
      vertex 4.31797 54.8741 13.29
      vertex 4.31797 54.8741 9.1
    endloop
  endfacet
  facet normal 0.442021 -0.897005 0
    outer loop
      vertex 5.35 56.4187 9.1
      vertex 5.59636 56.5401 13.29
      vertex 5.35 56.4187 13.29
    endloop
  endfacet
  facet normal 0.442021 -0.897005 0
    outer loop
      vertex 5.59636 56.5401 13.29
      vertex 5.35 56.4187 9.1
      vertex 5.59636 56.5401 9.1
    endloop
  endfacet
  facet normal -0.555792 0.831322 0
    outer loop
      vertex 7.6784 52.934 9.1
      vertex 7.45 52.7813 13.29
      vertex 7.6784 52.934 13.29
    endloop
  endfacet
  facet normal -0.555792 0.831322 0
    outer loop
      vertex 7.45 52.7813 13.29
      vertex 7.6784 52.934 9.1
      vertex 7.45 52.7813 9.1
    endloop
  endfacet
  facet normal -0.751796 0.659396 0
    outer loop
      vertex 7.88492 53.1151 9.1
      vertex 8.06604 53.3216 13.29
      vertex 8.06604 53.3216 9.1
    endloop
  endfacet
  facet normal -0.751796 0.659396 0
    outer loop
      vertex 8.06604 53.3216 13.29
      vertex 7.88492 53.1151 9.1
      vertex 7.88492 53.1151 13.29
    endloop
  endfacet
  facet normal -0.896889 0.442256 0
    outer loop
      vertex 8.21865 53.55 9.1
      vertex 8.34015 53.7964 13.29
      vertex 8.34015 53.7964 9.1
    endloop
  endfacet
  facet normal -0.896889 0.442256 0
    outer loop
      vertex 8.34015 53.7964 13.29
      vertex 8.21865 53.55 9.1
      vertex 8.21865 53.55 13.29
    endloop
  endfacet
  facet normal -0.946932 0.321433 0
    outer loop
      vertex 8.34015 53.7964 9.1
      vertex 8.42844 54.0565 13.29
      vertex 8.42844 54.0565 9.1
    endloop
  endfacet
  facet normal -0.946932 0.321433 0
    outer loop
      vertex 8.42844 54.0565 13.29
      vertex 8.34015 53.7964 9.1
      vertex 8.34015 53.7964 13.29
    endloop
  endfacet
  facet normal 0.321443 0.946929 -0
    outer loop
      vertex 5.85648 52.5716 9.1
      vertex 5.59636 52.6599 13.29
      vertex 5.85648 52.5716 13.29
    endloop
  endfacet
  facet normal 0.321443 0.946929 0
    outer loop
      vertex 5.59636 52.6599 13.29
      vertex 5.85648 52.5716 9.1
      vertex 5.59636 52.6599 9.1
    endloop
  endfacet
  facet normal 0.751796 0.659396 0
    outer loop
      vertex 4.91508 53.1151 13.29
      vertex 4.73396 53.3216 9.1
      vertex 4.73396 53.3216 13.29
    endloop
  endfacet
  facet normal 0.751796 0.659396 0
    outer loop
      vertex 4.73396 53.3216 9.1
      vertex 4.91508 53.1151 13.29
      vertex 4.91508 53.1151 9.1
    endloop
  endfacet
  facet normal 0.997858 0.0654196 0
    outer loop
      vertex 4.31797 54.3259 13.29
      vertex 4.3 54.6 9.1
      vertex 4.3 54.6 13.29
    endloop
  endfacet
  facet normal 0.997858 0.0654196 0
    outer loop
      vertex 4.3 54.6 9.1
      vertex 4.31797 54.3259 13.29
      vertex 4.31797 54.3259 9.1
    endloop
  endfacet
  facet normal -0.659319 0.751864 0
    outer loop
      vertex 7.88492 53.1151 9.1
      vertex 7.6784 52.934 13.29
      vertex 7.88492 53.1151 13.29
    endloop
  endfacet
  facet normal -0.659319 0.751864 0
    outer loop
      vertex 7.6784 52.934 13.29
      vertex 7.88492 53.1151 9.1
      vertex 7.6784 52.934 9.1
    endloop
  endfacet
  facet normal -0.0655283 0.997851 0
    outer loop
      vertex 6.6741 52.518 9.1
      vertex 6.4 52.5 13.29
      vertex 6.6741 52.518 13.29
    endloop
  endfacet
  facet normal -0.0655283 0.997851 0
    outer loop
      vertex 6.4 52.5 13.29
      vertex 6.6741 52.518 9.1
      vertex 6.4 52.5 9.1
    endloop
  endfacet
  facet normal 0.0655259 0.997851 -0
    outer loop
      vertex 6.4 52.5 9.1
      vertex 6.12589 52.518 13.29
      vertex 6.4 52.5 13.29
    endloop
  endfacet
  facet normal 0.0655259 0.997851 0
    outer loop
      vertex 6.12589 52.518 13.29
      vertex 6.4 52.5 9.1
      vertex 6.12589 52.518 9.1
    endloop
  endfacet
  facet normal 0.195129 0.980778 -0
    outer loop
      vertex 6.12589 52.518 9.1
      vertex 5.85648 52.5716 13.29
      vertex 6.12589 52.518 13.29
    endloop
  endfacet
  facet normal 0.195129 0.980778 0
    outer loop
      vertex 5.85648 52.5716 13.29
      vertex 6.12589 52.518 9.1
      vertex 5.85648 52.5716 9.1
    endloop
  endfacet
  facet normal 0.555792 0.831322 -0
    outer loop
      vertex 5.35 52.7813 9.1
      vertex 5.1216 52.934 13.29
      vertex 5.35 52.7813 13.29
    endloop
  endfacet
  facet normal 0.555792 0.831322 0
    outer loop
      vertex 5.1216 52.934 13.29
      vertex 5.35 52.7813 9.1
      vertex 5.1216 52.934 9.1
    endloop
  endfacet
  facet normal 0.659319 0.751864 -0
    outer loop
      vertex 5.1216 52.934 9.1
      vertex 4.91508 53.1151 13.29
      vertex 5.1216 52.934 13.29
    endloop
  endfacet
  facet normal 0.659319 0.751864 0
    outer loop
      vertex 4.91508 53.1151 13.29
      vertex 5.1216 52.934 9.1
      vertex 4.91508 53.1151 9.1
    endloop
  endfacet
  facet normal 0.831473 0.555565 0
    outer loop
      vertex 4.73396 53.3216 13.29
      vertex 4.58135 53.55 9.1
      vertex 4.58135 53.55 13.29
    endloop
  endfacet
  facet normal 0.831473 0.555565 0
    outer loop
      vertex 4.58135 53.55 9.1
      vertex 4.73396 53.3216 13.29
      vertex 4.73396 53.3216 9.1
    endloop
  endfacet
  facet normal 0.896889 0.442256 0
    outer loop
      vertex 4.58135 53.55 13.29
      vertex 4.45985 53.7964 9.1
      vertex 4.45985 53.7964 13.29
    endloop
  endfacet
  facet normal 0.896889 0.442256 0
    outer loop
      vertex 4.45985 53.7964 9.1
      vertex 4.58135 53.55 13.29
      vertex 4.58135 53.55 9.1
    endloop
  endfacet
  facet normal 0.980783 0.195101 0
    outer loop
      vertex 4.37156 54.0565 13.29
      vertex 4.31797 54.3259 9.1
      vertex 4.31797 54.3259 13.29
    endloop
  endfacet
  facet normal 0.980783 0.195101 0
    outer loop
      vertex 4.31797 54.3259 9.1
      vertex 4.37156 54.0565 13.29
      vertex 4.37156 54.0565 9.1
    endloop
  endfacet
  facet normal 0.442021 0.897005 -0
    outer loop
      vertex 5.59636 52.6599 9.1
      vertex 5.35 52.7813 13.29
      vertex 5.59636 52.6599 13.29
    endloop
  endfacet
  facet normal 0.442021 0.897005 0
    outer loop
      vertex 5.35 52.7813 13.29
      vertex 5.59636 52.6599 9.1
      vertex 5.35 52.7813 9.1
    endloop
  endfacet
  facet normal 0.946921 -0.321465 0
    outer loop
      vertex 98.8716 55.1435 13.29
      vertex 98.9599 55.4036 9.1
      vertex 98.9599 55.4036 13.29
    endloop
  endfacet
  facet normal 0.946921 -0.321465 0
    outer loop
      vertex 98.9599 55.4036 9.1
      vertex 98.8716 55.1435 13.29
      vertex 98.8716 55.1435 9.1
    endloop
  endfacet
  facet normal -0.830817 -0.556546 0
    outer loop
      vertex 102.719 55.65 9.1
      vertex 102.566 55.8784 13.29
      vertex 102.566 55.8784 9.1
    endloop
  endfacet
  facet normal -0.830817 -0.556546 0
    outer loop
      vertex 102.566 55.8784 13.29
      vertex 102.719 55.65 9.1
      vertex 102.719 55.65 13.29
    endloop
  endfacet
  facet normal -0.442542 -0.896748 0
    outer loop
      vertex 101.704 56.5401 9.1
      vertex 101.95 56.4187 13.29
      vertex 101.704 56.5401 13.29
    endloop
  endfacet
  facet normal -0.442542 -0.896748 -0
    outer loop
      vertex 101.95 56.4187 13.29
      vertex 101.704 56.5401 9.1
      vertex 101.95 56.4187 9.1
    endloop
  endfacet
  facet normal 0.321576 -0.946884 0
    outer loop
      vertex 100.096 56.5401 9.1
      vertex 100.356 56.6284 13.29
      vertex 100.096 56.5401 13.29
    endloop
  endfacet
  facet normal 0.321576 -0.946884 0
    outer loop
      vertex 100.356 56.6284 13.29
      vertex 100.096 56.5401 9.1
      vertex 100.356 56.6284 9.1
    endloop
  endfacet
  facet normal 0.897033 -0.441964 0
    outer loop
      vertex 98.9599 55.4036 13.29
      vertex 99.0813 55.65 9.1
      vertex 99.0813 55.65 13.29
    endloop
  endfacet
  facet normal 0.897033 -0.441964 0
    outer loop
      vertex 99.0813 55.65 9.1
      vertex 98.9599 55.4036 13.29
      vertex 98.9599 55.4036 9.1
    endloop
  endfacet
  facet normal -0.997851 0.0655283 0
    outer loop
      vertex 102.982 54.3259 9.1
      vertex 103 54.6 13.29
      vertex 103 54.6 9.1
    endloop
  endfacet
  facet normal -0.997851 0.0655283 0
    outer loop
      vertex 103 54.6 13.29
      vertex 102.982 54.3259 9.1
      vertex 102.982 54.3259 13.29
    endloop
  endfacet
  facet normal -0.442542 0.896748 0
    outer loop
      vertex 101.95 52.7813 9.1
      vertex 101.704 52.6599 13.29
      vertex 101.95 52.7813 13.29
    endloop
  endfacet
  facet normal -0.442542 0.896748 0
    outer loop
      vertex 101.704 52.6599 13.29
      vertex 101.95 52.7813 9.1
      vertex 101.704 52.6599 9.1
    endloop
  endfacet
  facet normal -0.980497 -0.196536 0
    outer loop
      vertex 102.982 54.8741 9.1
      vertex 102.928 55.1435 13.29
      vertex 102.928 55.1435 9.1
    endloop
  endfacet
  facet normal -0.980497 -0.196536 0
    outer loop
      vertex 102.928 55.1435 13.29
      vertex 102.982 54.8741 9.1
      vertex 102.982 54.8741 13.29
    endloop
  endfacet
  facet normal -0.752012 -0.659149 0
    outer loop
      vertex 102.566 55.8784 9.1
      vertex 102.385 56.0849 13.29
      vertex 102.385 56.0849 9.1
    endloop
  endfacet
  facet normal -0.752012 -0.659149 0
    outer loop
      vertex 102.385 56.0849 13.29
      vertex 102.566 55.8784 9.1
      vertex 102.566 55.8784 13.29
    endloop
  endfacet
  facet normal -0.194719 -0.980859 0
    outer loop
      vertex 101.174 56.682 9.1
      vertex 101.444 56.6284 13.29
      vertex 101.174 56.682 13.29
    endloop
  endfacet
  facet normal -0.194719 -0.980859 -0
    outer loop
      vertex 101.444 56.6284 13.29
      vertex 101.174 56.682 9.1
      vertex 101.444 56.6284 9.1
    endloop
  endfacet
  facet normal -0.658453 -0.752622 0
    outer loop
      vertex 102.178 56.266 9.1
      vertex 102.385 56.0849 13.29
      vertex 102.178 56.266 13.29
    endloop
  endfacet
  facet normal -0.658453 -0.752622 -0
    outer loop
      vertex 102.385 56.0849 13.29
      vertex 102.178 56.266 9.1
      vertex 102.385 56.0849 9.1
    endloop
  endfacet
  facet normal 0.751832 -0.659355 0
    outer loop
      vertex 99.234 55.8784 13.29
      vertex 99.4151 56.0849 9.1
      vertex 99.4151 56.0849 13.29
    endloop
  endfacet
  facet normal 0.751832 -0.659355 0
    outer loop
      vertex 99.4151 56.0849 9.1
      vertex 99.234 55.8784 13.29
      vertex 99.234 55.8784 9.1
    endloop
  endfacet
  facet normal 0.659355 -0.751832 0
    outer loop
      vertex 99.4151 56.0849 9.1
      vertex 99.6216 56.266 13.29
      vertex 99.4151 56.0849 13.29
    endloop
  endfacet
  facet normal 0.659355 -0.751832 0
    outer loop
      vertex 99.6216 56.266 13.29
      vertex 99.4151 56.0849 9.1
      vertex 99.6216 56.266 9.1
    endloop
  endfacet
  facet normal -0.997851 -0.0655283 0
    outer loop
      vertex 103 54.6 9.1
      vertex 102.982 54.8741 13.29
      vertex 102.982 54.8741 9.1
    endloop
  endfacet
  facet normal -0.997851 -0.0655283 0
    outer loop
      vertex 102.982 54.8741 13.29
      vertex 103 54.6 9.1
      vertex 103 54.6 13.29
    endloop
  endfacet
  facet normal 0.194719 0.980859 -0
    outer loop
      vertex 100.626 52.518 9.1
      vertex 100.356 52.5716 13.29
      vertex 100.626 52.518 13.29
    endloop
  endfacet
  facet normal 0.194719 0.980859 0
    outer loop
      vertex 100.356 52.5716 13.29
      vertex 100.626 52.518 9.1
      vertex 100.356 52.5716 9.1
    endloop
  endfacet
  facet normal -0.321576 0.946884 0
    outer loop
      vertex 101.704 52.6599 9.1
      vertex 101.444 52.5716 13.29
      vertex 101.704 52.6599 13.29
    endloop
  endfacet
  facet normal -0.321576 0.946884 0
    outer loop
      vertex 101.444 52.5716 13.29
      vertex 101.704 52.6599 9.1
      vertex 101.444 52.5716 9.1
    endloop
  endfacet
  facet normal -0.0655521 -0.997849 0
    outer loop
      vertex 100.9 56.7 9.1
      vertex 101.174 56.682 13.29
      vertex 100.9 56.7 13.29
    endloop
  endfacet
  facet normal -0.0655521 -0.997849 -0
    outer loop
      vertex 101.174 56.682 13.29
      vertex 100.9 56.7 9.1
      vertex 101.174 56.682 9.1
    endloop
  endfacet
  facet normal -0.321576 -0.946884 0
    outer loop
      vertex 101.444 56.6284 9.1
      vertex 101.704 56.5401 13.29
      vertex 101.444 56.6284 13.29
    endloop
  endfacet
  facet normal -0.321576 -0.946884 -0
    outer loop
      vertex 101.704 56.5401 13.29
      vertex 101.444 56.6284 9.1
      vertex 101.704 56.5401 9.1
    endloop
  endfacet
  facet normal -0.556465 -0.830871 0
    outer loop
      vertex 101.95 56.4187 9.1
      vertex 102.178 56.266 13.29
      vertex 101.95 56.4187 13.29
    endloop
  endfacet
  facet normal -0.556465 -0.830871 -0
    outer loop
      vertex 102.178 56.266 13.29
      vertex 101.95 56.4187 9.1
      vertex 102.178 56.266 9.1
    endloop
  endfacet
  facet normal 0.997851 -0.0655283 0
    outer loop
      vertex 98.8 54.6 13.29
      vertex 98.818 54.8741 9.1
      vertex 98.818 54.8741 13.29
    endloop
  endfacet
  facet normal 0.997851 -0.0655283 0
    outer loop
      vertex 98.818 54.8741 9.1
      vertex 98.8 54.6 13.29
      vertex 98.8 54.6 9.1
    endloop
  endfacet
  facet normal 0.980776 -0.195136 0
    outer loop
      vertex 98.818 54.8741 13.29
      vertex 98.8716 55.1435 9.1
      vertex 98.8716 55.1435 13.29
    endloop
  endfacet
  facet normal 0.980776 -0.195136 0
    outer loop
      vertex 98.8716 55.1435 9.1
      vertex 98.818 54.8741 13.29
      vertex 98.818 54.8741 9.1
    endloop
  endfacet
  facet normal 0.831322 -0.555792 0
    outer loop
      vertex 99.0813 55.65 13.29
      vertex 99.234 55.8784 9.1
      vertex 99.234 55.8784 13.29
    endloop
  endfacet
  facet normal 0.831322 -0.555792 0
    outer loop
      vertex 99.234 55.8784 9.1
      vertex 99.0813 55.65 13.29
      vertex 99.0813 55.65 9.1
    endloop
  endfacet
  facet normal 0.0655521 -0.997849 0
    outer loop
      vertex 100.626 56.682 9.1
      vertex 100.9 56.7 13.29
      vertex 100.626 56.682 13.29
    endloop
  endfacet
  facet normal 0.0655521 -0.997849 0
    outer loop
      vertex 100.9 56.7 13.29
      vertex 100.626 56.682 9.1
      vertex 100.9 56.7 9.1
    endloop
  endfacet
  facet normal 0.194719 -0.980859 0
    outer loop
      vertex 100.356 56.6284 9.1
      vertex 100.626 56.682 13.29
      vertex 100.356 56.6284 13.29
    endloop
  endfacet
  facet normal 0.194719 -0.980859 0
    outer loop
      vertex 100.626 56.682 13.29
      vertex 100.356 56.6284 9.1
      vertex 100.626 56.682 9.1
    endloop
  endfacet
  facet normal 0.442542 -0.896748 0
    outer loop
      vertex 99.85 56.4187 9.1
      vertex 100.096 56.5401 13.29
      vertex 99.85 56.4187 13.29
    endloop
  endfacet
  facet normal 0.442542 -0.896748 0
    outer loop
      vertex 100.096 56.5401 13.29
      vertex 99.85 56.4187 9.1
      vertex 100.096 56.5401 9.1
    endloop
  endfacet
  facet normal 0.555792 -0.831322 0
    outer loop
      vertex 99.6216 56.266 9.1
      vertex 99.85 56.4187 13.29
      vertex 99.6216 56.266 13.29
    endloop
  endfacet
  facet normal 0.555792 -0.831322 0
    outer loop
      vertex 99.85 56.4187 13.29
      vertex 99.6216 56.266 9.1
      vertex 99.85 56.4187 9.1
    endloop
  endfacet
  facet normal -0.980497 0.196536 0
    outer loop
      vertex 102.928 54.0565 9.1
      vertex 102.982 54.3259 13.29
      vertex 102.982 54.3259 9.1
    endloop
  endfacet
  facet normal -0.980497 0.196536 0
    outer loop
      vertex 102.982 54.3259 13.29
      vertex 102.928 54.0565 9.1
      vertex 102.928 54.0565 13.29
    endloop
  endfacet
  facet normal -0.830817 0.556546 0
    outer loop
      vertex 102.566 53.3216 9.1
      vertex 102.719 53.55 13.29
      vertex 102.719 53.55 9.1
    endloop
  endfacet
  facet normal -0.830817 0.556546 0
    outer loop
      vertex 102.719 53.55 13.29
      vertex 102.566 53.3216 9.1
      vertex 102.566 53.3216 13.29
    endloop
  endfacet
  facet normal -0.194719 0.980859 0
    outer loop
      vertex 101.444 52.5716 9.1
      vertex 101.174 52.518 13.29
      vertex 101.444 52.5716 13.29
    endloop
  endfacet
  facet normal -0.194719 0.980859 0
    outer loop
      vertex 101.174 52.518 13.29
      vertex 101.444 52.5716 9.1
      vertex 101.174 52.518 9.1
    endloop
  endfacet
  facet normal -0.89761 -0.440791 0
    outer loop
      vertex 102.84 55.4036 9.1
      vertex 102.719 55.65 13.29
      vertex 102.719 55.65 9.1
    endloop
  endfacet
  facet normal -0.89761 -0.440791 0
    outer loop
      vertex 102.719 55.65 13.29
      vertex 102.84 55.4036 9.1
      vertex 102.84 55.4036 13.29
    endloop
  endfacet
  facet normal -0.947253 -0.320486 0
    outer loop
      vertex 102.928 55.1435 9.1
      vertex 102.84 55.4036 13.29
      vertex 102.84 55.4036 9.1
    endloop
  endfacet
  facet normal -0.947253 -0.320486 0
    outer loop
      vertex 102.84 55.4036 13.29
      vertex 102.928 55.1435 9.1
      vertex 102.928 55.1435 13.29
    endloop
  endfacet
  facet normal 0 0 -1
    outer loop
      vertex 102.2 54.6 13.29
      vertex 103 54.6 13.29
      vertex 102.982 54.3259 13.29
    endloop
  endfacet
  facet normal 0 0 -1
    outer loop
      vertex 102.189 54.4303 13.29
      vertex 102.982 54.3259 13.29
      vertex 102.928 54.0565 13.29
    endloop
  endfacet
  facet normal 0 0 -1
    outer loop
      vertex 103 54.6 13.29
      vertex 102.2 54.6 13.29
      vertex 102.982 54.8741 13.29
    endloop
  endfacet
  facet normal 0 0 -1
    outer loop
      vertex 102.156 54.2635 13.29
      vertex 102.928 54.0565 13.29
      vertex 102.84 53.7964 13.29
    endloop
  endfacet
  facet normal 0 0 -1
    outer loop
      vertex 102.189 54.7697 13.29
      vertex 102.982 54.8741 13.29
      vertex 102.2 54.6 13.29
    endloop
  endfacet
  facet normal 0 0 -1
    outer loop
      vertex 102.101 54.1025 13.29
      vertex 102.84 53.7964 13.29
      vertex 102.719 53.55 13.29
    endloop
  endfacet
  facet normal -0 0 -1
    outer loop
      vertex 102.982 54.8741 13.29
      vertex 102.189 54.7697 13.29
      vertex 102.928 55.1435 13.29
    endloop
  endfacet
  facet normal 0 0 -1
    outer loop
      vertex 102.026 53.95 13.29
      vertex 102.719 53.55 13.29
      vertex 102.566 53.3216 13.29
    endloop
  endfacet
  facet normal 0 0 -1
    outer loop
      vertex 102.156 54.9365 13.29
      vertex 102.928 55.1435 13.29
      vertex 102.189 54.7697 13.29
    endloop
  endfacet
  facet normal 0 0 -1
    outer loop
      vertex 101.931 53.8086 13.29
      vertex 102.566 53.3216 13.29
      vertex 102.385 53.1151 13.29
    endloop
  endfacet
  facet normal -0 0 -1
    outer loop
      vertex 102.928 55.1435 13.29
      vertex 102.156 54.9365 13.29
      vertex 102.84 55.4036 13.29
    endloop
  endfacet
  facet normal 0 0 -1
    outer loop
      vertex 102.101 55.0975 13.29
      vertex 102.84 55.4036 13.29
      vertex 102.156 54.9365 13.29
    endloop
  endfacet
  facet normal 0 0 -1
    outer loop
      vertex 102.982 54.3259 13.29
      vertex 102.189 54.4303 13.29
      vertex 102.2 54.6 13.29
    endloop
  endfacet
  facet normal 0 0 -1
    outer loop
      vertex 101.819 53.6808 13.29
      vertex 102.385 53.1151 13.29
      vertex 102.178 52.934 13.29
    endloop
  endfacet
  facet normal 0 0 -1
    outer loop
      vertex 102.928 54.0565 13.29
      vertex 102.156 54.2635 13.29
      vertex 102.189 54.4303 13.29
    endloop
  endfacet
  facet normal 0 0 -1
    outer loop
      vertex 102.84 53.7964 13.29
      vertex 102.101 54.1025 13.29
      vertex 102.156 54.2635 13.29
    endloop
  endfacet
  facet normal 0 0 -1
    outer loop
      vertex 102.719 53.55 13.29
      vertex 102.026 53.95 13.29
      vertex 102.101 54.1025 13.29
    endloop
  endfacet
  facet normal 0 0 -1
    outer loop
      vertex 101.691 53.5686 13.29
      vertex 102.178 52.934 13.29
      vertex 101.95 52.7813 13.29
    endloop
  endfacet
  facet normal 0 0 -1
    outer loop
      vertex 102.566 53.3216 13.29
      vertex 101.931 53.8086 13.29
      vertex 102.026 53.95 13.29
    endloop
  endfacet
  facet normal 0 0 -1
    outer loop
      vertex 102.385 53.1151 13.29
      vertex 101.819 53.6808 13.29
      vertex 101.931 53.8086 13.29
    endloop
  endfacet
  facet normal 0 0 -1
    outer loop
      vertex 101.55 53.4742 13.29
      vertex 101.95 52.7813 13.29
      vertex 101.704 52.6599 13.29
    endloop
  endfacet
  facet normal 0 0 -1
    outer loop
      vertex 102.178 52.934 13.29
      vertex 101.691 53.5686 13.29
      vertex 101.819 53.6808 13.29
    endloop
  endfacet
  facet normal 0 0 -1
    outer loop
      vertex 101.95 52.7813 13.29
      vertex 101.55 53.4742 13.29
      vertex 101.691 53.5686 13.29
    endloop
  endfacet
  facet normal 0 0 -1
    outer loop
      vertex 101.397 53.399 13.29
      vertex 101.704 52.6599 13.29
      vertex 101.444 52.5716 13.29
    endloop
  endfacet
  facet normal 0 0 -1
    outer loop
      vertex 101.704 52.6599 13.29
      vertex 101.397 53.399 13.29
      vertex 101.55 53.4742 13.29
    endloop
  endfacet
  facet normal 0 0 -1
    outer loop
      vertex 101.444 52.5716 13.29
      vertex 101.236 53.3443 13.29
      vertex 101.397 53.399 13.29
    endloop
  endfacet
  facet normal 0 0 -1
    outer loop
      vertex 101.174 52.518 13.29
      vertex 101.236 53.3443 13.29
      vertex 101.444 52.5716 13.29
    endloop
  endfacet
  facet normal 0 0 -1
    outer loop
      vertex 101.174 52.518 13.29
      vertex 101.07 53.3111 13.29
      vertex 101.236 53.3443 13.29
    endloop
  endfacet
  facet normal 0 0 -1
    outer loop
      vertex 100.9 52.5 13.29
      vertex 101.07 53.3111 13.29
      vertex 101.174 52.518 13.29
    endloop
  endfacet
  facet normal 0 0 -1
    outer loop
      vertex 100.9 52.5 13.29
      vertex 100.9 53.3 13.29
      vertex 101.07 53.3111 13.29
    endloop
  endfacet
  facet normal 0 0 -1
    outer loop
      vertex 100.9 52.5 13.29
      vertex 100.73 53.3111 13.29
      vertex 100.9 53.3 13.29
    endloop
  endfacet
  facet normal 0 0 -1
    outer loop
      vertex 100.626 52.518 13.29
      vertex 100.73 53.3111 13.29
      vertex 100.9 52.5 13.29
    endloop
  endfacet
  facet normal 0 0 -1
    outer loop
      vertex 100.626 52.518 13.29
      vertex 100.564 53.3443 13.29
      vertex 100.73 53.3111 13.29
    endloop
  endfacet
  facet normal 0 0 -1
    outer loop
      vertex 100.356 52.5716 13.29
      vertex 100.564 53.3443 13.29
      vertex 100.626 52.518 13.29
    endloop
  endfacet
  facet normal -0 0 -1
    outer loop
      vertex 100.564 53.3443 13.29
      vertex 100.356 52.5716 13.29
      vertex 100.403 53.399 13.29
    endloop
  endfacet
  facet normal 0 0 -1
    outer loop
      vertex 100.096 52.6599 13.29
      vertex 100.403 53.399 13.29
      vertex 100.356 52.5716 13.29
    endloop
  endfacet
  facet normal -0 0 -1
    outer loop
      vertex 100.403 53.399 13.29
      vertex 100.096 52.6599 13.29
      vertex 100.25 53.4742 13.29
    endloop
  endfacet
  facet normal 0 0 -1
    outer loop
      vertex 99.85 52.7813 13.29
      vertex 100.25 53.4742 13.29
      vertex 100.096 52.6599 13.29
    endloop
  endfacet
  facet normal -0 0 -1
    outer loop
      vertex 100.25 53.4742 13.29
      vertex 99.85 52.7813 13.29
      vertex 100.109 53.5686 13.29
    endloop
  endfacet
  facet normal 0 0 -1
    outer loop
      vertex 99.6216 52.934 13.29
      vertex 100.109 53.5686 13.29
      vertex 99.85 52.7813 13.29
    endloop
  endfacet
  facet normal -0 0 -1
    outer loop
      vertex 100.109 53.5686 13.29
      vertex 99.6216 52.934 13.29
      vertex 99.9808 53.6808 13.29
    endloop
  endfacet
  facet normal 0 0 -1
    outer loop
      vertex 99.4151 53.1151 13.29
      vertex 99.9808 53.6808 13.29
      vertex 99.6216 52.934 13.29
    endloop
  endfacet
  facet normal -0 0 -1
    outer loop
      vertex 99.9808 53.6808 13.29
      vertex 99.4151 53.1151 13.29
      vertex 99.8686 53.8086 13.29
    endloop
  endfacet
  facet normal 0 0 -1
    outer loop
      vertex 99.234 53.3216 13.29
      vertex 99.8686 53.8086 13.29
      vertex 99.4151 53.1151 13.29
    endloop
  endfacet
  facet normal -0 0 -1
    outer loop
      vertex 99.8686 53.8086 13.29
      vertex 99.234 53.3216 13.29
      vertex 99.7742 53.95 13.29
    endloop
  endfacet
  facet normal 0 0 -1
    outer loop
      vertex 99.0813 53.55 13.29
      vertex 99.7742 53.95 13.29
      vertex 99.234 53.3216 13.29
    endloop
  endfacet
  facet normal -0 0 -1
    outer loop
      vertex 99.7742 53.95 13.29
      vertex 99.0813 53.55 13.29
      vertex 99.699 54.1025 13.29
    endloop
  endfacet
  facet normal 0 0 -1
    outer loop
      vertex 98.9599 53.7964 13.29
      vertex 99.699 54.1025 13.29
      vertex 99.0813 53.55 13.29
    endloop
  endfacet
  facet normal -0 0 -1
    outer loop
      vertex 102.84 55.4036 13.29
      vertex 102.101 55.0975 13.29
      vertex 102.719 55.65 13.29
    endloop
  endfacet
  facet normal 0 0 -1
    outer loop
      vertex 102.026 55.25 13.29
      vertex 102.719 55.65 13.29
      vertex 102.101 55.0975 13.29
    endloop
  endfacet
  facet normal -0 0 -1
    outer loop
      vertex 102.719 55.65 13.29
      vertex 102.026 55.25 13.29
      vertex 102.566 55.8784 13.29
    endloop
  endfacet
  facet normal 0 0 -1
    outer loop
      vertex 101.931 55.3914 13.29
      vertex 102.566 55.8784 13.29
      vertex 102.026 55.25 13.29
    endloop
  endfacet
  facet normal -0 0 -1
    outer loop
      vertex 102.566 55.8784 13.29
      vertex 101.931 55.3914 13.29
      vertex 102.385 56.0849 13.29
    endloop
  endfacet
  facet normal 0 0 -1
    outer loop
      vertex 101.819 55.5192 13.29
      vertex 102.385 56.0849 13.29
      vertex 101.931 55.3914 13.29
    endloop
  endfacet
  facet normal -0 0 -1
    outer loop
      vertex 102.385 56.0849 13.29
      vertex 101.819 55.5192 13.29
      vertex 102.178 56.266 13.29
    endloop
  endfacet
  facet normal 0 0 -1
    outer loop
      vertex 101.691 55.6314 13.29
      vertex 102.178 56.266 13.29
      vertex 101.819 55.5192 13.29
    endloop
  endfacet
  facet normal -0 0 -1
    outer loop
      vertex 102.178 56.266 13.29
      vertex 101.691 55.6314 13.29
      vertex 101.95 56.4187 13.29
    endloop
  endfacet
  facet normal 0 0 -1
    outer loop
      vertex 101.55 55.7258 13.29
      vertex 101.95 56.4187 13.29
      vertex 101.691 55.6314 13.29
    endloop
  endfacet
  facet normal -0 0 -1
    outer loop
      vertex 101.95 56.4187 13.29
      vertex 101.55 55.7258 13.29
      vertex 101.704 56.5401 13.29
    endloop
  endfacet
  facet normal 0 0 -1
    outer loop
      vertex 101.397 55.801 13.29
      vertex 101.704 56.5401 13.29
      vertex 101.55 55.7258 13.29
    endloop
  endfacet
  facet normal -0 0 -1
    outer loop
      vertex 101.704 56.5401 13.29
      vertex 101.397 55.801 13.29
      vertex 101.444 56.6284 13.29
    endloop
  endfacet
  facet normal 0 0 -1
    outer loop
      vertex 101.236 55.8557 13.29
      vertex 101.444 56.6284 13.29
      vertex 101.397 55.801 13.29
    endloop
  endfacet
  facet normal 0 0 -1
    outer loop
      vertex 101.236 55.8557 13.29
      vertex 101.174 56.682 13.29
      vertex 101.444 56.6284 13.29
    endloop
  endfacet
  facet normal 0 0 -1
    outer loop
      vertex 101.07 55.8889 13.29
      vertex 101.174 56.682 13.29
      vertex 101.236 55.8557 13.29
    endloop
  endfacet
  facet normal 0 0 -1
    outer loop
      vertex 100.9 55.9 13.29
      vertex 101.174 56.682 13.29
      vertex 101.07 55.8889 13.29
    endloop
  endfacet
  facet normal 0 0 -1
    outer loop
      vertex 100.9 55.9 13.29
      vertex 100.9 56.7 13.29
      vertex 101.174 56.682 13.29
    endloop
  endfacet
  facet normal 0 0 -1
    outer loop
      vertex 100.73 55.8889 13.29
      vertex 100.9 56.7 13.29
      vertex 100.9 55.9 13.29
    endloop
  endfacet
  facet normal 0 0 -1
    outer loop
      vertex 100.73 55.8889 13.29
      vertex 100.626 56.682 13.29
      vertex 100.9 56.7 13.29
    endloop
  endfacet
  facet normal 0 0 -1
    outer loop
      vertex 100.564 55.8557 13.29
      vertex 100.626 56.682 13.29
      vertex 100.73 55.8889 13.29
    endloop
  endfacet
  facet normal 0 0 -1
    outer loop
      vertex 100.356 56.6284 13.29
      vertex 100.564 55.8557 13.29
      vertex 100.403 55.801 13.29
    endloop
  endfacet
  facet normal 0 0 -1
    outer loop
      vertex 100.564 55.8557 13.29
      vertex 100.356 56.6284 13.29
      vertex 100.626 56.682 13.29
    endloop
  endfacet
  facet normal 0 0 -1
    outer loop
      vertex 100.096 56.5401 13.29
      vertex 100.403 55.801 13.29
      vertex 100.25 55.7258 13.29
    endloop
  endfacet
  facet normal 0 0 -1
    outer loop
      vertex 99.85 56.4187 13.29
      vertex 100.25 55.7258 13.29
      vertex 100.109 55.6314 13.29
    endloop
  endfacet
  facet normal 0 0 -1
    outer loop
      vertex 100.403 55.801 13.29
      vertex 100.096 56.5401 13.29
      vertex 100.356 56.6284 13.29
    endloop
  endfacet
  facet normal 0 0 -1
    outer loop
      vertex 99.6216 56.266 13.29
      vertex 100.109 55.6314 13.29
      vertex 99.9808 55.5192 13.29
    endloop
  endfacet
  facet normal 0 0 -1
    outer loop
      vertex 99.4151 56.0849 13.29
      vertex 99.9808 55.5192 13.29
      vertex 99.8686 55.3914 13.29
    endloop
  endfacet
  facet normal 0 0 -1
    outer loop
      vertex 100.25 55.7258 13.29
      vertex 99.85 56.4187 13.29
      vertex 100.096 56.5401 13.29
    endloop
  endfacet
  facet normal 0 0 -1
    outer loop
      vertex 99.234 55.8784 13.29
      vertex 99.8686 55.3914 13.29
      vertex 99.7742 55.25 13.29
    endloop
  endfacet
  facet normal 0 0 -1
    outer loop
      vertex 99.0813 55.65 13.29
      vertex 99.7742 55.25 13.29
      vertex 99.699 55.0975 13.29
    endloop
  endfacet
  facet normal 0 0 -1
    outer loop
      vertex 98.9599 55.4036 13.29
      vertex 99.699 55.0975 13.29
      vertex 99.6443 54.9365 13.29
    endloop
  endfacet
  facet normal 0 0 -1
    outer loop
      vertex 100.109 55.6314 13.29
      vertex 99.6216 56.266 13.29
      vertex 99.85 56.4187 13.29
    endloop
  endfacet
  facet normal 0 0 -1
    outer loop
      vertex 98.8716 55.1435 13.29
      vertex 99.6443 54.9365 13.29
      vertex 99.6111 54.7697 13.29
    endloop
  endfacet
  facet normal 0 0 -1
    outer loop
      vertex 98.818 54.8741 13.29
      vertex 99.6111 54.7697 13.29
      vertex 99.6 54.6 13.29
    endloop
  endfacet
  facet normal -0 0 -1
    outer loop
      vertex 99.699 54.1025 13.29
      vertex 98.9599 53.7964 13.29
      vertex 99.6443 54.2635 13.29
    endloop
  endfacet
  facet normal 0 0 -1
    outer loop
      vertex 99.9808 55.5192 13.29
      vertex 99.4151 56.0849 13.29
      vertex 99.6216 56.266 13.29
    endloop
  endfacet
  facet normal 0 0 -1
    outer loop
      vertex 98.8716 54.0565 13.29
      vertex 99.6443 54.2635 13.29
      vertex 98.9599 53.7964 13.29
    endloop
  endfacet
  facet normal 0 0 -1
    outer loop
      vertex 99.8686 55.3914 13.29
      vertex 99.234 55.8784 13.29
      vertex 99.4151 56.0849 13.29
    endloop
  endfacet
  facet normal -0 0 -1
    outer loop
      vertex 99.6443 54.2635 13.29
      vertex 98.8716 54.0565 13.29
      vertex 99.6111 54.4303 13.29
    endloop
  endfacet
  facet normal 0 0 -1
    outer loop
      vertex 99.7742 55.25 13.29
      vertex 99.0813 55.65 13.29
      vertex 99.234 55.8784 13.29
    endloop
  endfacet
  facet normal 0 0 -1
    outer loop
      vertex 98.818 54.3259 13.29
      vertex 99.6111 54.4303 13.29
      vertex 98.8716 54.0565 13.29
    endloop
  endfacet
  facet normal 0 0 -1
    outer loop
      vertex 99.699 55.0975 13.29
      vertex 98.9599 55.4036 13.29
      vertex 99.0813 55.65 13.29
    endloop
  endfacet
  facet normal -0 0 -1
    outer loop
      vertex 99.6111 54.4303 13.29
      vertex 98.818 54.3259 13.29
      vertex 99.6 54.6 13.29
    endloop
  endfacet
  facet normal 0 0 -1
    outer loop
      vertex 99.6443 54.9365 13.29
      vertex 98.8716 55.1435 13.29
      vertex 98.9599 55.4036 13.29
    endloop
  endfacet
  facet normal 0 0 -1
    outer loop
      vertex 98.8 54.6 13.29
      vertex 99.6 54.6 13.29
      vertex 98.818 54.3259 13.29
    endloop
  endfacet
  facet normal 0 0 -1
    outer loop
      vertex 99.6111 54.7697 13.29
      vertex 98.818 54.8741 13.29
      vertex 98.8716 55.1435 13.29
    endloop
  endfacet
  facet normal 0 0 -1
    outer loop
      vertex 99.6 54.6 13.29
      vertex 98.8 54.6 13.29
      vertex 98.818 54.8741 13.29
    endloop
  endfacet
  facet normal -0.556465 0.830871 0
    outer loop
      vertex 102.178 52.934 9.1
      vertex 101.95 52.7813 13.29
      vertex 102.178 52.934 13.29
    endloop
  endfacet
  facet normal -0.556465 0.830871 0
    outer loop
      vertex 101.95 52.7813 13.29
      vertex 102.178 52.934 9.1
      vertex 101.95 52.7813 9.1
    endloop
  endfacet
  facet normal -0.752012 0.659149 0
    outer loop
      vertex 102.385 53.1151 9.1
      vertex 102.566 53.3216 13.29
      vertex 102.566 53.3216 9.1
    endloop
  endfacet
  facet normal -0.752012 0.659149 0
    outer loop
      vertex 102.566 53.3216 13.29
      vertex 102.385 53.1151 9.1
      vertex 102.385 53.1151 13.29
    endloop
  endfacet
  facet normal -0.89761 0.440791 0
    outer loop
      vertex 102.719 53.55 9.1
      vertex 102.84 53.7964 13.29
      vertex 102.84 53.7964 9.1
    endloop
  endfacet
  facet normal -0.89761 0.440791 0
    outer loop
      vertex 102.84 53.7964 13.29
      vertex 102.719 53.55 9.1
      vertex 102.719 53.55 13.29
    endloop
  endfacet
  facet normal -0.947253 0.320486 0
    outer loop
      vertex 102.84 53.7964 9.1
      vertex 102.928 54.0565 13.29
      vertex 102.928 54.0565 9.1
    endloop
  endfacet
  facet normal -0.947253 0.320486 0
    outer loop
      vertex 102.928 54.0565 13.29
      vertex 102.84 53.7964 9.1
      vertex 102.84 53.7964 13.29
    endloop
  endfacet
  facet normal 0.0655521 0.997849 -0
    outer loop
      vertex 100.9 52.5 9.1
      vertex 100.626 52.518 13.29
      vertex 100.9 52.5 13.29
    endloop
  endfacet
  facet normal 0.0655521 0.997849 0
    outer loop
      vertex 100.626 52.518 13.29
      vertex 100.9 52.5 9.1
      vertex 100.626 52.518 9.1
    endloop
  endfacet
  facet normal 0.997851 0.0655283 0
    outer loop
      vertex 98.818 54.3259 13.29
      vertex 98.8 54.6 9.1
      vertex 98.8 54.6 13.29
    endloop
  endfacet
  facet normal 0.997851 0.0655283 0
    outer loop
      vertex 98.8 54.6 9.1
      vertex 98.818 54.3259 13.29
      vertex 98.818 54.3259 9.1
    endloop
  endfacet
  facet normal 0.946921 0.321465 0
    outer loop
      vertex 98.9599 53.7964 13.29
      vertex 98.8716 54.0565 9.1
      vertex 98.8716 54.0565 13.29
    endloop
  endfacet
  facet normal 0.946921 0.321465 0
    outer loop
      vertex 98.8716 54.0565 9.1
      vertex 98.9599 53.7964 13.29
      vertex 98.9599 53.7964 9.1
    endloop
  endfacet
  facet normal 0.751832 0.659355 0
    outer loop
      vertex 99.4151 53.1151 13.29
      vertex 99.234 53.3216 9.1
      vertex 99.234 53.3216 13.29
    endloop
  endfacet
  facet normal 0.751832 0.659355 0
    outer loop
      vertex 99.234 53.3216 9.1
      vertex 99.4151 53.1151 13.29
      vertex 99.4151 53.1151 9.1
    endloop
  endfacet
  facet normal -0.658453 0.752622 0
    outer loop
      vertex 102.385 53.1151 9.1
      vertex 102.178 52.934 13.29
      vertex 102.385 53.1151 13.29
    endloop
  endfacet
  facet normal -0.658453 0.752622 0
    outer loop
      vertex 102.178 52.934 13.29
      vertex 102.385 53.1151 9.1
      vertex 102.178 52.934 9.1
    endloop
  endfacet
  facet normal 0.555792 0.831322 -0
    outer loop
      vertex 99.85 52.7813 9.1
      vertex 99.6216 52.934 13.29
      vertex 99.85 52.7813 13.29
    endloop
  endfacet
  facet normal 0.555792 0.831322 0
    outer loop
      vertex 99.6216 52.934 13.29
      vertex 99.85 52.7813 9.1
      vertex 99.6216 52.934 9.1
    endloop
  endfacet
  facet normal -0.0655521 0.997849 0
    outer loop
      vertex 101.174 52.518 9.1
      vertex 100.9 52.5 13.29
      vertex 101.174 52.518 13.29
    endloop
  endfacet
  facet normal -0.0655521 0.997849 0
    outer loop
      vertex 100.9 52.5 13.29
      vertex 101.174 52.518 9.1
      vertex 100.9 52.5 9.1
    endloop
  endfacet
  facet normal 0.980776 0.195136 0
    outer loop
      vertex 98.8716 54.0565 13.29
      vertex 98.818 54.3259 9.1
      vertex 98.818 54.3259 13.29
    endloop
  endfacet
  facet normal 0.980776 0.195136 0
    outer loop
      vertex 98.818 54.3259 9.1
      vertex 98.8716 54.0565 13.29
      vertex 98.8716 54.0565 9.1
    endloop
  endfacet
  facet normal 0.659355 0.751832 -0
    outer loop
      vertex 99.6216 52.934 9.1
      vertex 99.4151 53.1151 13.29
      vertex 99.6216 52.934 13.29
    endloop
  endfacet
  facet normal 0.659355 0.751832 0
    outer loop
      vertex 99.4151 53.1151 13.29
      vertex 99.6216 52.934 9.1
      vertex 99.4151 53.1151 9.1
    endloop
  endfacet
  facet normal 0.897033 0.441964 0
    outer loop
      vertex 99.0813 53.55 13.29
      vertex 98.9599 53.7964 9.1
      vertex 98.9599 53.7964 13.29
    endloop
  endfacet
  facet normal 0.897033 0.441964 0
    outer loop
      vertex 98.9599 53.7964 9.1
      vertex 99.0813 53.55 13.29
      vertex 99.0813 53.55 9.1
    endloop
  endfacet
  facet normal 0.442542 0.896748 -0
    outer loop
      vertex 100.096 52.6599 9.1
      vertex 99.85 52.7813 13.29
      vertex 100.096 52.6599 13.29
    endloop
  endfacet
  facet normal 0.442542 0.896748 0
    outer loop
      vertex 99.85 52.7813 13.29
      vertex 100.096 52.6599 9.1
      vertex 99.85 52.7813 9.1
    endloop
  endfacet
  facet normal 0.321576 0.946884 -0
    outer loop
      vertex 100.356 52.5716 9.1
      vertex 100.096 52.6599 13.29
      vertex 100.356 52.5716 13.29
    endloop
  endfacet
  facet normal 0.321576 0.946884 0
    outer loop
      vertex 100.096 52.6599 13.29
      vertex 100.356 52.5716 9.1
      vertex 100.096 52.6599 9.1
    endloop
  endfacet
  facet normal 0.831322 0.555792 0
    outer loop
      vertex 99.234 53.3216 13.29
      vertex 99.0813 53.55 9.1
      vertex 99.0813 53.55 13.29
    endloop
  endfacet
  facet normal 0.831322 0.555792 0
    outer loop
      vertex 99.0813 53.55 9.1
      vertex 99.234 53.3216 13.29
      vertex 99.234 53.3216 9.1
    endloop
  endfacet
  facet normal -0.99786 -0.065388 0
    outer loop
      vertex 8.56 44.37 16
      vertex 8.53947 44.6833 31
      vertex 8.53947 44.6833 16
    endloop
  endfacet
  facet normal -0.99786 -0.065388 0
    outer loop
      vertex 8.53947 44.6833 31
      vertex 8.56 44.37 16
      vertex 8.56 44.37 31
    endloop
  endfacet
  facet normal 0.99786 -0.065388 0
    outer loop
      vertex 3.76 44.37 31
      vertex 3.78053 44.6833 16
      vertex 3.78053 44.6833 31
    endloop
  endfacet
  facet normal 0.99786 -0.065388 0
    outer loop
      vertex 3.78053 44.6833 16
      vertex 3.76 44.37 31
      vertex 3.76 44.37 16
    endloop
  endfacet
  facet normal -0.0653012 -0.997866 0
    outer loop
      vertex 6.16 46.77 16
      vertex 6.47326 46.7495 31
      vertex 6.16 46.77 31
    endloop
  endfacet
  facet normal -0.0653012 -0.997866 -0
    outer loop
      vertex 6.47326 46.7495 31
      vertex 6.16 46.77 16
      vertex 6.47326 46.7495 16
    endloop
  endfacet
  facet normal -0.659179 -0.751986 0
    outer loop
      vertex 7.62103 46.274 16
      vertex 7.85706 46.0671 31
      vertex 7.62103 46.274 31
    endloop
  endfacet
  facet normal -0.659179 -0.751986 -0
    outer loop
      vertex 7.85706 46.0671 31
      vertex 7.62103 46.274 16
      vertex 7.85706 46.0671 16
    endloop
  endfacet
  facet normal 0.659179 -0.751986 0
    outer loop
      vertex 4.46294 46.0671 16
      vertex 4.69897 46.274 31
      vertex 4.46294 46.0671 31
    endloop
  endfacet
  facet normal 0.659179 -0.751986 0
    outer loop
      vertex 4.69897 46.274 31
      vertex 4.46294 46.0671 16
      vertex 4.69897 46.274 16
    endloop
  endfacet
  facet normal 0.321412 -0.946939 0
    outer loop
      vertex 5.24156 46.5873 16
      vertex 5.53883 46.6882 31
      vertex 5.24156 46.5873 31
    endloop
  endfacet
  facet normal 0.321412 -0.946939 0
    outer loop
      vertex 5.53883 46.6882 31
      vertex 5.24156 46.5873 16
      vertex 5.53883 46.6882 16
    endloop
  endfacet
  facet normal 0.831447 0.555604 0
    outer loop
      vertex 4.25595 42.909 31
      vertex 4.08154 43.17 16
      vertex 4.08154 43.17 31
    endloop
  endfacet
  facet normal 0.831447 0.555604 0
    outer loop
      vertex 4.08154 43.17 16
      vertex 4.25595 42.909 31
      vertex 4.25595 42.909 16
    endloop
  endfacet
  facet normal -0.946907 -0.321509 0
    outer loop
      vertex 8.47822 44.9912 16
      vertex 8.37731 45.2884 31
      vertex 8.37731 45.2884 16
    endloop
  endfacet
  facet normal -0.946907 -0.321509 0
    outer loop
      vertex 8.37731 45.2884 31
      vertex 8.47822 44.9912 16
      vertex 8.47822 44.9912 31
    endloop
  endfacet
  facet normal -0.980782 -0.195105 0
    outer loop
      vertex 8.53947 44.6833 16
      vertex 8.47822 44.9912 31
      vertex 8.47822 44.9912 16
    endloop
  endfacet
  facet normal -0.980782 -0.195105 0
    outer loop
      vertex 8.47822 44.9912 31
      vertex 8.53947 44.6833 16
      vertex 8.53947 44.6833 31
    endloop
  endfacet
  facet normal -0.831447 -0.555604 0
    outer loop
      vertex 8.23846 45.57 16
      vertex 8.06405 45.831 31
      vertex 8.06405 45.831 16
    endloop
  endfacet
  facet normal -0.831447 -0.555604 0
    outer loop
      vertex 8.06405 45.831 31
      vertex 8.23846 45.57 16
      vertex 8.23846 45.57 31
    endloop
  endfacet
  facet normal -0.321412 -0.946939 0
    outer loop
      vertex 6.78117 46.6882 16
      vertex 7.07844 46.5873 31
      vertex 6.78117 46.6882 31
    endloop
  endfacet
  facet normal -0.321412 -0.946939 -0
    outer loop
      vertex 7.07844 46.5873 31
      vertex 6.78117 46.6882 16
      vertex 7.07844 46.5873 16
    endloop
  endfacet
  facet normal -0.195252 -0.980753 0
    outer loop
      vertex 6.47326 46.7495 16
      vertex 6.78117 46.6882 31
      vertex 6.47326 46.7495 31
    endloop
  endfacet
  facet normal -0.195252 -0.980753 -0
    outer loop
      vertex 6.78117 46.6882 31
      vertex 6.47326 46.7495 16
      vertex 6.78117 46.6882 16
    endloop
  endfacet
  facet normal -0.555758 -0.831344 0
    outer loop
      vertex 7.36 46.4485 16
      vertex 7.62103 46.274 31
      vertex 7.36 46.4485 31
    endloop
  endfacet
  facet normal -0.555758 -0.831344 -0
    outer loop
      vertex 7.62103 46.274 31
      vertex 7.36 46.4485 16
      vertex 7.62103 46.274 16
    endloop
  endfacet
  facet normal 0.896898 -0.442238 0
    outer loop
      vertex 3.94269 45.2884 31
      vertex 4.08154 45.57 16
      vertex 4.08154 45.57 31
    endloop
  endfacet
  facet normal 0.896898 -0.442238 0
    outer loop
      vertex 4.08154 45.57 16
      vertex 3.94269 45.2884 31
      vertex 3.94269 45.2884 16
    endloop
  endfacet
  facet normal 0.831447 -0.555604 0
    outer loop
      vertex 4.08154 45.57 31
      vertex 4.25595 45.831 16
      vertex 4.25595 45.831 31
    endloop
  endfacet
  facet normal 0.831447 -0.555604 0
    outer loop
      vertex 4.25595 45.831 16
      vertex 4.08154 45.57 31
      vertex 4.08154 45.57 16
    endloop
  endfacet
  facet normal 0.980782 -0.195105 0
    outer loop
      vertex 3.78053 44.6833 31
      vertex 3.84178 44.9912 16
      vertex 3.84178 44.9912 31
    endloop
  endfacet
  facet normal 0.980782 -0.195105 0
    outer loop
      vertex 3.84178 44.9912 16
      vertex 3.78053 44.6833 31
      vertex 3.78053 44.6833 16
    endloop
  endfacet
  facet normal 0.555758 -0.831344 0
    outer loop
      vertex 4.69897 46.274 16
      vertex 4.96 46.4485 31
      vertex 4.69897 46.274 31
    endloop
  endfacet
  facet normal 0.555758 -0.831344 0
    outer loop
      vertex 4.96 46.4485 31
      vertex 4.69897 46.274 16
      vertex 4.96 46.4485 16
    endloop
  endfacet
  facet normal 0.0653012 -0.997866 0
    outer loop
      vertex 5.84674 46.7495 16
      vertex 6.16 46.77 31
      vertex 5.84674 46.7495 31
    endloop
  endfacet
  facet normal 0.0653012 -0.997866 0
    outer loop
      vertex 6.16 46.77 31
      vertex 5.84674 46.7495 16
      vertex 6.16 46.77 16
    endloop
  endfacet
  facet normal -0.99786 0.065388 0
    outer loop
      vertex 8.53947 44.0567 16
      vertex 8.56 44.37 31
      vertex 8.56 44.37 16
    endloop
  endfacet
  facet normal -0.99786 0.065388 0
    outer loop
      vertex 8.56 44.37 31
      vertex 8.53947 44.0567 16
      vertex 8.53947 44.0567 31
    endloop
  endfacet
  facet normal -0.321412 0.946939 0
    outer loop
      vertex 7.07844 42.1527 16
      vertex 6.78117 42.0518 31
      vertex 7.07844 42.1527 31
    endloop
  endfacet
  facet normal -0.321412 0.946939 0
    outer loop
      vertex 6.78117 42.0518 31
      vertex 7.07844 42.1527 16
      vertex 6.78117 42.0518 16
    endloop
  endfacet
  facet normal -0.980782 0.195105 0
    outer loop
      vertex 8.47822 43.7488 16
      vertex 8.53947 44.0567 31
      vertex 8.53947 44.0567 16
    endloop
  endfacet
  facet normal -0.980782 0.195105 0
    outer loop
      vertex 8.53947 44.0567 31
      vertex 8.47822 43.7488 16
      vertex 8.47822 43.7488 31
    endloop
  endfacet
  facet normal 0.321412 0.946939 -0
    outer loop
      vertex 5.53883 42.0518 16
      vertex 5.24156 42.1527 31
      vertex 5.53883 42.0518 31
    endloop
  endfacet
  facet normal 0.321412 0.946939 0
    outer loop
      vertex 5.24156 42.1527 31
      vertex 5.53883 42.0518 16
      vertex 5.24156 42.1527 16
    endloop
  endfacet
  facet normal 0.44216 0.896936 -0
    outer loop
      vertex 5.24156 42.1527 16
      vertex 4.96 42.2915 31
      vertex 5.24156 42.1527 31
    endloop
  endfacet
  facet normal 0.44216 0.896936 0
    outer loop
      vertex 4.96 42.2915 31
      vertex 5.24156 42.1527 16
      vertex 4.96 42.2915 16
    endloop
  endfacet
  facet normal 0.99786 0.065388 0
    outer loop
      vertex 3.78053 44.0567 31
      vertex 3.76 44.37 16
      vertex 3.76 44.37 31
    endloop
  endfacet
  facet normal 0.99786 0.065388 0
    outer loop
      vertex 3.76 44.37 16
      vertex 3.78053 44.0567 31
      vertex 3.78053 44.0567 16
    endloop
  endfacet
  facet normal 0.896898 0.442238 0
    outer loop
      vertex 4.08154 43.17 31
      vertex 3.94269 43.4516 16
      vertex 3.94269 43.4516 31
    endloop
  endfacet
  facet normal 0.896898 0.442238 0
    outer loop
      vertex 3.94269 43.4516 16
      vertex 4.08154 43.17 31
      vertex 4.08154 43.17 16
    endloop
  endfacet
  facet normal -0.896898 -0.442238 0
    outer loop
      vertex 8.37731 45.2884 16
      vertex 8.23846 45.57 31
      vertex 8.23846 45.57 16
    endloop
  endfacet
  facet normal -0.896898 -0.442238 0
    outer loop
      vertex 8.23846 45.57 31
      vertex 8.37731 45.2884 16
      vertex 8.37731 45.2884 31
    endloop
  endfacet
  facet normal -0.751941 -0.65923 0
    outer loop
      vertex 8.06405 45.831 16
      vertex 7.85706 46.0671 31
      vertex 7.85706 46.0671 16
    endloop
  endfacet
  facet normal -0.751941 -0.65923 0
    outer loop
      vertex 7.85706 46.0671 31
      vertex 8.06405 45.831 16
      vertex 8.06405 45.831 31
    endloop
  endfacet
  facet normal -0.44216 -0.896936 0
    outer loop
      vertex 7.07844 46.5873 16
      vertex 7.36 46.4485 31
      vertex 7.07844 46.5873 31
    endloop
  endfacet
  facet normal -0.44216 -0.896936 -0
    outer loop
      vertex 7.36 46.4485 31
      vertex 7.07844 46.5873 16
      vertex 7.36 46.4485 16
    endloop
  endfacet
  facet normal 0.751941 -0.65923 0
    outer loop
      vertex 4.25595 45.831 31
      vertex 4.46294 46.0671 16
      vertex 4.46294 46.0671 31
    endloop
  endfacet
  facet normal 0.751941 -0.65923 0
    outer loop
      vertex 4.46294 46.0671 16
      vertex 4.25595 45.831 31
      vertex 4.25595 45.831 16
    endloop
  endfacet
  facet normal 0.946907 -0.321509 0
    outer loop
      vertex 3.84178 44.9912 31
      vertex 3.94269 45.2884 16
      vertex 3.94269 45.2884 31
    endloop
  endfacet
  facet normal 0.946907 -0.321509 0
    outer loop
      vertex 3.94269 45.2884 16
      vertex 3.84178 44.9912 31
      vertex 3.84178 44.9912 16
    endloop
  endfacet
  facet normal 0.44216 -0.896936 0
    outer loop
      vertex 4.96 46.4485 16
      vertex 5.24156 46.5873 31
      vertex 4.96 46.4485 31
    endloop
  endfacet
  facet normal 0.44216 -0.896936 0
    outer loop
      vertex 5.24156 46.5873 31
      vertex 4.96 46.4485 16
      vertex 5.24156 46.5873 16
    endloop
  endfacet
  facet normal 0.195252 -0.980753 0
    outer loop
      vertex 5.53883 46.6882 16
      vertex 5.84674 46.7495 31
      vertex 5.53883 46.6882 31
    endloop
  endfacet
  facet normal 0.195252 -0.980753 0
    outer loop
      vertex 5.84674 46.7495 31
      vertex 5.53883 46.6882 16
      vertex 5.84674 46.7495 16
    endloop
  endfacet
  facet normal -0.0653012 0.997866 0
    outer loop
      vertex 6.47326 41.9905 16
      vertex 6.16 41.97 31
      vertex 6.47326 41.9905 31
    endloop
  endfacet
  facet normal -0.0653012 0.997866 0
    outer loop
      vertex 6.16 41.97 31
      vertex 6.47326 41.9905 16
      vertex 6.16 41.97 16
    endloop
  endfacet
  facet normal -0.195252 0.980753 0
    outer loop
      vertex 6.78117 42.0518 16
      vertex 6.47326 41.9905 31
      vertex 6.78117 42.0518 31
    endloop
  endfacet
  facet normal -0.195252 0.980753 0
    outer loop
      vertex 6.47326 41.9905 31
      vertex 6.78117 42.0518 16
      vertex 6.47326 41.9905 16
    endloop
  endfacet
  facet normal -0.555758 0.831344 0
    outer loop
      vertex 7.62103 42.466 16
      vertex 7.36 42.2915 31
      vertex 7.62103 42.466 31
    endloop
  endfacet
  facet normal -0.555758 0.831344 0
    outer loop
      vertex 7.36 42.2915 31
      vertex 7.62103 42.466 16
      vertex 7.36 42.2915 16
    endloop
  endfacet
  facet normal -0.751941 0.65923 0
    outer loop
      vertex 7.85706 42.6729 16
      vertex 8.06405 42.909 31
      vertex 8.06405 42.909 16
    endloop
  endfacet
  facet normal -0.751941 0.65923 0
    outer loop
      vertex 8.06405 42.909 31
      vertex 7.85706 42.6729 16
      vertex 7.85706 42.6729 31
    endloop
  endfacet
  facet normal -0.946907 0.321509 0
    outer loop
      vertex 8.37731 43.4516 16
      vertex 8.47822 43.7488 31
      vertex 8.47822 43.7488 16
    endloop
  endfacet
  facet normal -0.946907 0.321509 0
    outer loop
      vertex 8.47822 43.7488 31
      vertex 8.37731 43.4516 16
      vertex 8.37731 43.4516 31
    endloop
  endfacet
  facet normal -0.831447 0.555604 0
    outer loop
      vertex 8.06405 42.909 16
      vertex 8.23846 43.17 31
      vertex 8.23846 43.17 16
    endloop
  endfacet
  facet normal -0.831447 0.555604 0
    outer loop
      vertex 8.23846 43.17 31
      vertex 8.06405 42.909 16
      vertex 8.06405 42.909 31
    endloop
  endfacet
  facet normal -0.896898 0.442238 0
    outer loop
      vertex 8.23846 43.17 16
      vertex 8.37731 43.4516 31
      vertex 8.37731 43.4516 16
    endloop
  endfacet
  facet normal -0.896898 0.442238 0
    outer loop
      vertex 8.37731 43.4516 31
      vertex 8.23846 43.17 16
      vertex 8.23846 43.17 31
    endloop
  endfacet
  facet normal 0.659179 0.751986 -0
    outer loop
      vertex 4.69897 42.466 16
      vertex 4.46294 42.6729 31
      vertex 4.69897 42.466 31
    endloop
  endfacet
  facet normal 0.659179 0.751986 0
    outer loop
      vertex 4.46294 42.6729 31
      vertex 4.69897 42.466 16
      vertex 4.46294 42.6729 16
    endloop
  endfacet
  facet normal 0.0653012 0.997866 -0
    outer loop
      vertex 6.16 41.97 16
      vertex 5.84674 41.9905 31
      vertex 6.16 41.97 31
    endloop
  endfacet
  facet normal 0.0653012 0.997866 0
    outer loop
      vertex 5.84674 41.9905 31
      vertex 6.16 41.97 16
      vertex 5.84674 41.9905 16
    endloop
  endfacet
  facet normal 0.555758 0.831344 -0
    outer loop
      vertex 4.96 42.2915 16
      vertex 4.69897 42.466 31
      vertex 4.96 42.2915 31
    endloop
  endfacet
  facet normal 0.555758 0.831344 0
    outer loop
      vertex 4.69897 42.466 31
      vertex 4.96 42.2915 16
      vertex 4.69897 42.466 16
    endloop
  endfacet
  facet normal 0.751941 0.65923 0
    outer loop
      vertex 4.46294 42.6729 31
      vertex 4.25595 42.909 16
      vertex 4.25595 42.909 31
    endloop
  endfacet
  facet normal 0.751941 0.65923 0
    outer loop
      vertex 4.25595 42.909 16
      vertex 4.46294 42.6729 31
      vertex 4.46294 42.6729 16
    endloop
  endfacet
  facet normal 0.980782 0.195105 0
    outer loop
      vertex 3.84178 43.7488 31
      vertex 3.78053 44.0567 16
      vertex 3.78053 44.0567 31
    endloop
  endfacet
  facet normal 0.980782 0.195105 0
    outer loop
      vertex 3.78053 44.0567 16
      vertex 3.84178 43.7488 31
      vertex 3.84178 43.7488 16
    endloop
  endfacet
  facet normal -0.44216 0.896936 0
    outer loop
      vertex 7.36 42.2915 16
      vertex 7.07844 42.1527 31
      vertex 7.36 42.2915 31
    endloop
  endfacet
  facet normal -0.44216 0.896936 0
    outer loop
      vertex 7.07844 42.1527 31
      vertex 7.36 42.2915 16
      vertex 7.07844 42.1527 16
    endloop
  endfacet
  facet normal -0.659179 0.751986 0
    outer loop
      vertex 7.85706 42.6729 16
      vertex 7.62103 42.466 31
      vertex 7.85706 42.6729 31
    endloop
  endfacet
  facet normal -0.659179 0.751986 0
    outer loop
      vertex 7.62103 42.466 31
      vertex 7.85706 42.6729 16
      vertex 7.62103 42.466 16
    endloop
  endfacet
  facet normal 0.195252 0.980753 -0
    outer loop
      vertex 5.84674 41.9905 16
      vertex 5.53883 42.0518 31
      vertex 5.84674 41.9905 31
    endloop
  endfacet
  facet normal 0.195252 0.980753 0
    outer loop
      vertex 5.53883 42.0518 31
      vertex 5.84674 41.9905 16
      vertex 5.53883 42.0518 16
    endloop
  endfacet
  facet normal 0.946907 0.321509 0
    outer loop
      vertex 3.94269 43.4516 31
      vertex 3.84178 43.7488 16
      vertex 3.84178 43.7488 31
    endloop
  endfacet
  facet normal 0.946907 0.321509 0
    outer loop
      vertex 3.84178 43.7488 16
      vertex 3.94269 43.4516 31
      vertex 3.94269 43.4516 16
    endloop
  endfacet
  facet normal -0.99786 -0.065388 0
    outer loop
      vertex 8.56 16.93 16
      vertex 8.53947 17.2433 31
      vertex 8.53947 17.2433 16
    endloop
  endfacet
  facet normal -0.99786 -0.065388 0
    outer loop
      vertex 8.53947 17.2433 31
      vertex 8.56 16.93 16
      vertex 8.56 16.93 31
    endloop
  endfacet
  facet normal 0.99786 -0.065388 0
    outer loop
      vertex 3.76 16.93 31
      vertex 3.78053 17.2433 16
      vertex 3.78053 17.2433 31
    endloop
  endfacet
  facet normal 0.99786 -0.065388 0
    outer loop
      vertex 3.78053 17.2433 16
      vertex 3.76 16.93 31
      vertex 3.76 16.93 16
    endloop
  endfacet
  facet normal -0.0653012 -0.997866 0
    outer loop
      vertex 6.16 19.33 16
      vertex 6.47326 19.3095 31
      vertex 6.16 19.33 31
    endloop
  endfacet
  facet normal -0.0653012 -0.997866 -0
    outer loop
      vertex 6.47326 19.3095 31
      vertex 6.16 19.33 16
      vertex 6.47326 19.3095 16
    endloop
  endfacet
  facet normal -0.751941 -0.65923 0
    outer loop
      vertex 8.06405 18.391 16
      vertex 7.85706 18.6271 31
      vertex 7.85706 18.6271 16
    endloop
  endfacet
  facet normal -0.751941 -0.65923 0
    outer loop
      vertex 7.85706 18.6271 31
      vertex 8.06405 18.391 16
      vertex 8.06405 18.391 31
    endloop
  endfacet
  facet normal 0.659179 -0.751986 0
    outer loop
      vertex 4.46294 18.6271 16
      vertex 4.69897 18.834 31
      vertex 4.46294 18.6271 31
    endloop
  endfacet
  facet normal 0.659179 -0.751986 0
    outer loop
      vertex 4.69897 18.834 31
      vertex 4.46294 18.6271 16
      vertex 4.69897 18.834 16
    endloop
  endfacet
  facet normal 0.321412 -0.946939 0
    outer loop
      vertex 5.24156 19.1473 16
      vertex 5.53883 19.2482 31
      vertex 5.24156 19.1473 31
    endloop
  endfacet
  facet normal 0.321412 -0.946939 0
    outer loop
      vertex 5.53883 19.2482 31
      vertex 5.24156 19.1473 16
      vertex 5.53883 19.2482 16
    endloop
  endfacet
  facet normal -0.831447 0.555604 0
    outer loop
      vertex 8.06405 15.469 16
      vertex 8.23846 15.73 31
      vertex 8.23846 15.73 16
    endloop
  endfacet
  facet normal -0.831447 0.555604 0
    outer loop
      vertex 8.23846 15.73 31
      vertex 8.06405 15.469 16
      vertex 8.06405 15.469 31
    endloop
  endfacet
  facet normal -0.946907 -0.321509 0
    outer loop
      vertex 8.47822 17.5512 16
      vertex 8.37731 17.8484 31
      vertex 8.37731 17.8484 16
    endloop
  endfacet
  facet normal -0.946907 -0.321509 0
    outer loop
      vertex 8.37731 17.8484 31
      vertex 8.47822 17.5512 16
      vertex 8.47822 17.5512 31
    endloop
  endfacet
  facet normal -0.980782 -0.195105 0
    outer loop
      vertex 8.53947 17.2433 16
      vertex 8.47822 17.5512 31
      vertex 8.47822 17.5512 16
    endloop
  endfacet
  facet normal -0.980782 -0.195105 0
    outer loop
      vertex 8.47822 17.5512 31
      vertex 8.53947 17.2433 16
      vertex 8.53947 17.2433 31
    endloop
  endfacet
  facet normal -0.44216 -0.896936 0
    outer loop
      vertex 7.07844 19.1473 16
      vertex 7.36 19.0085 31
      vertex 7.07844 19.1473 31
    endloop
  endfacet
  facet normal -0.44216 -0.896936 -0
    outer loop
      vertex 7.36 19.0085 31
      vertex 7.07844 19.1473 16
      vertex 7.36 19.0085 16
    endloop
  endfacet
  facet normal -0.659179 -0.751986 0
    outer loop
      vertex 7.62103 18.834 16
      vertex 7.85706 18.6271 31
      vertex 7.62103 18.834 31
    endloop
  endfacet
  facet normal -0.659179 -0.751986 -0
    outer loop
      vertex 7.85706 18.6271 31
      vertex 7.62103 18.834 16
      vertex 7.85706 18.6271 16
    endloop
  endfacet
  facet normal 0.896898 -0.442238 0
    outer loop
      vertex 3.94269 17.8484 31
      vertex 4.08154 18.13 16
      vertex 4.08154 18.13 31
    endloop
  endfacet
  facet normal 0.896898 -0.442238 0
    outer loop
      vertex 4.08154 18.13 16
      vertex 3.94269 17.8484 31
      vertex 3.94269 17.8484 16
    endloop
  endfacet
  facet normal 0.831447 -0.555604 0
    outer loop
      vertex 4.08154 18.13 31
      vertex 4.25595 18.391 16
      vertex 4.25595 18.391 31
    endloop
  endfacet
  facet normal 0.831447 -0.555604 0
    outer loop
      vertex 4.25595 18.391 16
      vertex 4.08154 18.13 31
      vertex 4.08154 18.13 16
    endloop
  endfacet
  facet normal 0.980782 -0.195105 0
    outer loop
      vertex 3.78053 17.2433 31
      vertex 3.84178 17.5512 16
      vertex 3.84178 17.5512 31
    endloop
  endfacet
  facet normal 0.980782 -0.195105 0
    outer loop
      vertex 3.84178 17.5512 16
      vertex 3.78053 17.2433 31
      vertex 3.78053 17.2433 16
    endloop
  endfacet
  facet normal 0.555758 -0.831344 0
    outer loop
      vertex 4.69897 18.834 16
      vertex 4.96 19.0085 31
      vertex 4.69897 18.834 31
    endloop
  endfacet
  facet normal 0.555758 -0.831344 0
    outer loop
      vertex 4.96 19.0085 31
      vertex 4.69897 18.834 16
      vertex 4.96 19.0085 16
    endloop
  endfacet
  facet normal 0.0653012 -0.997866 0
    outer loop
      vertex 5.84674 19.3095 16
      vertex 6.16 19.33 31
      vertex 5.84674 19.3095 31
    endloop
  endfacet
  facet normal 0.0653012 -0.997866 0
    outer loop
      vertex 6.16 19.33 31
      vertex 5.84674 19.3095 16
      vertex 6.16 19.33 16
    endloop
  endfacet
  facet normal -0.99786 0.065388 0
    outer loop
      vertex 8.53947 16.6167 16
      vertex 8.56 16.93 31
      vertex 8.56 16.93 16
    endloop
  endfacet
  facet normal -0.99786 0.065388 0
    outer loop
      vertex 8.56 16.93 31
      vertex 8.53947 16.6167 16
      vertex 8.53947 16.6167 31
    endloop
  endfacet
  facet normal 0.195252 0.980753 -0
    outer loop
      vertex 5.84674 14.5505 16
      vertex 5.53883 14.6118 31
      vertex 5.84674 14.5505 31
    endloop
  endfacet
  facet normal 0.195252 0.980753 0
    outer loop
      vertex 5.53883 14.6118 31
      vertex 5.84674 14.5505 16
      vertex 5.53883 14.6118 16
    endloop
  endfacet
  facet normal 0.896898 0.442238 0
    outer loop
      vertex 4.08154 15.73 31
      vertex 3.94269 16.0116 16
      vertex 3.94269 16.0116 31
    endloop
  endfacet
  facet normal 0.896898 0.442238 0
    outer loop
      vertex 3.94269 16.0116 16
      vertex 4.08154 15.73 31
      vertex 4.08154 15.73 16
    endloop
  endfacet
  facet normal -0.195252 0.980753 0
    outer loop
      vertex 6.78117 14.6118 16
      vertex 6.47326 14.5505 31
      vertex 6.78117 14.6118 31
    endloop
  endfacet
  facet normal -0.195252 0.980753 0
    outer loop
      vertex 6.47326 14.5505 31
      vertex 6.78117 14.6118 16
      vertex 6.47326 14.5505 16
    endloop
  endfacet
  facet normal -0.831447 -0.555604 0
    outer loop
      vertex 8.23846 18.13 16
      vertex 8.06405 18.391 31
      vertex 8.06405 18.391 16
    endloop
  endfacet
  facet normal -0.831447 -0.555604 0
    outer loop
      vertex 8.06405 18.391 31
      vertex 8.23846 18.13 16
      vertex 8.23846 18.13 31
    endloop
  endfacet
  facet normal -0.896898 -0.442238 0
    outer loop
      vertex 8.37731 17.8484 16
      vertex 8.23846 18.13 31
      vertex 8.23846 18.13 16
    endloop
  endfacet
  facet normal -0.896898 -0.442238 0
    outer loop
      vertex 8.23846 18.13 31
      vertex 8.37731 17.8484 16
      vertex 8.37731 17.8484 31
    endloop
  endfacet
  facet normal -0.321412 -0.946939 0
    outer loop
      vertex 6.78117 19.2482 16
      vertex 7.07844 19.1473 31
      vertex 6.78117 19.2482 31
    endloop
  endfacet
  facet normal -0.321412 -0.946939 -0
    outer loop
      vertex 7.07844 19.1473 31
      vertex 6.78117 19.2482 16
      vertex 7.07844 19.1473 16
    endloop
  endfacet
  facet normal -0.195252 -0.980753 0
    outer loop
      vertex 6.47326 19.3095 16
      vertex 6.78117 19.2482 31
      vertex 6.47326 19.3095 31
    endloop
  endfacet
  facet normal -0.195252 -0.980753 -0
    outer loop
      vertex 6.78117 19.2482 31
      vertex 6.47326 19.3095 16
      vertex 6.78117 19.2482 16
    endloop
  endfacet
  facet normal -0.555758 -0.831344 0
    outer loop
      vertex 7.36 19.0085 16
      vertex 7.62103 18.834 31
      vertex 7.36 19.0085 31
    endloop
  endfacet
  facet normal -0.555758 -0.831344 -0
    outer loop
      vertex 7.62103 18.834 31
      vertex 7.36 19.0085 16
      vertex 7.62103 18.834 16
    endloop
  endfacet
  facet normal 0.751941 -0.65923 0
    outer loop
      vertex 4.25595 18.391 31
      vertex 4.46294 18.6271 16
      vertex 4.46294 18.6271 31
    endloop
  endfacet
  facet normal 0.751941 -0.65923 0
    outer loop
      vertex 4.46294 18.6271 16
      vertex 4.25595 18.391 31
      vertex 4.25595 18.391 16
    endloop
  endfacet
  facet normal 0.946907 -0.321509 0
    outer loop
      vertex 3.84178 17.5512 31
      vertex 3.94269 17.8484 16
      vertex 3.94269 17.8484 31
    endloop
  endfacet
  facet normal 0.946907 -0.321509 0
    outer loop
      vertex 3.94269 17.8484 16
      vertex 3.84178 17.5512 31
      vertex 3.84178 17.5512 16
    endloop
  endfacet
  facet normal 0.44216 -0.896936 0
    outer loop
      vertex 4.96 19.0085 16
      vertex 5.24156 19.1473 31
      vertex 4.96 19.0085 31
    endloop
  endfacet
  facet normal 0.44216 -0.896936 0
    outer loop
      vertex 5.24156 19.1473 31
      vertex 4.96 19.0085 16
      vertex 5.24156 19.1473 16
    endloop
  endfacet
  facet normal 0.195252 -0.980753 0
    outer loop
      vertex 5.53883 19.2482 16
      vertex 5.84674 19.3095 31
      vertex 5.53883 19.2482 31
    endloop
  endfacet
  facet normal 0.195252 -0.980753 0
    outer loop
      vertex 5.84674 19.3095 31
      vertex 5.53883 19.2482 16
      vertex 5.84674 19.3095 16
    endloop
  endfacet
  facet normal -0.555758 0.831344 0
    outer loop
      vertex 7.62103 15.026 16
      vertex 7.36 14.8515 31
      vertex 7.62103 15.026 31
    endloop
  endfacet
  facet normal -0.555758 0.831344 0
    outer loop
      vertex 7.36 14.8515 31
      vertex 7.62103 15.026 16
      vertex 7.36 14.8515 16
    endloop
  endfacet
  facet normal -0.946907 0.321509 0
    outer loop
      vertex 8.37731 16.0116 16
      vertex 8.47822 16.3088 31
      vertex 8.47822 16.3088 16
    endloop
  endfacet
  facet normal -0.946907 0.321509 0
    outer loop
      vertex 8.47822 16.3088 31
      vertex 8.37731 16.0116 16
      vertex 8.37731 16.0116 31
    endloop
  endfacet
  facet normal -0.896898 0.442238 0
    outer loop
      vertex 8.23846 15.73 16
      vertex 8.37731 16.0116 31
      vertex 8.37731 16.0116 16
    endloop
  endfacet
  facet normal -0.896898 0.442238 0
    outer loop
      vertex 8.37731 16.0116 31
      vertex 8.23846 15.73 16
      vertex 8.23846 15.73 31
    endloop
  endfacet
  facet normal -0.980782 0.195105 0
    outer loop
      vertex 8.47822 16.3088 16
      vertex 8.53947 16.6167 31
      vertex 8.53947 16.6167 16
    endloop
  endfacet
  facet normal -0.980782 0.195105 0
    outer loop
      vertex 8.53947 16.6167 31
      vertex 8.47822 16.3088 16
      vertex 8.47822 16.3088 31
    endloop
  endfacet
  facet normal 0.0653012 0.997866 -0
    outer loop
      vertex 6.16 14.53 16
      vertex 5.84674 14.5505 31
      vertex 6.16 14.53 31
    endloop
  endfacet
  facet normal 0.0653012 0.997866 0
    outer loop
      vertex 5.84674 14.5505 31
      vertex 6.16 14.53 16
      vertex 5.84674 14.5505 16
    endloop
  endfacet
  facet normal 0.99786 0.065388 0
    outer loop
      vertex 3.78053 16.6167 31
      vertex 3.76 16.93 16
      vertex 3.76 16.93 31
    endloop
  endfacet
  facet normal 0.99786 0.065388 0
    outer loop
      vertex 3.76 16.93 16
      vertex 3.78053 16.6167 31
      vertex 3.78053 16.6167 16
    endloop
  endfacet
  facet normal -0.44216 0.896936 0
    outer loop
      vertex 7.36 14.8515 16
      vertex 7.07844 14.7127 31
      vertex 7.36 14.8515 31
    endloop
  endfacet
  facet normal -0.44216 0.896936 0
    outer loop
      vertex 7.07844 14.7127 31
      vertex 7.36 14.8515 16
      vertex 7.07844 14.7127 16
    endloop
  endfacet
  facet normal -0.321412 0.946939 0
    outer loop
      vertex 7.07844 14.7127 16
      vertex 6.78117 14.6118 31
      vertex 7.07844 14.7127 31
    endloop
  endfacet
  facet normal -0.321412 0.946939 0
    outer loop
      vertex 6.78117 14.6118 31
      vertex 7.07844 14.7127 16
      vertex 6.78117 14.6118 16
    endloop
  endfacet
  facet normal 0.321412 0.946939 -0
    outer loop
      vertex 5.53883 14.6118 16
      vertex 5.24156 14.7127 31
      vertex 5.53883 14.6118 31
    endloop
  endfacet
  facet normal 0.321412 0.946939 0
    outer loop
      vertex 5.24156 14.7127 31
      vertex 5.53883 14.6118 16
      vertex 5.24156 14.7127 16
    endloop
  endfacet
  facet normal 0.659179 0.751986 -0
    outer loop
      vertex 4.69897 15.026 16
      vertex 4.46294 15.2329 31
      vertex 4.69897 15.026 31
    endloop
  endfacet
  facet normal 0.659179 0.751986 0
    outer loop
      vertex 4.46294 15.2329 31
      vertex 4.69897 15.026 16
      vertex 4.46294 15.2329 16
    endloop
  endfacet
  facet normal -0.659179 0.751986 0
    outer loop
      vertex 7.85706 15.2329 16
      vertex 7.62103 15.026 31
      vertex 7.85706 15.2329 31
    endloop
  endfacet
  facet normal -0.659179 0.751986 0
    outer loop
      vertex 7.62103 15.026 31
      vertex 7.85706 15.2329 16
      vertex 7.62103 15.026 16
    endloop
  endfacet
  facet normal -0.0653012 0.997866 0
    outer loop
      vertex 6.47326 14.5505 16
      vertex 6.16 14.53 31
      vertex 6.47326 14.5505 31
    endloop
  endfacet
  facet normal -0.0653012 0.997866 0
    outer loop
      vertex 6.16 14.53 31
      vertex 6.47326 14.5505 16
      vertex 6.16 14.53 16
    endloop
  endfacet
  facet normal 0.555758 0.831344 -0
    outer loop
      vertex 4.96 14.8515 16
      vertex 4.69897 15.026 31
      vertex 4.96 14.8515 31
    endloop
  endfacet
  facet normal 0.555758 0.831344 0
    outer loop
      vertex 4.69897 15.026 31
      vertex 4.96 14.8515 16
      vertex 4.69897 15.026 16
    endloop
  endfacet
  facet normal 0.831447 0.555604 0
    outer loop
      vertex 4.25595 15.469 31
      vertex 4.08154 15.73 16
      vertex 4.08154 15.73 31
    endloop
  endfacet
  facet normal 0.831447 0.555604 0
    outer loop
      vertex 4.08154 15.73 16
      vertex 4.25595 15.469 31
      vertex 4.25595 15.469 16
    endloop
  endfacet
  facet normal 0.946907 0.321509 0
    outer loop
      vertex 3.94269 16.0116 31
      vertex 3.84178 16.3088 16
      vertex 3.84178 16.3088 31
    endloop
  endfacet
  facet normal 0.946907 0.321509 0
    outer loop
      vertex 3.84178 16.3088 16
      vertex 3.94269 16.0116 31
      vertex 3.94269 16.0116 16
    endloop
  endfacet
  facet normal 0.980782 0.195105 0
    outer loop
      vertex 3.84178 16.3088 31
      vertex 3.78053 16.6167 16
      vertex 3.78053 16.6167 31
    endloop
  endfacet
  facet normal 0.980782 0.195105 0
    outer loop
      vertex 3.78053 16.6167 16
      vertex 3.84178 16.3088 31
      vertex 3.84178 16.3088 16
    endloop
  endfacet
  facet normal -0.751941 0.65923 0
    outer loop
      vertex 7.85706 15.2329 16
      vertex 8.06405 15.469 31
      vertex 8.06405 15.469 16
    endloop
  endfacet
  facet normal -0.751941 0.65923 0
    outer loop
      vertex 8.06405 15.469 31
      vertex 7.85706 15.2329 16
      vertex 7.85706 15.2329 31
    endloop
  endfacet
  facet normal 0.44216 0.896936 -0
    outer loop
      vertex 5.24156 14.7127 16
      vertex 4.96 14.8515 31
      vertex 5.24156 14.7127 31
    endloop
  endfacet
  facet normal 0.44216 0.896936 0
    outer loop
      vertex 4.96 14.8515 31
      vertex 5.24156 14.7127 16
      vertex 4.96 14.8515 16
    endloop
  endfacet
  facet normal 0.751941 0.65923 0
    outer loop
      vertex 4.46294 15.2329 31
      vertex 4.25595 15.469 16
      vertex 4.25595 15.469 31
    endloop
  endfacet
  facet normal 0.751941 0.65923 0
    outer loop
      vertex 4.25595 15.469 16
      vertex 4.46294 15.2329 31
      vertex 4.46294 15.2329 16
    endloop
  endfacet
  facet normal -1 0 0
    outer loop
      vertex 27.9 47.3148 28.6
      vertex 27.9 55.4279 31
      vertex 27.9 55.4279 28.6
    endloop
  endfacet
  facet normal -1 -0 0
    outer loop
      vertex 27.9 55.4279 31
      vertex 27.9 47.3148 28.6
      vertex 27.9 47.3148 31
    endloop
  endfacet
  facet normal 1 -0 0
    outer loop
      vertex 30.1 47.3148 31
      vertex 30.1 55.4279 28.6
      vertex 30.1 55.4279 31
    endloop
  endfacet
  facet normal 1 0 0
    outer loop
      vertex 30.1 55.4279 28.6
      vertex 30.1 47.3148 31
      vertex 30.1 47.3148 28.6
    endloop
  endfacet
  facet normal 0.707107 0.707107 -0
    outer loop
      vertex 27.4339 47.1218 28.6
      vertex 21.6971 52.8586 31
      vertex 27.4339 47.1218 31
    endloop
  endfacet
  facet normal 0.707107 0.707107 0
    outer loop
      vertex 21.6971 52.8586 31
      vertex 27.4339 47.1218 28.6
      vertex 21.6971 52.8586 28.6
    endloop
  endfacet
  facet normal -0.707107 -0.707107 0
    outer loop
      vertex 25.8782 45.5661 28.6
      vertex 20.1414 51.3029 31
      vertex 20.1414 51.3029 28.6
    endloop
  endfacet
  facet normal -0.707107 -0.707107 0
    outer loop
      vertex 20.1414 51.3029 31
      vertex 25.8782 45.5661 28.6
      vertex 25.8782 45.5661 31
    endloop
  endfacet
  facet normal 0 1 -0
    outer loop
      vertex 25.6852 45.1 28.6
      vertex 17.5721 45.1 31
      vertex 25.6852 45.1 31
    endloop
  endfacet
  facet normal 0 1 0
    outer loop
      vertex 17.5721 45.1 31
      vertex 25.6852 45.1 28.6
      vertex 17.5721 45.1 28.6
    endloop
  endfacet
  facet normal 0 -1 0
    outer loop
      vertex 17.5721 42.9 28.6
      vertex 25.6852 42.9 31
      vertex 17.5721 42.9 31
    endloop
  endfacet
  facet normal 0 -1 -0
    outer loop
      vertex 25.6852 42.9 31
      vertex 17.5721 42.9 28.6
      vertex 25.6852 42.9 28.6
    endloop
  endfacet
  facet normal -0.707107 0.707107 0
    outer loop
      vertex 20.1414 36.6971 28.6
      vertex 25.8782 42.4339 31
      vertex 25.8782 42.4339 28.6
    endloop
  endfacet
  facet normal -0.707107 0.707107 0
    outer loop
      vertex 25.8782 42.4339 31
      vertex 20.1414 36.6971 28.6
      vertex 20.1414 36.6971 31
    endloop
  endfacet
  facet normal 0.707107 -0.707107 0
    outer loop
      vertex 21.6971 35.1414 28.6
      vertex 27.4339 40.8782 31
      vertex 21.6971 35.1414 31
    endloop
  endfacet
  facet normal 0.707107 -0.707107 0
    outer loop
      vertex 27.4339 40.8782 31
      vertex 21.6971 35.1414 28.6
      vertex 27.4339 40.8782 28.6
    endloop
  endfacet
  facet normal -1 0 0
    outer loop
      vertex 27.9 32.5721 28.6
      vertex 27.9 40.6852 31
      vertex 27.9 40.6852 28.6
    endloop
  endfacet
  facet normal -1 -0 0
    outer loop
      vertex 27.9 40.6852 31
      vertex 27.9 32.5721 28.6
      vertex 27.9 32.5721 31
    endloop
  endfacet
  facet normal 1 -0 0
    outer loop
      vertex 30.1 32.5721 31
      vertex 30.1 40.6852 28.6
      vertex 30.1 40.6852 31
    endloop
  endfacet
  facet normal 1 0 0
    outer loop
      vertex 30.1 40.6852 28.6
      vertex 30.1 32.5721 31
      vertex 30.1 32.5721 28.6
    endloop
  endfacet
  facet normal 0.707107 0.707107 0
    outer loop
      vertex 37.8586 36.6971 31
      vertex 32.1218 42.4339 28.6
      vertex 32.1218 42.4339 31
    endloop
  endfacet
  facet normal 0.707107 0.707107 0
    outer loop
      vertex 32.1218 42.4339 28.6
      vertex 37.8586 36.6971 31
      vertex 37.8586 36.6971 28.6
    endloop
  endfacet
  facet normal -0.707107 -0.707107 0
    outer loop
      vertex 30.5661 40.8782 28.6
      vertex 36.3029 35.1414 31
      vertex 30.5661 40.8782 31
    endloop
  endfacet
  facet normal -0.707107 -0.707107 -0
    outer loop
      vertex 36.3029 35.1414 31
      vertex 30.5661 40.8782 28.6
      vertex 36.3029 35.1414 28.6
    endloop
  endfacet
  facet normal 0 1 -0
    outer loop
      vertex 40.4279 45.1 28.6
      vertex 32.3148 45.1 31
      vertex 40.4279 45.1 31
    endloop
  endfacet
  facet normal 0 1 0
    outer loop
      vertex 32.3148 45.1 31
      vertex 40.4279 45.1 28.6
      vertex 32.3148 45.1 28.6
    endloop
  endfacet
  facet normal 0 -1 0
    outer loop
      vertex 32.3148 42.9 28.6
      vertex 40.4279 42.9 31
      vertex 32.3148 42.9 31
    endloop
  endfacet
  facet normal 0 -1 -0
    outer loop
      vertex 40.4279 42.9 31
      vertex 32.3148 42.9 28.6
      vertex 40.4279 42.9 28.6
    endloop
  endfacet
  facet normal -0.707107 0.707107 0
    outer loop
      vertex 36.3029 52.8586 28.6
      vertex 30.5661 47.1218 31
      vertex 36.3029 52.8586 31
    endloop
  endfacet
  facet normal -0.707107 0.707107 0
    outer loop
      vertex 30.5661 47.1218 31
      vertex 36.3029 52.8586 28.6
      vertex 30.5661 47.1218 28.6
    endloop
  endfacet
  facet normal 0.707107 -0.707107 0
    outer loop
      vertex 32.1218 45.5661 31
      vertex 37.8586 51.3029 28.6
      vertex 37.8586 51.3029 31
    endloop
  endfacet
  facet normal 0.707107 -0.707107 0
    outer loop
      vertex 37.8586 51.3029 28.6
      vertex 32.1218 45.5661 31
      vertex 32.1218 45.5661 28.6
    endloop
  endfacet
  facet normal -0.555544 -0.831487 0
    outer loop
      vertex 34.75 53.9593 28.6
      vertex 36.0008 53.1236 31
      vertex 34.75 53.9593 31
    endloop
  endfacet
  facet normal -0.555544 -0.831487 -0
    outer loop
      vertex 36.0008 53.1236 31
      vertex 34.75 53.9593 28.6
      vertex 36.0008 53.1236 28.6
    endloop
  endfacet
  facet normal 0.946941 -0.321408 0
    outer loop
      vertex 17.8919 46.9764 31
      vertex 18.3754 48.4009 28.6
      vertex 18.3754 48.4009 31
    endloop
  endfacet
  facet normal 0.946941 -0.321408 0
    outer loop
      vertex 18.3754 48.4009 28.6
      vertex 17.8919 46.9764 31
      vertex 17.8919 46.9764 28.6
    endloop
  endfacet
  facet normal 0.321408 0.946941 -0
    outer loop
      vertex 26.0236 32.8919 28.6
      vertex 24.5991 33.3754 31
      vertex 26.0236 32.8919 31
    endloop
  endfacet
  facet normal 0.321408 0.946941 0
    outer loop
      vertex 24.5991 33.3754 31
      vertex 26.0236 32.8919 28.6
      vertex 24.5991 33.3754 28.6
    endloop
  endfacet
  facet normal 0.321408 -0.946941 0
    outer loop
      vertex 24.5991 54.6246 28.6
      vertex 26.0236 55.1081 31
      vertex 24.5991 54.6246 31
    endloop
  endfacet
  facet normal 0.321408 -0.946941 0
    outer loop
      vertex 26.0236 55.1081 31
      vertex 24.5991 54.6246 28.6
      vertex 26.0236 55.1081 28.6
    endloop
  endfacet
  facet normal 0.896873 -0.442287 0
    outer loop
      vertex 18.3754 48.4009 31
      vertex 19.0407 49.75 28.6
      vertex 19.0407 49.75 31
    endloop
  endfacet
  facet normal 0.896873 -0.442287 0
    outer loop
      vertex 19.0407 49.75 28.6
      vertex 18.3754 48.4009 31
      vertex 18.3754 48.4009 28.6
    endloop
  endfacet
  facet normal -0.946941 0.321408 0
    outer loop
      vertex 39.6246 39.5991 28.6
      vertex 40.1081 41.0236 31
      vertex 40.1081 41.0236 28.6
    endloop
  endfacet
  facet normal -0.946941 0.321408 0
    outer loop
      vertex 40.1081 41.0236 31
      vertex 39.6246 39.5991 28.6
      vertex 39.6246 39.5991 31
    endloop
  endfacet
  facet normal -0.896873 -0.442287 0
    outer loop
      vertex 39.6246 48.4009 28.6
      vertex 38.9593 49.75 31
      vertex 38.9593 49.75 28.6
    endloop
  endfacet
  facet normal -0.896873 -0.442287 0
    outer loop
      vertex 38.9593 49.75 31
      vertex 39.6246 48.4009 28.6
      vertex 39.6246 48.4009 31
    endloop
  endfacet
  facet normal -0.98078 -0.195119 0
    outer loop
      vertex 40.4016 45.5011 28.6
      vertex 40.1081 46.9764 31
      vertex 40.1081 46.9764 28.6
    endloop
  endfacet
  facet normal -0.98078 -0.195119 0
    outer loop
      vertex 40.1081 46.9764 31
      vertex 40.4016 45.5011 28.6
      vertex 40.4016 45.5011 31
    endloop
  endfacet
  facet normal -0.831487 -0.555544 0
    outer loop
      vertex 38.9593 49.75 28.6
      vertex 38.1236 51.0008 31
      vertex 38.1236 51.0008 28.6
    endloop
  endfacet
  facet normal -0.831487 -0.555544 0
    outer loop
      vertex 38.1236 51.0008 31
      vertex 38.9593 49.75 28.6
      vertex 38.9593 49.75 31
    endloop
  endfacet
  facet normal -0.321408 -0.946941 0
    outer loop
      vertex 31.9764 55.1081 28.6
      vertex 33.4009 54.6246 31
      vertex 31.9764 55.1081 31
    endloop
  endfacet
  facet normal -0.321408 -0.946941 -0
    outer loop
      vertex 33.4009 54.6246 31
      vertex 31.9764 55.1081 28.6
      vertex 33.4009 54.6246 28.6
    endloop
  endfacet
  facet normal -0.0654292 -0.997857 0
    outer loop
      vertex 30.1 55.4279 28.6
      vertex 30.5011 55.4016 31
      vertex 30.1 55.4279 31
    endloop
  endfacet
  facet normal -0.0654292 -0.997857 -0
    outer loop
      vertex 30.5011 55.4016 31
      vertex 30.1 55.4279 28.6
      vertex 30.5011 55.4016 28.6
    endloop
  endfacet
  facet normal -0.195119 -0.98078 0
    outer loop
      vertex 30.5011 55.4016 28.6
      vertex 31.9764 55.1081 31
      vertex 30.5011 55.4016 31
    endloop
  endfacet
  facet normal -0.195119 -0.98078 -0
    outer loop
      vertex 31.9764 55.1081 31
      vertex 30.5011 55.4016 28.6
      vertex 31.9764 55.1081 28.6
    endloop
  endfacet
  facet normal 0.751759 -0.659438 0
    outer loop
      vertex 19.8764 51.0008 31
      vertex 20.1414 51.3029 28.6
      vertex 20.1414 51.3029 31
    endloop
  endfacet
  facet normal 0.751759 -0.659438 0
    outer loop
      vertex 20.1414 51.3029 28.6
      vertex 19.8764 51.0008 31
      vertex 19.8764 51.0008 28.6
    endloop
  endfacet
  facet normal 0.442287 -0.896873 0
    outer loop
      vertex 23.25 53.9593 28.6
      vertex 24.5991 54.6246 31
      vertex 23.25 53.9593 31
    endloop
  endfacet
  facet normal 0.442287 -0.896873 0
    outer loop
      vertex 24.5991 54.6246 31
      vertex 23.25 53.9593 28.6
      vertex 24.5991 54.6246 28.6
    endloop
  endfacet
  facet normal 0.195119 -0.98078 0
    outer loop
      vertex 26.0236 55.1081 28.6
      vertex 27.4989 55.4016 31
      vertex 26.0236 55.1081 31
    endloop
  endfacet
  facet normal 0.195119 -0.98078 0
    outer loop
      vertex 27.4989 55.4016 31
      vertex 26.0236 55.1081 28.6
      vertex 27.4989 55.4016 28.6
    endloop
  endfacet
  facet normal -0.997857 -0.0654292 0
    outer loop
      vertex 40.4279 45.1 28.6
      vertex 40.4016 45.5011 31
      vertex 40.4016 45.5011 28.6
    endloop
  endfacet
  facet normal -0.997857 -0.0654292 0
    outer loop
      vertex 40.4016 45.5011 31
      vertex 40.4279 45.1 28.6
      vertex 40.4279 45.1 31
    endloop
  endfacet
  facet normal -0.555544 0.831487 0
    outer loop
      vertex 36.0008 34.8764 28.6
      vertex 34.75 34.0407 31
      vertex 36.0008 34.8764 31
    endloop
  endfacet
  facet normal -0.555544 0.831487 0
    outer loop
      vertex 34.75 34.0407 31
      vertex 36.0008 34.8764 28.6
      vertex 34.75 34.0407 28.6
    endloop
  endfacet
  facet normal -0.831487 0.555544 0
    outer loop
      vertex 38.1236 36.9992 28.6
      vertex 38.9593 38.25 31
      vertex 38.9593 38.25 28.6
    endloop
  endfacet
  facet normal -0.831487 0.555544 0
    outer loop
      vertex 38.9593 38.25 31
      vertex 38.1236 36.9992 28.6
      vertex 38.1236 36.9992 31
    endloop
  endfacet
  facet normal 0.195119 0.98078 -0
    outer loop
      vertex 27.4989 32.5984 28.6
      vertex 26.0236 32.8919 31
      vertex 27.4989 32.5984 31
    endloop
  endfacet
  facet normal 0.195119 0.98078 0
    outer loop
      vertex 26.0236 32.8919 31
      vertex 27.4989 32.5984 28.6
      vertex 26.0236 32.8919 28.6
    endloop
  endfacet
  facet normal 0.659438 0.751759 -0
    outer loop
      vertex 21.9992 34.8764 28.6
      vertex 21.6971 35.1414 31
      vertex 21.9992 34.8764 31
    endloop
  endfacet
  facet normal 0.659438 0.751759 0
    outer loop
      vertex 21.6971 35.1414 31
      vertex 21.9992 34.8764 28.6
      vertex 21.6971 35.1414 28.6
    endloop
  endfacet
  facet normal 0.896873 0.442287 0
    outer loop
      vertex 19.0407 38.25 31
      vertex 18.3754 39.5991 28.6
      vertex 18.3754 39.5991 31
    endloop
  endfacet
  facet normal 0.896873 0.442287 0
    outer loop
      vertex 18.3754 39.5991 28.6
      vertex 19.0407 38.25 31
      vertex 19.0407 38.25 28.6
    endloop
  endfacet
  facet normal 0.98078 0.195119 0
    outer loop
      vertex 17.8919 41.0236 31
      vertex 17.5984 42.4989 28.6
      vertex 17.5984 42.4989 31
    endloop
  endfacet
  facet normal 0.98078 0.195119 0
    outer loop
      vertex 17.5984 42.4989 28.6
      vertex 17.8919 41.0236 31
      vertex 17.8919 41.0236 28.6
    endloop
  endfacet
  facet normal -0.946941 -0.321408 0
    outer loop
      vertex 40.1081 46.9764 28.6
      vertex 39.6246 48.4009 31
      vertex 39.6246 48.4009 28.6
    endloop
  endfacet
  facet normal -0.946941 -0.321408 0
    outer loop
      vertex 39.6246 48.4009 31
      vertex 40.1081 46.9764 28.6
      vertex 40.1081 46.9764 31
    endloop
  endfacet
  facet normal -0.751759 -0.659438 0
    outer loop
      vertex 38.1236 51.0008 28.6
      vertex 37.8586 51.3029 31
      vertex 37.8586 51.3029 28.6
    endloop
  endfacet
  facet normal -0.751759 -0.659438 0
    outer loop
      vertex 37.8586 51.3029 31
      vertex 38.1236 51.0008 28.6
      vertex 38.1236 51.0008 31
    endloop
  endfacet
  facet normal -0.659438 -0.751759 0
    outer loop
      vertex 36.0008 53.1236 28.6
      vertex 36.3029 52.8586 31
      vertex 36.0008 53.1236 31
    endloop
  endfacet
  facet normal -0.659438 -0.751759 -0
    outer loop
      vertex 36.3029 52.8586 31
      vertex 36.0008 53.1236 28.6
      vertex 36.3029 52.8586 28.6
    endloop
  endfacet
  facet normal -0.442287 -0.896873 0
    outer loop
      vertex 33.4009 54.6246 28.6
      vertex 34.75 53.9593 31
      vertex 33.4009 54.6246 31
    endloop
  endfacet
  facet normal -0.442287 -0.896873 -0
    outer loop
      vertex 34.75 53.9593 31
      vertex 33.4009 54.6246 28.6
      vertex 34.75 53.9593 28.6
    endloop
  endfacet
  facet normal 0.997857 -0.0654292 0
    outer loop
      vertex 17.5721 45.1 31
      vertex 17.5984 45.5011 28.6
      vertex 17.5984 45.5011 31
    endloop
  endfacet
  facet normal 0.997857 -0.0654292 0
    outer loop
      vertex 17.5984 45.5011 28.6
      vertex 17.5721 45.1 31
      vertex 17.5721 45.1 28.6
    endloop
  endfacet
  facet normal 0.831487 -0.555544 0
    outer loop
      vertex 19.0407 49.75 31
      vertex 19.8764 51.0008 28.6
      vertex 19.8764 51.0008 31
    endloop
  endfacet
  facet normal 0.831487 -0.555544 0
    outer loop
      vertex 19.8764 51.0008 28.6
      vertex 19.0407 49.75 31
      vertex 19.0407 49.75 28.6
    endloop
  endfacet
  facet normal 0.0654292 -0.997857 0
    outer loop
      vertex 27.4989 55.4016 28.6
      vertex 27.9 55.4279 31
      vertex 27.4989 55.4016 31
    endloop
  endfacet
  facet normal 0.0654292 -0.997857 0
    outer loop
      vertex 27.9 55.4279 31
      vertex 27.4989 55.4016 28.6
      vertex 27.9 55.4279 28.6
    endloop
  endfacet
  facet normal 0.555544 -0.831487 0
    outer loop
      vertex 21.9992 53.1236 28.6
      vertex 23.25 53.9593 31
      vertex 21.9992 53.1236 31
    endloop
  endfacet
  facet normal 0.555544 -0.831487 0
    outer loop
      vertex 23.25 53.9593 31
      vertex 21.9992 53.1236 28.6
      vertex 23.25 53.9593 28.6
    endloop
  endfacet
  facet normal 0.659438 -0.751759 0
    outer loop
      vertex 21.6971 52.8586 28.6
      vertex 21.9992 53.1236 31
      vertex 21.6971 52.8586 31
    endloop
  endfacet
  facet normal 0.659438 -0.751759 0
    outer loop
      vertex 21.9992 53.1236 31
      vertex 21.6971 52.8586 28.6
      vertex 21.9992 53.1236 28.6
    endloop
  endfacet
  facet normal -0.98078 0.195119 0
    outer loop
      vertex 40.1081 41.0236 28.6
      vertex 40.4016 42.4989 31
      vertex 40.4016 42.4989 28.6
    endloop
  endfacet
  facet normal -0.98078 0.195119 0
    outer loop
      vertex 40.4016 42.4989 31
      vertex 40.1081 41.0236 28.6
      vertex 40.1081 41.0236 31
    endloop
  endfacet
  facet normal -0.0654292 0.997857 0
    outer loop
      vertex 30.5011 32.5984 28.6
      vertex 30.1 32.5721 31
      vertex 30.5011 32.5984 31
    endloop
  endfacet
  facet normal -0.0654292 0.997857 0
    outer loop
      vertex 30.1 32.5721 31
      vertex 30.5011 32.5984 28.6
      vertex 30.1 32.5721 28.6
    endloop
  endfacet
  facet normal -0.195119 0.98078 0
    outer loop
      vertex 31.9764 32.8919 28.6
      vertex 30.5011 32.5984 31
      vertex 31.9764 32.8919 31
    endloop
  endfacet
  facet normal -0.195119 0.98078 0
    outer loop
      vertex 30.5011 32.5984 31
      vertex 31.9764 32.8919 28.6
      vertex 30.5011 32.5984 28.6
    endloop
  endfacet
  facet normal -0.321408 0.946941 0
    outer loop
      vertex 33.4009 33.3754 28.6
      vertex 31.9764 32.8919 31
      vertex 33.4009 33.3754 31
    endloop
  endfacet
  facet normal -0.321408 0.946941 0
    outer loop
      vertex 31.9764 32.8919 31
      vertex 33.4009 33.3754 28.6
      vertex 31.9764 32.8919 28.6
    endloop
  endfacet
  facet normal -0.659438 0.751759 0
    outer loop
      vertex 36.3029 35.1414 28.6
      vertex 36.0008 34.8764 31
      vertex 36.3029 35.1414 31
    endloop
  endfacet
  facet normal -0.659438 0.751759 0
    outer loop
      vertex 36.0008 34.8764 31
      vertex 36.3029 35.1414 28.6
      vertex 36.0008 34.8764 28.6
    endloop
  endfacet
  facet normal -0.896873 0.442287 0
    outer loop
      vertex 38.9593 38.25 28.6
      vertex 39.6246 39.5991 31
      vertex 39.6246 39.5991 28.6
    endloop
  endfacet
  facet normal -0.896873 0.442287 0
    outer loop
      vertex 39.6246 39.5991 31
      vertex 38.9593 38.25 28.6
      vertex 38.9593 38.25 31
    endloop
  endfacet
  facet normal 0.0654292 0.997857 -0
    outer loop
      vertex 27.9 32.5721 28.6
      vertex 27.4989 32.5984 31
      vertex 27.9 32.5721 31
    endloop
  endfacet
  facet normal 0.0654292 0.997857 0
    outer loop
      vertex 27.4989 32.5984 31
      vertex 27.9 32.5721 28.6
      vertex 27.4989 32.5984 28.6
    endloop
  endfacet
  facet normal 0.442287 0.896873 -0
    outer loop
      vertex 24.5991 33.3754 28.6
      vertex 23.25 34.0407 31
      vertex 24.5991 33.3754 31
    endloop
  endfacet
  facet normal 0.442287 0.896873 0
    outer loop
      vertex 23.25 34.0407 31
      vertex 24.5991 33.3754 28.6
      vertex 23.25 34.0407 28.6
    endloop
  endfacet
  facet normal 0.946941 0.321408 0
    outer loop
      vertex 18.3754 39.5991 31
      vertex 17.8919 41.0236 28.6
      vertex 17.8919 41.0236 31
    endloop
  endfacet
  facet normal 0.946941 0.321408 0
    outer loop
      vertex 17.8919 41.0236 28.6
      vertex 18.3754 39.5991 31
      vertex 18.3754 39.5991 28.6
    endloop
  endfacet
  facet normal 0.997857 0.0654292 0
    outer loop
      vertex 17.5984 42.4989 31
      vertex 17.5721 42.9 28.6
      vertex 17.5721 42.9 31
    endloop
  endfacet
  facet normal 0.997857 0.0654292 0
    outer loop
      vertex 17.5721 42.9 28.6
      vertex 17.5984 42.4989 31
      vertex 17.5984 42.4989 28.6
    endloop
  endfacet
  facet normal 0.831487 0.555544 0
    outer loop
      vertex 19.8764 36.9992 31
      vertex 19.0407 38.25 28.6
      vertex 19.0407 38.25 31
    endloop
  endfacet
  facet normal 0.831487 0.555544 0
    outer loop
      vertex 19.0407 38.25 28.6
      vertex 19.8764 36.9992 31
      vertex 19.8764 36.9992 28.6
    endloop
  endfacet
  facet normal 0.98078 -0.195119 0
    outer loop
      vertex 17.5984 45.5011 31
      vertex 17.8919 46.9764 28.6
      vertex 17.8919 46.9764 31
    endloop
  endfacet
  facet normal 0.98078 -0.195119 0
    outer loop
      vertex 17.8919 46.9764 28.6
      vertex 17.5984 45.5011 31
      vertex 17.5984 45.5011 28.6
    endloop
  endfacet
  facet normal -0.997857 0.0654292 0
    outer loop
      vertex 40.4016 42.4989 28.6
      vertex 40.4279 42.9 31
      vertex 40.4279 42.9 28.6
    endloop
  endfacet
  facet normal -0.997857 0.0654292 0
    outer loop
      vertex 40.4279 42.9 31
      vertex 40.4016 42.4989 28.6
      vertex 40.4016 42.4989 31
    endloop
  endfacet
  facet normal -0.442287 0.896873 0
    outer loop
      vertex 34.75 34.0407 28.6
      vertex 33.4009 33.3754 31
      vertex 34.75 34.0407 31
    endloop
  endfacet
  facet normal -0.442287 0.896873 0
    outer loop
      vertex 33.4009 33.3754 31
      vertex 34.75 34.0407 28.6
      vertex 33.4009 33.3754 28.6
    endloop
  endfacet
  facet normal -0.751759 0.659438 0
    outer loop
      vertex 37.8586 36.6971 28.6
      vertex 38.1236 36.9992 31
      vertex 38.1236 36.9992 28.6
    endloop
  endfacet
  facet normal -0.751759 0.659438 0
    outer loop
      vertex 38.1236 36.9992 31
      vertex 37.8586 36.6971 28.6
      vertex 37.8586 36.6971 31
    endloop
  endfacet
  facet normal 0.555544 0.831487 -0
    outer loop
      vertex 23.25 34.0407 28.6
      vertex 21.9992 34.8764 31
      vertex 23.25 34.0407 31
    endloop
  endfacet
  facet normal 0.555544 0.831487 0
    outer loop
      vertex 21.9992 34.8764 31
      vertex 23.25 34.0407 28.6
      vertex 21.9992 34.8764 28.6
    endloop
  endfacet
  facet normal 0.751759 0.659438 0
    outer loop
      vertex 20.1414 36.6971 31
      vertex 19.8764 36.9992 28.6
      vertex 19.8764 36.9992 31
    endloop
  endfacet
  facet normal 0.751759 0.659438 0
    outer loop
      vertex 19.8764 36.9992 28.6
      vertex 20.1414 36.6971 31
      vertex 20.1414 36.6971 28.6
    endloop
  endfacet
  facet normal -0.321208 -0.947009 0
    outer loop
      vertex 27.6606 40.7664 28.6
      vertex 27.9 40.6852 31
      vertex 27.6606 40.7664 31
    endloop
  endfacet
  facet normal -0.321208 -0.947009 -0
    outer loop
      vertex 27.9 40.6852 31
      vertex 27.6606 40.7664 28.6
      vertex 27.9 40.6852 28.6
    endloop
  endfacet
  facet normal -0.321208 0.947009 0
    outer loop
      vertex 27.9 47.3148 28.6
      vertex 27.6606 47.2336 31
      vertex 27.9 47.3148 31
    endloop
  endfacet
  facet normal -0.321208 0.947009 0
    outer loop
      vertex 27.6606 47.2336 31
      vertex 27.9 47.3148 28.6
      vertex 27.6606 47.2336 28.6
    endloop
  endfacet
  facet normal -0.896867 0.442301 0
    outer loop
      vertex 25.7664 45.3394 28.6
      vertex 25.8782 45.5661 31
      vertex 25.8782 45.5661 28.6
    endloop
  endfacet
  facet normal -0.896867 0.442301 0
    outer loop
      vertex 25.8782 45.5661 31
      vertex 25.7664 45.3394 28.6
      vertex 25.7664 45.3394 31
    endloop
  endfacet
  facet normal 0.896867 0.442301 0
    outer loop
      vertex 32.2336 45.3394 31
      vertex 32.1218 45.5661 28.6
      vertex 32.1218 45.5661 31
    endloop
  endfacet
  facet normal 0.896867 0.442301 0
    outer loop
      vertex 32.1218 45.5661 28.6
      vertex 32.2336 45.3394 31
      vertex 32.2336 45.3394 28.6
    endloop
  endfacet
  facet normal 0.442301 0.896867 -0
    outer loop
      vertex 30.5661 47.1218 28.6
      vertex 30.3394 47.2336 31
      vertex 30.5661 47.1218 31
    endloop
  endfacet
  facet normal 0.442301 0.896867 0
    outer loop
      vertex 30.3394 47.2336 31
      vertex 30.5661 47.1218 28.6
      vertex 30.3394 47.2336 28.6
    endloop
  endfacet
  facet normal 0.321208 0.947009 -0
    outer loop
      vertex 30.3394 47.2336 28.6
      vertex 30.1 47.3148 31
      vertex 30.3394 47.2336 31
    endloop
  endfacet
  facet normal 0.321208 0.947009 0
    outer loop
      vertex 30.1 47.3148 31
      vertex 30.3394 47.2336 28.6
      vertex 30.1 47.3148 28.6
    endloop
  endfacet
  facet normal -0.442301 0.896867 0
    outer loop
      vertex 27.6606 47.2336 28.6
      vertex 27.4339 47.1218 31
      vertex 27.6606 47.2336 31
    endloop
  endfacet
  facet normal -0.442301 0.896867 0
    outer loop
      vertex 27.4339 47.1218 31
      vertex 27.6606 47.2336 28.6
      vertex 27.4339 47.1218 28.6
    endloop
  endfacet
  facet normal 0.947009 -0.321208 0
    outer loop
      vertex 32.2336 42.6606 31
      vertex 32.3148 42.9 28.6
      vertex 32.3148 42.9 31
    endloop
  endfacet
  facet normal 0.947009 -0.321208 0
    outer loop
      vertex 32.3148 42.9 28.6
      vertex 32.2336 42.6606 31
      vertex 32.2336 42.6606 28.6
    endloop
  endfacet
  facet normal 0.321208 -0.947009 0
    outer loop
      vertex 30.1 40.6852 28.6
      vertex 30.3394 40.7664 31
      vertex 30.1 40.6852 31
    endloop
  endfacet
  facet normal 0.321208 -0.947009 0
    outer loop
      vertex 30.3394 40.7664 31
      vertex 30.1 40.6852 28.6
      vertex 30.3394 40.7664 28.6
    endloop
  endfacet
  facet normal 0.442301 -0.896867 0
    outer loop
      vertex 30.3394 40.7664 28.6
      vertex 30.5661 40.8782 31
      vertex 30.3394 40.7664 31
    endloop
  endfacet
  facet normal 0.442301 -0.896867 0
    outer loop
      vertex 30.5661 40.8782 31
      vertex 30.3394 40.7664 28.6
      vertex 30.5661 40.8782 28.6
    endloop
  endfacet
  facet normal -0.896867 -0.442301 0
    outer loop
      vertex 25.8782 42.4339 28.6
      vertex 25.7664 42.6606 31
      vertex 25.7664 42.6606 28.6
    endloop
  endfacet
  facet normal -0.896867 -0.442301 0
    outer loop
      vertex 25.7664 42.6606 31
      vertex 25.8782 42.4339 28.6
      vertex 25.8782 42.4339 31
    endloop
  endfacet
  facet normal 0.947009 0.321208 0
    outer loop
      vertex 32.3148 45.1 31
      vertex 32.2336 45.3394 28.6
      vertex 32.2336 45.3394 31
    endloop
  endfacet
  facet normal 0.947009 0.321208 0
    outer loop
      vertex 32.2336 45.3394 28.6
      vertex 32.3148 45.1 31
      vertex 32.3148 45.1 28.6
    endloop
  endfacet
  facet normal -0.947009 0.321208 0
    outer loop
      vertex 25.6852 45.1 28.6
      vertex 25.7664 45.3394 31
      vertex 25.7664 45.3394 28.6
    endloop
  endfacet
  facet normal -0.947009 0.321208 0
    outer loop
      vertex 25.7664 45.3394 31
      vertex 25.6852 45.1 28.6
      vertex 25.6852 45.1 31
    endloop
  endfacet
  facet normal -0.442301 -0.896867 0
    outer loop
      vertex 27.4339 40.8782 28.6
      vertex 27.6606 40.7664 31
      vertex 27.4339 40.8782 31
    endloop
  endfacet
  facet normal -0.442301 -0.896867 -0
    outer loop
      vertex 27.6606 40.7664 31
      vertex 27.4339 40.8782 28.6
      vertex 27.6606 40.7664 28.6
    endloop
  endfacet
  facet normal -0.947009 -0.321208 0
    outer loop
      vertex 25.7664 42.6606 28.6
      vertex 25.6852 42.9 31
      vertex 25.6852 42.9 28.6
    endloop
  endfacet
  facet normal -0.947009 -0.321208 0
    outer loop
      vertex 25.6852 42.9 31
      vertex 25.7664 42.6606 28.6
      vertex 25.7664 42.6606 31
    endloop
  endfacet
  facet normal 0.896867 -0.442301 0
    outer loop
      vertex 32.1218 42.4339 31
      vertex 32.2336 42.6606 28.6
      vertex 32.2336 42.6606 31
    endloop
  endfacet
  facet normal 0.896867 -0.442301 0
    outer loop
      vertex 32.2336 42.6606 28.6
      vertex 32.1218 42.4339 31
      vertex 32.1218 42.4339 28.6
    endloop
  endfacet
  facet normal -0.55533 -0.83163 0
    outer loop
      vertex 19.7 35.2124 28.6
      vertex 19.8523 35.1107 31
      vertex 19.7 35.2124 31
    endloop
  endfacet
  facet normal -0.55533 -0.83163 -0
    outer loop
      vertex 19.8523 35.1107 31
      vertex 19.7 35.2124 28.6
      vertex 19.8523 35.1107 28.6
    endloop
  endfacet
  facet normal -0.980811 0.194961 0
    outer loop
      vertex 20.3523 33.6377 28.6
      vertex 20.388 33.8173 31
      vertex 20.388 33.8173 28.6
    endloop
  endfacet
  facet normal -0.980811 0.194961 0
    outer loop
      vertex 20.388 33.8173 31
      vertex 20.3523 33.6377 28.6
      vertex 20.3523 33.6377 31
    endloop
  endfacet
  facet normal 0.442401 -0.896817 0
    outer loop
      vertex 18.3 35.2124 28.6
      vertex 18.4642 35.2934 31
      vertex 18.3 35.2124 31
    endloop
  endfacet
  facet normal 0.442401 -0.896817 0
    outer loop
      vertex 18.4642 35.2934 31
      vertex 18.3 35.2124 28.6
      vertex 18.4642 35.2934 28.6
    endloop
  endfacet
  facet normal 0.946922 -0.321462 0
    outer loop
      vertex 17.6477 34.3623 31
      vertex 17.7066 34.5358 28.6
      vertex 17.7066 34.5358 31
    endloop
  endfacet
  facet normal 0.946922 -0.321462 0
    outer loop
      vertex 17.7066 34.5358 28.6
      vertex 17.6477 34.3623 31
      vertex 17.6477 34.3623 28.6
    endloop
  endfacet
  facet normal -0.896817 -0.442401 0
    outer loop
      vertex 20.2934 34.5358 28.6
      vertex 20.2124 34.7 31
      vertex 20.2124 34.7 28.6
    endloop
  endfacet
  facet normal -0.896817 -0.442401 0
    outer loop
      vertex 20.2124 34.7 31
      vertex 20.2934 34.5358 28.6
      vertex 20.2934 34.5358 31
    endloop
  endfacet
  facet normal -0.83163 -0.55533 0
    outer loop
      vertex 20.2124 34.7 28.6
      vertex 20.1107 34.8523 31
      vertex 20.1107 34.8523 28.6
    endloop
  endfacet
  facet normal -0.83163 -0.55533 0
    outer loop
      vertex 20.1107 34.8523 31
      vertex 20.2124 34.7 28.6
      vertex 20.2124 34.7 31
    endloop
  endfacet
  facet normal -0.659741 -0.751493 0
    outer loop
      vertex 19.8523 35.1107 28.6
      vertex 19.9899 34.9899 31
      vertex 19.8523 35.1107 31
    endloop
  endfacet
  facet normal -0.659741 -0.751493 -0
    outer loop
      vertex 19.9899 34.9899 31
      vertex 19.8523 35.1107 28.6
      vertex 19.9899 34.9899 28.6
    endloop
  endfacet
  facet normal -0.321462 -0.946922 0
    outer loop
      vertex 19.3623 35.3523 28.6
      vertex 19.5358 35.2934 31
      vertex 19.3623 35.3523 31
    endloop
  endfacet
  facet normal -0.321462 -0.946922 -0
    outer loop
      vertex 19.5358 35.2934 31
      vertex 19.3623 35.3523 28.6
      vertex 19.5358 35.2934 28.6
    endloop
  endfacet
  facet normal 0.0655402 -0.99785 0
    outer loop
      vertex 18.8173 35.388 28.6
      vertex 19 35.4 31
      vertex 18.8173 35.388 31
    endloop
  endfacet
  facet normal 0.0655402 -0.99785 0
    outer loop
      vertex 19 35.4 31
      vertex 18.8173 35.388 28.6
      vertex 19 35.4 28.6
    endloop
  endfacet
  facet normal 0.99785 0.0655402 0
    outer loop
      vertex 17.612 33.8173 31
      vertex 17.6 34 28.6
      vertex 17.6 34 31
    endloop
  endfacet
  facet normal 0.99785 0.0655402 0
    outer loop
      vertex 17.6 34 28.6
      vertex 17.612 33.8173 31
      vertex 17.612 33.8173 28.6
    endloop
  endfacet
  facet normal 0.83163 -0.55533 0
    outer loop
      vertex 17.7876 34.7 31
      vertex 17.8893 34.8523 28.6
      vertex 17.8893 34.8523 31
    endloop
  endfacet
  facet normal 0.83163 -0.55533 0
    outer loop
      vertex 17.8893 34.8523 28.6
      vertex 17.7876 34.7 31
      vertex 17.7876 34.7 28.6
    endloop
  endfacet
  facet normal 0.321462 -0.946922 0
    outer loop
      vertex 18.4642 35.2934 28.6
      vertex 18.6377 35.3523 31
      vertex 18.4642 35.2934 31
    endloop
  endfacet
  facet normal 0.321462 -0.946922 0
    outer loop
      vertex 18.6377 35.3523 31
      vertex 18.4642 35.2934 28.6
      vertex 18.6377 35.3523 28.6
    endloop
  endfacet
  facet normal 0.751764 -0.659432 0
    outer loop
      vertex 17.8893 34.8523 31
      vertex 18.01 34.9899 28.6
      vertex 18.01 34.9899 31
    endloop
  endfacet
  facet normal 0.751764 -0.659432 0
    outer loop
      vertex 18.01 34.9899 28.6
      vertex 17.8893 34.8523 31
      vertex 17.8893 34.8523 28.6
    endloop
  endfacet
  facet normal -0.99785 -0.0655402 0
    outer loop
      vertex 20.4 34 28.6
      vertex 20.388 34.1827 31
      vertex 20.388 34.1827 28.6
    endloop
  endfacet
  facet normal -0.99785 -0.0655402 0
    outer loop
      vertex 20.388 34.1827 31
      vertex 20.4 34 28.6
      vertex 20.4 34 31
    endloop
  endfacet
  facet normal -0.83163 0.55533 0
    outer loop
      vertex 20.1107 33.1477 28.6
      vertex 20.2124 33.3 31
      vertex 20.2124 33.3 28.6
    endloop
  endfacet
  facet normal -0.83163 0.55533 0
    outer loop
      vertex 20.2124 33.3 31
      vertex 20.1107 33.1477 28.6
      vertex 20.1107 33.1477 31
    endloop
  endfacet
  facet normal -0.946922 0.321462 0
    outer loop
      vertex 20.2934 33.4642 28.6
      vertex 20.3523 33.6377 31
      vertex 20.3523 33.6377 28.6
    endloop
  endfacet
  facet normal -0.946922 0.321462 0
    outer loop
      vertex 20.3523 33.6377 31
      vertex 20.2934 33.4642 28.6
      vertex 20.2934 33.4642 31
    endloop
  endfacet
  facet normal -0.442401 0.896817 0
    outer loop
      vertex 19.7 32.7876 28.6
      vertex 19.5358 32.7066 31
      vertex 19.7 32.7876 31
    endloop
  endfacet
  facet normal -0.442401 0.896817 0
    outer loop
      vertex 19.5358 32.7066 31
      vertex 19.7 32.7876 28.6
      vertex 19.5358 32.7066 28.6
    endloop
  endfacet
  facet normal -0.0655402 0.99785 0
    outer loop
      vertex 19.1827 32.612 28.6
      vertex 19 32.6 31
      vertex 19.1827 32.612 31
    endloop
  endfacet
  facet normal -0.0655402 0.99785 0
    outer loop
      vertex 19 32.6 31
      vertex 19.1827 32.612 28.6
      vertex 19 32.6 28.6
    endloop
  endfacet
  facet normal 0.55533 0.83163 -0
    outer loop
      vertex 18.3 32.7876 28.6
      vertex 18.1477 32.8893 31
      vertex 18.3 32.7876 31
    endloop
  endfacet
  facet normal 0.55533 0.83163 0
    outer loop
      vertex 18.1477 32.8893 31
      vertex 18.3 32.7876 28.6
      vertex 18.1477 32.8893 28.6
    endloop
  endfacet
  facet normal 0.946922 0.321462 0
    outer loop
      vertex 17.7066 33.4642 31
      vertex 17.6477 33.6377 28.6
      vertex 17.6477 33.6377 31
    endloop
  endfacet
  facet normal 0.946922 0.321462 0
    outer loop
      vertex 17.6477 33.6377 28.6
      vertex 17.7066 33.4642 31
      vertex 17.7066 33.4642 28.6
    endloop
  endfacet
  facet normal -0.980811 -0.194961 0
    outer loop
      vertex 20.388 34.1827 28.6
      vertex 20.3523 34.3623 31
      vertex 20.3523 34.3623 28.6
    endloop
  endfacet
  facet normal -0.980811 -0.194961 0
    outer loop
      vertex 20.3523 34.3623 31
      vertex 20.388 34.1827 28.6
      vertex 20.388 34.1827 31
    endloop
  endfacet
  facet normal -0.946922 -0.321462 0
    outer loop
      vertex 20.3523 34.3623 28.6
      vertex 20.2934 34.5358 31
      vertex 20.2934 34.5358 28.6
    endloop
  endfacet
  facet normal -0.946922 -0.321462 0
    outer loop
      vertex 20.2934 34.5358 31
      vertex 20.3523 34.3623 28.6
      vertex 20.3523 34.3623 31
    endloop
  endfacet
  facet normal -0.751493 -0.659741 0
    outer loop
      vertex 20.1107 34.8523 28.6
      vertex 19.9899 34.9899 31
      vertex 19.9899 34.9899 28.6
    endloop
  endfacet
  facet normal -0.751493 -0.659741 0
    outer loop
      vertex 19.9899 34.9899 31
      vertex 20.1107 34.8523 28.6
      vertex 20.1107 34.8523 31
    endloop
  endfacet
  facet normal -0.442401 -0.896817 0
    outer loop
      vertex 19.5358 35.2934 28.6
      vertex 19.7 35.2124 31
      vertex 19.5358 35.2934 31
    endloop
  endfacet
  facet normal -0.442401 -0.896817 -0
    outer loop
      vertex 19.7 35.2124 31
      vertex 19.5358 35.2934 28.6
      vertex 19.7 35.2124 28.6
    endloop
  endfacet
  facet normal -0.194961 -0.980811 0
    outer loop
      vertex 19.1827 35.388 28.6
      vertex 19.3623 35.3523 31
      vertex 19.1827 35.388 31
    endloop
  endfacet
  facet normal -0.194961 -0.980811 -0
    outer loop
      vertex 19.3623 35.3523 31
      vertex 19.1827 35.388 28.6
      vertex 19.3623 35.3523 28.6
    endloop
  endfacet
  facet normal -0.0655402 -0.99785 0
    outer loop
      vertex 19 35.4 28.6
      vertex 19.1827 35.388 31
      vertex 19 35.4 31
    endloop
  endfacet
  facet normal -0.0655402 -0.99785 -0
    outer loop
      vertex 19.1827 35.388 31
      vertex 19 35.4 28.6
      vertex 19.1827 35.388 28.6
    endloop
  endfacet
  facet normal 0.980811 -0.194961 0
    outer loop
      vertex 17.612 34.1827 31
      vertex 17.6477 34.3623 28.6
      vertex 17.6477 34.3623 31
    endloop
  endfacet
  facet normal 0.980811 -0.194961 0
    outer loop
      vertex 17.6477 34.3623 28.6
      vertex 17.612 34.1827 31
      vertex 17.612 34.1827 28.6
    endloop
  endfacet
  facet normal 0.99785 -0.0655402 0
    outer loop
      vertex 17.6 34 31
      vertex 17.612 34.1827 28.6
      vertex 17.612 34.1827 31
    endloop
  endfacet
  facet normal 0.99785 -0.0655402 0
    outer loop
      vertex 17.612 34.1827 28.6
      vertex 17.6 34 31
      vertex 17.6 34 28.6
    endloop
  endfacet
  facet normal 0.896817 -0.442401 0
    outer loop
      vertex 17.7066 34.5358 31
      vertex 17.7876 34.7 28.6
      vertex 17.7876 34.7 31
    endloop
  endfacet
  facet normal 0.896817 -0.442401 0
    outer loop
      vertex 17.7876 34.7 28.6
      vertex 17.7066 34.5358 31
      vertex 17.7066 34.5358 28.6
    endloop
  endfacet
  facet normal 0.194961 -0.980811 0
    outer loop
      vertex 18.6377 35.3523 28.6
      vertex 18.8173 35.388 31
      vertex 18.6377 35.3523 31
    endloop
  endfacet
  facet normal 0.194961 -0.980811 0
    outer loop
      vertex 18.8173 35.388 31
      vertex 18.6377 35.3523 28.6
      vertex 18.8173 35.388 28.6
    endloop
  endfacet
  facet normal 0.65947 -0.751731 0
    outer loop
      vertex 18.01 34.9899 28.6
      vertex 18.1477 35.1107 31
      vertex 18.01 34.9899 31
    endloop
  endfacet
  facet normal 0.65947 -0.751731 0
    outer loop
      vertex 18.1477 35.1107 31
      vertex 18.01 34.9899 28.6
      vertex 18.1477 35.1107 28.6
    endloop
  endfacet
  facet normal 0.55533 -0.83163 0
    outer loop
      vertex 18.1477 35.1107 28.6
      vertex 18.3 35.2124 31
      vertex 18.1477 35.1107 31
    endloop
  endfacet
  facet normal 0.55533 -0.83163 0
    outer loop
      vertex 18.3 35.2124 31
      vertex 18.1477 35.1107 28.6
      vertex 18.3 35.2124 28.6
    endloop
  endfacet
  facet normal -0.99785 0.0655402 0
    outer loop
      vertex 20.388 33.8173 28.6
      vertex 20.4 34 31
      vertex 20.4 34 28.6
    endloop
  endfacet
  facet normal -0.99785 0.0655402 0
    outer loop
      vertex 20.4 34 31
      vertex 20.388 33.8173 28.6
      vertex 20.388 33.8173 31
    endloop
  endfacet
  facet normal -0.194961 0.980811 0
    outer loop
      vertex 19.3623 32.6477 28.6
      vertex 19.1827 32.612 31
      vertex 19.3623 32.6477 31
    endloop
  endfacet
  facet normal -0.194961 0.980811 0
    outer loop
      vertex 19.1827 32.612 31
      vertex 19.3623 32.6477 28.6
      vertex 19.1827 32.612 28.6
    endloop
  endfacet
  facet normal -0.321462 0.946922 0
    outer loop
      vertex 19.5358 32.7066 28.6
      vertex 19.3623 32.6477 31
      vertex 19.5358 32.7066 31
    endloop
  endfacet
  facet normal -0.321462 0.946922 0
    outer loop
      vertex 19.3623 32.6477 31
      vertex 19.5358 32.7066 28.6
      vertex 19.3623 32.6477 28.6
    endloop
  endfacet
  facet normal -0.751731 0.65947 0
    outer loop
      vertex 19.9899 33.01 28.6
      vertex 20.1107 33.1477 31
      vertex 20.1107 33.1477 28.6
    endloop
  endfacet
  facet normal -0.751731 0.65947 0
    outer loop
      vertex 20.1107 33.1477 31
      vertex 19.9899 33.01 28.6
      vertex 19.9899 33.01 31
    endloop
  endfacet
  facet normal -0.55533 0.83163 0
    outer loop
      vertex 19.8523 32.8893 28.6
      vertex 19.7 32.7876 31
      vertex 19.8523 32.8893 31
    endloop
  endfacet
  facet normal -0.55533 0.83163 0
    outer loop
      vertex 19.7 32.7876 31
      vertex 19.8523 32.8893 28.6
      vertex 19.7 32.7876 28.6
    endloop
  endfacet
  facet normal 0.194961 0.980811 -0
    outer loop
      vertex 18.8173 32.612 28.6
      vertex 18.6377 32.6477 31
      vertex 18.8173 32.612 31
    endloop
  endfacet
  facet normal 0.194961 0.980811 0
    outer loop
      vertex 18.6377 32.6477 31
      vertex 18.8173 32.612 28.6
      vertex 18.6377 32.6477 28.6
    endloop
  endfacet
  facet normal 0.321462 0.946922 -0
    outer loop
      vertex 18.6377 32.6477 28.6
      vertex 18.4642 32.7066 31
      vertex 18.6377 32.6477 31
    endloop
  endfacet
  facet normal 0.321462 0.946922 0
    outer loop
      vertex 18.4642 32.7066 31
      vertex 18.6377 32.6477 28.6
      vertex 18.4642 32.7066 28.6
    endloop
  endfacet
  facet normal 0.896817 0.442401 0
    outer loop
      vertex 17.7876 33.3 31
      vertex 17.7066 33.4642 28.6
      vertex 17.7066 33.4642 31
    endloop
  endfacet
  facet normal 0.896817 0.442401 0
    outer loop
      vertex 17.7066 33.4642 28.6
      vertex 17.7876 33.3 31
      vertex 17.7876 33.3 28.6
    endloop
  endfacet
  facet normal 0.980811 0.194961 0
    outer loop
      vertex 17.6477 33.6377 31
      vertex 17.612 33.8173 28.6
      vertex 17.612 33.8173 31
    endloop
  endfacet
  facet normal 0.980811 0.194961 0
    outer loop
      vertex 17.612 33.8173 28.6
      vertex 17.6477 33.6377 31
      vertex 17.6477 33.6377 28.6
    endloop
  endfacet
  facet normal 0.659162 0.752001 -0
    outer loop
      vertex 18.1477 32.8893 28.6
      vertex 18.01 33.01 31
      vertex 18.1477 32.8893 31
    endloop
  endfacet
  facet normal 0.659162 0.752001 0
    outer loop
      vertex 18.01 33.01 31
      vertex 18.1477 32.8893 28.6
      vertex 18.01 33.01 28.6
    endloop
  endfacet
  facet normal 0.83163 0.55533 0
    outer loop
      vertex 17.8893 33.1477 31
      vertex 17.7876 33.3 28.6
      vertex 17.7876 33.3 31
    endloop
  endfacet
  facet normal 0.83163 0.55533 0
    outer loop
      vertex 17.7876 33.3 28.6
      vertex 17.8893 33.1477 31
      vertex 17.8893 33.1477 28.6
    endloop
  endfacet
  facet normal -0.896817 0.442401 0
    outer loop
      vertex 20.2124 33.3 28.6
      vertex 20.2934 33.4642 31
      vertex 20.2934 33.4642 28.6
    endloop
  endfacet
  facet normal -0.896817 0.442401 0
    outer loop
      vertex 20.2934 33.4642 31
      vertex 20.2124 33.3 28.6
      vertex 20.2124 33.3 31
    endloop
  endfacet
  facet normal -0.659432 0.751764 0
    outer loop
      vertex 19.9899 33.01 28.6
      vertex 19.8523 32.8893 31
      vertex 19.9899 33.01 31
    endloop
  endfacet
  facet normal -0.659432 0.751764 0
    outer loop
      vertex 19.8523 32.8893 31
      vertex 19.9899 33.01 28.6
      vertex 19.8523 32.8893 28.6
    endloop
  endfacet
  facet normal 0.0655402 0.99785 -0
    outer loop
      vertex 19 32.6 28.6
      vertex 18.8173 32.612 31
      vertex 19 32.6 31
    endloop
  endfacet
  facet normal 0.0655402 0.99785 0
    outer loop
      vertex 18.8173 32.612 31
      vertex 19 32.6 28.6
      vertex 18.8173 32.612 28.6
    endloop
  endfacet
  facet normal 0.442401 0.896817 -0
    outer loop
      vertex 18.4642 32.7066 28.6
      vertex 18.3 32.7876 31
      vertex 18.4642 32.7066 31
    endloop
  endfacet
  facet normal 0.442401 0.896817 0
    outer loop
      vertex 18.3 32.7876 31
      vertex 18.4642 32.7066 28.6
      vertex 18.3 32.7876 28.6
    endloop
  endfacet
  facet normal 0.752001 0.659162 0
    outer loop
      vertex 18.01 33.01 31
      vertex 17.8893 33.1477 28.6
      vertex 17.8893 33.1477 31
    endloop
  endfacet
  facet normal 0.752001 0.659162 0
    outer loop
      vertex 17.8893 33.1477 28.6
      vertex 18.01 33.01 31
      vertex 18.01 33.01 28.6
    endloop
  endfacet
  facet normal -0.946922 -0.321462 0
    outer loop
      vertex 20.3523 54.3623 28.6
      vertex 20.2934 54.5358 31
      vertex 20.2934 54.5358 28.6
    endloop
  endfacet
  facet normal -0.946922 -0.321462 0
    outer loop
      vertex 20.2934 54.5358 31
      vertex 20.3523 54.3623 28.6
      vertex 20.3523 54.3623 31
    endloop
  endfacet
  facet normal -0.99785 -0.0655402 0
    outer loop
      vertex 20.4 54 28.6
      vertex 20.388 54.1827 31
      vertex 20.388 54.1827 28.6
    endloop
  endfacet
  facet normal -0.99785 -0.0655402 0
    outer loop
      vertex 20.388 54.1827 31
      vertex 20.4 54 28.6
      vertex 20.4 54 31
    endloop
  endfacet
  facet normal 0.0655402 -0.99785 0
    outer loop
      vertex 18.8173 55.388 28.6
      vertex 19 55.4 31
      vertex 18.8173 55.388 31
    endloop
  endfacet
  facet normal 0.0655402 -0.99785 0
    outer loop
      vertex 19 55.4 31
      vertex 18.8173 55.388 28.6
      vertex 19 55.4 28.6
    endloop
  endfacet
  facet normal -0.659741 -0.751493 0
    outer loop
      vertex 19.8523 55.1107 28.6
      vertex 19.9899 54.9899 31
      vertex 19.8523 55.1107 31
    endloop
  endfacet
  facet normal -0.659741 -0.751493 -0
    outer loop
      vertex 19.9899 54.9899 31
      vertex 19.8523 55.1107 28.6
      vertex 19.9899 54.9899 28.6
    endloop
  endfacet
  facet normal 0.751764 -0.659432 0
    outer loop
      vertex 17.8893 54.8523 31
      vertex 18.01 54.9899 28.6
      vertex 18.01 54.9899 31
    endloop
  endfacet
  facet normal 0.751764 -0.659432 0
    outer loop
      vertex 18.01 54.9899 28.6
      vertex 17.8893 54.8523 31
      vertex 17.8893 54.8523 28.6
    endloop
  endfacet
  facet normal 0.442401 -0.896817 0
    outer loop
      vertex 18.3 55.2124 28.6
      vertex 18.4642 55.2934 31
      vertex 18.3 55.2124 31
    endloop
  endfacet
  facet normal 0.442401 -0.896817 0
    outer loop
      vertex 18.4642 55.2934 31
      vertex 18.3 55.2124 28.6
      vertex 18.4642 55.2934 28.6
    endloop
  endfacet
  facet normal 0.659162 0.752001 -0
    outer loop
      vertex 18.1477 52.8893 28.6
      vertex 18.01 53.01 31
      vertex 18.1477 52.8893 31
    endloop
  endfacet
  facet normal 0.659162 0.752001 0
    outer loop
      vertex 18.01 53.01 31
      vertex 18.1477 52.8893 28.6
      vertex 18.01 53.01 28.6
    endloop
  endfacet
  facet normal -0.896817 -0.442401 0
    outer loop
      vertex 20.2934 54.5358 28.6
      vertex 20.2124 54.7 31
      vertex 20.2124 54.7 28.6
    endloop
  endfacet
  facet normal -0.896817 -0.442401 0
    outer loop
      vertex 20.2124 54.7 31
      vertex 20.2934 54.5358 28.6
      vertex 20.2934 54.5358 31
    endloop
  endfacet
  facet normal -0.321462 -0.946922 0
    outer loop
      vertex 19.3623 55.3523 28.6
      vertex 19.5358 55.2934 31
      vertex 19.3623 55.3523 31
    endloop
  endfacet
  facet normal -0.321462 -0.946922 -0
    outer loop
      vertex 19.5358 55.2934 31
      vertex 19.3623 55.3523 28.6
      vertex 19.5358 55.2934 28.6
    endloop
  endfacet
  facet normal -0.0655402 -0.99785 0
    outer loop
      vertex 19 55.4 28.6
      vertex 19.1827 55.388 31
      vertex 19 55.4 31
    endloop
  endfacet
  facet normal -0.0655402 -0.99785 -0
    outer loop
      vertex 19.1827 55.388 31
      vertex 19 55.4 28.6
      vertex 19.1827 55.388 28.6
    endloop
  endfacet
  facet normal -0.55533 -0.83163 0
    outer loop
      vertex 19.7 55.2124 28.6
      vertex 19.8523 55.1107 31
      vertex 19.7 55.2124 31
    endloop
  endfacet
  facet normal -0.55533 -0.83163 -0
    outer loop
      vertex 19.8523 55.1107 31
      vertex 19.7 55.2124 28.6
      vertex 19.8523 55.1107 28.6
    endloop
  endfacet
  facet normal 0.946922 -0.321462 0
    outer loop
      vertex 17.6477 54.3623 31
      vertex 17.7066 54.5358 28.6
      vertex 17.7066 54.5358 31
    endloop
  endfacet
  facet normal 0.946922 -0.321462 0
    outer loop
      vertex 17.7066 54.5358 28.6
      vertex 17.6477 54.3623 31
      vertex 17.6477 54.3623 28.6
    endloop
  endfacet
  facet normal 0.896817 -0.442401 0
    outer loop
      vertex 17.7066 54.5358 31
      vertex 17.7876 54.7 28.6
      vertex 17.7876 54.7 31
    endloop
  endfacet
  facet normal 0.896817 -0.442401 0
    outer loop
      vertex 17.7876 54.7 28.6
      vertex 17.7066 54.5358 31
      vertex 17.7066 54.5358 28.6
    endloop
  endfacet
  facet normal 0.99785 -0.0655402 0
    outer loop
      vertex 17.6 54 31
      vertex 17.612 54.1827 28.6
      vertex 17.612 54.1827 31
    endloop
  endfacet
  facet normal 0.99785 -0.0655402 0
    outer loop
      vertex 17.612 54.1827 28.6
      vertex 17.6 54 31
      vertex 17.6 54 28.6
    endloop
  endfacet
  facet normal 0.65947 -0.751731 0
    outer loop
      vertex 18.01 54.9899 28.6
      vertex 18.1477 55.1107 31
      vertex 18.01 54.9899 31
    endloop
  endfacet
  facet normal 0.65947 -0.751731 0
    outer loop
      vertex 18.1477 55.1107 31
      vertex 18.01 54.9899 28.6
      vertex 18.1477 55.1107 28.6
    endloop
  endfacet
  facet normal 0.194961 -0.980811 0
    outer loop
      vertex 18.6377 55.3523 28.6
      vertex 18.8173 55.388 31
      vertex 18.6377 55.3523 31
    endloop
  endfacet
  facet normal 0.194961 -0.980811 0
    outer loop
      vertex 18.8173 55.388 31
      vertex 18.6377 55.3523 28.6
      vertex 18.8173 55.388 28.6
    endloop
  endfacet
  facet normal -0.83163 0.55533 0
    outer loop
      vertex 20.1107 53.1477 28.6
      vertex 20.2124 53.3 31
      vertex 20.2124 53.3 28.6
    endloop
  endfacet
  facet normal -0.83163 0.55533 0
    outer loop
      vertex 20.2124 53.3 31
      vertex 20.1107 53.1477 28.6
      vertex 20.1107 53.1477 31
    endloop
  endfacet
  facet normal 0.194961 0.980811 -0
    outer loop
      vertex 18.8173 52.612 28.6
      vertex 18.6377 52.6477 31
      vertex 18.8173 52.612 31
    endloop
  endfacet
  facet normal 0.194961 0.980811 0
    outer loop
      vertex 18.6377 52.6477 31
      vertex 18.8173 52.612 28.6
      vertex 18.6377 52.6477 28.6
    endloop
  endfacet
  facet normal 0.946922 0.321462 0
    outer loop
      vertex 17.7066 53.4642 31
      vertex 17.6477 53.6377 28.6
      vertex 17.6477 53.6377 31
    endloop
  endfacet
  facet normal 0.946922 0.321462 0
    outer loop
      vertex 17.6477 53.6377 28.6
      vertex 17.7066 53.4642 31
      vertex 17.7066 53.4642 28.6
    endloop
  endfacet
  facet normal -0.83163 -0.55533 0
    outer loop
      vertex 20.2124 54.7 28.6
      vertex 20.1107 54.8523 31
      vertex 20.1107 54.8523 28.6
    endloop
  endfacet
  facet normal -0.83163 -0.55533 0
    outer loop
      vertex 20.1107 54.8523 31
      vertex 20.2124 54.7 28.6
      vertex 20.2124 54.7 31
    endloop
  endfacet
  facet normal -0.751493 -0.659741 0
    outer loop
      vertex 20.1107 54.8523 28.6
      vertex 19.9899 54.9899 31
      vertex 19.9899 54.9899 28.6
    endloop
  endfacet
  facet normal -0.751493 -0.659741 0
    outer loop
      vertex 19.9899 54.9899 31
      vertex 20.1107 54.8523 28.6
      vertex 20.1107 54.8523 31
    endloop
  endfacet
  facet normal -0.442401 -0.896817 0
    outer loop
      vertex 19.5358 55.2934 28.6
      vertex 19.7 55.2124 31
      vertex 19.5358 55.2934 31
    endloop
  endfacet
  facet normal -0.442401 -0.896817 -0
    outer loop
      vertex 19.7 55.2124 31
      vertex 19.5358 55.2934 28.6
      vertex 19.7 55.2124 28.6
    endloop
  endfacet
  facet normal 0.99785 0.0655402 0
    outer loop
      vertex 17.612 53.8173 31
      vertex 17.6 54 28.6
      vertex 17.6 54 31
    endloop
  endfacet
  facet normal 0.99785 0.0655402 0
    outer loop
      vertex 17.6 54 28.6
      vertex 17.612 53.8173 31
      vertex 17.612 53.8173 28.6
    endloop
  endfacet
  facet normal 0.321462 -0.946922 0
    outer loop
      vertex 18.4642 55.2934 28.6
      vertex 18.6377 55.3523 31
      vertex 18.4642 55.2934 31
    endloop
  endfacet
  facet normal 0.321462 -0.946922 0
    outer loop
      vertex 18.6377 55.3523 31
      vertex 18.4642 55.2934 28.6
      vertex 18.6377 55.3523 28.6
    endloop
  endfacet
  facet normal -0.442401 0.896817 0
    outer loop
      vertex 19.7 52.7876 28.6
      vertex 19.5358 52.7066 31
      vertex 19.7 52.7876 31
    endloop
  endfacet
  facet normal -0.442401 0.896817 0
    outer loop
      vertex 19.5358 52.7066 31
      vertex 19.7 52.7876 28.6
      vertex 19.5358 52.7066 28.6
    endloop
  endfacet
  facet normal -0.194961 0.980811 0
    outer loop
      vertex 19.3623 52.6477 28.6
      vertex 19.1827 52.612 31
      vertex 19.3623 52.6477 31
    endloop
  endfacet
  facet normal -0.194961 0.980811 0
    outer loop
      vertex 19.1827 52.612 31
      vertex 19.3623 52.6477 28.6
      vertex 19.1827 52.612 28.6
    endloop
  endfacet
  facet normal -0.321462 0.946922 0
    outer loop
      vertex 19.5358 52.7066 28.6
      vertex 19.3623 52.6477 31
      vertex 19.5358 52.7066 31
    endloop
  endfacet
  facet normal -0.321462 0.946922 0
    outer loop
      vertex 19.3623 52.6477 31
      vertex 19.5358 52.7066 28.6
      vertex 19.3623 52.6477 28.6
    endloop
  endfacet
  facet normal -0.55533 0.83163 0
    outer loop
      vertex 19.8523 52.8893 28.6
      vertex 19.7 52.7876 31
      vertex 19.8523 52.8893 31
    endloop
  endfacet
  facet normal -0.55533 0.83163 0
    outer loop
      vertex 19.7 52.7876 31
      vertex 19.8523 52.8893 28.6
      vertex 19.7 52.7876 28.6
    endloop
  endfacet
  facet normal -0.751731 0.65947 0
    outer loop
      vertex 19.9899 53.01 28.6
      vertex 20.1107 53.1477 31
      vertex 20.1107 53.1477 28.6
    endloop
  endfacet
  facet normal -0.751731 0.65947 0
    outer loop
      vertex 20.1107 53.1477 31
      vertex 19.9899 53.01 28.6
      vertex 19.9899 53.01 31
    endloop
  endfacet
  facet normal -0.659432 0.751764 0
    outer loop
      vertex 19.9899 53.01 28.6
      vertex 19.8523 52.8893 31
      vertex 19.9899 53.01 31
    endloop
  endfacet
  facet normal -0.659432 0.751764 0
    outer loop
      vertex 19.8523 52.8893 31
      vertex 19.9899 53.01 28.6
      vertex 19.8523 52.8893 28.6
    endloop
  endfacet
  facet normal -0.946922 0.321462 0
    outer loop
      vertex 20.2934 53.4642 28.6
      vertex 20.3523 53.6377 31
      vertex 20.3523 53.6377 28.6
    endloop
  endfacet
  facet normal -0.946922 0.321462 0
    outer loop
      vertex 20.3523 53.6377 31
      vertex 20.2934 53.4642 28.6
      vertex 20.2934 53.4642 31
    endloop
  endfacet
  facet normal -0.99785 0.0655402 0
    outer loop
      vertex 20.388 53.8173 28.6
      vertex 20.4 54 31
      vertex 20.4 54 28.6
    endloop
  endfacet
  facet normal -0.99785 0.0655402 0
    outer loop
      vertex 20.4 54 31
      vertex 20.388 53.8173 28.6
      vertex 20.388 53.8173 31
    endloop
  endfacet
  facet normal -0.896817 0.442401 0
    outer loop
      vertex 20.2124 53.3 28.6
      vertex 20.2934 53.4642 31
      vertex 20.2934 53.4642 28.6
    endloop
  endfacet
  facet normal -0.896817 0.442401 0
    outer loop
      vertex 20.2934 53.4642 31
      vertex 20.2124 53.3 28.6
      vertex 20.2124 53.3 31
    endloop
  endfacet
  facet normal 0.442401 0.896817 -0
    outer loop
      vertex 18.4642 52.7066 28.6
      vertex 18.3 52.7876 31
      vertex 18.4642 52.7066 31
    endloop
  endfacet
  facet normal 0.442401 0.896817 0
    outer loop
      vertex 18.3 52.7876 31
      vertex 18.4642 52.7066 28.6
      vertex 18.3 52.7876 28.6
    endloop
  endfacet
  facet normal 0.55533 0.83163 -0
    outer loop
      vertex 18.3 52.7876 28.6
      vertex 18.1477 52.8893 31
      vertex 18.3 52.7876 31
    endloop
  endfacet
  facet normal 0.55533 0.83163 0
    outer loop
      vertex 18.1477 52.8893 31
      vertex 18.3 52.7876 28.6
      vertex 18.1477 52.8893 28.6
    endloop
  endfacet
  facet normal 0.321462 0.946922 -0
    outer loop
      vertex 18.6377 52.6477 28.6
      vertex 18.4642 52.7066 31
      vertex 18.6377 52.6477 31
    endloop
  endfacet
  facet normal 0.321462 0.946922 0
    outer loop
      vertex 18.4642 52.7066 31
      vertex 18.6377 52.6477 28.6
      vertex 18.4642 52.7066 28.6
    endloop
  endfacet
  facet normal -0.0655402 0.99785 0
    outer loop
      vertex 19.1827 52.612 28.6
      vertex 19 52.6 31
      vertex 19.1827 52.612 31
    endloop
  endfacet
  facet normal -0.0655402 0.99785 0
    outer loop
      vertex 19 52.6 31
      vertex 19.1827 52.612 28.6
      vertex 19 52.6 28.6
    endloop
  endfacet
  facet normal 0.83163 0.55533 0
    outer loop
      vertex 17.8893 53.1477 31
      vertex 17.7876 53.3 28.6
      vertex 17.7876 53.3 31
    endloop
  endfacet
  facet normal 0.83163 0.55533 0
    outer loop
      vertex 17.7876 53.3 28.6
      vertex 17.8893 53.1477 31
      vertex 17.8893 53.1477 28.6
    endloop
  endfacet
  facet normal 0.896817 0.442401 0
    outer loop
      vertex 17.7876 53.3 31
      vertex 17.7066 53.4642 28.6
      vertex 17.7066 53.4642 31
    endloop
  endfacet
  facet normal 0.896817 0.442401 0
    outer loop
      vertex 17.7066 53.4642 28.6
      vertex 17.7876 53.3 31
      vertex 17.7876 53.3 28.6
    endloop
  endfacet
  facet normal 0.980811 0.194961 0
    outer loop
      vertex 17.6477 53.6377 31
      vertex 17.612 53.8173 28.6
      vertex 17.612 53.8173 31
    endloop
  endfacet
  facet normal 0.980811 0.194961 0
    outer loop
      vertex 17.612 53.8173 28.6
      vertex 17.6477 53.6377 31
      vertex 17.6477 53.6377 28.6
    endloop
  endfacet
  facet normal -0.980811 -0.194961 0
    outer loop
      vertex 20.388 54.1827 28.6
      vertex 20.3523 54.3623 31
      vertex 20.3523 54.3623 28.6
    endloop
  endfacet
  facet normal -0.980811 -0.194961 0
    outer loop
      vertex 20.3523 54.3623 31
      vertex 20.388 54.1827 28.6
      vertex 20.388 54.1827 31
    endloop
  endfacet
  facet normal -0.194961 -0.980811 0
    outer loop
      vertex 19.1827 55.388 28.6
      vertex 19.3623 55.3523 31
      vertex 19.1827 55.388 31
    endloop
  endfacet
  facet normal -0.194961 -0.980811 -0
    outer loop
      vertex 19.3623 55.3523 31
      vertex 19.1827 55.388 28.6
      vertex 19.3623 55.3523 28.6
    endloop
  endfacet
  facet normal 0.83163 -0.55533 0
    outer loop
      vertex 17.7876 54.7 31
      vertex 17.8893 54.8523 28.6
      vertex 17.8893 54.8523 31
    endloop
  endfacet
  facet normal 0.83163 -0.55533 0
    outer loop
      vertex 17.8893 54.8523 28.6
      vertex 17.7876 54.7 31
      vertex 17.7876 54.7 28.6
    endloop
  endfacet
  facet normal 0.980811 -0.194961 0
    outer loop
      vertex 17.612 54.1827 31
      vertex 17.6477 54.3623 28.6
      vertex 17.6477 54.3623 31
    endloop
  endfacet
  facet normal 0.980811 -0.194961 0
    outer loop
      vertex 17.6477 54.3623 28.6
      vertex 17.612 54.1827 31
      vertex 17.612 54.1827 28.6
    endloop
  endfacet
  facet normal 0.55533 -0.83163 0
    outer loop
      vertex 18.1477 55.1107 28.6
      vertex 18.3 55.2124 31
      vertex 18.1477 55.1107 31
    endloop
  endfacet
  facet normal 0.55533 -0.83163 0
    outer loop
      vertex 18.3 55.2124 31
      vertex 18.1477 55.1107 28.6
      vertex 18.3 55.2124 28.6
    endloop
  endfacet
  facet normal -0.980811 0.194961 0
    outer loop
      vertex 20.3523 53.6377 28.6
      vertex 20.388 53.8173 31
      vertex 20.388 53.8173 28.6
    endloop
  endfacet
  facet normal -0.980811 0.194961 0
    outer loop
      vertex 20.388 53.8173 31
      vertex 20.3523 53.6377 28.6
      vertex 20.3523 53.6377 31
    endloop
  endfacet
  facet normal 0.0655402 0.99785 -0
    outer loop
      vertex 19 52.6 28.6
      vertex 18.8173 52.612 31
      vertex 19 52.6 31
    endloop
  endfacet
  facet normal 0.0655402 0.99785 0
    outer loop
      vertex 18.8173 52.612 31
      vertex 19 52.6 28.6
      vertex 18.8173 52.612 28.6
    endloop
  endfacet
  facet normal 0.752001 0.659162 0
    outer loop
      vertex 18.01 53.01 31
      vertex 17.8893 53.1477 28.6
      vertex 17.8893 53.1477 31
    endloop
  endfacet
  facet normal 0.752001 0.659162 0
    outer loop
      vertex 17.8893 53.1477 28.6
      vertex 18.01 53.01 31
      vertex 18.01 53.01 28.6
    endloop
  endfacet
  facet normal -0.946922 -0.321462 0
    outer loop
      vertex 40.3523 54.3623 28.6
      vertex 40.2934 54.5358 31
      vertex 40.2934 54.5358 28.6
    endloop
  endfacet
  facet normal -0.946922 -0.321462 0
    outer loop
      vertex 40.2934 54.5358 31
      vertex 40.3523 54.3623 28.6
      vertex 40.3523 54.3623 31
    endloop
  endfacet
  facet normal -0.99785 -0.0655402 0
    outer loop
      vertex 40.4 54 28.6
      vertex 40.388 54.1827 31
      vertex 40.388 54.1827 28.6
    endloop
  endfacet
  facet normal -0.99785 -0.0655402 0
    outer loop
      vertex 40.388 54.1827 31
      vertex 40.4 54 28.6
      vertex 40.4 54 31
    endloop
  endfacet
  facet normal 0.0655402 -0.99785 0
    outer loop
      vertex 38.8173 55.388 28.6
      vertex 39 55.4 31
      vertex 38.8173 55.388 31
    endloop
  endfacet
  facet normal 0.0655402 -0.99785 0
    outer loop
      vertex 39 55.4 31
      vertex 38.8173 55.388 28.6
      vertex 39 55.4 28.6
    endloop
  endfacet
  facet normal -0.659741 -0.751493 0
    outer loop
      vertex 39.8523 55.1107 28.6
      vertex 39.9899 54.9899 31
      vertex 39.8523 55.1107 31
    endloop
  endfacet
  facet normal -0.659741 -0.751493 -0
    outer loop
      vertex 39.9899 54.9899 31
      vertex 39.8523 55.1107 28.6
      vertex 39.9899 54.9899 28.6
    endloop
  endfacet
  facet normal 0.751764 -0.659432 0
    outer loop
      vertex 37.8893 54.8523 31
      vertex 38.01 54.9899 28.6
      vertex 38.01 54.9899 31
    endloop
  endfacet
  facet normal 0.751764 -0.659432 0
    outer loop
      vertex 38.01 54.9899 28.6
      vertex 37.8893 54.8523 31
      vertex 37.8893 54.8523 28.6
    endloop
  endfacet
  facet normal 0.442401 -0.896817 0
    outer loop
      vertex 38.3 55.2124 28.6
      vertex 38.4642 55.2934 31
      vertex 38.3 55.2124 31
    endloop
  endfacet
  facet normal 0.442401 -0.896817 0
    outer loop
      vertex 38.4642 55.2934 31
      vertex 38.3 55.2124 28.6
      vertex 38.4642 55.2934 28.6
    endloop
  endfacet
  facet normal 0.659162 0.752001 -0
    outer loop
      vertex 38.1477 52.8893 28.6
      vertex 38.01 53.01 31
      vertex 38.1477 52.8893 31
    endloop
  endfacet
  facet normal 0.659162 0.752001 0
    outer loop
      vertex 38.01 53.01 31
      vertex 38.1477 52.8893 28.6
      vertex 38.01 53.01 28.6
    endloop
  endfacet
  facet normal -0.896817 -0.442401 0
    outer loop
      vertex 40.2934 54.5358 28.6
      vertex 40.2124 54.7 31
      vertex 40.2124 54.7 28.6
    endloop
  endfacet
  facet normal -0.896817 -0.442401 0
    outer loop
      vertex 40.2124 54.7 31
      vertex 40.2934 54.5358 28.6
      vertex 40.2934 54.5358 31
    endloop
  endfacet
  facet normal -0.321462 -0.946922 0
    outer loop
      vertex 39.3623 55.3523 28.6
      vertex 39.5358 55.2934 31
      vertex 39.3623 55.3523 31
    endloop
  endfacet
  facet normal -0.321462 -0.946922 -0
    outer loop
      vertex 39.5358 55.2934 31
      vertex 39.3623 55.3523 28.6
      vertex 39.5358 55.2934 28.6
    endloop
  endfacet
  facet normal -0.0655402 -0.99785 0
    outer loop
      vertex 39 55.4 28.6
      vertex 39.1827 55.388 31
      vertex 39 55.4 31
    endloop
  endfacet
  facet normal -0.0655402 -0.99785 -0
    outer loop
      vertex 39.1827 55.388 31
      vertex 39 55.4 28.6
      vertex 39.1827 55.388 28.6
    endloop
  endfacet
  facet normal -0.55533 -0.83163 0
    outer loop
      vertex 39.7 55.2124 28.6
      vertex 39.8523 55.1107 31
      vertex 39.7 55.2124 31
    endloop
  endfacet
  facet normal -0.55533 -0.83163 -0
    outer loop
      vertex 39.8523 55.1107 31
      vertex 39.7 55.2124 28.6
      vertex 39.8523 55.1107 28.6
    endloop
  endfacet
  facet normal 0.946922 -0.321462 0
    outer loop
      vertex 37.6477 54.3623 31
      vertex 37.7066 54.5358 28.6
      vertex 37.7066 54.5358 31
    endloop
  endfacet
  facet normal 0.946922 -0.321462 0
    outer loop
      vertex 37.7066 54.5358 28.6
      vertex 37.6477 54.3623 31
      vertex 37.6477 54.3623 28.6
    endloop
  endfacet
  facet normal 0.896817 -0.442401 0
    outer loop
      vertex 37.7066 54.5358 31
      vertex 37.7876 54.7 28.6
      vertex 37.7876 54.7 31
    endloop
  endfacet
  facet normal 0.896817 -0.442401 0
    outer loop
      vertex 37.7876 54.7 28.6
      vertex 37.7066 54.5358 31
      vertex 37.7066 54.5358 28.6
    endloop
  endfacet
  facet normal 0.99785 -0.0655402 0
    outer loop
      vertex 37.6 54 31
      vertex 37.612 54.1827 28.6
      vertex 37.612 54.1827 31
    endloop
  endfacet
  facet normal 0.99785 -0.0655402 0
    outer loop
      vertex 37.612 54.1827 28.6
      vertex 37.6 54 31
      vertex 37.6 54 28.6
    endloop
  endfacet
  facet normal 0.65947 -0.751731 0
    outer loop
      vertex 38.01 54.9899 28.6
      vertex 38.1477 55.1107 31
      vertex 38.01 54.9899 31
    endloop
  endfacet
  facet normal 0.65947 -0.751731 0
    outer loop
      vertex 38.1477 55.1107 31
      vertex 38.01 54.9899 28.6
      vertex 38.1477 55.1107 28.6
    endloop
  endfacet
  facet normal 0.194961 -0.980811 0
    outer loop
      vertex 38.6377 55.3523 28.6
      vertex 38.8173 55.388 31
      vertex 38.6377 55.3523 31
    endloop
  endfacet
  facet normal 0.194961 -0.980811 0
    outer loop
      vertex 38.8173 55.388 31
      vertex 38.6377 55.3523 28.6
      vertex 38.8173 55.388 28.6
    endloop
  endfacet
  facet normal -0.83163 0.55533 0
    outer loop
      vertex 40.1107 53.1477 28.6
      vertex 40.2124 53.3 31
      vertex 40.2124 53.3 28.6
    endloop
  endfacet
  facet normal -0.83163 0.55533 0
    outer loop
      vertex 40.2124 53.3 31
      vertex 40.1107 53.1477 28.6
      vertex 40.1107 53.1477 31
    endloop
  endfacet
  facet normal 0.194961 0.980811 -0
    outer loop
      vertex 38.8173 52.612 28.6
      vertex 38.6377 52.6477 31
      vertex 38.8173 52.612 31
    endloop
  endfacet
  facet normal 0.194961 0.980811 0
    outer loop
      vertex 38.6377 52.6477 31
      vertex 38.8173 52.612 28.6
      vertex 38.6377 52.6477 28.6
    endloop
  endfacet
  facet normal 0.946922 0.321462 0
    outer loop
      vertex 37.7066 53.4642 31
      vertex 37.6477 53.6377 28.6
      vertex 37.6477 53.6377 31
    endloop
  endfacet
  facet normal 0.946922 0.321462 0
    outer loop
      vertex 37.6477 53.6377 28.6
      vertex 37.7066 53.4642 31
      vertex 37.7066 53.4642 28.6
    endloop
  endfacet
  facet normal -0.83163 -0.55533 0
    outer loop
      vertex 40.2124 54.7 28.6
      vertex 40.1107 54.8523 31
      vertex 40.1107 54.8523 28.6
    endloop
  endfacet
  facet normal -0.83163 -0.55533 0
    outer loop
      vertex 40.1107 54.8523 31
      vertex 40.2124 54.7 28.6
      vertex 40.2124 54.7 31
    endloop
  endfacet
  facet normal -0.751493 -0.659741 0
    outer loop
      vertex 40.1107 54.8523 28.6
      vertex 39.9899 54.9899 31
      vertex 39.9899 54.9899 28.6
    endloop
  endfacet
  facet normal -0.751493 -0.659741 0
    outer loop
      vertex 39.9899 54.9899 31
      vertex 40.1107 54.8523 28.6
      vertex 40.1107 54.8523 31
    endloop
  endfacet
  facet normal -0.442401 -0.896817 0
    outer loop
      vertex 39.5358 55.2934 28.6
      vertex 39.7 55.2124 31
      vertex 39.5358 55.2934 31
    endloop
  endfacet
  facet normal -0.442401 -0.896817 -0
    outer loop
      vertex 39.7 55.2124 31
      vertex 39.5358 55.2934 28.6
      vertex 39.7 55.2124 28.6
    endloop
  endfacet
  facet normal 0.99785 0.0655402 0
    outer loop
      vertex 37.612 53.8173 31
      vertex 37.6 54 28.6
      vertex 37.6 54 31
    endloop
  endfacet
  facet normal 0.99785 0.0655402 0
    outer loop
      vertex 37.6 54 28.6
      vertex 37.612 53.8173 31
      vertex 37.612 53.8173 28.6
    endloop
  endfacet
  facet normal 0.321462 -0.946922 0
    outer loop
      vertex 38.4642 55.2934 28.6
      vertex 38.6377 55.3523 31
      vertex 38.4642 55.2934 31
    endloop
  endfacet
  facet normal 0.321462 -0.946922 0
    outer loop
      vertex 38.6377 55.3523 31
      vertex 38.4642 55.2934 28.6
      vertex 38.6377 55.3523 28.6
    endloop
  endfacet
  facet normal -0.442401 0.896817 0
    outer loop
      vertex 39.7 52.7876 28.6
      vertex 39.5358 52.7066 31
      vertex 39.7 52.7876 31
    endloop
  endfacet
  facet normal -0.442401 0.896817 0
    outer loop
      vertex 39.5358 52.7066 31
      vertex 39.7 52.7876 28.6
      vertex 39.5358 52.7066 28.6
    endloop
  endfacet
  facet normal -0.194961 0.980811 0
    outer loop
      vertex 39.3623 52.6477 28.6
      vertex 39.1827 52.612 31
      vertex 39.3623 52.6477 31
    endloop
  endfacet
  facet normal -0.194961 0.980811 0
    outer loop
      vertex 39.1827 52.612 31
      vertex 39.3623 52.6477 28.6
      vertex 39.1827 52.612 28.6
    endloop
  endfacet
  facet normal -0.321462 0.946922 0
    outer loop
      vertex 39.5358 52.7066 28.6
      vertex 39.3623 52.6477 31
      vertex 39.5358 52.7066 31
    endloop
  endfacet
  facet normal -0.321462 0.946922 0
    outer loop
      vertex 39.3623 52.6477 31
      vertex 39.5358 52.7066 28.6
      vertex 39.3623 52.6477 28.6
    endloop
  endfacet
  facet normal -0.55533 0.83163 0
    outer loop
      vertex 39.8523 52.8893 28.6
      vertex 39.7 52.7876 31
      vertex 39.8523 52.8893 31
    endloop
  endfacet
  facet normal -0.55533 0.83163 0
    outer loop
      vertex 39.7 52.7876 31
      vertex 39.8523 52.8893 28.6
      vertex 39.7 52.7876 28.6
    endloop
  endfacet
  facet normal -0.751731 0.65947 0
    outer loop
      vertex 39.9899 53.01 28.6
      vertex 40.1107 53.1477 31
      vertex 40.1107 53.1477 28.6
    endloop
  endfacet
  facet normal -0.751731 0.65947 0
    outer loop
      vertex 40.1107 53.1477 31
      vertex 39.9899 53.01 28.6
      vertex 39.9899 53.01 31
    endloop
  endfacet
  facet normal -0.659432 0.751764 0
    outer loop
      vertex 39.9899 53.01 28.6
      vertex 39.8523 52.8893 31
      vertex 39.9899 53.01 31
    endloop
  endfacet
  facet normal -0.659432 0.751764 0
    outer loop
      vertex 39.8523 52.8893 31
      vertex 39.9899 53.01 28.6
      vertex 39.8523 52.8893 28.6
    endloop
  endfacet
  facet normal -0.946922 0.321462 0
    outer loop
      vertex 40.2934 53.4642 28.6
      vertex 40.3523 53.6377 31
      vertex 40.3523 53.6377 28.6
    endloop
  endfacet
  facet normal -0.946922 0.321462 0
    outer loop
      vertex 40.3523 53.6377 31
      vertex 40.2934 53.4642 28.6
      vertex 40.2934 53.4642 31
    endloop
  endfacet
  facet normal -0.99785 0.0655402 0
    outer loop
      vertex 40.388 53.8173 28.6
      vertex 40.4 54 31
      vertex 40.4 54 28.6
    endloop
  endfacet
  facet normal -0.99785 0.0655402 0
    outer loop
      vertex 40.4 54 31
      vertex 40.388 53.8173 28.6
      vertex 40.388 53.8173 31
    endloop
  endfacet
  facet normal -0.896817 0.442401 0
    outer loop
      vertex 40.2124 53.3 28.6
      vertex 40.2934 53.4642 31
      vertex 40.2934 53.4642 28.6
    endloop
  endfacet
  facet normal -0.896817 0.442401 0
    outer loop
      vertex 40.2934 53.4642 31
      vertex 40.2124 53.3 28.6
      vertex 40.2124 53.3 31
    endloop
  endfacet
  facet normal 0.442401 0.896817 -0
    outer loop
      vertex 38.4642 52.7066 28.6
      vertex 38.3 52.7876 31
      vertex 38.4642 52.7066 31
    endloop
  endfacet
  facet normal 0.442401 0.896817 0
    outer loop
      vertex 38.3 52.7876 31
      vertex 38.4642 52.7066 28.6
      vertex 38.3 52.7876 28.6
    endloop
  endfacet
  facet normal 0.55533 0.83163 -0
    outer loop
      vertex 38.3 52.7876 28.6
      vertex 38.1477 52.8893 31
      vertex 38.3 52.7876 31
    endloop
  endfacet
  facet normal 0.55533 0.83163 0
    outer loop
      vertex 38.1477 52.8893 31
      vertex 38.3 52.7876 28.6
      vertex 38.1477 52.8893 28.6
    endloop
  endfacet
  facet normal 0.321462 0.946922 -0
    outer loop
      vertex 38.6377 52.6477 28.6
      vertex 38.4642 52.7066 31
      vertex 38.6377 52.6477 31
    endloop
  endfacet
  facet normal 0.321462 0.946922 0
    outer loop
      vertex 38.4642 52.7066 31
      vertex 38.6377 52.6477 28.6
      vertex 38.4642 52.7066 28.6
    endloop
  endfacet
  facet normal -0.0655402 0.99785 0
    outer loop
      vertex 39.1827 52.612 28.6
      vertex 39 52.6 31
      vertex 39.1827 52.612 31
    endloop
  endfacet
  facet normal -0.0655402 0.99785 0
    outer loop
      vertex 39 52.6 31
      vertex 39.1827 52.612 28.6
      vertex 39 52.6 28.6
    endloop
  endfacet
  facet normal 0.83163 0.55533 0
    outer loop
      vertex 37.8893 53.1477 31
      vertex 37.7876 53.3 28.6
      vertex 37.7876 53.3 31
    endloop
  endfacet
  facet normal 0.83163 0.55533 0
    outer loop
      vertex 37.7876 53.3 28.6
      vertex 37.8893 53.1477 31
      vertex 37.8893 53.1477 28.6
    endloop
  endfacet
  facet normal 0.896817 0.442401 0
    outer loop
      vertex 37.7876 53.3 31
      vertex 37.7066 53.4642 28.6
      vertex 37.7066 53.4642 31
    endloop
  endfacet
  facet normal 0.896817 0.442401 0
    outer loop
      vertex 37.7066 53.4642 28.6
      vertex 37.7876 53.3 31
      vertex 37.7876 53.3 28.6
    endloop
  endfacet
  facet normal 0.980811 0.194961 0
    outer loop
      vertex 37.6477 53.6377 31
      vertex 37.612 53.8173 28.6
      vertex 37.612 53.8173 31
    endloop
  endfacet
  facet normal 0.980811 0.194961 0
    outer loop
      vertex 37.612 53.8173 28.6
      vertex 37.6477 53.6377 31
      vertex 37.6477 53.6377 28.6
    endloop
  endfacet
  facet normal -0.980811 -0.194961 0
    outer loop
      vertex 40.388 54.1827 28.6
      vertex 40.3523 54.3623 31
      vertex 40.3523 54.3623 28.6
    endloop
  endfacet
  facet normal -0.980811 -0.194961 0
    outer loop
      vertex 40.3523 54.3623 31
      vertex 40.388 54.1827 28.6
      vertex 40.388 54.1827 31
    endloop
  endfacet
  facet normal -0.194961 -0.980811 0
    outer loop
      vertex 39.1827 55.388 28.6
      vertex 39.3623 55.3523 31
      vertex 39.1827 55.388 31
    endloop
  endfacet
  facet normal -0.194961 -0.980811 -0
    outer loop
      vertex 39.3623 55.3523 31
      vertex 39.1827 55.388 28.6
      vertex 39.3623 55.3523 28.6
    endloop
  endfacet
  facet normal 0.83163 -0.55533 0
    outer loop
      vertex 37.7876 54.7 31
      vertex 37.8893 54.8523 28.6
      vertex 37.8893 54.8523 31
    endloop
  endfacet
  facet normal 0.83163 -0.55533 0
    outer loop
      vertex 37.8893 54.8523 28.6
      vertex 37.7876 54.7 31
      vertex 37.7876 54.7 28.6
    endloop
  endfacet
  facet normal 0.980811 -0.194961 0
    outer loop
      vertex 37.612 54.1827 31
      vertex 37.6477 54.3623 28.6
      vertex 37.6477 54.3623 31
    endloop
  endfacet
  facet normal 0.980811 -0.194961 0
    outer loop
      vertex 37.6477 54.3623 28.6
      vertex 37.612 54.1827 31
      vertex 37.612 54.1827 28.6
    endloop
  endfacet
  facet normal 0.55533 -0.83163 0
    outer loop
      vertex 38.1477 55.1107 28.6
      vertex 38.3 55.2124 31
      vertex 38.1477 55.1107 31
    endloop
  endfacet
  facet normal 0.55533 -0.83163 0
    outer loop
      vertex 38.3 55.2124 31
      vertex 38.1477 55.1107 28.6
      vertex 38.3 55.2124 28.6
    endloop
  endfacet
  facet normal -0.980811 0.194961 0
    outer loop
      vertex 40.3523 53.6377 28.6
      vertex 40.388 53.8173 31
      vertex 40.388 53.8173 28.6
    endloop
  endfacet
  facet normal -0.980811 0.194961 0
    outer loop
      vertex 40.388 53.8173 31
      vertex 40.3523 53.6377 28.6
      vertex 40.3523 53.6377 31
    endloop
  endfacet
  facet normal 0.0655402 0.99785 -0
    outer loop
      vertex 39 52.6 28.6
      vertex 38.8173 52.612 31
      vertex 39 52.6 31
    endloop
  endfacet
  facet normal 0.0655402 0.99785 0
    outer loop
      vertex 38.8173 52.612 31
      vertex 39 52.6 28.6
      vertex 38.8173 52.612 28.6
    endloop
  endfacet
  facet normal 0.752001 0.659162 0
    outer loop
      vertex 38.01 53.01 31
      vertex 37.8893 53.1477 28.6
      vertex 37.8893 53.1477 31
    endloop
  endfacet
  facet normal 0.752001 0.659162 0
    outer loop
      vertex 37.8893 53.1477 28.6
      vertex 38.01 53.01 31
      vertex 38.01 53.01 28.6
    endloop
  endfacet
endsolid OpenSCAD_Model
